gene_id,intron_id,intron_uid,chromosome,start,end,strand,supporting_transcripts,anchor_count,exon_overlap_warning,N_retained,N_spliced,N_specific,N_informative,IR_ratio,IR_specificity,species,IR_class
AT1G01030,AT1G01030.intron2,AT1G01030|1:12355-12423:-,1,12355,12423,-,AT1G01030.2,1,yes,1041,78,875,1119,0.93029490616622,0.840537944284342,Arabidopsis_thaliana,high_confidence_IR
AT1G01030,AT1G01030.intron1,AT1G01030|1:13174-13334:-,1,13174,13334,-,AT1G01030.1;AT1G01030.2,2,no,390,1249,300,1639,0.237949969493594,0.769230769230769,Arabidopsis_thaliana,high_confidence_IR
AT1G01060,AT1G01060.intron12,AT1G01060|1:33590-33980:-,1,33590,33980,-,AT1G01060.3;AT1G01060.6,2,yes,29,106,21,135,0.214814814814815,0.724137931034483,Arabidopsis_thaliana,high_confidence_IR
AT1G01640,AT1G01640.intron2,AT1G01640|1:231909-232397:-,1,231909,232397,-,AT1G01640.2,1,yes,1900,131,1700,2031,0.935499753815854,0.894736842105263,Arabidopsis_thaliana,high_confidence_IR
AT1G04053,AT1G04053.intron1,AT1G04053|1:275978-276246:-,1,275978,276246,-,AT1G04053.1,1,no,563,676,563,1239,0.454398708635997,1,Arabidopsis_thaliana,high_confidence_IR
AT1G01770,AT1G01770.intron15,AT1G01770|1:282767-282848:+,1,282767,282848,+,AT1G01770.1,1,no,3223,6464,3082,9687,0.332713946526272,0.956251939187093,Arabidopsis_thaliana,high_confidence_IR
AT1G02020,AT1G02020.intron1,AT1G02020|1:353513-353621:-,1,353513,353621,-,AT1G02020.3,1,yes,2092,353,1667,2445,0.855623721881391,0.796845124282983,Arabidopsis_thaliana,high_confidence_IR
AT1G02090,AT1G02090.intron8,AT1G02090|1:387656-388267:-,1,387656,388267,-,AT1G02090.2,1,yes,5729,2823,4390,8552,0.669901777362021,0.766276837144353,Arabidopsis_thaliana,high_confidence_IR
AT1G02180,AT1G02180.intron1,AT1G02180|1:414218-414423:-,1,414218,414423,-,AT1G02180.1,1,no,461,1392,461,1853,0.248785752833243,1,Arabidopsis_thaliana,high_confidence_IR
AT1G02260,AT1G02260.intron1,AT1G02260|1:442621-442717:-,1,442621,442717,-,AT1G02260.1,1,yes,1210,2289,1127,3499,0.34581308945413,0.931404958677686,Arabidopsis_thaliana,high_confidence_IR
AT1G04103,AT1G04103.intron1,AT1G04103|1:460637-461770:+,1,460637,461770,+,AT1G04103.2,1,no,12,6,12,18,0.666666666666667,1,Arabidopsis_thaliana,high_confidence_IR
AT1G02510,AT1G02510.intron1,AT1G02510|1:520805-520889:-,1,520805,520889,-,AT1G02510.1,1,no,37,58,37,95,0.389473684210526,1,Arabidopsis_thaliana,high_confidence_IR
AT1G02630,AT1G02630.intron2,AT1G02630|1:561321-561452:-,1,561321,561452,-,AT1G02630.2,1,yes,219,33,160,252,0.869047619047619,0.730593607305936,Arabidopsis_thaliana,high_confidence_IR
AT1G02730,AT1G02730.intron1,AT1G02730|1:597383-597520:-,1,597383,597520,-,AT1G02730.1,1,no,602,2398,514,3000,0.200666666666667,0.853820598006645,Arabidopsis_thaliana,high_confidence_IR
AT1G02830,AT1G02830.intron1,AT1G02830|1:625293-625372:-,1,625293,625372,-,AT1G02830.1,1,no,14,12,14,26,0.538461538461538,1,Arabidopsis_thaliana,high_confidence_IR
AT1G02980,AT1G02980.intron14,AT1G02980|1:681026-681110:+,1,681026,681110,+,AT1G02980.1;AT1G02980.2,2,no,33,83,24,116,0.28448275862069,0.727272727272727,Arabidopsis_thaliana,high_confidence_IR
AT1G03165,AT1G03165.intron1,AT1G03165|1:766381-767141:+,1,766381,767141,+,AT1G03165.1,1,no,332,833,332,1165,0.284978540772532,1,Arabidopsis_thaliana,high_confidence_IR
AT1G03320,AT1G03320.intron1,AT1G03320|1:817097-817174:+,1,817097,817174,+,AT1G03320.1,1,no,122,85,122,207,0.589371980676328,1,Arabidopsis_thaliana,high_confidence_IR
AT1G03620,AT1G03620.intron1,AT1G03620|1:907463-907621:-,1,907463,907621,-,AT1G03620.11,1,yes,170,230,120,400,0.425,0.705882352941177,Arabidopsis_thaliana,high_confidence_IR
AT1G03670,AT1G03670.intron2,AT1G03670|1:914840-914908:-,1,914840,914908,-,AT1G03670.1,1,no,20,9,16,29,0.689655172413793,0.8,Arabidopsis_thaliana,high_confidence_IR
AT1G03810,AT1G03810.intron1,AT1G03810|1:959009-959427:+,1,959009,959427,+,AT1G03810.1,1,no,18,6,18,24,0.75,1,Arabidopsis_thaliana,high_confidence_IR
AT1G04030,AT1G04030.intron4,AT1G04030|1:1042316-1042567:+,1,1042316,1042567,+,AT1G04030.1,1,no,2962,1632,2358,4594,0.644754026991728,0.796083727211344,Arabidopsis_thaliana,high_confidence_IR
AT1G04120,AT1G04120.intron1,AT1G04120|1:1070495-1070687:-,1,1070495,1070687,-,AT1G04120.1;AT1G04120.2;AT1G04120.3,3,no,1100,3168,838,4268,0.257731958762887,0.761818181818182,Arabidopsis_thaliana,high_confidence_IR
AT1G04180,AT1G04180.intron1,AT1G04180|1:1105289-1105388:+,1,1105289,1105388,+,AT1G04180.1,1,no,295,484,295,779,0.378690629011553,1,Arabidopsis_thaliana,high_confidence_IR
AT1G04295,AT1G04295.intron1,AT1G04295|1:1148073-1148175:+,1,1148073,1148175,+,AT1G04295.1,1,no,10274,436,10274,10710,0.959290382819795,1,Arabidopsis_thaliana,high_confidence_IR
AT1G04350,AT1G04350.intron1,AT1G04350|1:1165802-1165872:+,1,1165802,1165872,+,AT1G04350.1,1,no,3515,7023,2573,10538,0.333554754222813,0.732005689900427,Arabidopsis_thaliana,high_confidence_IR
AT1G04425,AT1G04425.intron1,AT1G04425|1:1194278-1195438:+,1,1194278,1195438,+,AT1G04425.1,1,no,534,404,425,938,0.569296375266525,0.795880149812734,Arabidopsis_thaliana,high_confidence_IR
AT1G04570,AT1G04570.intron2,AT1G04570|1:1247993-1248116:-,1,1247993,1248116,-,AT1G04570.2,1,yes,2634,392,2438,3026,0.870456047587574,0.925588458618071,Arabidopsis_thaliana,high_confidence_IR
AT1G04840,AT1G04840.intron1,AT1G04840|1:1363700-1363797:-,1,1363700,1363797,-,AT1G04840.1,1,no,187,355,187,542,0.345018450184502,1,Arabidopsis_thaliana,high_confidence_IR
AT1G04870,AT1G04870.intron2,AT1G04870|1:1375212-1375382:-,1,1375212,1375382,-,AT1G04870.1,1,yes,8453,212,6484,8665,0.975533756491633,0.767064947355968,Arabidopsis_thaliana,high_confidence_IR
AT1G05087,AT1G05087.intron1,AT1G05087|1:1463529-1463648:+,1,1463529,1463648,+,AT1G05087.1,1,yes,917,1190,917,2107,0.435215946843854,1,Arabidopsis_thaliana,high_confidence_IR
AT1G05220,AT1G05220.intron1,AT1G05220|1:1512264-1512494:+,1,1512264,1512494,+,AT1G05220.1,1,no,253,643,253,896,0.282366071428571,1,Arabidopsis_thaliana,high_confidence_IR
AT1G05410,AT1G05410.intron2,AT1G05410|1:1587125-1587205:-,1,1587125,1587205,-,AT1G05410.2,1,yes,5017,148,3604,5165,0.97134559535334,0.718357584213673,Arabidopsis_thaliana,high_confidence_IR
AT1G05490,AT1G05490.intron1,AT1G05490|1:1623214-1623296:-,1,1623214,1623296,-,AT1G05490.1,1,no,74,172,73,246,0.300813008130081,0.986486486486487,Arabidopsis_thaliana,high_confidence_IR
AT1G05540,AT1G05540.intron2,AT1G05540|1:1640315-1640385:+,1,1640315,1640385,+,AT1G05540.1,1,yes,249,477,223,726,0.34297520661157,0.895582329317269,Arabidopsis_thaliana,high_confidence_IR
AT1G05675,AT1G05675.intron1,AT1G05675|1:1701930-1702070:-,1,1701930,1702070,-,AT1G05675.1,1,no,1041,1306,1041,2347,0.443544951001278,1,Arabidopsis_thaliana,high_confidence_IR
AT1G05750,AT1G05750.intron1,AT1G05750|1:1723344-1723856:+,1,1723344,1723856,+,AT1G05750.2,1,yes,125,121,125,246,0.508130081300813,1,Arabidopsis_thaliana,high_confidence_IR
AT1G05835,AT1G05835.intron1,AT1G05835|1:1762309-1762379:+,1,1762309,1762379,+,AT1G05835.1,1,no,2077,6187,2077,8264,0.251331074540174,1,Arabidopsis_thaliana,high_confidence_IR
AT1G06020,AT1G06020.intron1,AT1G06020|1:1824950-1825313:+,1,1824950,1825313,+,AT1G06020.1,1,no,107,284,82,391,0.273657289002558,0.766355140186916,Arabidopsis_thaliana,high_confidence_IR
AT1G06260,AT1G06260.intron1,AT1G06260|1:1916894-1916998:+,1,1916894,1916998,+,AT1G06260.1,1,no,771,2913,771,3684,0.20928338762215,1,Arabidopsis_thaliana,high_confidence_IR
AT1G06620,AT1G06620.intron2,AT1G06620|1:2026756-2026842:+,1,2026756,2026842,+,AT1G06620.1,1,yes,1641,3493,1343,5134,0.319633813790417,0.818403412553321,Arabidopsis_thaliana,high_confidence_IR
AT1G06650,AT1G06650.intron2,AT1G06650|1:2036842-2036957:+,1,2036842,2036957,+,AT1G06650.1,1,yes,9217,19,7184,9236,0.997942832394976,0.779429315395465,Arabidopsis_thaliana,high_confidence_IR
AT1G06670,AT1G06670.intron14,AT1G06670|1:2046392-2046475:+,1,2046392,2046475,+,AT1G06670.2,1,yes,2276,19,1704,2295,0.991721132897603,0.748681898066784,Arabidopsis_thaliana,high_confidence_IR
AT1G06740,AT1G06740.intron1,AT1G06740|1:2070894-2071101:+,1,2070894,2071101,+,AT1G06740.1,1,no,401,881,401,1282,0.312792511700468,1,Arabidopsis_thaliana,high_confidence_IR
AT1G06810,AT1G06810.intron2,AT1G06810|1:2091831-2091929:-,1,2091831,2091929,-,AT1G06810.1,1,no,104,73,88,177,0.587570621468927,0.846153846153846,Arabidopsis_thaliana,high_confidence_IR
AT1G06923,AT1G06923.intron1,AT1G06923|1:2127001-2127084:+,1,2127001,2127084,+,AT1G06923.1,1,no,183,536,183,719,0.25452016689847,1,Arabidopsis_thaliana,high_confidence_IR
AT1G06970,AT1G06970.intron1,AT1G06970|1:2138361-2138484:+,1,2138361,2138484,+,AT1G06970.1,1,no,47,76,43,123,0.382113821138211,0.914893617021277,Arabidopsis_thaliana,high_confidence_IR
AT1G07020,AT1G07020.intron1,AT1G07020|1:2155756-2155877:-,1,2155756,2155877,-,AT1G07020.1,1,no,2169,7751,2169,9920,0.218649193548387,1,Arabidopsis_thaliana,high_confidence_IR
AT1G07485,AT1G07485.intron1,AT1G07485|1:2301580-2301664:+,1,2301580,2301664,+,AT1G07485.1,1,no,2638,137,2638,2775,0.950630630630631,1,Arabidopsis_thaliana,high_confidence_IR
AT1G07590,AT1G07590.intron2,AT1G07590|1:2337900-2338127:-,1,2337900,2338127,-,AT1G07590.1,1,no,958,1709,820,2667,0.35920509936258,0.855949895615866,Arabidopsis_thaliana,high_confidence_IR
AT1G07710,AT1G07710.intron1,AT1G07710|1:2388051-2388332:-,1,2388051,2388332,-,AT1G07710.1,1,yes,105,196,74,301,0.348837209302326,0.704761904761905,Arabidopsis_thaliana,high_confidence_IR
AT1G07728,AT1G07728.intron1,AT1G07728|1:2396435-2396528:+,1,2396435,2396528,+,AT1G07728.2,1,yes,1743,2963,1743,4706,0.370378240543986,1,Arabidopsis_thaliana,high_confidence_IR
AT1G07740,AT1G07740.intron1,AT1G07740|1:2398690-2399098:-,1,2398690,2399098,-,AT1G07740.1,1,no,95,379,95,474,0.20042194092827,1,Arabidopsis_thaliana,high_confidence_IR
AT1G07820,AT1G07820.intron1,AT1G07820|1:2421784-2421902:-,1,2421784,2421902,-,AT1G07820.2,1,yes,13836,15892,13836,29728,0.465419806243272,1,Arabidopsis_thaliana,high_confidence_IR
AT1G07860,AT1G07860.intron1,AT1G07860|1:2429184-2429265:-,1,2429184,2429265,-,AT1G07860.1,1,no,172,37,172,209,0.822966507177033,1,Arabidopsis_thaliana,high_confidence_IR
AT1G07880,AT1G07880.intron4,AT1G07880|1:2434622-2434726:-,1,2434622,2434726,-,AT1G07880.2,1,yes,624,1201,487,1825,0.341917808219178,0.780448717948718,Arabidopsis_thaliana,high_confidence_IR
AT1G08070,AT1G08070.intron1,AT1G08070|1:2516315-2516394:-,1,2516315,2516394,-,AT1G08070.2,1,yes,414,300,414,714,0.579831932773109,1,Arabidopsis_thaliana,high_confidence_IR
AT1G08135,AT1G08135.intron2,AT1G08135|1:2549992-2550084:-,1,2549992,2550084,-,AT1G08135.1,1,no,56,175,41,231,0.242424242424242,0.732142857142857,Arabidopsis_thaliana,high_confidence_IR
AT1G08165,AT1G08165.intron1,AT1G08165|1:2561964-2562055:-,1,2561964,2562055,-,AT1G08165.1,1,no,1387,1589,1387,2976,0.466061827956989,1,Arabidopsis_thaliana,high_confidence_IR
AT1G08390,AT1G08390.intron2,AT1G08390|1:2642542-2642989:+,1,2642542,2642989,+,AT1G08390.2,1,yes,2558,428,1880,2986,0.856664434025452,0.73494917904613,Arabidopsis_thaliana,high_confidence_IR
AT1G08500,AT1G08500.intron1,AT1G08500|1:2689303-2689387:+,1,2689303,2689387,+,AT1G08500.1,1,no,1537,6055,1537,7592,0.202449947312961,1,Arabidopsis_thaliana,high_confidence_IR
AT1G08610,AT1G08610.intron1,AT1G08610|1:2735635-2735715:-,1,2735635,2735715,-,AT1G08610.1,1,no,1483,1713,1483,3196,0.464017521902378,1,Arabidopsis_thaliana,high_confidence_IR
AT1G08695,AT1G08695.intron1,AT1G08695|1:2769253-2769413:-,1,2769253,2769413,-,AT1G08695.1,1,no,52,16,52,68,0.764705882352941,1,Arabidopsis_thaliana,high_confidence_IR
AT1G08790,AT1G08790.intron1,AT1G08790|1:2812479-2812563:+,1,2812479,2812563,+,AT1G08790.1,1,no,130,12,130,142,0.915492957746479,1,Arabidopsis_thaliana,high_confidence_IR
AT1G09050,AT1G09050.intron2,AT1G09050|1:2918757-2918833:+,1,2918757,2918833,+,AT1G09050.1;AT1G09050.2,2,no,277,780,197,1057,0.262062440870388,0.711191335740072,Arabidopsis_thaliana,high_confidence_IR
AT1G09090,AT1G09090.intron11,AT1G09090|1:2936297-2936385:+,1,2936297,2936385,+,AT1G09090.1;AT1G09090.2,2,no,162,519,119,681,0.237885462555066,0.734567901234568,Arabidopsis_thaliana,high_confidence_IR
AT1G09130,AT1G09130.intron10,AT1G09130|1:2939860-2940071:-,1,2939860,2940071,-,AT1G09130.3,1,yes,33163,6,24771,33169,0.999819108203443,0.746946898652112,Arabidopsis_thaliana,high_confidence_IR
AT1G09160,AT1G09160.intron8,AT1G09160|1:2953075-2953162:-,1,2953075,2953162,-,AT1G09160.2,1,yes,9291,2517,6670,11808,0.786839430894309,0.717899042083737,Arabidopsis_thaliana,high_confidence_IR
AT1G09510,AT1G09510.intron4,AT1G09510|1:3070580-3070673:+,1,3070580,3070673,+,AT1G09510.1,1,no,381,53,308,434,0.877880184331797,0.808398950131234,Arabidopsis_thaliana,high_confidence_IR
AT1G09720,AT1G09720.intron1,AT1G09720|1:3147131-3147209:-,1,3147131,3147209,-,AT1G09720.1,1,no,46,7,46,53,0.867924528301887,1,Arabidopsis_thaliana,high_confidence_IR
AT1G04743,AT1G04743.intron1,AT1G04743|1:3204439-3204507:+,1,3204439,3204507,+,AT1G04743.1,1,no,216,81,216,297,0.727272727272727,1,Arabidopsis_thaliana,high_confidence_IR
AT1G10225,AT1G10225.intron1,AT1G10225|1:3354282-3354360:+,1,3354282,3354360,+,AT1G10225.1,1,no,10,17,10,27,0.37037037037037,1,Arabidopsis_thaliana,high_confidence_IR
AT1G10300,AT1G10300.intron1,AT1G10300|1:3377966-3378210:+,1,3377966,3378210,+,AT1G10300.2,1,yes,132,62,106,194,0.680412371134021,0.803030303030303,Arabidopsis_thaliana,high_confidence_IR
AT1G10350,AT1G10350.intron1,AT1G10350|1:3394034-3394249:-,1,3394034,3394249,-,AT1G10350.1,1,no,1584,6253,1584,7837,0.202118157458211,1,Arabidopsis_thaliana,high_confidence_IR
AT1G10360,AT1G10360.intron1,AT1G10360|1:3396101-3396485:-,1,3396101,3396485,-,AT1G10360.1,1,no,5521,15593,5521,21114,0.261485270436677,1,Arabidopsis_thaliana,high_confidence_IR
AT1G10470,AT1G10470.intron1,AT1G10470|1:3443752-3443833:-,1,3443752,3443833,-,AT1G10470.3,1,yes,11535,173,8356,11708,0.985223778612914,0.724403987863026,Arabidopsis_thaliana,high_confidence_IR
AT1G10717,AT1G10717.intron1,AT1G10717|1:3562244-3562345:+,1,3562244,3562345,+,AT1G10717.1,1,no,8,22,8,30,0.266666666666667,1,Arabidopsis_thaliana,high_confidence_IR
AT1G10747,AT1G10747.intron1,AT1G10747|1:3574376-3574448:+,1,3574376,3574448,+,AT1G10747.1,1,no,44,14,44,58,0.758620689655172,1,Arabidopsis_thaliana,high_confidence_IR
AT1G10750,AT1G10750.intron5,AT1G10750|1:3576333-3576444:-,1,3576333,3576444,-,AT1G10750.2,1,yes,807,86,575,893,0.903695408734602,0.712515489467162,Arabidopsis_thaliana,high_confidence_IR
AT1G10990,AT1G10990.intron1,AT1G10990|1:3670902-3670979:-,1,3670902,3670979,-,AT1G10990.1,1,yes,494,1687,494,2181,0.226501604768455,1,Arabidopsis_thaliana,high_confidence_IR
AT1G11210,AT1G11210.intron1,AT1G11210|1:3756262-3756370:-,1,3756262,3756370,-,AT1G11210.1,1,no,5797,10881,5797,16678,0.347583643122677,1,Arabidopsis_thaliana,high_confidence_IR
AT1G11370,AT1G11370.intron1,AT1G11370|1:3830235-3830831:-,1,3830235,3830831,-,AT1G11370.1,1,no,17,9,15,26,0.653846153846154,0.882352941176471,Arabidopsis_thaliana,high_confidence_IR
AT1G11670,AT1G11670.intron1,AT1G11670|1:3930908-3931167:-,1,3930908,3931167,-,AT1G11670.1,1,no,3170,9667,2693,12837,0.246942432032406,0.849526813880126,Arabidopsis_thaliana,high_confidence_IR
AT1G11710,AT1G11710.intron1,AT1G11710|1:3949266-3949352:+,1,3949266,3949352,+,AT1G11710.2,1,yes,501,10,501,511,0.980430528375734,1,Arabidopsis_thaliana,high_confidence_IR
AT1G11785,AT1G11785.intron1,AT1G11785|1:3980259-3980872:-,1,3980259,3980872,-,AT1G11785.1,1,no,139,58,139,197,0.705583756345178,1,Arabidopsis_thaliana,high_confidence_IR
AT1G12140,AT1G12140.intron6,AT1G12140|1:4123665-4124144:+,1,4123665,4124144,+,AT1G12140.1,1,no,351,381,303,732,0.479508196721311,0.863247863247863,Arabidopsis_thaliana,high_confidence_IR
AT1G12211,AT1G12211.intron1,AT1G12211|1:4143481-4143585:-,1,4143481,4143585,-,AT1G12211.1,1,no,891,20,891,911,0.978046103183315,1,Arabidopsis_thaliana,high_confidence_IR
AT1G12400,AT1G12400.intron1,AT1G12400|1:4221935-4222286:+,1,4221935,4222286,+,AT1G12400.2,1,yes,2830,198,2052,3028,0.934610303830911,0.725088339222615,Arabidopsis_thaliana,high_confidence_IR
AT1G04953,AT1G04953.intron1,AT1G04953|1:4258446-4258537:+,1,4258446,4258537,+,AT1G04953.1,1,no,1705,9,1705,1714,0.994749124854142,1,Arabidopsis_thaliana,high_confidence_IR
AT1G12480,AT1G12480.intron1,AT1G12480|1:4258668-4258742:-,1,4258668,4258742,-,AT1G12480.1,1,no,1387,1035,1064,2422,0.572667217175888,0.767123287671233,Arabidopsis_thaliana,high_confidence_IR
AT1G12620,AT1G12620.intron1,AT1G12620|1:4296870-4296953:-,1,4296870,4296953,-,AT1G12620.1,1,no,367,959,367,1326,0.276772247360483,1,Arabidopsis_thaliana,high_confidence_IR
AT1G12663,AT1G12663.intron1,AT1G12663|1:4311255-4311395:+,1,4311255,4311395,+,AT1G12663.1,1,no,6,21,6,27,0.222222222222222,1,Arabidopsis_thaliana,high_confidence_IR
AT1G13050,AT1G13050.intron1,AT1G13050|1:4449727-4450156:+,1,4449727,4450156,+,AT1G13050.2,1,no,345,123,245,468,0.737179487179487,0.710144927536232,Arabidopsis_thaliana,high_confidence_IR
AT1G13080,AT1G13080.intron1,AT1G13080|1:4459570-4459642:+,1,4459570,4459642,+,AT1G13080.2,1,yes,9530,246,7258,9776,0.974836333878887,0.761594963273872,Arabidopsis_thaliana,high_confidence_IR
AT1G13090,AT1G13090.intron1,AT1G13090|1:4462731-4462812:+,1,4462731,4462812,+,AT1G13090.2,1,yes,3671,11504,3671,15175,0.241911037891269,1,Arabidopsis_thaliana,high_confidence_IR
AT1G13100,AT1G13100.intron1,AT1G13100|1:4464868-4464950:+,1,4464868,4464950,+,AT1G13100.1,1,no,855,3049,855,3904,0.219006147540984,1,Arabidopsis_thaliana,high_confidence_IR
AT1G13110,AT1G13110.intron1,AT1G13110|1:4468175-4468245:+,1,4468175,4468245,+,AT1G13110.1,1,no,7851,28222,7851,36073,0.21764200371469,1,Arabidopsis_thaliana,high_confidence_IR
AT1G13143,AT1G13143.intron1,AT1G13143|1:4479274-4479450:+,1,4479274,4479450,+,AT1G13143.1,1,no,1033,457,1033,1490,0.693288590604027,1,Arabidopsis_thaliana,high_confidence_IR
AT1G13400,AT1G13400.intron4,AT1G13400|1:4598514-4598598:+,1,4598514,4598598,+,AT1G13400.1,1,no,39,105,29,144,0.270833333333333,0.743589743589744,Arabidopsis_thaliana,high_confidence_IR
AT1G13410,AT1G13410.intron1,AT1G13410|1:4601650-4601873:+,1,4601650,4601873,+,AT1G13410.1,1,no,267,280,267,547,0.488117001828154,1,Arabidopsis_thaliana,high_confidence_IR
AT1G13448,AT1G13448.intron1,AT1G13448|1:4612572-4612666:+,1,4612572,4612666,+,AT1G13448.1,1,no,2081,1527,2081,3608,0.576773835920177,1,Arabidopsis_thaliana,high_confidence_IR
AT1G13510,AT1G13510.intron1,AT1G13510|1:4630282-4630367:-,1,4630282,4630367,-,AT1G13510.1,1,no,244,747,244,991,0.246215943491423,1,Arabidopsis_thaliana,high_confidence_IR
AT1G13540,AT1G13540.intron1,AT1G13540|1:4636297-4636385:-,1,4636297,4636385,-,AT1G13540.1,1,no,294,305,294,599,0.490818030050083,1,Arabidopsis_thaliana,high_confidence_IR
AT1G13550,AT1G13550.intron1,AT1G13550|1:4637922-4637998:-,1,4637922,4637998,-,AT1G13550.1,1,no,300,125,300,425,0.705882352941177,1,Arabidopsis_thaliana,high_confidence_IR
AT1G13605,AT1G13605.intron1,AT1G13605|1:4658652-4658747:+,1,4658652,4658747,+,AT1G13605.1,1,no,140,109,140,249,0.562248995983936,1,Arabidopsis_thaliana,high_confidence_IR
AT1G13607,AT1G13607.intron1,AT1G13607|1:4660839-4660940:+,1,4660839,4660940,+,AT1G13607.1,1,no,589,803,589,1392,0.423132183908046,1,Arabidopsis_thaliana,high_confidence_IR
AT1G13800,AT1G13800.intron1,AT1G13800|1:4730698-4730786:-,1,4730698,4730786,-,AT1G13800.1,1,no,65,241,65,306,0.212418300653595,1,Arabidopsis_thaliana,high_confidence_IR
AT1G13890,AT1G13890.intron1,AT1G13890|1:4751493-4751580:+,1,4751493,4751580,+,AT1G13890.1,1,yes,216,463,165,679,0.318114874815906,0.763888888888889,Arabidopsis_thaliana,high_confidence_IR
AT1G13980,AT1G13980.intron2,AT1G13980|1:4788655-4789491:+,1,4788655,4789491,+,AT1G13980.2,1,yes,2621,1708,2113,4329,0.605451605451605,0.80618084700496,Arabidopsis_thaliana,high_confidence_IR
AT1G14100,AT1G14100.intron1,AT1G14100|1:4828067-4828142:+,1,4828067,4828142,+,AT1G14100.1,1,no,45,108,45,153,0.294117647058824,1,Arabidopsis_thaliana,high_confidence_IR
AT1G14130,AT1G14130.intron2,AT1G14130|1:4836621-4836693:-,1,4836621,4836693,-,AT1G14130.1,1,no,1498,4942,1239,6440,0.232608695652174,0.827102803738318,Arabidopsis_thaliana,high_confidence_IR
AT1G14140,AT1G14140.intron1,AT1G14140|1:4838662-4839215:-,1,4838662,4839215,-,AT1G14140.1,1,no,1780,1222,1780,3002,0.592938041305796,1,Arabidopsis_thaliana,high_confidence_IR
AT1G14250,AT1G14250.intron1,AT1G14250|1:4868525-4868653:+,1,4868525,4868653,+,AT1G14250.1,1,no,813,2941,610,3754,0.216568993074054,0.750307503075031,Arabidopsis_thaliana,high_confidence_IR
AT1G14500,AT1G14500.intron1,AT1G14500|1:4960972-4961066:+,1,4960972,4961066,+,AT1G14500.1,1,no,90,51,90,141,0.638297872340426,1,Arabidopsis_thaliana,high_confidence_IR
AT1G14518,AT1G14518.intron1,AT1G14518|1:4967265-4967343:-,1,4967265,4967343,-,AT1G14518.1,1,no,11,29,11,40,0.275,1,Arabidopsis_thaliana,high_confidence_IR
AT1G14642,AT1G14642.intron1,AT1G14642|1:5026406-5026495:+,1,5026406,5026495,+,AT1G14642.1,1,no,243,725,243,968,0.25103305785124,1,Arabidopsis_thaliana,high_confidence_IR
AT1G14650,AT1G14650.intron3,AT1G14650|1:5030603-5030718:+,1,5030603,5030718,+,AT1G14650.2,1,yes,9889,1219,7794,11108,0.890259272596327,0.78814844777025,Arabidopsis_thaliana,high_confidence_IR
AT1G14760,AT1G14760.intron3,AT1G14760|1:5084656-5085048:-,1,5084656,5085048,-,AT1G14760.3,1,yes,219,5,163,224,0.977678571428571,0.744292237442922,Arabidopsis_thaliana,high_confidence_IR
AT1G15150,AT1G15150.intron1,AT1G15150|1:5212932-5213046:+,1,5212932,5213046,+,AT1G15150.1,1,yes,50,114,42,164,0.304878048780488,0.84,Arabidopsis_thaliana,high_confidence_IR
AT1G15360,AT1G15360.intron1,AT1G15360|1:5283460-5283597:+,1,5283460,5283597,+,AT1G15360.2,1,yes,379,228,327,607,0.624382207578254,0.862796833773087,Arabidopsis_thaliana,high_confidence_IR
AT1G15380,AT1G15380.intron1,AT1G15380|1:5290820-5290936:+,1,5290820,5290936,+,AT1G15380.2,1,yes,7441,87,6281,7528,0.988443145589798,0.844106974868969,Arabidopsis_thaliana,high_confidence_IR
AT1G15410,AT1G15410.intron3,AT1G15410|1:5300294-5300405:+,1,5300294,5300405,+,AT1G15410.1;AT1G15410.2,2,no,1709,5696,1616,7405,0.230790006752194,0.945582211819778,Arabidopsis_thaliana,high_confidence_IR
AT1G15885,AT1G15885.intron1,AT1G15885|1:5460691-5460969:+,1,5460691,5460969,+,AT1G15885.1,1,no,1989,3108,1989,5097,0.390229546792231,1,Arabidopsis_thaliana,high_confidence_IR
AT1G15970,AT1G15970.intron1,AT1G15970|1:5488543-5488909:-,1,5488543,5488909,-,AT1G15970.2,1,yes,709,6,536,715,0.991608391608392,0.755994358251058,Arabidopsis_thaliana,high_confidence_IR
AT1G15990,AT1G15990.intron6,AT1G15990|1:5492024-5492092:-,1,5492024,5492092,-,AT1G15990.1,1,no,104,29,95,133,0.781954887218045,0.913461538461538,Arabidopsis_thaliana,high_confidence_IR
AT1G15990,AT1G15990.intron4,AT1G15990|1:5492841-5492938:-,1,5492841,5492938,-,AT1G15990.1,1,no,12,27,9,39,0.307692307692308,0.75,Arabidopsis_thaliana,high_confidence_IR
AT1G16250,AT1G16250.intron3,AT1G16250|1:5558703-5559078:+,1,5558703,5559078,+,AT1G16250.1,1,yes,979,2259,771,3238,0.302347127856702,0.787538304392237,Arabidopsis_thaliana,high_confidence_IR
AT1G16380,AT1G16380.intron3,AT1G16380|1:5598733-5598872:-,1,5598733,5598872,-,AT1G16380.1,1,no,41,24,41,65,0.630769230769231,1,Arabidopsis_thaliana,high_confidence_IR
AT1G16380,AT1G16380.intron2,AT1G16380|1:5599814-5599902:-,1,5599814,5599902,-,AT1G16380.1,1,no,34,11,28,45,0.755555555555556,0.823529411764706,Arabidopsis_thaliana,high_confidence_IR
AT1G16440,AT1G16440.intron1,AT1G16440|1:5615880-5616099:+,1,5615880,5616099,+,AT1G16440.1,1,no,104,376,81,480,0.216666666666667,0.778846153846154,Arabidopsis_thaliana,high_confidence_IR
AT1G16440,AT1G16440.intron2,AT1G16440|1:5616714-5616785:+,1,5616714,5616785,+,AT1G16440.1,1,no,209,197,166,406,0.514778325123153,0.794258373205742,Arabidopsis_thaliana,high_confidence_IR
AT1G16705,AT1G16705.intron1,AT1G16705|1:5712234-5712444:+,1,5712234,5712444,+,AT1G16705.1;AT1G16705.2,2,yes,708,737,540,1445,0.489965397923875,0.76271186440678,Arabidopsis_thaliana,high_confidence_IR
AT1G16960,AT1G16960.intron1,AT1G16960|1:5800032-5800161:+,1,5800032,5800161,+,AT1G16960.1,1,no,3727,3475,2910,7202,0.517495140238823,0.780788838207674,Arabidopsis_thaliana,high_confidence_IR
AT1G17160,AT1G17160.intron3,AT1G17160|1:5869041-5869152:+,1,5869041,5869152,+,AT1G17160.2,1,yes,6585,6,5320,6591,0.999089667728721,0.807896735003797,Arabidopsis_thaliana,high_confidence_IR
AT1G17232,AT1G17232.intron1,AT1G17232|1:5893235-5893324:-,1,5893235,5893324,-,AT1G17232.2,1,yes,1308,70,1308,1378,0.949201741654572,1,Arabidopsis_thaliana,high_confidence_IR
AT1G17285,AT1G17285.intron1,AT1G17285|1:5921113-5921217:+,1,5921113,5921217,+,AT1G17285.1;AT1G17285.2,2,no,1332,1332,1332,2664,0.5,1,Arabidopsis_thaliana,high_confidence_IR
AT1G05313,AT1G05313.intron1,AT1G05313|1:5975300-5975391:-,1,5975300,5975391,-,AT1G05313.1,1,no,5,14,5,19,0.263157894736842,1,Arabidopsis_thaliana,high_confidence_IR
AT1G17450,AT1G17450.intron1,AT1G17450|1:5996255-5996337:-,1,5996255,5996337,-,AT1G17450.1;AT1G17450.2;AT1G17450.3,3,no,172,643,122,815,0.211042944785276,0.709302325581395,Arabidopsis_thaliana,high_confidence_IR
AT1G17455,AT1G17455.intron2,AT1G17455|1:5997400-5997893:+,1,5997400,5997893,+,AT1G17455.2,1,yes,6911,181,6077,7092,0.974478285391991,0.879322818694834,Arabidopsis_thaliana,high_confidence_IR
AT1G17530,AT1G17530.intron1,AT1G17530|1:6028271-6028906:+,1,6028271,6028906,+,AT1G17530.2,1,yes,153,25,153,178,0.859550561797753,1,Arabidopsis_thaliana,high_confidence_IR
AT1G17610,AT1G17610.intron1,AT1G17610|1:6055904-6056032:+,1,6055904,6056032,+,AT1G17610.1,1,no,266,93,266,359,0.740947075208914,1,Arabidopsis_thaliana,high_confidence_IR
AT1G17600,AT1G17600.intron1,AT1G17600|1:6056010-6056108:-,1,6056010,6056108,-,AT1G17600.1,1,no,276,485,210,761,0.362680683311432,0.760869565217391,Arabidopsis_thaliana,high_confidence_IR
AT1G17730,AT1G17730.intron1,AT1G17730|1:6099535-6099866:+,1,6099535,6099866,+,AT1G17730.1,1,no,3259,12024,3259,15283,0.21324347314009,1,Arabidopsis_thaliana,high_confidence_IR
AT1G18300,AT1G18300.intron1,AT1G18300|1:6300032-6300366:+,1,6300032,6300366,+,AT1G18300.1,1,no,5741,21467,5741,27208,0.211004116436342,1,Arabidopsis_thaliana,high_confidence_IR
AT1G18382,AT1G18382.intron1,AT1G18382|1:6326601-6326675:-,1,6326601,6326675,-,AT1G18382.1,1,no,1673,8,1673,1681,0.995240928019036,1,Arabidopsis_thaliana,high_confidence_IR
AT1G18510,AT1G18510.intron1,AT1G18510|1:6373712-6373790:+,1,6373712,6373790,+,AT1G18510.1,1,no,31,12,31,43,0.720930232558139,1,Arabidopsis_thaliana,high_confidence_IR
AT1G18940,AT1G18940.intron1,AT1G18940|1:6544329-6544488:+,1,6544329,6544488,+,AT1G18940.1,1,no,114,427,114,541,0.210720887245841,1,Arabidopsis_thaliana,high_confidence_IR
AT1G19000,AT1G19000.intron3,AT1G19000|1:6561143-6561320:-,1,6561143,6561320,-,AT1G19000.1,1,yes,42575,23305,30664,65880,0.646250758955677,0.720234879624193,Arabidopsis_thaliana,high_confidence_IR
AT1G19130,AT1G19130.intron1,AT1G19130|1:6610095-6610419:-,1,6610095,6610419,-,AT1G19130.1,1,no,4407,13727,3802,18134,0.243024153523768,0.862718402541411,Arabidopsis_thaliana,high_confidence_IR
AT1G19180,AT1G19180.intron2,AT1G19180|1:6622475-6622672:+,1,6622475,6622672,+,AT1G19180.1;AT1G19180.3,2,yes,14596,39301,14579,53897,0.270812846726163,0.998835297341737,Arabidopsis_thaliana,high_confidence_IR
AT1G19200,AT1G19200.intron1,AT1G19200|1:6625243-6625347:-,1,6625243,6625347,-,AT1G19200.1;AT1G19200.2,2,no,3405,7386,3405,10791,0.315540728384765,1,Arabidopsis_thaliana,high_confidence_IR
AT1G19290,AT1G19290.intron1,AT1G19290|1:6669267-6669375:+,1,6669267,6669375,+,AT1G19290.1,1,no,335,1273,335,1608,0.208333333333333,1,Arabidopsis_thaliana,high_confidence_IR
AT1G19320,AT1G19320.intron1,AT1G19320|1:6679382-6679489:+,1,6679382,6679489,+,AT1G19320.1,1,no,254,258,254,512,0.49609375,1,Arabidopsis_thaliana,high_confidence_IR
AT1G19360,AT1G19360.intron1,AT1G19360|1:6692298-6692382:-,1,6692298,6692382,-,AT1G19360.2,1,yes,9920,630,8648,10550,0.940284360189574,0.871774193548387,Arabidopsis_thaliana,high_confidence_IR
AT1G19380,AT1G19380.intron1,AT1G19380|1:6698345-6698434:+,1,6698345,6698434,+,AT1G19380.1,1,no,3934,7650,3934,11584,0.33960635359116,1,Arabidopsis_thaliana,high_confidence_IR
AT1G19397,AT1G19397.intron1,AT1G19397|1:6711528-6711607:+,1,6711528,6711607,+,AT1G19397.1,1,no,6215,5871,6215,12086,0.514231342048651,1,Arabidopsis_thaliana,high_confidence_IR
AT1G19430,AT1G19430.intron1,AT1G19430|1:6727739-6727815:-,1,6727739,6727815,-,AT1G19430.3,1,yes,1985,380,1426,2365,0.839323467230444,0.718387909319899,Arabidopsis_thaliana,high_confidence_IR
AT1G19720,AT1G19720.intron1,AT1G19720|1:6819819-6819897:-,1,6819819,6819897,-,AT1G19720.1,1,no,2697,5689,2697,8386,0.32160744097305,1,Arabidopsis_thaliana,high_confidence_IR
AT1G19770,AT1G19770.intron1,AT1G19770|1:6832469-6832563:+,1,6832469,6832563,+,AT1G19770.1,1,no,13065,34728,13065,47793,0.273366392567949,1,Arabidopsis_thaliana,high_confidence_IR
AT1G19790,AT1G19790.intron1,AT1G19790|1:6839838-6839937:-,1,6839838,6839937,-,AT1G19790.1,1,yes,210,63,170,273,0.769230769230769,0.80952380952381,Arabidopsis_thaliana,high_confidence_IR
AT1G19850,AT1G19850.intron1,AT1G19850|1:6887045-6887380:+,1,6887045,6887380,+,AT1G19850.2,1,yes,1668,80,1171,1748,0.954233409610984,0.702038369304556,Arabidopsis_thaliana,high_confidence_IR
AT1G20030,AT1G20030.intron1,AT1G20030|1:6945771-6945844:+,1,6945771,6945844,+,AT1G20030.2,1,yes,1065,3493,759,4558,0.23365511189118,0.712676056338028,Arabidopsis_thaliana,high_confidence_IR
AT1G20180,AT1G20180.intron2,AT1G20180|1:6997266-6997358:+,1,6997266,6997358,+,AT1G20180.2,1,yes,327,45,301,372,0.879032258064516,0.920489296636086,Arabidopsis_thaliana,high_confidence_IR
AT1G20280,AT1G20280.intron1,AT1G20280|1:7023917-7024062:+,1,7023917,7024062,+,AT1G20280.1,1,no,11,27,11,38,0.289473684210526,1,Arabidopsis_thaliana,high_confidence_IR
AT1G20405,AT1G20405.intron1,AT1G20405|1:7077258-7077344:+,1,7077258,7077344,+,AT1G20405.1,1,no,30,14,30,44,0.681818181818182,1,Arabidopsis_thaliana,high_confidence_IR
AT1G20691,AT1G20691.intron1,AT1G20691|1:7175702-7175876:-,1,7175702,7175876,-,AT1G20691.2,1,yes,1224,16,1224,1240,0.987096774193548,1,Arabidopsis_thaliana,high_confidence_IR
AT1G20840,AT1G20840.intron1,AT1G20840|1:7248215-7248333:-,1,7248215,7248333,-,AT1G20840.1,1,yes,637,171,532,808,0.788366336633663,0.835164835164835,Arabidopsis_thaliana,high_confidence_IR
AT1G20870,AT1G20870.intron2,AT1G20870|1:7259532-7259628:-,1,7259532,7259628,-,AT1G20870.1;AT1G20870.2,2,no,270,922,242,1192,0.226510067114094,0.896296296296296,Arabidopsis_thaliana,high_confidence_IR
AT1G20960,AT1G20960.intron5,AT1G20960|1:7301866-7301956:-,1,7301866,7301956,-,AT1G20960.2,1,yes,8857,205,8154,9062,0.977378062237917,0.920627752060517,Arabidopsis_thaliana,high_confidence_IR
AT1G21150,AT1G21150.intron1,AT1G21150|1:7407404-7407703:-,1,7407404,7407703,-,AT1G21150.3,1,yes,492,131,492,623,0.789727126805779,1,Arabidopsis_thaliana,high_confidence_IR
AT1G21200,AT1G21200.intron2,AT1G21200|1:7423004-7423638:+,1,7423004,7423638,+,AT1G21200.2,1,yes,488,88,399,576,0.847222222222222,0.817622950819672,Arabidopsis_thaliana,high_confidence_IR
AT1G21722,AT1G21722.intron1,AT1G21722|1:7628554-7628648:+,1,7628554,7628648,+,AT1G21722.1,1,no,102,7,102,109,0.935779816513762,1,Arabidopsis_thaliana,high_confidence_IR
AT1G21780,AT1G21780.intron1,AT1G21780|1:7652276-7652373:+,1,7652276,7652373,+,AT1G21780.1,1,yes,5446,26,4283,5472,0.995248538011696,0.786448769739258,Arabidopsis_thaliana,high_confidence_IR
AT1G21840,AT1G21840.intron1,AT1G21840|1:7666570-7666843:+,1,7666570,7666843,+,AT1G21840.2,1,yes,2063,944,2063,3007,0.686065846358497,1,Arabidopsis_thaliana,high_confidence_IR
AT1G21970,AT1G21970.intron1,AT1G21970|1:7728415-7729519:-,1,7728415,7729519,-,AT1G21970.1,1,no,20,77,20,97,0.206185567010309,1,Arabidopsis_thaliana,high_confidence_IR
AT1G22020,AT1G22020.intron4,AT1G22020|1:7757141-7757605:+,1,7757141,7757605,+,AT1G22020.2,1,yes,540,1718,420,2258,0.239149689991143,0.777777777777778,Arabidopsis_thaliana,high_confidence_IR
AT1G22040,AT1G22040.intron1,AT1G22040|1:7768052-7768345:+,1,7768052,7768345,+,AT1G22040.1,1,no,888,3428,888,4316,0.205746061167748,1,Arabidopsis_thaliana,high_confidence_IR
AT1G22110,AT1G22110.intron2,AT1G22110|1:7802476-7802589:-,1,7802476,7802589,-,AT1G22110.2,1,yes,674,64,523,738,0.913279132791328,0.775964391691395,Arabidopsis_thaliana,high_confidence_IR
AT1G22250,AT1G22250.intron1,AT1G22250|1:7859177-7859261:+,1,7859177,7859261,+,AT1G22250.1,1,no,1493,3944,1493,5437,0.274599963215008,1,Arabidopsis_thaliana,high_confidence_IR
AT1G22310,AT1G22310.intron1,AT1G22310|1:7883126-7883196:-,1,7883126,7883196,-,AT1G22310.1,1,yes,2876,389,2452,3265,0.880857580398162,0.852573018080668,Arabidopsis_thaliana,high_confidence_IR
AT1G22340,AT1G22340.intron1,AT1G22340|1:7891411-7891573:-,1,7891411,7891573,-,AT1G22340.1,1,no,58,231,58,289,0.200692041522491,1,Arabidopsis_thaliana,high_confidence_IR
AT1G22370,AT1G22370.intron1,AT1G22370|1:7899039-7899362:-,1,7899039,7899362,-,AT1G22370.2,1,yes,1154,4523,1154,5677,0.203276378368857,1,Arabidopsis_thaliana,high_confidence_IR
AT1G22403,AT1G22403.intron1,AT1G22403|1:7908913-7909291:-,1,7908913,7909291,-,AT1G22403.1,1,yes,2150,1630,2150,3780,0.568783068783069,1,Arabidopsis_thaliana,high_confidence_IR
AT1G22530,AT1G22530.intron1,AT1G22530|1:7957550-7957651:-,1,7957550,7957651,-,AT1G22530.2,1,yes,23940,60,17327,24000,0.9975,0.723767752715121,Arabidopsis_thaliana,high_confidence_IR
AT1G22570,AT1G22570.intron3,AT1G22570|1:7977416-7977494:-,1,7977416,7977494,-,AT1G22570.1;AT1G22570.2,2,no,1565,2137,1128,3702,0.422744462452728,0.720766773162939,Arabidopsis_thaliana,high_confidence_IR
AT1G22830,AT1G22830.intron1,AT1G22830|1:8076733-8076818:+,1,8076733,8076818,+,AT1G22830.1,1,yes,134,395,134,529,0.253308128544423,1,Arabidopsis_thaliana,high_confidence_IR
AT1G22990,AT1G22990.intron1,AT1G22990|1:8139308-8139410:+,1,8139308,8139410,+,AT1G22990.2,1,yes,3530,391,3031,3921,0.900280540678398,0.858640226628895,Arabidopsis_thaliana,high_confidence_IR
AT1G23610,AT1G23610.intron1,AT1G23610|1:8363451-8363513:-,1,8363451,8363513,-,AT1G23610.1,1,no,123,112,98,235,0.523404255319149,0.796747967479675,Arabidopsis_thaliana,high_confidence_IR
AT1G23750,AT1G23750.intron2,AT1G23750|1:8400248-8400644:+,1,8400248,8400644,+,AT1G23750.2,1,yes,3767,249,3421,4016,0.937998007968127,0.908149721263605,Arabidopsis_thaliana,high_confidence_IR
AT1G23970,AT1G23970.intron4,AT1G23970|1:8483010-8483105:-,1,8483010,8483105,-,AT1G23970.1,1,yes,2203,716,1560,2919,0.754710517300445,0.70812528370404,Arabidopsis_thaliana,high_confidence_IR
AT1G24000,AT1G24000.intron1,AT1G24000|1:8496320-8496420:-,1,8496320,8496420,-,AT1G24000.1,1,no,13,51,13,64,0.203125,1,Arabidopsis_thaliana,high_confidence_IR
AT1G24010,AT1G24010.intron1,AT1G24010|1:8499283-8499361:-,1,8499283,8499361,-,AT1G24010.1,1,no,184,358,184,542,0.339483394833948,1,Arabidopsis_thaliana,high_confidence_IR
AT1G24095,AT1G24095.intron1,AT1G24095|1:8523247-8523379:+,1,8523247,8523379,+,AT1G24095.2,1,yes,136,134,104,270,0.503703703703704,0.764705882352941,Arabidopsis_thaliana,high_confidence_IR
AT1G24148,AT1G24148.intron1,AT1G24148|1:8544630-8545019:+,1,8544630,8545019,+,AT1G24148.1,1,yes,2714,7443,2714,10157,0.267204883331692,1,Arabidopsis_thaliana,high_confidence_IR
AT1G24260,AT1G24260.intron7,AT1G24260|1:8594116-8594325:-,1,8594116,8594325,-,AT1G24260.3,1,yes,6797,225,5444,7022,0.967957846767303,0.80094159187877,Arabidopsis_thaliana,high_confidence_IR
AT1G24490,AT1G24490.intron1,AT1G24490|1:8682691-8682965:+,1,8682691,8682965,+,AT1G24490.2,1,yes,4296,27,3433,4323,0.993754337265788,0.799115456238361,Arabidopsis_thaliana,high_confidence_IR
AT1G24625,AT1G24625.intron1,AT1G24625|1:8726662-8726960:-,1,8726662,8726960,-,AT1G24625.1,1,no,1204,4728,1204,5932,0.202966958867161,1,Arabidopsis_thaliana,high_confidence_IR
AT1G25380,AT1G25380.intron9,AT1G25380|1:8905984-8906073:+,1,8905984,8906073,+,AT1G25380.2,1,yes,1006,63,780,1069,0.941066417212348,0.775347912524851,Arabidopsis_thaliana,high_confidence_IR
AT1G25390,AT1G25390.intron4,AT1G25390|1:8906342-8906629:-,1,8906342,8906629,-,AT1G25390.2,1,yes,1032,60,900,1092,0.945054945054945,0.872093023255814,Arabidopsis_thaliana,high_confidence_IR
AT1G26210,AT1G26210.intron1,AT1G26210|1:9067426-9067521:+,1,9067426,9067521,+,AT1G26210.1,1,no,4011,2735,4011,6746,0.594574562703824,1,Arabidopsis_thaliana,high_confidence_IR
AT1G26218,AT1G26218.intron1,AT1G26218|1:9071892-9071972:-,1,9071892,9071972,-,AT1G26218.1,1,no,1285,1449,1285,2734,0.470007315288954,1,Arabidopsis_thaliana,high_confidence_IR
AT1G26290,AT1G26290.intron1,AT1G26290|1:9098081-9098156:+,1,9098081,9098156,+,AT1G26290.1,1,no,146,161,146,307,0.47557003257329,1,Arabidopsis_thaliana,high_confidence_IR
AT1G26320,AT1G26320.intron4,AT1G26320|1:9106400-9106496:+,1,9106400,9106496,+,AT1G26320.2,1,yes,233,6,186,239,0.97489539748954,0.798283261802575,Arabidopsis_thaliana,high_confidence_IR
AT1G26355,AT1G26355.intron1,AT1G26355|1:9118034-9118353:-,1,9118034,9118353,-,AT1G26355.1,1,no,20,22,20,42,0.476190476190476,1,Arabidopsis_thaliana,high_confidence_IR
AT1G26558,AT1G26558.intron2,AT1G26558|1:9176138-9176274:+,1,9176138,9176274,+,AT1G26558.2,1,yes,301,363,212,664,0.453313253012048,0.704318936877076,Arabidopsis_thaliana,high_confidence_IR
AT1G26580,AT1G26580.intron1,AT1G26580|1:9185279-9185581:+,1,9185279,9185581,+,AT1G26580.2;AT1G26580.3,2,yes,11799,1789,8986,13588,0.868339711510156,0.761589965251293,Arabidopsis_thaliana,high_confidence_IR
AT1G26680,AT1G26680.intron12,AT1G26680|1:9223155-9223227:+,1,9223155,9223227,+,AT1G26680.2;AT1G26680.3;AT1G26680.4;AT1G26680.5,4,yes,78,76,55,154,0.506493506493506,0.705128205128205,Arabidopsis_thaliana,high_confidence_IR
AT1G27120,AT1G27120.intron1,AT1G27120|1:9421309-9421424:+,1,9421309,9421424,+,AT1G27120.2,1,yes,2563,60,1813,2623,0.977125428898208,0.707374170893484,Arabidopsis_thaliana,high_confidence_IR
AT1G27140,AT1G27140.intron1,AT1G27140|1:9428188-9428314:+,1,9428188,9428314,+,AT1G27140.1,1,no,1076,1312,1076,2388,0.450586264656616,1,Arabidopsis_thaliana,high_confidence_IR
AT1G27170,AT1G27170.intron5,AT1G27170|1:9438585-9438664:+,1,9438585,9438664,+,AT1G27170.1;AT1G27170.2,2,no,133,431,126,564,0.235815602836879,0.947368421052632,Arabidopsis_thaliana,high_confidence_IR
AT1G27180,AT1G27180.intron9,AT1G27180|1:9446085-9446171:+,1,9446085,9446171,+,AT1G27180.7;AT1G27180.8,2,yes,588,66,527,654,0.899082568807339,0.896258503401361,Arabidopsis_thaliana,high_confidence_IR
AT1G27420,AT1G27420.intron2,AT1G27420|1:9520069-9520140:+,1,9520069,9520140,+,AT1G27420.1,1,no,508,879,366,1387,0.366258111031002,0.720472440944882,Arabidopsis_thaliana,high_confidence_IR
AT1G28030,AT1G28030.intron2,AT1G28030|1:9772998-9773096:+,1,9772998,9773096,+,AT1G28030.1,1,no,14,48,13,62,0.225806451612903,0.928571428571429,Arabidopsis_thaliana,high_confidence_IR
AT1G28060,AT1G28060.intron7,AT1G28060|1:9782696-9782775:+,1,9782696,9782775,+,AT1G28060.3,1,yes,982,118,877,1100,0.892727272727273,0.893075356415479,Arabidopsis_thaliana,high_confidence_IR
AT1G28220,AT1G28220.intron1,AT1G28220|1:9860669-9860744:-,1,9860669,9860744,-,AT1G28220.1,1,no,55,52,55,107,0.514018691588785,1,Arabidopsis_thaliana,high_confidence_IR
AT1G28280,AT1G28280.intron1,AT1G28280|1:9886311-9886677:-,1,9886311,9886677,-,AT1G28280.2,1,yes,1223,417,1223,1640,0.745731707317073,1,Arabidopsis_thaliana,high_confidence_IR
AT1G28310,AT1G28310.intron1,AT1G28310|1:9913476-9913649:-,1,9913476,9913649,-,AT1G28310.2,1,yes,278,192,278,470,0.591489361702128,1,Arabidopsis_thaliana,high_confidence_IR
AT1G28500,AT1G28500.intron1,AT1G28500|1:10018778-10019019:+,1,10018778,10019019,+,AT1G28500.1,1,no,206,7,194,213,0.967136150234742,0.941747572815534,Arabidopsis_thaliana,high_confidence_IR
AT1G28550,AT1G28550.intron1,AT1G28550|1:10037402-10037477:-,1,10037402,10037477,-,AT1G28550.1,1,no,523,1647,523,2170,0.241013824884793,1,Arabidopsis_thaliana,high_confidence_IR
AT1G28815,AT1G28815.intron1,AT1G28815|1:10095914-10095998:+,1,10095914,10095998,+,AT1G28815.1,1,no,567,474,567,1041,0.544668587896254,1,Arabidopsis_thaliana,high_confidence_IR
AT1G29060,AT1G29060.intron1,AT1G29060|1:10147919-10148070:+,1,10147919,10148070,+,AT1G29060.2,1,yes,5316,938,4586,6254,0.850015989766549,0.86267870579383,Arabidopsis_thaliana,high_confidence_IR
AT1G29080,AT1G29080.intron1,AT1G29080|1:10158081-10158220:-,1,10158081,10158220,-,AT1G29080.1,1,no,45,9,45,54,0.833333333333333,1,Arabidopsis_thaliana,high_confidence_IR
AT1G30060,AT1G30060.intron3,AT1G30060|1:10545257-10545367:-,1,10545257,10545367,-,AT1G30060.1,1,no,13,9,12,22,0.590909090909091,0.923076923076923,Arabidopsis_thaliana,high_confidence_IR
AT1G30090,AT1G30090.intron1,AT1G30090|1:10561079-10561331:-,1,10561079,10561331,-,AT1G30090.1,1,no,1531,5762,1531,7293,0.209927327574386,1,Arabidopsis_thaliana,high_confidence_IR
AT1G30170,AT1G30170.intron2,AT1G30170|1:10608396-10608479:-,1,10608396,10608479,-,AT1G30170.1,1,no,27,42,21,69,0.391304347826087,0.777777777777778,Arabidopsis_thaliana,high_confidence_IR
AT1G30170,AT1G30170.intron1,AT1G30170|1:10609220-10609496:-,1,10609220,10609496,-,AT1G30170.1,1,no,48,18,45,66,0.727272727272727,0.9375,Arabidopsis_thaliana,high_confidence_IR
AT1G30282,AT1G30282.intron1,AT1G30282|1:10663622-10663739:+,1,10663622,10663739,+,AT1G30282.1,1,yes,4802,41,4802,4843,0.991534173033244,1,Arabidopsis_thaliana,high_confidence_IR
AT1G30290,AT1G30290.intron1,AT1G30290|1:10670224-10670399:-,1,10670224,10670399,-,AT1G30290.2,1,yes,394,37,394,431,0.91415313225058,1,Arabidopsis_thaliana,high_confidence_IR
AT1G30590,AT1G30590.intron6,AT1G30590|1:10838946-10839056:-,1,10838946,10839056,-,AT1G30590.1,1,yes,23709,93,18065,23802,0.996092765313839,0.761946939980598,Arabidopsis_thaliana,high_confidence_IR
AT1G30670,AT1G30670.intron1,AT1G30670|1:10879512-10879594:-,1,10879512,10879594,-,AT1G30670.1,1,no,52,61,52,113,0.460176991150442,1,Arabidopsis_thaliana,high_confidence_IR
AT1G30757,AT1G30757.intron1,AT1G30757|1:10909152-10909262:+,1,10909152,10909262,+,AT1G30757.1,1,yes,1818,312,1818,2130,0.853521126760563,1,Arabidopsis_thaliana,high_confidence_IR
AT1G30814,AT1G30814.intron1,AT1G30814|1:10944230-10944316:-,1,10944230,10944316,-,AT1G30814.1;AT1G30814.2;AT1G30814.4,3,yes,15,7,11,22,0.681818181818182,0.733333333333333,Arabidopsis_thaliana,high_confidence_IR
AT1G30970,AT1G30970.intron7,AT1G30970|1:11040685-11041203:-,1,11040685,11041203,-,AT1G30970.1;AT1G30970.2,2,yes,4691,3231,3690,7922,0.592148447361777,0.786612662545299,Arabidopsis_thaliana,high_confidence_IR
AT1G30990,AT1G30990.intron1,AT1G30990|1:11052317-11052791:+,1,11052317,11052791,+,AT1G30990.1,1,no,124,239,124,363,0.341597796143251,1,Arabidopsis_thaliana,high_confidence_IR
AT1G31175,AT1G31175.intron2,AT1G31175|1:11141962-11142055:+,1,11141962,11142055,+,AT1G31175.2,1,yes,2341,1108,1651,3449,0.678747463032763,0.7052541648868,Arabidopsis_thaliana,high_confidence_IR
AT1G31200,AT1G31200.intron1,AT1G31200|1:11147320-11147414:-,1,11147320,11147414,-,AT1G31200.1,1,no,716,1232,716,1948,0.367556468172485,1,Arabidopsis_thaliana,high_confidence_IR
AT1G31260,AT1G31260.intron1,AT1G31260|1:11176232-11176723:-,1,11176232,11176723,-,AT1G31260.1,1,no,5,17,5,22,0.227272727272727,1,Arabidopsis_thaliana,high_confidence_IR
AT1G31290,AT1G31290.intron4,AT1G31290|1:11190753-11190831:+,1,11190753,11190831,+,AT1G31290.1;AT1G31290.2;AT1G31290.3,3,no,129,85,99,214,0.602803738317757,0.767441860465116,Arabidopsis_thaliana,high_confidence_IR
AT1G31485,AT1G31485.intron1,AT1G31485|1:11272040-11272151:+,1,11272040,11272151,+,AT1G31485.1,1,no,536,774,536,1310,0.409160305343511,1,Arabidopsis_thaliana,high_confidence_IR
AT1G31540,AT1G31540.intron1,AT1G31540|1:11293158-11293236:-,1,11293158,11293236,-,AT1G31540.1;AT1G31540.2;AT1G31540.3,3,no,6805,7513,6006,14318,0.475275876519067,0.882586333578251,Arabidopsis_thaliana,high_confidence_IR
AT1G31830,AT1G31830.intron2,AT1G31830|1:11420357-11420683:-,1,11420357,11420683,-,AT1G31830.2,1,yes,3529,4216,2951,7745,0.455648805681085,0.836214224992916,Arabidopsis_thaliana,high_confidence_IR
AT1G31835,AT1G31835.intron1,AT1G31835|1:11423231-11423367:-,1,11423231,11423367,-,AT1G31835.2,1,yes,3343,132,3343,3475,0.962014388489209,1,Arabidopsis_thaliana,high_confidence_IR
AT1G32000,AT1G32000.intron1,AT1G32000|1:11508498-11508576:-,1,11508498,11508576,-,AT1G32000.1,1,no,73,11,73,84,0.869047619047619,1,Arabidopsis_thaliana,high_confidence_IR
AT1G32010,AT1G32010.intron2,AT1G32010|1:11510238-11510334:-,1,11510238,11510334,-,AT1G32010.1,1,no,25,30,20,55,0.454545454545455,0.8,Arabidopsis_thaliana,high_confidence_IR
AT1G32010,AT1G32010.intron1,AT1G32010|1:11511078-11511172:-,1,11511078,11511172,-,AT1G32010.1,1,no,89,11,82,100,0.89,0.921348314606742,Arabidopsis_thaliana,high_confidence_IR
AT1G32120,AT1G32120.intron1,AT1G32120|1:11554961-11555040:+,1,11554961,11555040,+,AT1G32120.1,1,no,1362,2336,1362,3698,0.368307193077339,1,Arabidopsis_thaliana,high_confidence_IR
AT1G32127,AT1G32127.intron1,AT1G32127|1:11557078-11557160:+,1,11557078,11557160,+,AT1G32127.2,1,yes,788,2195,574,2983,0.26416359369762,0.728426395939086,Arabidopsis_thaliana,high_confidence_IR
AT1G32375,AT1G32375.intron1,AT1G32375|1:11678948-11679174:+,1,11678948,11679174,+,AT1G32375.1,1,no,187,7,167,194,0.963917525773196,0.893048128342246,Arabidopsis_thaliana,high_confidence_IR
AT1G32530,AT1G32530.intron1,AT1G32530|1:11762401-11762540:-,1,11762401,11762540,-,AT1G32530.1,1,no,810,3028,719,3838,0.211047420531527,0.887654320987654,Arabidopsis_thaliana,high_confidence_IR
AT1G32583,AT1G32583.intron1,AT1G32583|1:11785917-11786222:+,1,11785917,11786222,+,AT1G32583.1,1,no,396,579,370,975,0.406153846153846,0.934343434343434,Arabidopsis_thaliana,high_confidence_IR
AT1G32630,AT1G32630.intron2,AT1G32630|1:11797514-11797936:+,1,11797514,11797936,+,AT1G32630.2,1,yes,2935,31,2380,2966,0.989548213081591,0.810902896081772,Arabidopsis_thaliana,high_confidence_IR
AT1G32850,AT1G32850.intron11,AT1G32850|1:11906652-11906753:+,1,11906652,11906753,+,AT1G32850.1,1,no,24,38,22,62,0.387096774193548,0.916666666666667,Arabidopsis_thaliana,high_confidence_IR
AT1G32910,AT1G32910.intron1,AT1G32910|1:11925840-11925927:+,1,11925840,11925927,+,AT1G32910.1,1,no,54,72,54,126,0.428571428571429,1,Arabidopsis_thaliana,high_confidence_IR
AT1G33240,AT1G33240.intron2,AT1G33240|1:12052117-12052198:-,1,12052117,12052198,-,AT1G33240.1;AT1G33240.2,2,yes,4053,13552,3460,17605,0.230218687872763,0.853688625709351,Arabidopsis_thaliana,high_confidence_IR
AT1G33350,AT1G33350.intron1,AT1G33350|1:12089737-12089815:-,1,12089737,12089815,-,AT1G33350.2,1,yes,620,30,620,650,0.953846153846154,1,Arabidopsis_thaliana,high_confidence_IR
AT1G33470,AT1G33470.intron6,AT1G33470|1:12145943-12146026:+,1,12145943,12146026,+,AT1G33470.3,1,yes,8530,1608,6325,10138,0.841388834089564,0.741500586166471,Arabidopsis_thaliana,high_confidence_IR
AT1G33475,AT1G33475.intron1,AT1G33475|1:12147722-12148027:-,1,12147722,12148027,-,AT1G33475.2,1,yes,1038,74,1038,1112,0.933453237410072,1,Arabidopsis_thaliana,high_confidence_IR
AT1G33910,AT1G33910.intron1,AT1G33910|1:12315100-12315277:+,1,12315100,12315277,+,AT1G33910.1,1,no,47,176,33,223,0.210762331838565,0.702127659574468,Arabidopsis_thaliana,high_confidence_IR
AT1G33920,AT1G33920.intron1,AT1G33920|1:12320027-12320494:+,1,12320027,12320494,+,AT1G33920.1,1,no,7,8,7,15,0.466666666666667,1,Arabidopsis_thaliana,high_confidence_IR
AT1G33930,AT1G33930.intron1,AT1G33930|1:12323566-12323887:+,1,12323566,12323887,+,AT1G33930.1,1,no,222,252,180,474,0.468354430379747,0.810810810810811,Arabidopsis_thaliana,high_confidence_IR
AT1G34010,AT1G34010.intron2,AT1G34010|1:12360901-12361112:-,1,12360901,12361112,-,AT1G34010.3,1,yes,2001,1484,1578,3485,0.574175035868006,0.788605697151424,Arabidopsis_thaliana,high_confidence_IR
AT1G34110,AT1G34110.intron2,AT1G34110|1:12417044-12417371:-,1,12417044,12417371,-,AT1G34110.2,1,yes,382,299,347,681,0.560939794419971,0.908376963350785,Arabidopsis_thaliana,high_confidence_IR
AT1G34160,AT1G34160.intron1,AT1G34160|1:12441575-12441680:+,1,12441575,12441680,+,AT1G34160.2,1,yes,1192,238,1036,1430,0.833566433566434,0.869127516778524,Arabidopsis_thaliana,high_confidence_IR
AT1G34270,AT1G34270.intron1,AT1G34270|1:12493691-12493889:-,1,12493691,12493889,-,AT1G34270.1,1,no,2484,1268,1958,3752,0.662046908315565,0.788244766505636,Arabidopsis_thaliana,high_confidence_IR
AT1G34370,AT1G34370.intron3,AT1G34370|1:12551420-12551535:+,1,12551420,12551535,+,AT1G34370.3,1,yes,16804,4103,13030,20907,0.803749940211412,0.775410616519876,Arabidopsis_thaliana,high_confidence_IR
AT1G34418,AT1G34418.intron1,AT1G34418|1:12582385-12582468:+,1,12582385,12582468,+,AT1G34418.1,1,no,5491,14921,5491,20412,0.269008426415834,1,Arabidopsis_thaliana,high_confidence_IR
AT1G34420,AT1G34420.intron1,AT1G34420|1:12587183-12587265:+,1,12587183,12587265,+,AT1G34420.1,1,no,473,869,473,1342,0.352459016393443,1,Arabidopsis_thaliana,high_confidence_IR
AT1G34760,AT1G34760.intron6,AT1G34760|1:12743987-12744076:-,1,12743987,12744076,-,AT1G34760.2,1,yes,1593,1878,1150,3471,0.458945548833189,0.721908349026993,Arabidopsis_thaliana,high_confidence_IR
AT1G34780,AT1G34780.intron2,AT1G34780|1:12749567-12749736:-,1,12749567,12749736,-,AT1G34780.2,1,yes,7087,36,5109,7123,0.994945949740278,0.720897417807253,Arabidopsis_thaliana,high_confidence_IR
AT1G35260,AT1G35260.intron1,AT1G35260|1:12937340-12937511:-,1,12937340,12937511,-,AT1G35260.1,1,no,1354,2815,1354,4169,0.32477812425042,1,Arabidopsis_thaliana,high_confidence_IR
AT1G35490,AT1G35490.intron1,AT1G35490|1:13061739-13061845:+,1,13061739,13061845,+,AT1G35490.2,1,yes,17536,229,16734,17765,0.987109484942302,0.954265510948905,Arabidopsis_thaliana,high_confidence_IR
AT1G35537,AT1G35537.intron1,AT1G35537|1:13105388-13105506:-,1,13105388,13105506,-,AT1G35537.1,1,no,5,14,5,19,0.263157894736842,1,Arabidopsis_thaliana,high_confidence_IR
AT1G35580,AT1G35580.intron2,AT1G35580|1:13124816-13125117:-,1,13124816,13125117,-,AT1G35580.1,1,yes,32957,1487,23373,34444,0.956828475206132,0.709196832235944,Arabidopsis_thaliana,high_confidence_IR
AT1G35625,AT1G35625.intron3,AT1G35625|1:13158663-13158761:-,1,13158663,13158761,-,AT1G35625.1,1,no,680,130,571,810,0.839506172839506,0.839705882352941,Arabidopsis_thaliana,high_confidence_IR
AT1G36020,AT1G36020.intron1,AT1G36020|1:13434198-13434268:-,1,13434198,13434268,-,AT1G36020.1,1,no,13,25,13,38,0.342105263157895,1,Arabidopsis_thaliana,high_confidence_IR
AT1G36078,AT1G36078.intron2,AT1G36078|1:13481874-13482281:-,1,13481874,13482281,-,AT1G36078.1,1,no,86,215,63,301,0.285714285714286,0.732558139534884,Arabidopsis_thaliana,high_confidence_IR
AT1G06983,AT1G06983.intron1,AT1G06983|1:13838762-13839001:-,1,13838762,13839001,-,AT1G06983.1,1,no,2251,17,2251,2268,0.992504409171076,1,Arabidopsis_thaliana,high_confidence_IR
AT1G36640,AT1G36640.intron1,AT1G36640|1:13853301-13853480:-,1,13853301,13853480,-,AT1G36640.1,1,no,141,289,141,430,0.327906976744186,1,Arabidopsis_thaliana,high_confidence_IR
AT1G36922,AT1G36922.intron1,AT1G36922|1:13984653-13984780:+,1,13984653,13984780,+,AT1G36922.1;AT1G36922.2,2,no,23,22,21,45,0.511111111111111,0.91304347826087,Arabidopsis_thaliana,high_confidence_IR
AT1G43245,AT1G43245.intron3,AT1G43245|1:16308740-16309086:-,1,16308740,16309086,-,AT1G43245.2,1,yes,171,14,137,185,0.924324324324324,0.801169590643275,Arabidopsis_thaliana,high_confidence_IR
AT1G44090,AT1G44090.intron2,AT1G44090|1:16760956-16761238:-,1,16760956,16761238,-,AT1G44090.1,1,no,43,11,41,54,0.796296296296296,0.953488372093023,Arabidopsis_thaliana,high_confidence_IR
AT1G44120,AT1G44120.intron3,AT1G44120|1:16783673-16783764:+,1,16783673,16783764,+,AT1G44120.1;AT1G44120.2;AT1G44120.3,3,no,449,402,331,851,0.527614571092832,0.737193763919822,Arabidopsis_thaliana,high_confidence_IR
AT1G44125,AT1G44125.intron1,AT1G44125|1:16786292-16786374:-,1,16786292,16786374,-,AT1G44125.2;AT1G44125.7,2,yes,1058,349,810,1407,0.751954513148543,0.765595463137996,Arabidopsis_thaliana,high_confidence_IR
AT1G44120,AT1G44120.intron5,AT1G44120|1:16786722-16786809:+,1,16786722,16786809,+,AT1G44120.3,1,yes,761,432,672,1193,0.637887678122381,0.883048620236531,Arabidopsis_thaliana,high_confidence_IR
AT1G45170,AT1G45170.intron2,AT1G45170|1:17097076-17097213:-,1,17097076,17097213,-,AT1G45170.2,1,yes,6272,61,5348,6333,0.990367914100742,0.852678571428571,Arabidopsis_thaliana,high_confidence_IR
AT1G45545,AT1G45545.intron1,AT1G45545|1:17182985-17183114:-,1,17182985,17183114,-,AT1G45545.2,1,no,205,195,147,400,0.5125,0.717073170731707,Arabidopsis_thaliana,high_confidence_IR
AT1G47317,AT1G47317.intron1,AT1G47317|1:17347146-17347255:+,1,17347146,17347255,+,AT1G47317.1,1,no,23,90,23,113,0.20353982300885,1,Arabidopsis_thaliana,high_confidence_IR
AT1G47760,AT1G47760.intron1,AT1G47760|1:17572730-17572883:+,1,17572730,17572883,+,AT1G47760.1,1,no,99,281,99,380,0.260526315789474,1,Arabidopsis_thaliana,high_confidence_IR
AT1G48140,AT1G48140.intron3,AT1G48140|1:17783709-17783864:+,1,17783709,17783864,+,AT1G48140.2,1,yes,5434,108,4883,5542,0.980512450378925,0.898601398601399,Arabidopsis_thaliana,high_confidence_IR
AT1G48285,AT1G48285.intron1,AT1G48285|1:17844635-17844726:-,1,17844635,17844726,-,AT1G48285.1,1,no,52,106,52,158,0.329113924050633,1,Arabidopsis_thaliana,high_confidence_IR
AT1G48315,AT1G48315.intron3,AT1G48315|1:17854902-17855202:+,1,17854902,17855202,+,AT1G48315.2;AT1G48315.4;AT1G48315.5,3,yes,1657,1145,1397,2802,0.591363311920057,0.843089921544961,Arabidopsis_thaliana,high_confidence_IR
AT1G48405,AT1G48405.intron1,AT1G48405|1:17885493-17885568:-,1,17885493,17885568,-,AT1G48405.1,1,no,61,86,61,147,0.414965986394558,1,Arabidopsis_thaliana,high_confidence_IR
AT1G48660,AT1G48660.intron3,AT1G48660|1:17997299-17997526:-,1,17997299,17997526,-,AT1G48660.1,1,yes,77,14,69,91,0.846153846153846,0.896103896103896,Arabidopsis_thaliana,high_confidence_IR
AT1G48780,AT1G48780.intron1,AT1G48780|1:18041469-18041698:+,1,18041469,18041698,+,AT1G48780.2,1,yes,449,465,348,914,0.491247264770241,0.775055679287305,Arabidopsis_thaliana,high_confidence_IR
AT1G48830,AT1G48830.intron2,AT1G48830|1:18060964-18061242:-,1,18060964,18061242,-,AT1G48830.2,1,yes,32993,2170,28779,35163,0.938287404373916,0.872275937320038,Arabidopsis_thaliana,high_confidence_IR
AT1G49010,AT1G49010.intron1,AT1G49010|1:18133139-18133258:+,1,18133139,18133258,+,AT1G49010.1,1,no,6847,3605,6847,10452,0.655089934940681,1,Arabidopsis_thaliana,high_confidence_IR
AT1G49130,AT1G49130.intron1,AT1G49130|1:18175799-18175902:-,1,18175799,18175902,-,AT1G49130.1,1,yes,3349,3113,2500,6462,0.518260600433302,0.746491489997014,Arabidopsis_thaliana,high_confidence_IR
AT1G49340,AT1G49340.intron26,AT1G49340|1:18264022-18264148:+,1,18264022,18264148,+,AT1G49340.1;AT1G49340.4,2,yes,4150,1437,3242,5587,0.742795775908359,0.781204819277108,Arabidopsis_thaliana,high_confidence_IR
AT1G49390,AT1G49390.intron1,AT1G49390|1:18279834-18279906:+,1,18279834,18279906,+,AT1G49390.1,1,yes,645,947,472,1592,0.405150753768844,0.731782945736434,Arabidopsis_thaliana,high_confidence_IR
AT1G49500,AT1G49500.intron1,AT1G49500|1:18320677-18321414:-,1,18320677,18321414,-,AT1G49500.1,1,yes,391,30,391,421,0.92874109263658,1,Arabidopsis_thaliana,high_confidence_IR
AT1G49920,AT1G49920.intron2,AT1G49920|1:18481944-18482021:-,1,18481944,18482021,-,AT1G49920.1;AT1G49920.2,2,no,53,118,47,171,0.309941520467836,0.886792452830189,Arabidopsis_thaliana,high_confidence_IR
AT1G49920,AT1G49920.intron1,AT1G49920|1:18484269-18484348:-,1,18484269,18484348,-,AT1G49920.1,1,yes,91,59,81,150,0.606666666666667,0.89010989010989,Arabidopsis_thaliana,high_confidence_IR
AT1G49938,AT1G49938.intron1,AT1G49938|1:18488167-18488446:-,1,18488167,18488446,-,AT1G49938.1;AT1G49938.2,2,no,43,31,34,74,0.581081081081081,0.790697674418605,Arabidopsis_thaliana,high_confidence_IR
AT1G50280,AT1G50280.intron1,AT1G50280|1:18626145-18626229:-,1,18626145,18626229,-,AT1G50280.1,1,yes,1064,2075,1000,3139,0.33896145269194,0.93984962406015,Arabidopsis_thaliana,high_confidence_IR
AT1G50520,AT1G50520.intron1,AT1G50520|1:18720308-18720395:+,1,18720308,18720395,+,AT1G50520.1,1,no,366,1453,366,1819,0.201209455744915,1,Arabidopsis_thaliana,high_confidence_IR
AT1G50690,AT1G50690.intron2,AT1G50690|1:18780408-18780502:+,1,18780408,18780502,+,AT1G50690.2,1,yes,36,61,33,97,0.371134020618557,0.916666666666667,Arabidopsis_thaliana,high_confidence_IR
AT1G50745,AT1G50745.intron1,AT1G50745|1:18810266-18810336:-,1,18810266,18810336,-,AT1G50745.1,1,no,514,17,514,531,0.967984934086629,1,Arabidopsis_thaliana,high_confidence_IR
AT1G50990,AT1G50990.intron4,AT1G50990|1:18903919-18904250:+,1,18903919,18904250,+,AT1G50990.2,1,yes,116,21,98,137,0.846715328467153,0.844827586206897,Arabidopsis_thaliana,high_confidence_IR
AT1G51370,AT1G51370.intron1,AT1G51370|1:19045269-19045584:+,1,19045269,19045584,+,AT1G51370.1;AT1G51370.3,2,no,244,761,185,1005,0.242786069651741,0.758196721311475,Arabidopsis_thaliana,high_confidence_IR
AT1G51402,AT1G51402.intron1,AT1G51402|1:19052501-19053342:+,1,19052501,19053342,+,AT1G51402.1,1,no,912,184,912,1096,0.832116788321168,1,Arabidopsis_thaliana,high_confidence_IR
AT1G07743,AT1G07743.intron2,AT1G07743|1:19052848-19052973:-,1,19052848,19052973,-,AT1G07743.1,1,no,492,653,413,1145,0.429694323144105,0.839430894308943,Arabidopsis_thaliana,high_confidence_IR
AT1G07743,AT1G07743.intron1,AT1G07743|1:19053482-19053558:-,1,19053482,19053558,-,AT1G07743.1,1,no,955,3181,764,4136,0.230899419729207,0.8,Arabidopsis_thaliana,high_confidence_IR
AT1G51670,AT1G51670.intron1,AT1G51670|1:19156522-19157141:+,1,19156522,19157141,+,AT1G51670.1,1,yes,154,264,126,418,0.368421052631579,0.818181818181818,Arabidopsis_thaliana,high_confidence_IR
AT1G51850,AT1G51850.intron2,AT1G51850|1:19256245-19256304:-,1,19256245,19256304,-,AT1G51850.1,1,yes,4620,9,3589,4629,0.998055735580039,0.776839826839827,Arabidopsis_thaliana,high_confidence_IR
AT1G51870,AT1G51870.intron1,AT1G51870|1:19266809-19266919:-,1,19266809,19266919,-,AT1G51870.1;AT1G51870.2,2,no,23,41,17,64,0.359375,0.739130434782609,Arabidopsis_thaliana,high_confidence_IR
AT1G51915,AT1G51915.intron1,AT1G51915|1:19293690-19293764:+,1,19293690,19293764,+,AT1G51915.1,1,no,219,483,219,702,0.311965811965812,1,Arabidopsis_thaliana,high_confidence_IR
AT1G51920,AT1G51920.intron1,AT1G51920|1:19294335-19294448:+,1,19294335,19294448,+,AT1G51920.1,1,no,298,353,298,651,0.457757296466974,1,Arabidopsis_thaliana,high_confidence_IR
AT1G51965,AT1G51965.intron1,AT1G51965|1:19313281-19313386:-,1,19313281,19313386,-,AT1G51965.1,1,no,1085,782,1085,1867,0.581146223888591,1,Arabidopsis_thaliana,high_confidence_IR
AT1G51980,AT1G51980.intron12,AT1G51980|1:19323933-19324050:-,1,19323933,19324050,-,AT1G51980.2,1,yes,22902,1930,18134,24832,0.922277706185567,0.791808575670247,Arabidopsis_thaliana,high_confidence_IR
AT1G52130,AT1G52130.intron4,AT1G52130|1:19400958-19401048:-,1,19400958,19401048,-,AT1G52130.1;AT1G52130.2,2,no,16,6,15,22,0.727272727272727,0.9375,Arabidopsis_thaliana,high_confidence_IR
AT1G52220,AT1G52220.intron4,AT1G52220|1:19454095-19454377:-,1,19454095,19454377,-,AT1G52220.3,1,yes,62008,2455,48024,64463,0.961916137939593,0.774480712166172,Arabidopsis_thaliana,high_confidence_IR
AT1G52240,AT1G52240.intron5,AT1G52240|1:19456156-19456247:-,1,19456156,19456247,-,AT1G52240.1,1,no,2120,3299,1869,5419,0.391216091529803,0.881603773584906,Arabidopsis_thaliana,high_confidence_IR
AT1G52330,AT1G52330.intron1,AT1G52330|1:19489532-19489688:+,1,19489532,19489688,+,AT1G52330.1,1,yes,224,612,224,836,0.267942583732057,1,Arabidopsis_thaliana,high_confidence_IR
AT1G52415,AT1G52415.intron1,AT1G52415|1:19526515-19526684:+,1,19526515,19526684,+,AT1G52415.1,1,no,48,25,48,73,0.657534246575342,1,Arabidopsis_thaliana,high_confidence_IR
AT1G52520,AT1G52520.intron1,AT1G52520|1:19565963-19566166:+,1,19565963,19566166,+,AT1G52520.1,1,no,524,1340,524,1864,0.281115879828326,1,Arabidopsis_thaliana,high_confidence_IR
AT1G52560,AT1G52560.intron2,AT1G52560|1:19575181-19575486:-,1,19575181,19575486,-,AT1G52560.2,1,yes,2006,681,1921,2687,0.746557499069594,0.957627118644068,Arabidopsis_thaliana,high_confidence_IR
AT1G52565,AT1G52565.intron1,AT1G52565|1:19580303-19580363:-,1,19580303,19580363,-,AT1G52565.1,1,no,2401,2057,2401,4458,0.538582323912068,1,Arabidopsis_thaliana,high_confidence_IR
AT1G52630,AT1G52630.intron6,AT1G52630|1:19607203-19607301:-,1,19607203,19607301,-,AT1G52630.1;AT1G52630.2,2,no,745,2007,536,2752,0.270712209302326,0.719463087248322,Arabidopsis_thaliana,high_confidence_IR
AT1G52730,AT1G52730.intron1,AT1G52730|1:19642669-19642853:+,1,19642669,19642853,+,AT1G52730.2;AT1G52730.3,2,yes,5931,2194,4351,8125,0.729969230769231,0.733603102343618,Arabidopsis_thaliana,high_confidence_IR
AT1G52825,AT1G52825.intron1,AT1G52825|1:19670538-19670638:-,1,19670538,19670638,-,AT1G52825.1,1,yes,3372,840,3372,4212,0.800569800569801,1,Arabidopsis_thaliana,high_confidence_IR
AT1G52905,AT1G52905.intron1,AT1G52905|1:19706261-19706384:+,1,19706261,19706384,+,AT1G52905.1,1,no,2165,7900,2165,10065,0.215101838052658,1,Arabidopsis_thaliana,high_confidence_IR
AT1G53025,AT1G53025.intron6,AT1G53025|1:19756834-19757075:-,1,19756834,19757075,-,AT1G53025.2,1,yes,423,614,338,1037,0.407907425265188,0.799054373522459,Arabidopsis_thaliana,high_confidence_IR
AT1G53035,AT1G53035.intron1,AT1G53035|1:19761777-19761875:-,1,19761777,19761875,-,AT1G53035.2,1,yes,3168,67,3168,3235,0.979289026275116,1,Arabidopsis_thaliana,high_confidence_IR
AT1G53180,AT1G53180.intron1,AT1G53180|1:19832371-19832439:+,1,19832371,19832439,+,AT1G53180.1;AT1G53180.2;AT1G53180.3,3,no,2980,7120,2980,10100,0.295049504950495,1,Arabidopsis_thaliana,high_confidence_IR
AT1G53282,AT1G53282.intron1,AT1G53282|1:19868041-19868129:-,1,19868041,19868129,-,AT1G53282.1,1,no,9,14,9,23,0.391304347826087,1,Arabidopsis_thaliana,high_confidence_IR
AT1G53330,AT1G53330.intron1,AT1G53330|1:19896231-19896325:+,1,19896231,19896325,+,AT1G53330.2,1,yes,318,12,318,330,0.963636363636364,1,Arabidopsis_thaliana,high_confidence_IR
AT1G53633,AT1G53633.intron1,AT1G53633|1:20017766-20017858:-,1,20017766,20017858,-,AT1G53633.1,1,no,75,95,75,170,0.441176470588235,1,Arabidopsis_thaliana,high_confidence_IR
AT1G53670,AT1G53670.intron3,AT1G53670|1:20037528-20037662:+,1,20037528,20037662,+,AT1G53670.2,1,yes,15263,8,13189,15271,0.999476131229127,0.864115835681059,Arabidopsis_thaliana,high_confidence_IR
AT1G53680,AT1G53680.intron1,AT1G53680|1:20038682-20038766:+,1,20038682,20038766,+,AT1G53680.1,1,no,446,1515,446,1961,0.227434982151963,1,Arabidopsis_thaliana,high_confidence_IR
AT1G53760,AT1G53760.intron7,AT1G53760|1:20069442-20069594:-,1,20069442,20069594,-,AT1G53760.2,1,yes,4773,65,3581,4838,0.986564696155436,0.750261889796774,Arabidopsis_thaliana,high_confidence_IR
AT1G53970,AT1G53970.intron2,AT1G53970|1:20149112-20149200:+,1,20149112,20149200,+,AT1G53970.1,1,yes,208,51,193,259,0.803088803088803,0.927884615384615,Arabidopsis_thaliana,high_confidence_IR
AT1G54095,AT1G54095.intron1,AT1G54095|1:20193193-20193268:+,1,20193193,20193268,+,AT1G54095.1,1,no,259,312,259,571,0.453590192644483,1,Arabidopsis_thaliana,high_confidence_IR
AT1G07943,AT1G07943.intron1,AT1G07943|1:20217869-20217960:+,1,20217869,20217960,+,AT1G07943.1,1,no,286,219,286,505,0.566336633663366,1,Arabidopsis_thaliana,high_confidence_IR
AT1G54270,AT1G54270.intron3,AT1G54270|1:20260738-20260861:+,1,20260738,20260861,+,AT1G54270.2,1,yes,29031,847,22715,29878,0.971651382287971,0.782439461265544,Arabidopsis_thaliana,high_confidence_IR
AT1G54330,AT1G54330.intron1,AT1G54330|1:20280581-20280732:-,1,20280581,20280732,-,AT1G54330.1,1,no,88,271,70,359,0.245125348189415,0.795454545454545,Arabidopsis_thaliana,high_confidence_IR
AT1G54350,AT1G54350.intron5,AT1G54350|1:20288397-20288978:+,1,20288397,20288978,+,AT1G54350.1,1,no,1866,4156,1488,6022,0.30986383261375,0.797427652733119,Arabidopsis_thaliana,high_confidence_IR
AT1G54380,AT1G54380.intron1,AT1G54380|1:20299245-20300121:-,1,20299245,20300121,-,AT1G54380.1,1,no,1276,1956,1128,3232,0.39480198019802,0.884012539184953,Arabidopsis_thaliana,high_confidence_IR
AT1G54840,AT1G54840.intron3,AT1G54840|1:20453045-20453136:-,1,20453045,20453136,-,AT1G54840.2,1,yes,483,16,363,499,0.967935871743487,0.751552795031056,Arabidopsis_thaliana,high_confidence_IR
AT1G54957,AT1G54957.intron1,AT1G54957|1:20498065-20498159:+,1,20498065,20498159,+,AT1G54957.1,1,no,87,112,87,199,0.437185929648241,1,Arabidopsis_thaliana,high_confidence_IR
AT1G55030,AT1G55030.intron2,AT1G55030|1:20530699-20530781:-,1,20530699,20530781,-,AT1G55030.1;AT1G55030.2,2,no,15,7,14,22,0.681818181818182,0.933333333333333,Arabidopsis_thaliana,high_confidence_IR
AT1G55030,AT1G55030.intron1,AT1G55030|1:20531788-20531881:-,1,20531788,20531881,-,AT1G55030.2,1,no,15,20,13,35,0.428571428571429,0.866666666666667,Arabidopsis_thaliana,high_confidence_IR
AT1G55050,AT1G55050.intron3,AT1G55050|1:20543454-20543539:+,1,20543454,20543539,+,AT1G55050.1;AT1G55050.2,2,no,60,159,49,219,0.273972602739726,0.816666666666667,Arabidopsis_thaliana,high_confidence_IR
AT1G55180,AT1G55180.intron1,AT1G55180|1:20587449-20587536:-,1,20587449,20587536,-,AT1G55180.1,1,yes,813,257,668,1070,0.75981308411215,0.821648216482165,Arabidopsis_thaliana,high_confidence_IR
AT1G55260,AT1G55260.intron2,AT1G55260|1:20615915-20616054:+,1,20615915,20616054,+,AT1G55260.2,1,yes,29879,1964,26425,31843,0.938322394246773,0.884400415007196,Arabidopsis_thaliana,high_confidence_IR
AT1G08043,AT1G08043.intron1,AT1G08043|1:20617860-20618149:-,1,20617860,20618149,-,AT1G08043.2,1,yes,862,362,862,1224,0.704248366013072,1,Arabidopsis_thaliana,high_confidence_IR
AT1G55290,AT1G55290.intron1,AT1G55290|1:20626782-20626885:-,1,20626782,20626885,-,AT1G55290.1,1,no,160,322,160,482,0.33195020746888,1,Arabidopsis_thaliana,high_confidence_IR
AT1G55370,AT1G55370.intron2,AT1G55370|1:20675801-20675876:+,1,20675801,20675876,+,AT1G55370.2,1,yes,2653,5424,2190,8077,0.328463538442491,0.825480588013569,Arabidopsis_thaliana,high_confidence_IR
AT1G55525,AT1G55525.intron1,AT1G55525|1:20728536-20728631:-,1,20728536,20728631,-,AT1G55525.1,1,no,22,74,22,96,0.229166666666667,1,Arabidopsis_thaliana,high_confidence_IR
AT1G55590,AT1G55590.intron3,AT1G55590|1:20770853-20770942:-,1,20770853,20770942,-,AT1G55590.1,1,no,1532,1562,1126,3094,0.495151906916613,0.734986945169713,Arabidopsis_thaliana,high_confidence_IR
AT1G55803,AT1G55803.intron1,AT1G55803|1:20857826-20858054:-,1,20857826,20858054,-,AT1G55803.1,1,no,366,177,366,543,0.674033149171271,1,Arabidopsis_thaliana,high_confidence_IR
AT1G08087,AT1G08087.intron1,AT1G08087|1:20948736-20948824:+,1,20948736,20948824,+,AT1G08087.2,1,yes,1752,72,1752,1824,0.960526315789474,1,Arabidopsis_thaliana,high_confidence_IR
AT1G56040,AT1G56040.intron3,AT1G56040|1:20960530-20960602:-,1,20960530,20960602,-,AT1G56040.1,1,no,14,6,14,20,0.7,1,Arabidopsis_thaliana,high_confidence_IR
AT1G56190,AT1G56190.intron1,AT1G56190|1:21028333-21028427:+,1,21028333,21028427,+,AT1G56190.2,1,yes,15326,997,12042,16323,0.938920541567114,0.785723606942451,Arabidopsis_thaliana,high_confidence_IR
AT1G56200,AT1G56200.intron1,AT1G56200|1:21030901-21031091:+,1,21030901,21031091,+,AT1G56200.2,1,yes,48098,200,44282,48298,0.995859041782268,0.920661981787185,Arabidopsis_thaliana,high_confidence_IR
AT1G56220,AT1G56220.intron3,AT1G56220|1:21043890-21044356:+,1,21043890,21044356,+,AT1G56220.1;AT1G56220.5,2,yes,52152,82121,38518,134273,0.388402731748006,0.738571866850744,Arabidopsis_thaliana,high_confidence_IR
AT1G56242,AT1G56242.intron1,AT1G56242|1:21057397-21057559:+,1,21057397,21057559,+,AT1G56242.1,1,no,4149,21,4149,4170,0.994964028776978,1,Arabidopsis_thaliana,high_confidence_IR
AT1G56340,AT1G56340.intron11,AT1G56340|1:21090273-21090490:-,1,21090273,21090490,-,AT1G56340.2,1,yes,25255,12,18166,25267,0.999525072228599,0.719303108295387,Arabidopsis_thaliana,high_confidence_IR
AT1G56540,AT1G56540.intron1,AT1G56540|1:21182140-21182264:+,1,21182140,21182264,+,AT1G56540.1,1,yes,1456,369,1284,1825,0.797808219178082,0.881868131868132,Arabidopsis_thaliana,high_confidence_IR
AT1G56570,AT1G56570.intron1,AT1G56570|1:21196422-21196503:+,1,21196422,21196503,+,AT1G56570.1;AT1G56570.2,2,no,238,732,230,970,0.245360824742268,0.966386554621849,Arabidopsis_thaliana,high_confidence_IR
AT1G56570,AT1G56570.intron2,AT1G56570|1:21197901-21198466:+,1,21197901,21198466,+,AT1G56570.1,1,yes,200,516,198,716,0.279329608938547,0.99,Arabidopsis_thaliana,high_confidence_IR
AT1G57540,AT1G57540.intron1,AT1G57540|1:21311222-21311440:-,1,21311222,21311440,-,AT1G57540.3,1,yes,6318,1326,5572,7644,0.826530612244898,0.881924659702437,Arabidopsis_thaliana,high_confidence_IR
AT1G57750,AT1G57750.intron1,AT1G57750|1:21384321-21384406:-,1,21384321,21384406,-,AT1G57750.2,1,yes,10506,46,10506,10552,0.995640636846095,1,Arabidopsis_thaliana,high_confidence_IR
AT1G57980,AT1G57980.intron1,AT1G57980|1:21440589-21440692:-,1,21440589,21440692,-,AT1G57980.1,1,no,509,2010,509,2519,0.202064311234617,1,Arabidopsis_thaliana,high_confidence_IR
AT1G58055,AT1G58055.intron1,AT1G58055|1:21488829-21488912:+,1,21488829,21488912,+,AT1G58055.1,1,no,118,111,118,229,0.51528384279476,1,Arabidopsis_thaliana,high_confidence_IR
AT1G58100,AT1G58100.intron1,AT1G58100|1:21513540-21513611:-,1,21513540,21513611,-,AT1G58100.2,1,yes,8683,125,8683,8808,0.985808356039964,1,Arabidopsis_thaliana,high_confidence_IR
AT1G58215,AT1G58215.intron1,AT1G58215|1:21555179-21555306:+,1,21555179,21555306,+,AT1G58215.1,1,no,44,153,44,197,0.223350253807107,1,Arabidopsis_thaliana,high_confidence_IR
AT1G58235,AT1G58235.intron1,AT1G58235|1:21580671-21580984:-,1,21580671,21580984,-,AT1G58235.2,1,yes,32,30,32,62,0.516129032258065,1,Arabidopsis_thaliana,high_confidence_IR
AT1G58250,AT1G58250.intron9,AT1G58250|1:21595011-21595150:-,1,21595011,21595150,-,AT1G58250.1;AT1G58250.2,2,no,389,981,333,1370,0.283941605839416,0.856041131105398,Arabidopsis_thaliana,high_confidence_IR
AT1G58390,AT1G58390.intron4,AT1G58390|1:21690825-21690938:-,1,21690825,21690938,-,AT1G58390.1,1,yes,216,53,212,269,0.802973977695167,0.981481481481482,Arabidopsis_thaliana,high_confidence_IR
AT1G58390,AT1G58390.intron1,AT1G58390|1:21693900-21694381:-,1,21693900,21694381,-,AT1G58390.1;AT1G58390.2,2,no,142,72,113,214,0.663551401869159,0.795774647887324,Arabidopsis_thaliana,high_confidence_IR
AT1G58848,AT1G58848.intron1,AT1G58848|1:21791882-21792131:+,1,21791882,21792131,+,AT1G58848.1;AT1G58848.2,2,no,238,870,173,1108,0.214801444043321,0.726890756302521,Arabidopsis_thaliana,high_confidence_IR
AT1G59218,AT1G59218.intron1,AT1G59218|1:21828140-21828389:+,1,21828140,21828389,+,AT1G59218.1;AT1G59218.2;AT1G59218.3,3,no,185,143,131,328,0.564024390243902,0.708108108108108,Arabidopsis_thaliana,high_confidence_IR
AT1G59620,AT1G59620.intron1,AT1G59620|1:21902398-21902619:+,1,21902398,21902619,+,AT1G59620.1;AT1G59620.2,2,no,1386,1739,1031,3125,0.44352,0.743867243867244,Arabidopsis_thaliana,high_confidence_IR
AT1G59670,AT1G59670.intron1,AT1G59670|1:21930362-21930853:+,1,21930362,21930853,+,AT1G59670.1,1,no,25,23,25,48,0.520833333333333,1,Arabidopsis_thaliana,high_confidence_IR
AT1G59780,AT1G59780.intron4,AT1G59780|1:21993467-21993613:-,1,21993467,21993613,-,AT1G59780.2,1,yes,77,304,76,381,0.202099737532808,0.987012987012987,Arabidopsis_thaliana,high_confidence_IR
AT1G59910,AT1G59910.intron1,AT1G59910|1:22055488-22055583:-,1,22055488,22055583,-,AT1G59910.1,1,no,588,2249,588,2837,0.207261191399366,1,Arabidopsis_thaliana,high_confidence_IR
AT1G60110,AT1G60110.intron1,AT1G60110|1:22168695-22168790:+,1,22168695,22168790,+,AT1G60110.3,1,yes,372,67,311,439,0.847380410022779,0.836021505376344,Arabidopsis_thaliana,high_confidence_IR
AT1G61097,AT1G61097.intron1,AT1G61097|1:22507480-22507822:-,1,22507480,22507822,-,AT1G61097.1,1,no,31,5,31,36,0.861111111111111,1,Arabidopsis_thaliana,high_confidence_IR
AT1G61180,AT1G61180.intron1,AT1G61180|1:22554111-22554285:+,1,22554111,22554285,+,AT1G61180.1,1,yes,1940,2972,1940,4912,0.394951140065147,1,Arabidopsis_thaliana,high_confidence_IR
AT1G61190,AT1G61190.intron1,AT1G61190|1:22555987-22556177:+,1,22555987,22556177,+,AT1G61190.3,1,yes,256,27,234,283,0.904593639575972,0.9140625,Arabidopsis_thaliana,high_confidence_IR
AT1G61200,AT1G61200.intron1,AT1G61200|1:22563161-22563332:-,1,22563161,22563332,-,AT1G61200.1,1,no,32,19,32,51,0.627450980392157,1,Arabidopsis_thaliana,high_confidence_IR
AT1G61300,AT1G61300.intron1,AT1G61300|1:22608786-22608860:-,1,22608786,22608860,-,AT1G61300.2,1,yes,3429,23,2577,3452,0.993337195828505,0.751531058617673,Arabidopsis_thaliana,high_confidence_IR
AT1G61380,AT1G61380.intron1,AT1G61380|1:22649338-22649624:-,1,22649338,22649624,-,AT1G61380.2,1,yes,77,66,59,143,0.538461538461538,0.766233766233766,Arabidopsis_thaliana,high_confidence_IR
AT1G61600,AT1G61600.intron1,AT1G61600|1:22730139-22730239:+,1,22730139,22730239,+,AT1G61600.1,1,no,561,363,561,924,0.607142857142857,1,Arabidopsis_thaliana,high_confidence_IR
AT1G61667,AT1G61667.intron1,AT1G61667|1:22768089-22768213:+,1,22768089,22768213,+,AT1G61667.1;AT1G61667.2,2,no,2583,4450,2583,7033,0.36726859092848,1,Arabidopsis_thaliana,high_confidence_IR
AT1G61990,AT1G61990.intron1,AT1G61990|1:22911305-22911393:+,1,22911305,22911393,+,AT1G61990.2,1,yes,3295,206,3295,3501,0.941159668666095,1,Arabidopsis_thaliana,high_confidence_IR
AT1G62085,AT1G62085.intron1,AT1G62085|1:22948040-22948317:-,1,22948040,22948317,-,AT1G62085.1,1,no,78,145,78,223,0.349775784753363,1,Arabidopsis_thaliana,high_confidence_IR
AT1G62180,AT1G62180.intron3,AT1G62180|1:22977009-22977113:-,1,22977009,22977113,-,AT1G62180.2,1,yes,27246,42,20805,27288,0.998460861917326,0.763598326359833,Arabidopsis_thaliana,high_confidence_IR
AT1G62200,AT1G62200.intron4,AT1G62200|1:22982946-22983032:-,1,22982946,22983032,-,AT1G62200.1,1,yes,2295,6249,1743,8544,0.268609550561798,0.759477124183007,Arabidopsis_thaliana,high_confidence_IR
AT1G62590,AT1G62590.intron1,AT1G62590|1:23177156-23177262:-,1,23177156,23177262,-,AT1G62590.1,1,no,254,987,254,1241,0.204673650282031,1,Arabidopsis_thaliana,high_confidence_IR
AT1G08547,AT1G08547.intron1,AT1G08547|1:23181680-23181757:+,1,23181680,23181757,+,AT1G08547.1,1,no,6716,35,6716,6751,0.994815582876611,1,Arabidopsis_thaliana,high_confidence_IR
AT1G62670,AT1G62670.intron1,AT1G62670|1:23204551-23204700:-,1,23204551,23204700,-,AT1G62670.1,1,no,255,892,255,1147,0.222319093286835,1,Arabidopsis_thaliana,high_confidence_IR
AT1G62730,AT1G62730.intron2,AT1G62730|1:23229539-23229622:-,1,23229539,23229622,-,AT1G62730.2,1,yes,2225,62,1852,2287,0.972890249234805,0.832359550561798,Arabidopsis_thaliana,high_confidence_IR
AT1G62886,AT1G62886.intron1,AT1G62886|1:23294448-23294526:+,1,23294448,23294526,+,AT1G62886.1,1,no,231,581,231,812,0.28448275862069,1,Arabidopsis_thaliana,high_confidence_IR
AT1G62970,AT1G62970.intron1,AT1G62970|1:23323747-23323829:+,1,23323747,23323829,+,AT1G62970.2,1,yes,1745,43,1745,1788,0.975950782997763,1,Arabidopsis_thaliana,high_confidence_IR
AT1G63030,AT1G63030.intron1,AT1G63030|1:23368162-23368342:-,1,23368162,23368342,-,AT1G63030.1,1,yes,314,173,314,487,0.64476386036961,1,Arabidopsis_thaliana,high_confidence_IR
AT1G63100,AT1G63100.intron1,AT1G63100|1:23400869-23400943:-,1,23400869,23400943,-,AT1G63100.1,1,yes,575,288,575,863,0.666280417149479,1,Arabidopsis_thaliana,high_confidence_IR
AT1G63130,AT1G63130.intron1,AT1G63130|1:23414780-23414906:+,1,23414780,23414906,+,AT1G63130.2,1,yes,2155,590,2155,2745,0.785063752276867,1,Arabidopsis_thaliana,high_confidence_IR
AT1G63220,AT1G63220.intron1,AT1G63220|1:23449084-23449619:+,1,23449084,23449619,+,AT1G63220.2,1,yes,16061,15,14459,16076,0.999066932072655,0.900255276757363,Arabidopsis_thaliana,high_confidence_IR
AT1G63230,AT1G63230.intron1,AT1G63230|1:23452092-23452177:+,1,23452092,23452177,+,AT1G63230.1,1,no,342,1025,342,1367,0.250182882223848,1,Arabidopsis_thaliana,high_confidence_IR
AT1G63350,AT1G63350.intron1,AT1G63350|1:23497651-23497724:-,1,23497651,23497724,-,AT1G63350.3,1,yes,1123,343,951,1466,0.766030013642565,0.846838824577026,Arabidopsis_thaliana,high_confidence_IR
AT1G63360,AT1G63360.intron1,AT1G63360|1:23501855-23501959:-,1,23501855,23501959,-,AT1G63360.2,1,yes,7173,98,7173,7271,0.986521798927245,1,Arabidopsis_thaliana,high_confidence_IR
AT1G63370,AT1G63370.intron1,AT1G63370|1:23505381-23505462:-,1,23505381,23505462,-,AT1G63370.2,1,no,229,198,162,427,0.536299765807963,0.707423580786026,Arabidopsis_thaliana,high_confidence_IR
AT1G63490,AT1G63490.intron1,AT1G63490|1:23553012-23553122:-,1,23553012,23553122,-,AT1G63490.2;AT1G63490.3;AT1G63490.4,3,no,579,2076,501,2655,0.218079096045198,0.865284974093264,Arabidopsis_thaliana,high_confidence_IR
AT1G63520,AT1G63520.intron2,AT1G63520|1:23561516-23561597:+,1,23561516,23561597,+,AT1G63520.1,1,no,327,363,320,690,0.473913043478261,0.978593272171254,Arabidopsis_thaliana,high_confidence_IR
AT1G63580,AT1G63580.intron1,AT1G63580|1:23578093-23578192:+,1,23578093,23578192,+,AT1G63580.1,1,no,129,243,129,372,0.346774193548387,1,Arabidopsis_thaliana,high_confidence_IR
AT1G63630,AT1G63630.intron1,AT1G63630|1:23587416-23587548:+,1,23587416,23587548,+,AT1G63630.2,1,yes,97,130,82,227,0.427312775330396,0.845360824742268,Arabidopsis_thaliana,high_confidence_IR
AT1G63720,AT1G63720.intron1,AT1G63720|1:23637094-23637243:-,1,23637094,23637243,-,AT1G63720.1,1,no,1329,5177,1329,6506,0.20427297878881,1,Arabidopsis_thaliana,high_confidence_IR
AT1G63730,AT1G63730.intron1,AT1G63730|1:23642240-23642493:+,1,23642240,23642493,+,AT1G63730.1,1,no,459,1213,375,1672,0.274521531100478,0.816993464052288,Arabidopsis_thaliana,high_confidence_IR
AT1G63740,AT1G63740.intron1,AT1G63740|1:23645869-23645961:+,1,23645869,23645961,+,AT1G63740.1;AT1G63740.2,2,no,1053,1858,997,2911,0.361731363792511,0.94681861348528,Arabidopsis_thaliana,high_confidence_IR
AT1G63850,AT1G63850.intron1,AT1G63850|1:23697661-23697760:+,1,23697661,23697760,+,AT1G63850.1,1,no,1378,3779,1378,5157,0.267209617994958,1,Arabidopsis_thaliana,high_confidence_IR
AT1G63880,AT1G63880.intron1,AT1G63880|1:23715316-23715574:-,1,23715316,23715574,-,AT1G63880.1;AT1G63880.2,2,no,2779,6673,2134,9452,0.294011849344054,0.767902123065851,Arabidopsis_thaliana,high_confidence_IR
AT1G64000,AT1G64000.intron1,AT1G64000|1:23747835-23748696:+,1,23747835,23748696,+,AT1G64000.1,1,no,178,415,178,593,0.300168634064081,1,Arabidopsis_thaliana,high_confidence_IR
AT1G64030,AT1G64030.intron1,AT1G64030|1:23753638-23753955:-,1,23753638,23753955,-,AT1G64030.1,1,no,31,103,31,134,0.23134328358209,1,Arabidopsis_thaliana,high_confidence_IR
AT1G64070,AT1G64070.intron1,AT1G64070|1:23780422-23780673:+,1,23780422,23780673,+,AT1G64070.1,1,no,13,39,13,52,0.25,1,Arabidopsis_thaliana,high_confidence_IR
AT1G64107,AT1G64107.intron1,AT1G64107|1:23796424-23796500:-,1,23796424,23796500,-,AT1G64107.1,1,no,230,53,230,283,0.812720848056537,1,Arabidopsis_thaliana,high_confidence_IR
AT1G64210,AT1G64210.intron1,AT1G64210|1:23832210-23832276:+,1,23832210,23832276,+,AT1G64210.1,1,no,390,199,390,589,0.66213921901528,1,Arabidopsis_thaliana,high_confidence_IR
AT1G64260,AT1G64260.intron1,AT1G64260|1:23847461-23847742:+,1,23847461,23847742,+,AT1G64260.1,1,no,66,243,66,309,0.213592233009709,1,Arabidopsis_thaliana,high_confidence_IR
AT1G64460,AT1G64460.intron1,AT1G64460|1:23944066-23944152:-,1,23944066,23944152,-,AT1G64460.1,1,no,1206,3756,1206,4962,0.243047158403869,1,Arabidopsis_thaliana,high_confidence_IR
AT1G64561,AT1G64561.intron1,AT1G64561|1:23974480-23974665:-,1,23974480,23974665,-,AT1G64561.1,1,no,316,80,316,396,0.797979797979798,1,Arabidopsis_thaliana,high_confidence_IR
AT1G64572,AT1G64572.intron1,AT1G64572|1:23984179-23984473:+,1,23984179,23984473,+,AT1G64572.1,1,no,531,1995,531,2526,0.21021377672209,1,Arabidopsis_thaliana,high_confidence_IR
AT1G64583,AT1G64583.intron1,AT1G64583|1:23988514-23988588:-,1,23988514,23988588,-,AT1G64583.2,1,yes,525,204,525,729,0.720164609053498,1,Arabidopsis_thaliana,high_confidence_IR
AT1G64620,AT1G64620.intron1,AT1G64620|1:24007312-24007425:+,1,24007312,24007425,+,AT1G64620.1,1,no,600,1842,600,2442,0.245700245700246,1,Arabidopsis_thaliana,high_confidence_IR
AT1G65150,AT1G65150.intron2,AT1G65150|1:24205564-24205693:-,1,24205564,24205693,-,AT1G65150.2,1,yes,425,1410,332,1835,0.231607629427793,0.781176470588235,Arabidopsis_thaliana,high_confidence_IR
AT1G65360,AT1G65360.intron1,AT1G65360|1:24281649-24281782:+,1,24281649,24281782,+,AT1G65360.1,1,no,24,15,24,39,0.615384615384615,1,Arabidopsis_thaliana,high_confidence_IR
AT1G65481,AT1G65481.intron1,AT1G65481|1:24341425-24341621:-,1,24341425,24341621,-,AT1G65481.1,1,no,329,1038,329,1367,0.24067300658376,1,Arabidopsis_thaliana,high_confidence_IR
AT1G65510,AT1G65510.intron1,AT1G65510|1:24359568-24359716:+,1,24359568,24359716,+,AT1G65510.1;AT1G65510.2,2,no,1793,3143,1793,4936,0.363249594813614,1,Arabidopsis_thaliana,high_confidence_IR
AT1G66070,AT1G66070.intron2,AT1G66070|1:24597570-24598366:-,1,24597570,24598366,-,AT1G66070.2,1,yes,10126,1093,8212,11219,0.902575987164631,0.810981631443808,Arabidopsis_thaliana,high_confidence_IR
AT1G66170,AT1G66170.intron2,AT1G66170|1:24640369-24640449:-,1,24640369,24640449,-,AT1G66170.1,1,no,14,35,10,49,0.285714285714286,0.714285714285714,Arabidopsis_thaliana,high_confidence_IR
AT1G66220,AT1G66220.intron7,AT1G66220|1:24672775-24673098:+,1,24672775,24673098,+,AT1G66220.1,1,no,40,9,35,49,0.816326530612245,0.875,Arabidopsis_thaliana,high_confidence_IR
AT1G66230,AT1G66230.intron1,AT1G66230|1:24677585-24677660:+,1,24677585,24677660,+,AT1G66230.1,1,no,735,2489,735,3224,0.227977667493797,1,Arabidopsis_thaliana,high_confidence_IR
AT1G66300,AT1G66300.intron1,AT1G66300|1:24717456-24717593:-,1,24717456,24717593,-,AT1G66300.2,1,yes,68,20,63,88,0.772727272727273,0.926470588235294,Arabidopsis_thaliana,high_confidence_IR
AT1G66520,AT1G66520.intron10,AT1G66520|1:24816420-24816571:-,1,24816420,24816571,-,AT1G66520.1,1,yes,1580,2502,1344,4082,0.387065164135228,0.850632911392405,Arabidopsis_thaliana,high_confidence_IR
AT1G66540,AT1G66540.intron2,AT1G66540|1:24825815-24825887:+,1,24825815,24825887,+,AT1G66540.1;AT1G66540.2,2,no,372,553,266,925,0.402162162162162,0.71505376344086,Arabidopsis_thaliana,high_confidence_IR
AT1G66610,AT1G66610.intron1,AT1G66610|1:24851033-24851243:-,1,24851033,24851243,-,AT1G66610.1;AT1G66610.2,2,no,53,11,42,64,0.828125,0.792452830188679,Arabidopsis_thaliana,high_confidence_IR
AT1G66630,AT1G66630.intron1,AT1G66630|1:24856205-24856528:-,1,24856205,24856528,-,AT1G66630.1,1,no,42,40,42,82,0.51219512195122,1,Arabidopsis_thaliana,high_confidence_IR
AT1G66650,AT1G66650.intron1,AT1G66650|1:24860806-24861524:-,1,24860806,24861524,-,AT1G66650.1,1,no,85,249,85,334,0.254491017964072,1,Arabidopsis_thaliana,high_confidence_IR
AT1G66660,AT1G66660.intron2,AT1G66660|1:24862678-24862975:-,1,24862678,24862975,-,AT1G66660.1,1,yes,2198,30,1744,2228,0.986535008976661,0.793448589626934,Arabidopsis_thaliana,high_confidence_IR
AT1G66690,AT1G66690.intron1,AT1G66690|1:24870626-24870723:-,1,24870626,24870723,-,AT1G66690.1,1,no,184,131,156,315,0.584126984126984,0.847826086956522,Arabidopsis_thaliana,high_confidence_IR
AT1G08857,AT1G08857.intron1,AT1G08857|1:24948966-24949065:-,1,24948966,24949065,-,AT1G08857.1,1,no,536,15,536,551,0.972776769509982,1,Arabidopsis_thaliana,high_confidence_IR
AT1G67280,AT1G67280.intron2,AT1G67280|1:25190284-25190544:-,1,25190284,25190544,-,AT1G67280.2,1,yes,32930,16,24033,32946,0.999514356826322,0.729820832068023,Arabidopsis_thaliana,high_confidence_IR
AT1G67530,AT1G67530.intron6,AT1G67530|1:25310168-25310240:+,1,25310168,25310240,+,AT1G67530.1;AT1G67530.2;AT1G67530.4,3,yes,743,2803,521,3546,0.209531866892273,0.70121130551817,Arabidopsis_thaliana,high_confidence_IR
AT1G67540,AT1G67540.intron1,AT1G67540|1:25312261-25312348:-,1,25312261,25312348,-,AT1G67540.2,1,yes,85,101,85,186,0.456989247311828,1,Arabidopsis_thaliana,high_confidence_IR
AT1G67570,AT1G67570.intron4,AT1G67570|1:25326712-25326809:+,1,25326712,25326809,+,AT1G67570.2,1,yes,1394,64,1109,1458,0.956104252400549,0.795552367288379,Arabidopsis_thaliana,high_confidence_IR
AT1G67640,AT1G67640.intron1,AT1G67640|1:25353633-25353726:-,1,25353633,25353726,-,AT1G67640.1,1,no,117,119,99,236,0.495762711864407,0.846153846153846,Arabidopsis_thaliana,high_confidence_IR
AT1G67700,AT1G67700.intron7,AT1G67700|1:25375713-25375803:+,1,25375713,25375803,+,AT1G67700.2;AT1G67700.5,2,yes,22680,36100,17539,58780,0.38584552568901,0.773324514991182,Arabidopsis_thaliana,high_confidence_IR
AT1G67770,AT1G67770.intron4,AT1G67770|1:25409805-25409883:+,1,25409805,25409883,+,AT1G67770.1,1,no,53,37,41,90,0.588888888888889,0.773584905660377,Arabidopsis_thaliana,high_confidence_IR
AT1G67855,AT1G67855.intron1,AT1G67855|1:25442350-25442503:-,1,25442350,25442503,-,AT1G67855.1,1,no,205,64,205,269,0.762081784386617,1,Arabidopsis_thaliana,high_confidence_IR
AT1G67880,AT1G67880.intron1,AT1G67880|1:25455182-25455381:-,1,25455182,25455381,-,AT1G67880.1,1,no,3998,5785,3998,9783,0.408668097720536,1,Arabidopsis_thaliana,high_confidence_IR
AT1G68020,AT1G68020.intron1,AT1G68020|1:25497354-25497478:+,1,25497354,25497478,+,AT1G68020.3,1,yes,3692,21,3130,3713,0.99434419606787,0.847778981581798,Arabidopsis_thaliana,high_confidence_IR
AT1G68040,AT1G68040.intron2,AT1G68040|1:25504761-25504876:+,1,25504761,25504876,+,AT1G68040.1,1,no,296,217,270,513,0.576998050682261,0.912162162162162,Arabidopsis_thaliana,high_confidence_IR
AT1G68050,AT1G68050.intron1,AT1G68050|1:25509009-25509109:+,1,25509009,25509109,+,AT1G68050.1,1,no,5770,8420,5770,14190,0.406624383368569,1,Arabidopsis_thaliana,high_confidence_IR
AT1G68180,AT1G68180.intron1,AT1G68180|1:25555501-25555602:+,1,25555501,25555602,+,AT1G68180.1,1,no,41,139,41,180,0.227777777777778,1,Arabidopsis_thaliana,high_confidence_IR
AT1G68250,AT1G68250.intron1,AT1G68250|1:25579595-25579660:-,1,25579595,25579660,-,AT1G68250.2,1,yes,407207,146,407207,407353,0.99964158849941,1,Arabidopsis_thaliana,high_confidence_IR
AT1G68480,AT1G68480.intron4,AT1G68480|1:25684994-25685127:-,1,25684994,25685127,-,AT1G68480.1;AT1G68480.2;AT1G68480.3,3,no,124,304,94,428,0.289719626168224,0.758064516129032,Arabidopsis_thaliana,high_confidence_IR
AT1G68568,AT1G68568.intron1,AT1G68568|1:25747215-25747382:-,1,25747215,25747382,-,AT1G68568.1,1,yes,3646,160,3646,3806,0.957961114030478,1,Arabidopsis_thaliana,high_confidence_IR
AT1G68590,AT1G68590.intron2,AT1G68590|1:25757860-25757944:-,1,25757860,25757944,-,AT1G68590.2,1,yes,47978,886,42136,48864,0.981868041912246,0.87823585810163,Arabidopsis_thaliana,high_confidence_IR
AT1G68660,AT1G68660.intron3,AT1G68660|1:25778139-25778228:-,1,25778139,25778228,-,AT1G68660.2,1,yes,41109,2106,32801,43215,0.951266921207914,0.797903135566421,Arabidopsis_thaliana,high_confidence_IR
AT1G68690,AT1G68690.intron1,AT1G68690|1:25788864-25789052:+,1,25788864,25789052,+,AT1G68690.3,1,yes,1549,57,1220,1606,0.964508094645081,0.78760490639122,Arabidopsis_thaliana,high_confidence_IR
AT1G68725,AT1G68725.intron1,AT1G68725|1:25809949-25810034:+,1,25809949,25810034,+,AT1G68725.1,1,no,415,1393,415,1808,0.229535398230089,1,Arabidopsis_thaliana,high_confidence_IR
AT1G68760,AT1G68760.intron1,AT1G68760|1:25829226-25829299:+,1,25829226,25829299,+,AT1G68760.1,1,no,3232,9765,3232,12997,0.248672770639378,1,Arabidopsis_thaliana,high_confidence_IR
AT1G68905,AT1G68905.intron1,AT1G68905|1:25906946-25907034:-,1,25906946,25907034,-,AT1G68905.1,1,no,181,13,181,194,0.93298969072165,1,Arabidopsis_thaliana,high_confidence_IR
AT1G68907,AT1G68907.intron1,AT1G68907|1:25907741-25907833:-,1,25907741,25907833,-,AT1G68907.1,1,no,55,6,55,61,0.901639344262295,1,Arabidopsis_thaliana,high_confidence_IR
AT1G68930,AT1G68930.intron1,AT1G68930|1:25918245-25918340:+,1,25918245,25918340,+,AT1G68930.2,1,yes,424,44,400,468,0.905982905982906,0.943396226415094,Arabidopsis_thaliana,high_confidence_IR
AT1G68930,AT1G68930.intron2,AT1G68930|1:25920637-25920719:+,1,25920637,25920719,+,AT1G68930.1;AT1G68930.2,2,no,159,431,125,590,0.269491525423729,0.786163522012579,Arabidopsis_thaliana,high_confidence_IR
AT1G69252,AT1G69252.intron1,AT1G69252|1:26036624-26037399:+,1,26036624,26037399,+,AT1G69252.2,1,yes,259,176,259,435,0.595402298850575,1,Arabidopsis_thaliana,high_confidence_IR
AT1G69380,AT1G69380.intron4,AT1G69380|1:26082321-26082393:-,1,26082321,26082393,-,AT1G69380.1,1,no,869,1114,619,1983,0.438224911749874,0.712313003452244,Arabidopsis_thaliana,high_confidence_IR
AT1G69440,AT1G69440.intron2,AT1G69440|1:26102958-26103039:-,1,26102958,26103039,-,AT1G69440.1,1,no,258,967,239,1225,0.210612244897959,0.926356589147287,Arabidopsis_thaliana,high_confidence_IR
AT1G69800,AT1G69800.intron1,AT1G69800|1:26276145-26276277:-,1,26276145,26276277,-,AT1G69800.2,1,yes,1551,78,1131,1629,0.952117863720074,0.729206963249516,Arabidopsis_thaliana,high_confidence_IR
AT1G69818,AT1G69818.intron1,AT1G69818|1:26282486-26282746:+,1,26282486,26282746,+,AT1G69818.1,1,no,9,16,9,25,0.36,1,Arabidopsis_thaliana,high_confidence_IR
AT1G69828,AT1G69828.intron1,AT1G69828|1:26287583-26287784:+,1,26287583,26287784,+,AT1G69828.1,1,no,8,28,8,36,0.222222222222222,1,Arabidopsis_thaliana,high_confidence_IR
AT1G69900,AT1G69900.intron1,AT1G69900|1:26327036-26327138:-,1,26327036,26327138,-,AT1G69900.1,1,no,1601,4829,1601,6430,0.248989113530327,1,Arabidopsis_thaliana,high_confidence_IR
AT1G70020,AT1G70020.intron1,AT1G70020|1:26377768-26377873:+,1,26377768,26377873,+,AT1G70020.1,1,no,254,733,254,987,0.257345491388045,1,Arabidopsis_thaliana,high_confidence_IR
AT1G70090,AT1G70090.intron1,AT1G70090|1:26402109-26402506:+,1,26402109,26402506,+,AT1G70090.2,1,yes,1515,106,1515,1621,0.934608266502159,1,Arabidopsis_thaliana,high_confidence_IR
AT1G70110,AT1G70110.intron1,AT1G70110|1:26406720-26406804:-,1,26406720,26406804,-,AT1G70110.1,1,no,75,71,75,146,0.513698630136986,1,Arabidopsis_thaliana,high_confidence_IR
AT1G70120,AT1G70120.intron1,AT1G70120|1:26409235-26409329:+,1,26409235,26409329,+,AT1G70120.1,1,no,11,5,11,16,0.6875,1,Arabidopsis_thaliana,high_confidence_IR
AT1G70130,AT1G70130.intron1,AT1G70130|1:26410225-26410312:-,1,26410225,26410312,-,AT1G70130.1,1,no,55,50,55,105,0.523809523809524,1,Arabidopsis_thaliana,high_confidence_IR
AT1G70190,AT1G70190.intron1,AT1G70190|1:26431253-26431951:+,1,26431253,26431951,+,AT1G70190.2,1,yes,493,384,493,877,0.562143671607754,1,Arabidopsis_thaliana,high_confidence_IR
AT1G70230,AT1G70230.intron1,AT1G70230|1:26450576-26450660:+,1,26450576,26450660,+,AT1G70230.1,1,no,2004,6279,2004,8283,0.241941325606664,1,Arabidopsis_thaliana,high_confidence_IR
AT1G70370,AT1G70370.intron1,AT1G70370|1:26514833-26514947:-,1,26514833,26514947,-,AT1G70370.1;AT1G70370.2,2,no,7256,23116,7100,30372,0.238904253918082,0.978500551267916,Arabidopsis_thaliana,high_confidence_IR
AT1G70518,AT1G70518.intron1,AT1G70518|1:26583782-26584247:+,1,26583782,26584247,+,AT1G70518.1,1,no,675,2198,675,2873,0.234946049425687,1,Arabidopsis_thaliana,high_confidence_IR
AT1G70770,AT1G70770.intron9,AT1G70770|1:26688252-26688580:-,1,26688252,26688580,-,AT1G70770.2,1,yes,1114,382,822,1496,0.744652406417112,0.737881508078995,Arabidopsis_thaliana,high_confidence_IR
AT1G70895,AT1G70895.intron1,AT1G70895|1:26728573-26728945:+,1,26728573,26728945,+,AT1G70895.2,1,yes,1105,654,1105,1759,0.628197839681637,1,Arabidopsis_thaliana,high_confidence_IR
AT1G71010,AT1G71010.intron1,AT1G71010|1:26783258-26783365:+,1,26783258,26783365,+,AT1G71010.1,1,no,908,3374,644,4282,0.212050443717889,0.709251101321586,Arabidopsis_thaliana,high_confidence_IR
AT1G71120,AT1G71120.intron3,AT1G71120|1:26821308-26821394:-,1,26821308,26821394,-,AT1G71120.1,1,no,66,78,52,144,0.458333333333333,0.787878787878788,Arabidopsis_thaliana,high_confidence_IR
AT1G71410,AT1G71410.intron14,AT1G71410|1:26912749-26912877:-,1,26912749,26912877,-,AT1G71410.2,1,yes,1113,303,1005,1416,0.786016949152542,0.902964959568733,Arabidopsis_thaliana,high_confidence_IR
AT1G09257,AT1G09257.intron1,AT1G09257|1:26934019-26934183:+,1,26934019,26934183,+,AT1G09257.1,1,no,529,242,529,771,0.686121919584955,1,Arabidopsis_thaliana,high_confidence_IR
AT1G71690,AT1G71690.intron1,AT1G71690|1:26948100-26948470:+,1,26948100,26948470,+,AT1G71690.1,1,no,26,102,26,128,0.203125,1,Arabidopsis_thaliana,high_confidence_IR
AT1G71866,AT1G71866.intron1,AT1G71866|1:27030849-27030956:-,1,27030849,27030956,-,AT1G71866.2,1,yes,233,50,233,283,0.823321554770318,1,Arabidopsis_thaliana,high_confidence_IR
AT1G71910,AT1G71910.intron1,AT1G71910|1:27065130-27065217:+,1,27065130,27065217,+,AT1G71910.2,1,yes,1038,73,1038,1111,0.934293429342934,1,Arabidopsis_thaliana,high_confidence_IR
AT1G72060,AT1G72060.intron1,AT1G72060|1:27118537-27118640:+,1,27118537,27118640,+,AT1G72060.1,1,no,4647,17367,4647,22014,0.211092940855819,1,Arabidopsis_thaliana,high_confidence_IR
AT1G72370,AT1G72370.intron5,AT1G72370|1:27243207-27243294:-,1,27243207,27243294,-,AT1G72370.2,1,yes,121099,1044,103479,122143,0.991452641575858,0.854499211389029,Arabidopsis_thaliana,high_confidence_IR
AT1G72510,AT1G72510.intron1,AT1G72510|1:27303521-27303738:+,1,27303521,27303738,+,AT1G72510.2,1,yes,42984,5704,30942,48688,0.88284587578048,0.719849246231156,Arabidopsis_thaliana,high_confidence_IR
AT1G72570,AT1G72570.intron1,AT1G72570|1:27331469-27331563:+,1,27331469,27331563,+,AT1G72570.1,1,no,19,36,17,55,0.345454545454545,0.894736842105263,Arabidopsis_thaliana,high_confidence_IR
AT1G72600,AT1G72600.intron1,AT1G72600|1:27338738-27339186:+,1,27338738,27339186,+,AT1G72600.2,1,yes,640,744,640,1384,0.46242774566474,1,Arabidopsis_thaliana,high_confidence_IR
AT1G72820,AT1G72820.intron1,AT1G72820|1:27403331-27403444:+,1,27403331,27403444,+,AT1G72820.2,1,yes,8321,8,8321,8329,0.999039500540281,1,Arabidopsis_thaliana,high_confidence_IR
AT1G72840,AT1G72840.intron6,AT1G72840|1:27409948-27410040:-,1,27409948,27410040,-,AT1G72840.2;AT1G72840.3;AT1G72840.4,3,yes,230,667,186,897,0.256410256410256,0.808695652173913,Arabidopsis_thaliana,high_confidence_IR
AT1G72850,AT1G72850.intron1,AT1G72850|1:27414390-27414485:+,1,27414390,27414485,+,AT1G72850.1,1,no,955,551,955,1506,0.634130146082337,1,Arabidopsis_thaliana,high_confidence_IR
AT1G72860,AT1G72860.intron4,AT1G72860|1:27417096-27417191:-,1,27417096,27417191,-,AT1G72860.2,1,yes,1872,56,1675,1928,0.970954356846473,0.894764957264957,Arabidopsis_thaliana,high_confidence_IR
AT1G72860,AT1G72860.intron1,AT1G72860|1:27420228-27420314:-,1,27420228,27420314,-,AT1G72860.1;AT1G72860.2;AT1G72860.3,3,no,142,132,126,274,0.518248175182482,0.887323943661972,Arabidopsis_thaliana,high_confidence_IR
AT1G72870,AT1G72870.intron1,AT1G72870|1:27421553-27421927:+,1,27421553,27421927,+,AT1G72870.1,1,no,234,292,234,526,0.444866920152091,1,Arabidopsis_thaliana,high_confidence_IR
AT1G72900,AT1G72900.intron1,AT1G72900|1:27432680-27432904:+,1,27432680,27432904,+,AT1G72900.1,1,no,5200,8514,5200,13714,0.379174566136795,1,Arabidopsis_thaliana,high_confidence_IR
AT1G72910,AT1G72910.intron1,AT1G72910|1:27436089-27436199:+,1,27436089,27436199,+,AT1G72910.1,1,no,12840,10682,12840,23522,0.545871949664144,1,Arabidopsis_thaliana,high_confidence_IR
AT1G72920,AT1G72920.intron1,AT1G72920|1:27438411-27438504:+,1,27438411,27438504,+,AT1G72920.1,1,no,20528,7951,20528,28479,0.720811826257944,1,Arabidopsis_thaliana,high_confidence_IR
AT1G72940,AT1G72940.intron1,AT1G72940|1:27442742-27442835:+,1,27442742,27442835,+,AT1G72940.1,1,no,11573,11871,11573,23444,0.49364442927828,1,Arabidopsis_thaliana,high_confidence_IR
AT1G72950,AT1G72950.intron1,AT1G72950|1:27445052-27445141:+,1,27445052,27445141,+,AT1G72950.1,1,no,1232,828,1232,2060,0.598058252427184,1,Arabidopsis_thaliana,high_confidence_IR
AT1G72970,AT1G72970.intron5,AT1G72970|1:27455210-27455290:+,1,27455210,27455290,+,AT1G72970.2,1,yes,16540,151,12514,16691,0.990953208315859,0.756590084643289,Arabidopsis_thaliana,high_confidence_IR
AT1G73040,AT1G73040.intron1,AT1G73040|1:27475468-27475555:-,1,27475468,27475555,-,AT1G73040.1,1,no,519,1144,519,1663,0.312086590499098,1,Arabidopsis_thaliana,high_confidence_IR
AT1G73050,AT1G73050.intron2,AT1G73050|1:27476605-27476697:-,1,27476605,27476697,-,AT1G73050.1,1,no,65,243,64,308,0.211038961038961,0.984615384615385,Arabidopsis_thaliana,high_confidence_IR
AT1G73065,AT1G73065.intron1,AT1G73065|1:27482056-27482151:-,1,27482056,27482151,-,AT1G73065.1,1,no,1101,7,1101,1108,0.993682310469314,1,Arabidopsis_thaliana,high_confidence_IR
AT1G73370,AT1G73370.intron1,AT1G73370|1:27588731-27588955:-,1,27588731,27588955,-,AT1G73370.1,1,no,36,96,26,132,0.272727272727273,0.722222222222222,Arabidopsis_thaliana,high_confidence_IR
AT1G73450,AT1G73450.intron1,AT1G73450|1:27615003-27615228:+,1,27615003,27615228,+,AT1G73450.1,1,no,229,660,192,889,0.257592800899888,0.838427947598253,Arabidopsis_thaliana,high_confidence_IR
AT1G73460,AT1G73460.intron1,AT1G73460|1:27619896-27620077:+,1,27619896,27620077,+,AT1G73460.1,1,yes,1584,82,1251,1666,0.95078031212485,0.789772727272727,Arabidopsis_thaliana,high_confidence_IR
AT1G73540,AT1G73540.intron1,AT1G73540|1:27646283-27646377:-,1,27646283,27646377,-,AT1G73540.1,1,no,52044,34166,52044,86210,0.603688667207981,1,Arabidopsis_thaliana,high_confidence_IR
AT1G73603,AT1G73603.intron1,AT1G73603|1:27674421-27674699:+,1,27674421,27674699,+,AT1G73603.1,1,no,26,23,26,49,0.530612244897959,1,Arabidopsis_thaliana,high_confidence_IR
AT1G73640,AT1G73640.intron1,AT1G73640|1:27687254-27687506:+,1,27687254,27687506,+,AT1G73640.1,1,no,491,1481,491,1972,0.248985801217039,1,Arabidopsis_thaliana,high_confidence_IR
AT1G73930,AT1G73930.intron1,AT1G73930|1:27797681-27797863:-,1,27797681,27797863,-,AT1G73930.2,1,yes,2822,727,2414,3549,0.795153564384334,0.855421686746988,Arabidopsis_thaliana,high_confidence_IR
AT1G73970,AT1G73970.intron1,AT1G73970|1:27817591-27817657:+,1,27817591,27817657,+,AT1G73970.4,1,yes,1853,377,1382,2230,0.830941704035874,0.745817593092283,Arabidopsis_thaliana,high_confidence_IR
AT1G74110,AT1G74110.intron1,AT1G74110|1:27867279-27867366:-,1,27867279,27867366,-,AT1G74110.1,1,no,92,6,92,98,0.938775510204082,1,Arabidopsis_thaliana,high_confidence_IR
AT1G74190,AT1G74190.intron1,AT1G74190|1:27905466-27905788:-,1,27905466,27905788,-,AT1G74190.1,1,no,33,26,31,59,0.559322033898305,0.939393939393939,Arabidopsis_thaliana,high_confidence_IR
AT1G74200,AT1G74200.intron3,AT1G74200|1:27907416-27907487:-,1,27907416,27907487,-,AT1G74200.3,1,yes,478,30,379,508,0.940944881889764,0.792887029288703,Arabidopsis_thaliana,high_confidence_IR
AT1G74220,AT1G74220.intron1,AT1G74220|1:27913331-27913415:-,1,27913331,27913415,-,AT1G74220.1,1,no,86,252,86,338,0.254437869822485,1,Arabidopsis_thaliana,high_confidence_IR
AT1G74360,AT1G74360.intron1,AT1G74360|1:27954387-27954678:+,1,27954387,27954678,+,AT1G74360.1,1,no,410,1473,410,1883,0.217737652681891,1,Arabidopsis_thaliana,high_confidence_IR
AT1G09453,AT1G09453.intron1,AT1G09453|1:27967747-27968033:+,1,27967747,27968033,+,AT1G09453.1,1,no,293,76,293,369,0.794037940379404,1,Arabidopsis_thaliana,high_confidence_IR
AT1G74500,AT1G74500.intron1,AT1G74500|1:27998448-27998536:-,1,27998448,27998536,-,AT1G74500.1,1,no,1083,2710,1083,3793,0.285525968890061,1,Arabidopsis_thaliana,high_confidence_IR
AT1G09487,AT1G09487.intron1,AT1G09487|1:28017526-28017747:-,1,28017526,28017747,-,AT1G09487.1,1,no,457,112,457,569,0.803163444639719,1,Arabidopsis_thaliana,high_confidence_IR
AT1G74560,AT1G74560.intron9,AT1G74560|1:28018051-28018165:-,1,28018051,28018165,-,AT1G74560.3,1,yes,27957,5,23659,27962,0.999821185895143,0.846263905283113,Arabidopsis_thaliana,high_confidence_IR
AT1G74590,AT1G74590.intron1,AT1G74590|1:28024262-28024342:-,1,28024262,28024342,-,AT1G74590.1,1,no,1128,1872,1128,3000,0.376,1,Arabidopsis_thaliana,high_confidence_IR
AT1G74660,AT1G74660.intron1,AT1G74660|1:28045962-28047767:-,1,28045962,28047767,-,AT1G74660.2,1,yes,71,94,71,165,0.43030303030303,1,Arabidopsis_thaliana,high_confidence_IR
AT1G74840,AT1G74840.intron3,AT1G74840|1:28116269-28116346:-,1,28116269,28116346,-,AT1G74840.2,1,yes,42986,5,31271,42991,0.999883696587658,0.727469408644675,Arabidopsis_thaliana,high_confidence_IR
AT1G74900,AT1G74900.intron1,AT1G74900|1:28135215-28135301:+,1,28135215,28135301,+,AT1G74900.1,1,no,356,24,356,380,0.936842105263158,1,Arabidopsis_thaliana,high_confidence_IR
AT1G75080,AT1G75080.intron2,AT1G75080|1:28187146-28187714:+,1,28187146,28187714,+,AT1G75080.2,1,yes,151,5,138,156,0.967948717948718,0.913907284768212,Arabidopsis_thaliana,high_confidence_IR
AT1G75310,AT1G75310.intron1,AT1G75310|1:28261369-28261587:+,1,28261369,28261587,+,AT1G75310.1;AT1G75310.2,2,no,779,1336,778,2115,0.368321513002364,0.998716302952503,Arabidopsis_thaliana,high_confidence_IR
AT1G75360,AT1G75360.intron1,AT1G75360|1:28275988-28276567:+,1,28275988,28276567,+,AT1G75360.2,1,yes,92,145,92,237,0.388185654008439,1,Arabidopsis_thaliana,high_confidence_IR
AT1G75390,AT1G75390.intron1,AT1G75390|1:28292539-28292608:+,1,28292539,28292608,+,AT1G75390.2,1,yes,5240,387,5240,5627,0.931224453527635,1,Arabidopsis_thaliana,high_confidence_IR
AT1G75430,AT1G75430.intron1,AT1G75430|1:28308892-28309223:-,1,28308892,28309223,-,AT1G75430.1;AT1G75430.2,2,no,91,272,78,363,0.25068870523416,0.857142857142857,Arabidopsis_thaliana,high_confidence_IR
AT1G75470,AT1G75470.intron1,AT1G75470|1:28330094-28330176:+,1,28330094,28330176,+,AT1G75470.1,1,no,45,11,45,56,0.803571428571429,1,Arabidopsis_thaliana,high_confidence_IR
AT1G75860,AT1G75860.intron1,AT1G75860|1:28485163-28485662:-,1,28485163,28485662,-,AT1G75860.1;AT1G75860.2,2,no,10173,3565,8131,13738,0.740500800698792,0.799272584291753,Arabidopsis_thaliana,high_confidence_IR
AT1G75945,AT1G75945.intron1,AT1G75945|1:28515495-28515705:-,1,28515495,28515705,-,AT1G75945.1,1,no,2004,7304,2004,9308,0.215298667812634,1,Arabidopsis_thaliana,high_confidence_IR
AT1G76120,AT1G76120.intron1,AT1G76120|1:28559138-28559227:-,1,28559138,28559227,-,AT1G76120.1,1,yes,718,2868,718,3586,0.200223089793642,1,Arabidopsis_thaliana,high_confidence_IR
AT1G76405,AT1G76405.intron2,AT1G76405|1:28662862-28662967:+,1,28662862,28662967,+,AT1G76405.1,1,yes,7765,360,6813,8125,0.955692307692308,0.877398583386993,Arabidopsis_thaliana,high_confidence_IR
AT1G76440,AT1G76440.intron3,AT1G76440|1:28683010-28683672:-,1,28683010,28683672,-,AT1G76440.3,1,yes,1727,851,1431,2578,0.669899146625291,0.828604516502606,Arabidopsis_thaliana,high_confidence_IR
AT1G76740,AT1G76740.intron1,AT1G76740|1:28805349-28805443:+,1,28805349,28805443,+,AT1G76740.1,1,no,94,242,89,336,0.279761904761905,0.946808510638298,Arabidopsis_thaliana,high_confidence_IR
AT1G76740,AT1G76740.intron2,AT1G76740|1:28807335-28807430:+,1,28807335,28807430,+,AT1G76740.1,1,no,47,182,38,229,0.205240174672489,0.808510638297872,Arabidopsis_thaliana,high_confidence_IR
AT1G76770,AT1G76770.intron1,AT1G76770|1:28813717-28813791:+,1,28813717,28813791,+,AT1G76770.1,1,no,103,165,103,268,0.384328358208955,1,Arabidopsis_thaliana,high_confidence_IR
AT1G76820,AT1G76820.intron1,AT1G76820|1:28837671-28837759:+,1,28837671,28837759,+,AT1G76820.1,1,no,248,348,219,596,0.416107382550336,0.883064516129032,Arabidopsis_thaliana,high_confidence_IR
AT1G76880,AT1G76880.intron1,AT1G76880|1:28865881-28866406:+,1,28865881,28866406,+,AT1G76880.1,1,no,1593,4847,1593,6440,0.247360248447205,1,Arabidopsis_thaliana,high_confidence_IR
AT1G76952,AT1G76952.intron1,AT1G76952|1:28914470-28914666:-,1,28914470,28914666,-,AT1G76952.1,1,no,527,69,527,596,0.884228187919463,1,Arabidopsis_thaliana,high_confidence_IR
AT1G77210,AT1G77210.intron3,AT1G77210|1:29010992-29011456:-,1,29010992,29011456,-,AT1G77210.1,1,yes,78,7,61,85,0.917647058823529,0.782051282051282,Arabidopsis_thaliana,high_confidence_IR
AT1G77350,AT1G77350.intron1,AT1G77350|1:29070364-29070492:+,1,29070364,29070492,+,AT1G77350.2,1,yes,13828,2136,10277,15964,0.866198947632172,0.743202198437952,Arabidopsis_thaliana,high_confidence_IR
AT1G77360,AT1G77360.intron1,AT1G77360|1:29073460-29073630:-,1,29073460,29073630,-,AT1G77360.2,1,yes,551,1058,551,1609,0.342448725916718,1,Arabidopsis_thaliana,high_confidence_IR
AT1G77460,AT1G77460.intron6,AT1G77460|1:29107599-29107969:+,1,29107599,29107969,+,AT1G77460.1;AT1G77460.2;AT1G77460.3;AT1G77460.4,4,no,216,305,177,521,0.414587332053743,0.819444444444444,Arabidopsis_thaliana,high_confidence_IR
AT1G77480,AT1G77480.intron8,AT1G77480|1:29114835-29114973:-,1,29114835,29114973,-,AT1G77480.1,1,yes,1344,4942,971,6286,0.21380846325167,0.722470238095238,Arabidopsis_thaliana,high_confidence_IR
AT1G77580,AT1G77580.intron4,AT1G77580|1:29144569-29144661:-,1,29144569,29144661,-,AT1G77580.2;AT1G77580.3;AT1G77580.4,3,yes,800,2561,650,3361,0.238024397500744,0.8125,Arabidopsis_thaliana,high_confidence_IR
AT1G77855,AT1G77855.intron1,AT1G77855|1:29277829-29278019:-,1,29277829,29278019,-,AT1G77855.1,1,no,479,694,479,1173,0.408354646206309,1,Arabidopsis_thaliana,high_confidence_IR
AT1G77880,AT1G77880.intron1,AT1G77880|1:29286164-29287013:-,1,29286164,29287013,-,AT1G77880.2,1,yes,185,682,132,867,0.213379469434833,0.713513513513514,Arabidopsis_thaliana,high_confidence_IR
AT1G77992,AT1G77992.intron1,AT1G77992|1:29322599-29322860:+,1,29322599,29322860,+,AT1G77992.1,1,no,357,45,357,402,0.888059701492537,1,Arabidopsis_thaliana,high_confidence_IR
AT1G78040,AT1G78040.intron2,AT1G78040|1:29345898-29345982:+,1,29345898,29345982,+,AT1G78040.2,1,yes,40654,16,36026,40670,0.999606589623801,0.88616126334432,Arabidopsis_thaliana,high_confidence_IR
AT1G78130,AT1G78130.intron1,AT1G78130|1:29400459-29400543:+,1,29400459,29400543,+,AT1G78130.1,1,no,2530,417,2153,2947,0.858500169664065,0.85098814229249,Arabidopsis_thaliana,high_confidence_IR
AT1G09783,AT1G09783.intron1,AT1G09783|1:29401286-29401366:-,1,29401286,29401366,-,AT1G09783.1,1,no,557,42,557,599,0.929883138564274,1,Arabidopsis_thaliana,high_confidence_IR
AT1G78170,AT1G78170.intron1,AT1G78170|1:29414376-29414491:+,1,29414376,29414491,+,AT1G78170.1,1,no,4347,15558,4347,19905,0.218387339864356,1,Arabidopsis_thaliana,high_confidence_IR
AT1G78220,AT1G78220.intron1,AT1G78220|1:29426789-29427114:-,1,29426789,29427114,-,AT1G78220.1,1,no,16,40,15,56,0.285714285714286,0.9375,Arabidopsis_thaliana,high_confidence_IR
AT1G78230,AT1G78230.intron1,AT1G78230|1:29430574-29430662:+,1,29430574,29430662,+,AT1G78230.1,1,no,2326,4871,2148,7197,0.32319021814645,0.92347377472055,Arabidopsis_thaliana,high_confidence_IR
AT1G78270,AT1G78270.intron1,AT1G78270|1:29451644-29451706:-,1,29451644,29451706,-,AT1G78270.1,1,no,4513,2639,4513,7152,0.631012304250559,1,Arabidopsis_thaliana,high_confidence_IR
AT1G78320,AT1G78320.intron1,AT1G78320|1:29468097-29468177:-,1,29468097,29468177,-,AT1G78320.2,1,yes,1048,118,868,1166,0.898799313893654,0.82824427480916,Arabidopsis_thaliana,high_confidence_IR
AT1G78360,AT1G78360.intron1,AT1G78360|1:29482415-29482648:-,1,29482415,29482648,-,AT1G78360.1,1,no,21,57,21,78,0.269230769230769,1,Arabidopsis_thaliana,high_confidence_IR
AT1G78410,AT1G78410.intron1,AT1G78410|1:29503499-29503733:+,1,29503499,29503733,+,AT1G78410.2,1,no,132,121,132,253,0.521739130434783,1,Arabidopsis_thaliana,high_confidence_IR
AT1G78440,AT1G78440.intron1,AT1G78440|1:29512479-29512619:-,1,29512479,29512619,-,AT1G78440.1,1,no,272,1067,193,1339,0.203136669156087,0.709558823529412,Arabidopsis_thaliana,high_confidence_IR
AT1G78450,AT1G78450.intron1,AT1G78450|1:29517589-29517674:-,1,29517589,29517674,-,AT1G78450.1,1,no,1922,527,1922,2449,0.784810126582278,1,Arabidopsis_thaliana,high_confidence_IR
AT1G78500,AT1G78500.intron14,AT1G78500|1:29534987-29535060:+,1,29534987,29535060,+,AT1G78500.1;AT1G78500.2,2,no,145,17,113,162,0.895061728395062,0.779310344827586,Arabidopsis_thaliana,high_confidence_IR
AT1G78530,AT1G78530.intron4,AT1G78530|1:29539481-29539569:-,1,29539481,29539569,-,AT1G78530.1,1,yes,877,949,748,1826,0.480284775465498,0.85290763968073,Arabidopsis_thaliana,high_confidence_IR
AT1G78635,AT1G78635.intron1,AT1G78635|1:29580302-29580377:-,1,29580302,29580377,-,AT1G78635.1,1,no,197,21,197,218,0.903669724770642,1,Arabidopsis_thaliana,high_confidence_IR
AT1G78750,AT1G78750.intron1,AT1G78750|1:29614699-29614774:-,1,29614699,29614774,-,AT1G78750.1,1,yes,615,105,467,720,0.854166666666667,0.759349593495935,Arabidopsis_thaliana,high_confidence_IR
AT1G78865,AT1G78865.intron1,AT1G78865|1:29649506-29649842:-,1,29649506,29649842,-,AT1G78865.1,1,no,1131,540,1131,1671,0.676840215439856,1,Arabidopsis_thaliana,high_confidence_IR
AT1G78890,AT1G78890.intron3,AT1G78890|1:29658268-29658366:+,1,29658268,29658366,+,AT1G78890.1,1,no,7015,730,6526,7745,0.905745642349903,0.930292230933713,Arabidopsis_thaliana,high_confidence_IR
AT1G78990,AT1G78990.intron1,AT1G78990|1:29714479-29714549:-,1,29714479,29714549,-,AT1G78990.1,1,no,669,2282,669,2951,0.226702812605896,1,Arabidopsis_thaliana,high_confidence_IR
AT1G79090,AT1G79090.intron6,AT1G79090|1:29749367-29749456:-,1,29749367,29749456,-,AT1G79090.1,1,yes,5485,4667,4423,10152,0.540287628053586,0.806381039197812,Arabidopsis_thaliana,high_confidence_IR
AT1G79160,AT1G79160.intron1,AT1G79160|1:29780357-29780443:-,1,29780357,29780443,-,AT1G79160.1,1,no,3532,12638,3532,16170,0.218429189857761,1,Arabidopsis_thaliana,high_confidence_IR
AT1G79310,AT1G79310.intron1,AT1G79310|1:29834332-29834546:+,1,29834332,29834546,+,AT1G79310.1,1,no,1292,738,1292,2030,0.636453201970443,1,Arabidopsis_thaliana,high_confidence_IR
AT1G79330,AT1G79330.intron1,AT1G79330|1:29839068-29839250:+,1,29839068,29839250,+,AT1G79330.1,1,no,241,458,241,699,0.344778254649499,1,Arabidopsis_thaliana,high_confidence_IR
AT1G79800,AT1G79800.intron1,AT1G79800|1:30018754-30018843:+,1,30018754,30018843,+,AT1G79800.1,1,no,103,173,103,276,0.373188405797101,1,Arabidopsis_thaliana,high_confidence_IR
AT1G79870,AT1G79870.intron1,AT1G79870|1:30045194-30045366:+,1,30045194,30045366,+,AT1G79870.2,1,yes,11081,102,8540,11183,0.990879012787266,0.770688566013898,Arabidopsis_thaliana,high_confidence_IR
AT1G79900,AT1G79900.intron1,AT1G79900|1:30053178-30053362:-,1,30053178,30053362,-,AT1G79900.1,1,no,173,599,173,772,0.224093264248705,1,Arabidopsis_thaliana,high_confidence_IR
AT1G79970,AT1G79970.intron2,AT1G79970|1:30082891-30083023:+,1,30082891,30083023,+,AT1G79970.3,1,yes,11480,1715,8240,13195,0.870026525198939,0.717770034843206,Arabidopsis_thaliana,high_confidence_IR
AT1G80133,AT1G80133.intron1,AT1G80133|1:30144071-30144158:-,1,30144071,30144158,-,AT1G80133.1,1,no,67,27,67,94,0.712765957446808,1,Arabidopsis_thaliana,high_confidence_IR
AT1G80150,AT1G80150.intron1,AT1G80150|1:30149666-30149760:+,1,30149666,30149760,+,AT1G80150.2,1,yes,1852,414,1607,2266,0.81729920564872,0.867710583153348,Arabidopsis_thaliana,high_confidence_IR
AT1G80290,AT1G80290.intron1,AT1G80290|1:30188438-30188578:+,1,30188438,30188578,+,AT1G80290.2,1,yes,2575,33,2575,2608,0.987346625766871,1,Arabidopsis_thaliana,high_confidence_IR
AT1G80325,AT1G80325.intron2,AT1G80325|1:30196456-30196567:-,1,30196456,30196567,-,AT1G80325.1,1,yes,1957,173,1548,2130,0.918779342723005,0.791006642820644,Arabidopsis_thaliana,high_confidence_IR
AT1G80325,AT1G80325.intron1,AT1G80325|1:30197595-30197671:-,1,30197595,30197671,-,AT1G80325.2,1,yes,994,710,714,1704,0.583333333333333,0.71830985915493,Arabidopsis_thaliana,high_confidence_IR
AT1G80460,AT1G80460.intron4,AT1G80460|1:30247124-30247344:-,1,30247124,30247344,-,AT1G80460.2,1,yes,33658,48,27369,33706,0.998575921200973,0.81314991978133,Arabidopsis_thaliana,high_confidence_IR
AT1G80470,AT1G80470.intron1,AT1G80470|1:30256218-30256305:+,1,30256218,30256305,+,AT1G80470.1,1,no,57,138,48,195,0.292307692307692,0.842105263157895,Arabidopsis_thaliana,high_confidence_IR
AT1G80590,AT1G80590.intron1,AT1G80590|1:30296829-30296953:-,1,30296829,30296953,-,AT1G80590.1,1,no,164,65,115,229,0.716157205240175,0.701219512195122,Arabidopsis_thaliana,high_confidence_IR
AT1G80745,AT1G80745.intron1,AT1G80745|1:30347798-30347875:+,1,30347798,30347875,+,AT1G80745.1,1,no,670,424,492,1094,0.612431444241316,0.734328358208955,Arabidopsis_thaliana,high_confidence_IR
AT1G80860,AT1G80860.intron2,AT1G80860|1:30388303-30388378:-,1,30388303,30388378,-,AT1G80860.1,1,yes,3192,2331,2396,5523,0.577946768060836,0.75062656641604,Arabidopsis_thaliana,high_confidence_IR
AT1G80990,AT1G80990.intron1,AT1G80990|1:30424676-30424757:+,1,30424676,30424757,+,AT1G80990.1,1,no,63,122,63,185,0.340540540540541,1,Arabidopsis_thaliana,high_confidence_IR
AT2G01175,AT2G01175.intron1,AT2G01175|2:105796-106071:-,2,105796,106071,-,AT2G01175.1,1,no,187,31,187,218,0.857798165137615,1,Arabidopsis_thaliana,high_confidence_IR
AT2G01250,AT2G01250.intron7,AT2G01250|2:133080-133257:-,2,133080,133257,-,AT2G01250.2,1,yes,86099,32,62941,86131,0.999628472907548,0.7310305578462,Arabidopsis_thaliana,high_confidence_IR
AT2G01510,AT2G01510.intron1,AT2G01510|2:230346-230552:-,2,230346,230552,-,AT2G01510.2,1,yes,265,521,265,786,0.337150127226463,1,Arabidopsis_thaliana,high_confidence_IR
AT2G01818,AT2G01818.intron2,AT2G01818|2:354723-355361:-,2,354723,355361,-,AT2G01818.2,1,yes,2794,181,2169,2975,0.939159663865546,0.77630637079456,Arabidopsis_thaliana,high_confidence_IR
AT2G01918,AT2G01918.intron1,AT2G01918|2:424635-425417:-,2,424635,425417,-,AT2G01918.1,1,no,1329,2128,953,3457,0.384437373445184,0.717080511662904,Arabidopsis_thaliana,high_confidence_IR
AT2G02061,AT2G02061.intron3,AT2G02061|2:499417-499486:+,2,499417,499486,+,AT2G02061.1,1,yes,377,355,303,732,0.515027322404372,0.803713527851459,Arabidopsis_thaliana,high_confidence_IR
AT2G02450,AT2G02450.intron3,AT2G02450|2:650396-650500:+,2,650396,650500,+,AT2G02450.1,1,yes,1394,954,1107,2348,0.593696763202726,0.794117647058823,Arabidopsis_thaliana,high_confidence_IR
AT2G02680,AT2G02680.intron1,AT2G02680|2:745962-746047:+,2,745962,746047,+,AT2G02680.2,1,yes,1057,485,742,1542,0.685473411154345,0.701986754966887,Arabidopsis_thaliana,high_confidence_IR
AT2G04285,AT2G04285.intron1,AT2G04285|2:764518-764616:-,2,764518,764616,-,AT2G04285.1,1,no,334,27,334,361,0.925207756232687,1,Arabidopsis_thaliana,high_confidence_IR
AT2G02870,AT2G02870.intron2,AT2G02870|2:838291-838365:+,2,838291,838365,+,AT2G02870.2,1,yes,11361,64,9107,11425,0.994398249452954,0.801601971657425,Arabidopsis_thaliana,high_confidence_IR
AT2G02955,AT2G02955.intron2,AT2G02955|2:861135-861229:+,2,861135,861229,+,AT2G02955.1,1,no,208,755,151,963,0.215991692627207,0.725961538461538,Arabidopsis_thaliana,high_confidence_IR
AT2G03020,AT2G03020.intron1,AT2G03020|2:883953-884038:-,2,883953,884038,-,AT2G03020.1;AT2G03020.2,2,no,84,49,59,133,0.631578947368421,0.702380952380952,Arabidopsis_thaliana,high_confidence_IR
AT2G03360,AT2G03360.intron2,AT2G03360|2:1023522-1024152:-,2,1023522,1024152,-,AT2G03360.1,1,yes,291,123,260,414,0.702898550724638,0.893470790378007,Arabidopsis_thaliana,high_confidence_IR
AT2G03965,AT2G03965.intron1,AT2G03965|2:1252274-1252362:+,2,1252274,1252362,+,AT2G03965.1,1,no,508,30,508,538,0.944237918215613,1,Arabidopsis_thaliana,high_confidence_IR
AT2G04378,AT2G04378.intron1,AT2G04378|2:1525696-1525784:-,2,1525696,1525784,-,AT2G04378.2,1,yes,7582,1237,7582,8819,0.859734663794081,1,Arabidopsis_thaliana,high_confidence_IR
AT2G04852,AT2G04852.intron2,AT2G04852|2:1705619-1705715:-,2,1705619,1705715,-,AT2G04852.1;AT2G04852.2,2,yes,1022,381,781,1403,0.728439059158945,0.764187866927593,Arabidopsis_thaliana,high_confidence_IR
AT2G04852,AT2G04852.intron1,AT2G04852|2:1705799-1706419:-,2,1705799,1706419,-,AT2G04852.2,1,yes,195,34,150,229,0.851528384279476,0.769230769230769,Arabidopsis_thaliana,high_confidence_IR
AT2G04910,AT2G04910.intron1,AT2G04910|2:1723977-1724077:-,2,1723977,1724077,-,AT2G04910.2,1,yes,95,126,95,221,0.429864253393665,1,Arabidopsis_thaliana,high_confidence_IR
AT2G05100,AT2G05100.intron2,AT2G05100|2:1823305-1823543:-,2,1823305,1823543,-,AT2G05100.2,1,yes,11043,937,8442,11980,0.921786310517529,0.764466177669112,Arabidopsis_thaliana,high_confidence_IR
AT2G05180,AT2G05180.intron1,AT2G05180|2:1876308-1876383:+,2,1876308,1876383,+,AT2G05180.1,1,no,324,499,324,823,0.393681652490887,1,Arabidopsis_thaliana,high_confidence_IR
AT2G05230,AT2G05230.intron1,AT2G05230|2:1902038-1902484:-,2,1902038,1902484,-,AT2G05230.1,1,no,52,175,52,227,0.229074889867841,1,Arabidopsis_thaliana,high_confidence_IR
AT2G05250,AT2G05250.intron1,AT2G05250|2:1915865-1916311:-,2,1915865,1916311,-,AT2G05250.1,1,no,86,289,86,375,0.229333333333333,1,Arabidopsis_thaliana,high_confidence_IR
AT2G05380,AT2G05380.intron2,AT2G05380|2:1967636-1967677:+,2,1967636,1967677,+,AT2G05380.2,1,yes,329774,68,307972,329842,0.999793840687359,0.933888056669113,Arabidopsis_thaliana,high_confidence_IR
AT2G05400,AT2G05400.intron1,AT2G05400|2:1975182-1975273:+,2,1975182,1975273,+,AT2G05400.2;AT2G05400.3,2,yes,31,11,26,42,0.738095238095238,0.838709677419355,Arabidopsis_thaliana,high_confidence_IR
AT2G05812,AT2G05812.intron1,AT2G05812|2:2217097-2217188:+,2,2217097,2217188,+,AT2G05812.3,1,yes,866,109,866,975,0.888205128205128,1,Arabidopsis_thaliana,high_confidence_IR
AT2G05914,AT2G05914.intron1,AT2G05914|2:2263771-2263913:-,2,2263771,2263913,-,AT2G05914.2,1,yes,615,119,615,734,0.837874659400545,1,Arabidopsis_thaliana,high_confidence_IR
AT2G06000,AT2G06000.intron1,AT2G06000|2:2327694-2327890:-,2,2327694,2327890,-,AT2G06000.2,1,yes,746,1443,746,2189,0.340794883508451,1,Arabidopsis_thaliana,high_confidence_IR
AT2G06010,AT2G06010.intron2,AT2G06010|2:2337957-2338032:+,2,2337957,2338032,+,AT2G06010.1,1,no,2935,8729,2063,11664,0.251628943758573,0.702896081771721,Arabidopsis_thaliana,high_confidence_IR
AT2G06265,AT2G06265.intron1,AT2G06265|2:2530062-2530132:-,2,2530062,2530132,-,AT2G06265.1,1,no,13,11,13,24,0.541666666666667,1,Arabidopsis_thaliana,high_confidence_IR
AT2G06420,AT2G06420.intron1,AT2G06420|2:2539797-2539949:+,2,2539797,2539949,+,AT2G06420.1,1,no,66,8,66,74,0.891891891891892,1,Arabidopsis_thaliana,high_confidence_IR
AT2G06425,AT2G06425.intron1,AT2G06425|2:2572466-2572638:-,2,2572466,2572638,-,AT2G06425.1,1,no,25,24,25,49,0.510204081632653,1,Arabidopsis_thaliana,high_confidence_IR
AT2G06983,AT2G06983.intron2,AT2G06983|2:2889259-2889794:+,2,2889259,2889794,+,AT2G06983.2,1,yes,64,27,61,91,0.703296703296703,0.953125,Arabidopsis_thaliana,high_confidence_IR
AT2G07000,AT2G07000.intron1,AT2G07000|2:2902152-2902250:-,2,2902152,2902250,-,AT2G07000.1,1,no,82,120,82,202,0.405940594059406,1,Arabidopsis_thaliana,high_confidence_IR
AT2G07213,AT2G07213.intron1,AT2G07213|2:2997224-2997366:+,2,2997224,2997366,+,AT2G07213.1,1,no,73,5,73,78,0.935897435897436,1,Arabidopsis_thaliana,high_confidence_IR
AT2G07240,AT2G07240.intron1,AT2G07240|2:3012140-3012222:-,2,3012140,3012222,-,AT2G07240.1,1,no,88,22,86,110,0.8,0.977272727272727,Arabidopsis_thaliana,high_confidence_IR
AT2G07800,AT2G07800.intron1,AT2G07800|2:3589632-3589852:-,2,3589632,3589852,-,AT2G07800.1,1,no,24,33,24,57,0.421052631578947,1,Arabidopsis_thaliana,high_confidence_IR
AT2G10553,AT2G10553.intron1,AT2G10553|2:4100675-4100763:-,2,4100675,4100763,-,AT2G10553.1,1,no,22,7,22,29,0.758620689655172,1,Arabidopsis_thaliana,high_confidence_IR
AT2G11025,AT2G11025.intron1,AT2G11025|2:4393817-4393904:-,2,4393817,4393904,-,AT2G11025.1,1,no,59,10,59,69,0.855072463768116,1,Arabidopsis_thaliana,high_confidence_IR
AT2G11890,AT2G11890.intron1,AT2G11890|2:4803297-4803407:+,2,4803297,4803407,+,AT2G11890.2,1,yes,7520,27,6947,7547,0.996422419504439,0.923803191489362,Arabidopsis_thaliana,high_confidence_IR
AT2G12205,AT2G12205.intron1,AT2G12205|2:4901204-4901298:+,2,4901204,4901298,+,AT2G12205.1,1,no,127,61,127,188,0.675531914893617,1,Arabidopsis_thaliana,high_confidence_IR
AT2G13295,AT2G13295.intron1,AT2G13295|2:5514247-5514319:-,2,5514247,5514319,-,AT2G13295.1,1,no,27,5,27,32,0.84375,1,Arabidopsis_thaliana,high_confidence_IR
AT2G13770,AT2G13770.intron1,AT2G13770|2:5737216-5737428:+,2,5737216,5737428,+,AT2G13770.1,1,no,49,8,49,57,0.859649122807018,1,Arabidopsis_thaliana,high_confidence_IR
AT2G14060,AT2G14060.intron3,AT2G14060|2:5914889-5914972:-,2,5914889,5914972,-,AT2G14060.1,1,yes,157,276,141,433,0.362586605080831,0.898089171974522,Arabidopsis_thaliana,high_confidence_IR
AT2G14080,AT2G14080.intron1,AT2G14080|2:5925280-5925386:+,2,5925280,5925386,+,AT2G14080.2,1,yes,3152,85,2476,3237,0.973741118319432,0.785532994923858,Arabidopsis_thaliana,high_confidence_IR
AT2G14100,AT2G14100.intron1,AT2G14100|2:5935369-5935450:-,2,5935369,5935450,-,AT2G14100.1,1,no,203,614,203,817,0.248470012239902,1,Arabidopsis_thaliana,high_confidence_IR
AT2G14160,AT2G14160.intron1,AT2G14160|2:5976609-5976687:-,2,5976609,5976687,-,AT2G14160.1,1,no,186,144,186,330,0.563636363636364,1,Arabidopsis_thaliana,high_confidence_IR
AT2G14620,AT2G14620.intron1,AT2G14620|2:6245091-6245187:+,2,6245091,6245187,+,AT2G14620.3,1,yes,1222,1407,924,2629,0.464815519208825,0.756137479541735,Arabidopsis_thaliana,high_confidence_IR
AT2G14635,AT2G14635.intron1,AT2G14635|2:6254715-6254810:-,2,6254715,6254810,-,AT2G14635.1,1,no,11,12,11,23,0.478260869565217,1,Arabidopsis_thaliana,high_confidence_IR
AT2G15300,AT2G15300.intron1,AT2G15300|2:6651314-6651459:+,2,6651314,6651459,+,AT2G15300.1,1,no,181,320,181,501,0.36127744510978,1,Arabidopsis_thaliana,high_confidence_IR
AT2G15350,AT2G15350.intron1,AT2G15350|2:6689588-6689663:-,2,6689588,6689663,-,AT2G15350.1,1,no,39,67,39,106,0.367924528301887,1,Arabidopsis_thaliana,high_confidence_IR
AT2G15370,AT2G15370.intron1,AT2G15370|2:6699551-6699632:-,2,6699551,6699632,-,AT2G15370.1,1,no,271,926,271,1197,0.22639933166249,1,Arabidopsis_thaliana,high_confidence_IR
AT2G15390,AT2G15390.intron1,AT2G15390|2:6710790-6710881:-,2,6710790,6710881,-,AT2G15390.2,1,yes,2679,8771,2679,11450,0.233973799126638,1,Arabidopsis_thaliana,high_confidence_IR
AT2G15535,AT2G15535.intron1,AT2G15535|2:6778311-6778436:+,2,6778311,6778436,+,AT2G15535.1,1,no,30,120,30,150,0.2,1,Arabidopsis_thaliana,high_confidence_IR
AT2G15560,AT2G15560.intron2,AT2G15560|2:6788942-6789073:-,2,6788942,6789073,-,AT2G15560.2,1,yes,2718,86,2433,2804,0.969329529243937,0.89514348785872,Arabidopsis_thaliana,high_confidence_IR
AT2G15890,AT2G15890.intron3,AT2G15890|2:6921387-6921470:-,2,6921387,6921470,-,AT2G15890.2,1,yes,98803,2554,81531,101357,0.974801937705339,0.825187494306853,Arabidopsis_thaliana,high_confidence_IR
AT2G16018,AT2G16018.intron1,AT2G16018|2:6972621-6973116:-,2,6972621,6973116,-,AT2G16018.1,1,no,21,11,21,32,0.65625,1,Arabidopsis_thaliana,high_confidence_IR
AT2G16600,AT2G16600.intron1,AT2G16600|2:7201013-7201078:+,2,7201013,7201078,+,AT2G16600.2,1,yes,334440,242,334440,334682,0.999276925559188,1,Arabidopsis_thaliana,high_confidence_IR
AT2G16720,AT2G16720.intron1,AT2G16720|2:7256216-7256287:-,2,7256216,7256287,-,AT2G16720.1,1,no,7439,7354,7439,14793,0.502872980463733,1,Arabidopsis_thaliana,high_confidence_IR
AT2G06795,AT2G06795.intron1,AT2G06795|2:7333393-7333484:-,2,7333393,7333484,-,AT2G06795.1,1,no,211,48,211,259,0.814671814671815,1,Arabidopsis_thaliana,high_confidence_IR
AT2G17260,AT2G17260.intron1,AT2G17260|2:7505409-7505501:+,2,7505409,7505501,+,AT2G17260.1,1,no,157,413,139,570,0.275438596491228,0.885350318471338,Arabidopsis_thaliana,high_confidence_IR
AT2G17280,AT2G17280.intron1,AT2G17280|2:7513204-7513271:+,2,7513204,7513271,+,AT2G17280.2,1,yes,303,647,227,950,0.318947368421053,0.749174917491749,Arabidopsis_thaliana,high_confidence_IR
AT2G17525,AT2G17525.intron1,AT2G17525|2:7623933-7624003:+,2,7623933,7624003,+,AT2G17525.1,1,no,1400,23,1400,1423,0.983836964160225,1,Arabidopsis_thaliana,high_confidence_IR
AT2G17670,AT2G17670.intron1,AT2G17670|2:7675465-7675570:+,2,7675465,7675570,+,AT2G17670.2,1,yes,1841,47,1841,1888,0.97510593220339,1,Arabidopsis_thaliana,high_confidence_IR
AT2G17723,AT2G17723.intron1,AT2G17723|2:7700195-7700469:+,2,7700195,7700469,+,AT2G17723.1,1,no,18,10,18,28,0.642857142857143,1,Arabidopsis_thaliana,high_confidence_IR
AT2G17800,AT2G17800.intron1,AT2G17800|2:7740171-7740268:+,2,7740171,7740268,+,AT2G17800.2,1,yes,7769,343,5823,8112,0.957716962524655,0.749517312395418,Arabidopsis_thaliana,high_confidence_IR
AT2G17860,AT2G17860.intron1,AT2G17860|2:7762085-7762260:-,2,7762085,7762260,-,AT2G17860.1,1,no,85,49,85,134,0.634328358208955,1,Arabidopsis_thaliana,high_confidence_IR
AT2G17940,AT2G17940.intron1,AT2G17940|2:7803016-7803326:+,2,7803016,7803326,+,AT2G17940.1,1,no,27,70,27,97,0.278350515463918,1,Arabidopsis_thaliana,high_confidence_IR
AT2G18025,AT2G18025.intron1,AT2G18025|2:7838886-7838961:+,2,7838886,7838961,+,AT2G18025.1,1,no,91,11,91,102,0.892156862745098,1,Arabidopsis_thaliana,high_confidence_IR
AT2G18090,AT2G18090.intron4,AT2G18090|2:7866459-7866545:+,2,7866459,7866545,+,AT2G18090.2,1,yes,6992,592,5730,7584,0.921940928270042,0.819508009153318,Arabidopsis_thaliana,high_confidence_IR
AT2G18180,AT2G18180.intron3,AT2G18180|2:7913273-7913425:-,2,7913273,7913425,-,AT2G18180.5,1,yes,3152,140,2399,3292,0.957472660996355,0.761104060913706,Arabidopsis_thaliana,high_confidence_IR
AT2G18480,AT2G18480.intron1,AT2G18480|2:8010994-8011128:-,2,8010994,8011128,-,AT2G18480.1,1,no,117,207,117,324,0.361111111111111,1,Arabidopsis_thaliana,high_confidence_IR
AT2G18600,AT2G18600.intron1,AT2G18600|2:8074573-8074878:-,2,8074573,8074878,-,AT2G18600.2,1,yes,2050,26,1510,2076,0.98747591522158,0.736585365853659,Arabidopsis_thaliana,high_confidence_IR
AT2G18690,AT2G18690.intron1,AT2G18690|2:8097755-8097860:+,2,8097755,8097860,+,AT2G18690.2,1,yes,17400,64,17400,17464,0.996335318369217,1,Arabidopsis_thaliana,high_confidence_IR
AT2G18720,AT2G18720.intron6,AT2G18720|2:8115490-8115574:-,2,8115490,8115574,-,AT2G18720.1;AT2G18720.2;AT2G18720.3,3,no,68,131,58,199,0.341708542713568,0.852941176470588,Arabidopsis_thaliana,high_confidence_IR
AT2G18970,AT2G18970.intron1,AT2G18970|2:8229405-8229513:+,2,8229405,8229513,+,AT2G18970.1,1,no,2349,89,2349,2438,0.963494667760459,1,Arabidopsis_thaliana,high_confidence_IR
AT2G19180,AT2G19180.intron3,AT2G19180|2:8326107-8326212:+,2,8326107,8326212,+,AT2G19180.2,1,no,4511,122,4374,4633,0.973667170300022,0.969629793837287,Arabidopsis_thaliana,high_confidence_IR
AT2G19210,AT2G19210.intron2,AT2G19210|2:8338503-8338580:-,2,8338503,8338580,-,AT2G19210.1,1,no,16,12,13,28,0.571428571428571,0.8125,Arabidopsis_thaliana,high_confidence_IR
AT2G19280,AT2G19280.intron1,AT2G19280|2:8362531-8362647:+,2,8362531,8362647,+,AT2G19280.1;AT2G19280.2;AT2G19280.4,3,yes,278,604,272,882,0.315192743764172,0.97841726618705,Arabidopsis_thaliana,high_confidence_IR
AT2G19280,AT2G19280.intron2,AT2G19280|2:8364814-8364952:+,2,8364814,8364952,+,AT2G19280.1;AT2G19280.2,2,no,415,657,325,1072,0.387126865671642,0.783132530120482,Arabidopsis_thaliana,high_confidence_IR
AT2G19280,AT2G19280.intron3,AT2G19280|2:8365548-8365620:+,2,8365548,8365620,+,AT2G19280.2,1,yes,431,405,324,836,0.51555023923445,0.751740139211137,Arabidopsis_thaliana,high_confidence_IR
AT2G19340,AT2G19340.intron1,AT2G19340|2:8374438-8375317:-,2,8374438,8375317,-,AT2G19340.1,1,yes,329,415,329,744,0.442204301075269,1,Arabidopsis_thaliana,high_confidence_IR
AT2G19410,AT2G19410.intron11,AT2G19410|2:8405102-8405197:-,2,8405102,8405197,-,AT2G19410.1;AT2G19410.2;AT2G19410.3,3,no,14,43,12,57,0.245614035087719,0.857142857142857,Arabidopsis_thaliana,high_confidence_IR
AT2G19582,AT2G19582.intron1,AT2G19582|2:8474715-8474833:+,2,8474715,8474833,+,AT2G19582.1,1,no,4073,187,4073,4260,0.956103286384977,1,Arabidopsis_thaliana,high_confidence_IR
AT2G19610,AT2G19610.intron3,AT2G19610|2:8485699-8485775:+,2,8485699,8485775,+,AT2G19610.2,1,yes,138,168,123,306,0.450980392156863,0.891304347826087,Arabidopsis_thaliana,high_confidence_IR
AT2G19630,AT2G19630.intron1,AT2G19630|2:8490654-8490890:-,2,8490654,8490890,-,AT2G19630.2,1,yes,11,12,11,23,0.478260869565217,1,Arabidopsis_thaliana,high_confidence_IR
AT2G19850,AT2G19850.intron1,AT2G19850|2:8569085-8569431:+,2,8569085,8569431,+,AT2G19850.1,1,yes,84,157,84,241,0.348547717842324,1,Arabidopsis_thaliana,high_confidence_IR
AT2G20070,AT2G20070.intron1,AT2G20070|2:8662117-8662233:+,2,8662117,8662233,+,AT2G20070.1,1,no,16,46,16,62,0.258064516129032,1,Arabidopsis_thaliana,high_confidence_IR
AT2G20080,AT2G20080.intron2,AT2G20080|2:8663769-8664504:-,2,8663769,8664504,-,AT2G20080.2,1,yes,1709,254,1304,1963,0.870606214977076,0.763019309537741,Arabidopsis_thaliana,high_confidence_IR
AT2G20120,AT2G20120.intron1,AT2G20120|2:8689478-8690188:-,2,8689478,8690188,-,AT2G20120.2,1,yes,16,25,13,41,0.390243902439024,0.8125,Arabidopsis_thaliana,high_confidence_IR
AT2G20208,AT2G20208.intron1,AT2G20208|2:8720925-8721106:+,2,8720925,8721106,+,AT2G20208.1,1,no,65,184,65,249,0.261044176706827,1,Arabidopsis_thaliana,high_confidence_IR
AT2G20350,AT2G20350.intron1,AT2G20350|2:8785055-8785205:+,2,8785055,8785205,+,AT2G20350.1,1,no,32,12,32,44,0.727272727272727,1,Arabidopsis_thaliana,high_confidence_IR
AT2G20495,AT2G20495.intron1,AT2G20495|2:8833000-8833109:+,2,8833000,8833109,+,AT2G20495.3,1,no,78,15,61,93,0.838709677419355,0.782051282051282,Arabidopsis_thaliana,high_confidence_IR
AT2G20540,AT2G20540.intron1,AT2G20540|2:8844361-8844440:+,2,8844361,8844440,+,AT2G20540.2,1,yes,1167,85,1167,1252,0.932108626198083,1,Arabidopsis_thaliana,high_confidence_IR
AT2G20550,AT2G20550.intron1,AT2G20550|2:8847155-8847251:-,2,8847155,8847251,-,AT2G20550.1,1,yes,988,1059,823,2047,0.482657547630679,0.832995951417004,Arabidopsis_thaliana,high_confidence_IR
AT2G20562,AT2G20562.intron1,AT2G20562|2:8850491-8850737:-,2,8850491,8850737,-,AT2G20562.1,1,no,704,1818,704,2522,0.279143536875496,1,Arabidopsis_thaliana,high_confidence_IR
AT2G20605,AT2G20605.intron1,AT2G20605|2:8876684-8876814:+,2,8876684,8876814,+,AT2G20605.1,1,no,33,103,33,136,0.242647058823529,1,Arabidopsis_thaliana,high_confidence_IR
AT2G20710,AT2G20710.intron1,AT2G20710|2:8926383-8926522:+,2,8926383,8926522,+,AT2G20710.1,1,yes,329,666,329,995,0.330653266331658,1,Arabidopsis_thaliana,high_confidence_IR
AT2G20720,AT2G20720.intron1,AT2G20720|2:8929176-8929253:-,2,8929176,8929253,-,AT2G20720.1,1,no,445,408,445,853,0.52168815943728,1,Arabidopsis_thaliana,high_confidence_IR
AT2G20820,AT2G20820.intron2,AT2G20820|2:8964880-8965021:+,2,8964880,8965021,+,AT2G20820.2,1,yes,46952,578,36621,47530,0.987839259415106,0.779966774578293,Arabidopsis_thaliana,high_confidence_IR
AT2G20825,AT2G20825.intron1,AT2G20825|2:8966330-8966593:-,2,8966330,8966593,-,AT2G20825.1,1,no,61,213,61,274,0.222627737226277,1,Arabidopsis_thaliana,high_confidence_IR
AT2G21010,AT2G21010.intron1,AT2G21010|2:9021118-9021193:+,2,9021118,9021193,+,AT2G21010.1,1,no,32,9,25,41,0.780487804878049,0.78125,Arabidopsis_thaliana,high_confidence_IR
AT2G21170,AT2G21170.intron3,AT2G21170|2:9072385-9072911:-,2,9072385,9072911,-,AT2G21170.2,1,yes,35767,3182,29156,38949,0.918303422424196,0.815164816730506,Arabidopsis_thaliana,high_confidence_IR
AT2G21188,AT2G21188.intron1,AT2G21188|2:9079226-9079352:-,2,9079226,9079352,-,AT2G21188.1,1,no,2437,1014,2437,3451,0.706172124022023,1,Arabidopsis_thaliana,high_confidence_IR
AT2G21240,AT2G21240.intron2,AT2G21240|2:9102502-9102960:-,2,9102502,9102960,-,AT2G21240.2,1,yes,13141,1524,11196,14665,0.896079099897716,0.851989955102351,Arabidopsis_thaliana,high_confidence_IR
AT2G21610,AT2G21610.intron4,AT2G21610|2:9245363-9245447:-,2,9245363,9245447,-,AT2G21610.1;AT2G21610.2,2,no,29,72,29,101,0.287128712871287,1,Arabidopsis_thaliana,high_confidence_IR
AT2G21830,AT2G21830.intron3,AT2G21830|2:9305409-9305491:+,2,9305409,9305491,+,AT2G21830.2,1,yes,2417,727,1996,3144,0.768765903307888,0.825817128671907,Arabidopsis_thaliana,high_confidence_IR
AT2G21890,AT2G21890.intron1,AT2G21890|2:9331169-9331264:+,2,9331169,9331264,+,AT2G21890.1,1,no,114,125,81,239,0.476987447698745,0.710526315789474,Arabidopsis_thaliana,high_confidence_IR
AT2G21900,AT2G21900.intron1,AT2G21900|2:9335898-9335998:-,2,9335898,9335998,-,AT2G21900.1,1,no,103,229,81,332,0.310240963855422,0.786407766990291,Arabidopsis_thaliana,high_confidence_IR
AT2G22010,AT2G22010.intron1,AT2G22010|2:9368944-9369122:-,2,9368944,9369122,-,AT2G22010.1;AT2G22010.2,2,no,1189,2863,1092,4052,0.293435340572557,0.918418839360807,Arabidopsis_thaliana,high_confidence_IR
AT2G22125,AT2G22125.intron4,AT2G22125|2:9410531-9410701:+,2,9410531,9410701,+,AT2G22125.1,1,no,604,2294,594,2898,0.208419599723948,0.983443708609272,Arabidopsis_thaliana,high_confidence_IR
AT2G22560,AT2G22560.intron1,AT2G22560|2:9585986-9586088:+,2,9585986,9586088,+,AT2G22560.1,1,no,393,1162,393,1555,0.252733118971061,1,Arabidopsis_thaliana,high_confidence_IR
AT2G22740,AT2G22740.intron1,AT2G22740|2:9666636-9666863:-,2,9666636,9666863,-,AT2G22740.1;AT2G22740.2,2,no,640,1847,517,2487,0.257338158423804,0.8078125,Arabidopsis_thaliana,high_confidence_IR
AT2G22930,AT2G22930.intron1,AT2G22930|2:9760385-9760840:+,2,9760385,9760840,+,AT2G22930.2,1,yes,809,26,809,835,0.968862275449102,1,Arabidopsis_thaliana,high_confidence_IR
AT2G23190,AT2G23190.intron2,AT2G23190|2:9878311-9878392:+,2,9878311,9878392,+,AT2G23190.1,1,no,74,5,54,79,0.936708860759494,0.72972972972973,Arabidopsis_thaliana,high_confidence_IR
AT2G23210,AT2G23210.intron1,AT2G23210|2:9881468-9881595:-,2,9881468,9881595,-,AT2G23210.1,1,no,4414,2500,4414,6914,0.638414810529361,1,Arabidopsis_thaliana,high_confidence_IR
AT2G23550,AT2G23550.intron1,AT2G23550|2:10028548-10028634:-,2,10028548,10028634,-,AT2G23550.2,1,yes,1959,32,1382,1991,0.983927674535409,0.705461970393058,Arabidopsis_thaliana,high_confidence_IR
AT2G23580,AT2G23580.intron3,AT2G23580|2:10033581-10033721:-,2,10033581,10033721,-,AT2G23580.2,1,yes,155,326,138,481,0.322245322245322,0.890322580645161,Arabidopsis_thaliana,high_confidence_IR
AT2G23610,AT2G23610.intron2,AT2G23610|2:10044692-10046028:-,2,10044692,10046028,-,AT2G23610.2,1,yes,8626,25,8018,8651,0.997110160675066,0.929515418502203,Arabidopsis_thaliana,high_confidence_IR
AT2G23790,AT2G23790.intron1,AT2G23790|2:10126151-10126903:-,2,10126151,10126903,-,AT2G23790.1,1,no,9408,6016,9408,15424,0.609958506224066,1,Arabidopsis_thaliana,high_confidence_IR
AT2G23930,AT2G23930.intron1,AT2G23930|2:10182366-10182491:+,2,10182366,10182491,+,AT2G23930.2,1,yes,11301,43,10250,11344,0.996209449929478,0.906999380585789,Arabidopsis_thaliana,high_confidence_IR
AT2G23970,AT2G23970.intron2,AT2G23970|2:10200888-10200970:+,2,10200888,10200970,+,AT2G23970.1,1,no,82,272,64,354,0.231638418079096,0.780487804878049,Arabidopsis_thaliana,high_confidence_IR
AT2G24130,AT2G24130.intron2,AT2G24130|2:10260726-10260810:+,2,10260726,10260810,+,AT2G24130.1;AT2G24130.2,2,no,20,53,17,73,0.273972602739726,0.85,Arabidopsis_thaliana,high_confidence_IR
AT2G24170,AT2G24170.intron7,AT2G24170|2:10274818-10274896:-,2,10274818,10274896,-,AT2G24170.2,1,yes,2263,48,1754,2311,0.979229770662051,0.77507733097658,Arabidopsis_thaliana,high_confidence_IR
AT2G24255,AT2G24255.intron2,AT2G24255|2:10315788-10315997:-,2,10315788,10315997,-,AT2G24255.1,1,no,17,17,12,34,0.5,0.705882352941177,Arabidopsis_thaliana,high_confidence_IR
AT2G24255,AT2G24255.intron1,AT2G24255|2:10317095-10317212:-,2,10317095,10317212,-,AT2G24255.1,1,no,43,5,35,48,0.895833333333333,0.813953488372093,Arabidopsis_thaliana,high_confidence_IR
AT2G24430,AT2G24430.intron3,AT2G24430|2:10384009-10384182:-,2,10384009,10384182,-,AT2G24430.1;AT2G24430.2,2,no,157,613,112,770,0.203896103896104,0.713375796178344,Arabidopsis_thaliana,high_confidence_IR
AT2G24530,AT2G24530.intron2,AT2G24530|2:10422313-10422416:+,2,10422313,10422416,+,AT2G24530.1,1,yes,1277,370,973,1647,0.775349119611415,0.761942051683633,Arabidopsis_thaliana,high_confidence_IR
AT2G24630,AT2G24630.intron1,AT2G24630|2:10474265-10474397:-,2,10474265,10474397,-,AT2G24630.2,1,yes,331,933,254,1264,0.261867088607595,0.767371601208459,Arabidopsis_thaliana,high_confidence_IR
AT2G24790,AT2G24790.intron1,AT2G24790|2:10567538-10567640:+,2,10567538,10567640,+,AT2G24790.1,1,yes,14172,56248,14172,70420,0.20124964498722,1,Arabidopsis_thaliana,high_confidence_IR
AT2G24870,AT2G24870.intron1,AT2G24870|2:10588801-10589547:-,2,10588801,10589547,-,AT2G24870.1,1,no,48,106,48,154,0.311688311688312,1,Arabidopsis_thaliana,high_confidence_IR
AT2G25360,AT2G25360.intron1,AT2G25360|2:10804339-10804504:+,2,10804339,10804504,+,AT2G25360.1,1,no,18,20,18,38,0.473684210526316,1,Arabidopsis_thaliana,high_confidence_IR
AT2G25540,AT2G25540.intron13,AT2G25540|2:10867649-10867732:-,2,10867649,10867732,-,AT2G25540.1,1,no,52,56,41,108,0.481481481481481,0.788461538461538,Arabidopsis_thaliana,high_confidence_IR
AT2G25605,AT2G25605.intron2,AT2G25605|2:10899995-10900096:+,2,10899995,10900096,+,AT2G25605.1,1,no,3370,2666,2363,6036,0.558316766070245,0.701186943620178,Arabidopsis_thaliana,high_confidence_IR
AT2G25650,AT2G25650.intron1,AT2G25650|2:10915002-10915082:+,2,10915002,10915082,+,AT2G25650.1,1,no,975,3505,975,4480,0.217633928571429,1,Arabidopsis_thaliana,high_confidence_IR
AT2G25670,AT2G25670.intron1,AT2G25670|2:10930720-10930827:-,2,10930720,10930827,-,AT2G25670.1,1,yes,11294,13902,8874,25196,0.448245753294174,0.785726934655569,Arabidopsis_thaliana,high_confidence_IR
AT2G25700,AT2G25700.intron1,AT2G25700|2:10949088-10949233:-,2,10949088,10949233,-,AT2G25700.1,1,no,38,151,38,189,0.201058201058201,1,Arabidopsis_thaliana,high_confidence_IR
AT2G25770,AT2G25770.intron1,AT2G25770|2:10992855-10992956:+,2,10992855,10992956,+,AT2G25770.1,1,yes,214,732,214,946,0.226215644820296,1,Arabidopsis_thaliana,high_confidence_IR
AT2G25780,AT2G25780.intron1,AT2G25780|2:10995172-10995464:+,2,10995172,10995464,+,AT2G25780.1,1,no,60,227,60,287,0.209059233449477,1,Arabidopsis_thaliana,high_confidence_IR
AT2G25930,AT2G25930.intron2,AT2G25930|2:11060837-11062016:+,2,11060837,11062016,+,AT2G25930.1,1,no,2212,7586,1847,9798,0.225760359256991,0.83499095840868,Arabidopsis_thaliana,high_confidence_IR
AT2G25980,AT2G25980.intron2,AT2G25980|2:11079632-11079877:-,2,11079632,11079877,-,AT2G25980.2,1,yes,2905,1068,2265,3973,0.731185502139441,0.779690189328744,Arabidopsis_thaliana,high_confidence_IR
AT2G26130,AT2G26130.intron2,AT2G26130|2:11128224-11128298:+,2,11128224,11128298,+,AT2G26130.1,1,no,68,12,53,80,0.85,0.779411764705882,Arabidopsis_thaliana,high_confidence_IR
AT2G26390,AT2G26390.intron1,AT2G26390|2:11229876-11230110:-,2,11229876,11230110,-,AT2G26390.1,1,no,122,359,122,481,0.253638253638254,1,Arabidopsis_thaliana,high_confidence_IR
AT2G26420,AT2G26420.intron1,AT2G26420|2:11242335-11242684:-,2,11242335,11242684,-,AT2G26420.1;AT2G26420.2,2,no,98,187,77,285,0.343859649122807,0.785714285714286,Arabidopsis_thaliana,high_confidence_IR
AT2G26480,AT2G26480.intron1,AT2G26480|2:11264423-11264673:+,2,11264423,11264673,+,AT2G26480.1,1,no,369,572,369,941,0.392136025504782,1,Arabidopsis_thaliana,high_confidence_IR
AT2G26500,AT2G26500.intron3,AT2G26500|2:11270596-11270691:+,2,11270596,11270691,+,AT2G26500.3,1,yes,312853,652,265136,313505,0.997920288352658,0.847477888976612,Arabidopsis_thaliana,high_confidence_IR
AT2G26515,AT2G26515.intron1,AT2G26515|2:11278135-11278780:+,2,11278135,11278780,+,AT2G26515.1,1,no,642,190,642,832,0.771634615384615,1,Arabidopsis_thaliana,high_confidence_IR
AT2G26530,AT2G26530.intron1,AT2G26530|2:11283521-11283601:-,2,11283521,11283601,-,AT2G26530.2,1,yes,23034,7,23034,23041,0.999696193741591,1,Arabidopsis_thaliana,high_confidence_IR
AT2G26600,AT2G26600.intron1,AT2G26600|2:11316614-11316998:+,2,11316614,11316998,+,AT2G26600.2,1,yes,4643,484,3309,5127,0.905597815486639,0.712685763514969,Arabidopsis_thaliana,high_confidence_IR
AT2G26610,AT2G26610.intron1,AT2G26610|2:11319724-11319807:+,2,11319724,11319807,+,AT2G26610.1,1,no,36,10,27,46,0.782608695652174,0.75,Arabidopsis_thaliana,high_confidence_IR
AT2G26670,AT2G26670.intron1,AT2G26670|2:11342096-11342894:+,2,11342096,11342894,+,AT2G26670.2,1,yes,28520,1279,26686,29799,0.95707909661398,0.935694249649369,Arabidopsis_thaliana,high_confidence_IR
AT2G26692,AT2G26692.intron1,AT2G26692|2:11350889-11350983:+,2,11350889,11350983,+,AT2G26692.1,1,no,1258,150,1258,1408,0.893465909090909,1,Arabidopsis_thaliana,high_confidence_IR
AT2G26695,AT2G26695.intron1,AT2G26695|2:11365133-11365248:+,2,11365133,11365248,+,AT2G26695.1,1,yes,1262,2946,922,4208,0.299904942965779,0.730586370839937,Arabidopsis_thaliana,high_confidence_IR
AT2G26790,AT2G26790.intron1,AT2G26790|2:11424666-11424765:-,2,11424666,11424765,-,AT2G26790.1,1,yes,213,282,213,495,0.43030303030303,1,Arabidopsis_thaliana,high_confidence_IR
AT2G26850,AT2G26850.intron4,AT2G26850|2:11449776-11449855:-,2,11449776,11449855,-,AT2G26850.2,1,yes,18853,1647,17261,20500,0.919658536585366,0.915557205749748,Arabidopsis_thaliana,high_confidence_IR
AT2G27000,AT2G27000.intron1,AT2G27000|2:11524108-11524183:-,2,11524108,11524183,-,AT2G27000.1,1,no,465,1222,465,1687,0.275637225844695,1,Arabidopsis_thaliana,high_confidence_IR
AT2G27270,AT2G27270.intron1,AT2G27270|2:11672658-11672750:+,2,11672658,11672750,+,AT2G27270.1,1,no,67,10,67,77,0.87012987012987,1,Arabidopsis_thaliana,high_confidence_IR
AT2G27402,AT2G27402.intron1,AT2G27402|2:11722957-11723256:+,2,11722957,11723256,+,AT2G27402.1,1,no,124,27,124,151,0.821192052980132,1,Arabidopsis_thaliana,high_confidence_IR
AT2G27420,AT2G27420.intron1,AT2G27420|2:11726910-11727071:-,2,11726910,11727071,-,AT2G27420.1,1,no,333,438,333,771,0.431906614785992,1,Arabidopsis_thaliana,high_confidence_IR
AT2G27500,AT2G27500.intron1,AT2G27500|2:11753685-11753780:-,2,11753685,11753780,-,AT2G27500.1;AT2G27500.2,2,yes,9048,16741,8487,25789,0.350847260459886,0.937997347480106,Arabidopsis_thaliana,high_confidence_IR
AT2G27580,AT2G27580.intron1,AT2G27580|2:11777348-11777494:-,2,11777348,11777494,-,AT2G27580.2,1,yes,1308,59,1102,1367,0.956839795171909,0.842507645259939,Arabidopsis_thaliana,high_confidence_IR
AT2G27930,AT2G27930.intron1,AT2G27930|2:11892243-11892357:+,2,11892243,11892357,+,AT2G27930.1;AT2G27930.2;AT2G27930.6,3,yes,403,473,287,876,0.460045662100457,0.712158808933002,Arabidopsis_thaliana,high_confidence_IR
AT2G27940,AT2G27940.intron1,AT2G27940|2:11898320-11898385:+,2,11898320,11898385,+,AT2G27940.1,1,no,650,96,650,746,0.871313672922252,1,Arabidopsis_thaliana,high_confidence_IR
AT2G28040,AT2G28040.intron1,AT2G28040|2:11937321-11937889:-,2,11937321,11937889,-,AT2G28040.2,1,yes,203,48,203,251,0.808764940239044,1,Arabidopsis_thaliana,high_confidence_IR
AT2G28070,AT2G28070.intron8,AT2G28070|2:11958441-11958523:+,2,11958441,11958523,+,AT2G28070.1;AT2G28070.2,2,no,2388,1681,1679,4069,0.586876382403539,0.703098827470687,Arabidopsis_thaliana,high_confidence_IR
AT2G28140,AT2G28140.intron1,AT2G28140|2:11995154-11995235:+,2,11995154,11995235,+,AT2G28140.1,1,no,629,1643,629,2272,0.276848591549296,1,Arabidopsis_thaliana,high_confidence_IR
AT2G28290,AT2G28290.intron36,AT2G28290|2:12072241-12072375:+,2,12072241,12072375,+,AT2G28290.2,1,yes,2872,774,2210,3646,0.787712561711465,0.76949860724234,Arabidopsis_thaliana,high_confidence_IR
AT2G28570,AT2G28570.intron1,AT2G28570|2:12241871-12242048:+,2,12241871,12242048,+,AT2G28570.2,1,yes,13888,1888,13888,15776,0.880324543610548,1,Arabidopsis_thaliana,high_confidence_IR
AT2G28605,AT2G28605.intron1,AT2G28605|2:12255352-12255431:+,2,12255352,12255431,+,AT2G28605.1,1,no,2461,6367,2461,8828,0.278772088808337,1,Arabidopsis_thaliana,high_confidence_IR
AT2G28630,AT2G28630.intron1,AT2G28630|2:12274761-12275671:-,2,12274761,12275671,-,AT2G28630.1,1,yes,53,21,53,74,0.716216216216216,1,Arabidopsis_thaliana,high_confidence_IR
AT2G29065,AT2G29065.intron1,AT2G29065|2:12484860-12485011:+,2,12484860,12485011,+,AT2G29065.1,1,no,249,770,249,1019,0.244357212953876,1,Arabidopsis_thaliana,high_confidence_IR
AT2G29100,AT2G29100.intron4,AT2G29100|2:12501656-12501741:-,2,12501656,12501741,-,AT2G29100.1;AT2G29100.2,2,no,21,61,19,82,0.25609756097561,0.904761904761905,Arabidopsis_thaliana,high_confidence_IR
AT2G29100,AT2G29100.intron3,AT2G29100|2:12502146-12502301:-,2,12502146,12502301,-,AT2G29100.1;AT2G29100.2,2,no,44,53,36,97,0.45360824742268,0.818181818181818,Arabidopsis_thaliana,high_confidence_IR
AT2G29140,AT2G29140.intron1,AT2G29140|2:12530925-12531388:+,2,12530925,12531388,+,AT2G29140.1,1,yes,381,1329,275,1710,0.22280701754386,0.721784776902887,Arabidopsis_thaliana,high_confidence_IR
AT2G29360,AT2G29360.intron1,AT2G29360|2:12603941-12604142:+,2,12603941,12604142,+,AT2G29360.1,1,no,13497,29724,9708,43221,0.312278753383772,0.7192709490998,Arabidopsis_thaliana,high_confidence_IR
AT2G29420,AT2G29420.intron1,AT2G29420|2:12618468-12618544:-,2,12618468,12618544,-,AT2G29420.1,1,no,5548,16049,5548,21597,0.256887530675557,1,Arabidopsis_thaliana,high_confidence_IR
AT2G29485,AT2G29485.intron1,AT2G29485|2:12630732-12630906:+,2,12630732,12630906,+,AT2G29485.1,1,no,537,369,537,906,0.592715231788079,1,Arabidopsis_thaliana,high_confidence_IR
AT2G29480,AT2G29480.intron1,AT2G29480|2:12630739-12630911:-,2,12630739,12630911,-,AT2G29480.1,1,no,690,1917,690,2607,0.264672036823936,1,Arabidopsis_thaliana,high_confidence_IR
AT2G29490,AT2G29490.intron1,AT2G29490|2:12631947-12632039:-,2,12631947,12632039,-,AT2G29490.1,1,no,3937,13236,3937,17173,0.229255226227217,1,Arabidopsis_thaliana,high_confidence_IR
AT2G29760,AT2G29760.intron1,AT2G29760|2:12715120-12715355:+,2,12715120,12715355,+,AT2G29760.1,1,no,80,123,80,203,0.394088669950739,1,Arabidopsis_thaliana,high_confidence_IR
AT2G30020,AT2G30020.intron1,AT2G30020|2:12814941-12815217:+,2,12814941,12815217,+,AT2G30020.1,1,no,13240,13274,13240,26514,0.49935882929773,1,Arabidopsis_thaliana,high_confidence_IR
AT2G30090,AT2G30090.intron2,AT2G30090|2:12844198-12844448:-,2,12844198,12844448,-,AT2G30090.1,1,no,6,7,5,13,0.461538461538462,0.833333333333333,Arabidopsis_thaliana,high_confidence_IR
AT2G30130,AT2G30130.intron1,AT2G30130|2:12868902-12869264:+,2,12868902,12869264,+,AT2G30130.1,1,no,198,446,198,644,0.307453416149068,1,Arabidopsis_thaliana,high_confidence_IR
AT2G30290,AT2G30290.intron1,AT2G30290|2:12915359-12915480:-,2,12915359,12915480,-,AT2G30290.1;AT2G30290.2,2,no,86,239,78,325,0.264615384615385,0.906976744186046,Arabidopsis_thaliana,high_confidence_IR
AT2G30730,AT2G30730.intron1,AT2G30730|2:13092911-13093175:+,2,13092911,13093175,+,AT2G30730.2,1,yes,12,5,10,17,0.705882352941177,0.833333333333333,Arabidopsis_thaliana,high_confidence_IR
AT2G30780,AT2G30780.intron2,AT2G30780|2:13118151-13118236:+,2,13118151,13118236,+,AT2G30780.2,1,yes,3058,145,2514,3203,0.954729940680612,0.822105951602354,Arabidopsis_thaliana,high_confidence_IR
AT2G30860,AT2G30860.intron3,AT2G30860|2:13139871-13140039:+,2,13139871,13140039,+,AT2G30860.2,1,yes,724896,1211,575444,726107,0.998332201727845,0.793829735575862,Arabidopsis_thaliana,high_confidence_IR
AT2G31040,AT2G31040.intron1,AT2G31040|2:13210626-13210703:-,2,13210626,13210703,-,AT2G31040.1,1,no,5447,21437,3884,26884,0.202611218568665,0.713053056728474,Arabidopsis_thaliana,high_confidence_IR
AT2G31100,AT2G31100.intron2,AT2G31100|2:13257389-13257470:-,2,13257389,13257470,-,AT2G31100.1,1,no,681,10,513,691,0.985528219971056,0.753303964757709,Arabidopsis_thaliana,high_confidence_IR
AT2G31215,AT2G31215.intron1,AT2G31215|2:13299960-13300065:+,2,13299960,13300065,+,AT2G31215.1,1,no,18,42,18,60,0.3,1,Arabidopsis_thaliana,high_confidence_IR
AT2G31290,AT2G31290.intron1,AT2G31290|2:13344057-13344129:+,2,13344057,13344129,+,AT2G31290.2,1,yes,902,319,902,1221,0.738738738738739,1,Arabidopsis_thaliana,high_confidence_IR
AT2G31360,AT2G31360.intron1,AT2G31360|2:13373656-13373999:-,2,13373656,13373999,-,AT2G31360.2,1,yes,29,9,23,38,0.763157894736842,0.793103448275862,Arabidopsis_thaliana,high_confidence_IR
AT2G31470,AT2G31470.intron1,AT2G31470|2:13407708-13407931:-,2,13407708,13407931,-,AT2G31470.2,1,yes,13,24,13,37,0.351351351351351,1,Arabidopsis_thaliana,high_confidence_IR
AT2G31585,AT2G31585.intron1,AT2G31585|2:13446179-13446265:+,2,13446179,13446265,+,AT2G31585.2,1,yes,6854,187,6854,7041,0.973441272546513,1,Arabidopsis_thaliana,high_confidence_IR
AT2G31750,AT2G31750.intron2,AT2G31750|2:13499867-13500122:+,2,13499867,13500122,+,AT2G31750.2,1,yes,1471,243,1233,1714,0.858226371061844,0.838205302515296,Arabidopsis_thaliana,high_confidence_IR
AT2G31780,AT2G31780.intron2,AT2G31780|2:13517048-13517138:+,2,13517048,13517138,+,AT2G31780.1,1,no,12,17,9,29,0.413793103448276,0.75,Arabidopsis_thaliana,high_confidence_IR
AT2G31840,AT2G31840.intron1,AT2G31840|2:13539608-13539736:-,2,13539608,13539736,-,AT2G31840.2,1,yes,5203,799,3765,6002,0.866877707430856,0.723620987891601,Arabidopsis_thaliana,high_confidence_IR
AT2G31957,AT2G31957.intron1,AT2G31957|2:13587782-13588005:+,2,13587782,13588005,+,AT2G31957.1,1,no,6,18,6,24,0.25,1,Arabidopsis_thaliana,high_confidence_IR
AT2G32180,AT2G32180.intron1,AT2G32180|2:13672809-13673187:-,2,13672809,13673187,-,AT2G32180.1,1,no,2540,6619,2540,9159,0.27732285183972,1,Arabidopsis_thaliana,high_confidence_IR
AT2G32275,AT2G32275.intron1,AT2G32275|2:13709975-13710089:+,2,13709975,13710089,+,AT2G32275.1,1,no,56,10,56,66,0.848484848484849,1,Arabidopsis_thaliana,high_confidence_IR
AT2G32350,AT2G32350.intron1,AT2G32350|2:13735264-13735344:+,2,13735264,13735344,+,AT2G32350.1,1,no,17,58,17,75,0.226666666666667,1,Arabidopsis_thaliana,high_confidence_IR
AT2G32370,AT2G32370.intron11,AT2G32370|2:13745403-13745486:+,2,13745403,13745486,+,AT2G32370.1,1,no,75,6,63,81,0.925925925925926,0.84,Arabidopsis_thaliana,high_confidence_IR
AT2G32480,AT2G32480.intron1,AT2G32480|2:13788997-13789107:-,2,13788997,13789107,-,AT2G32480.2,1,yes,11014,466,11014,11480,0.959407665505226,1,Arabidopsis_thaliana,high_confidence_IR
AT2G32710,AT2G32710.intron1,AT2G32710|2:13874074-13874953:+,2,13874074,13874953,+,AT2G32710.2,1,yes,2450,4691,2261,7141,0.34308920319283,0.922857142857143,Arabidopsis_thaliana,high_confidence_IR
AT2G32780,AT2G32780.intron2,AT2G32780|2:13898672-13898776:-,2,13898672,13898776,-,AT2G32780.1,1,no,40,5,40,45,0.888888888888889,1,Arabidopsis_thaliana,high_confidence_IR
AT2G32790,AT2G32790.intron1,AT2G32790|2:13905880-13905968:-,2,13905880,13905968,-,AT2G32790.1,1,no,13,37,13,50,0.26,1,Arabidopsis_thaliana,high_confidence_IR
AT2G33100,AT2G33100.intron1,AT2G33100|2:14040132-14040522:-,2,14040132,14040522,-,AT2G33100.2,1,yes,37,8,32,45,0.822222222222222,0.864864864864865,Arabidopsis_thaliana,high_confidence_IR
AT2G33230,AT2G33230.intron2,AT2G33230|2:14080636-14080775:-,2,14080636,14080775,-,AT2G33230.1,1,no,137,11,96,148,0.925675675675676,0.700729927007299,Arabidopsis_thaliana,high_confidence_IR
AT2G33260,AT2G33260.intron1,AT2G33260|2:14100919-14101020:-,2,14100919,14101020,-,AT2G33260.1;AT2G33260.2,2,no,617,34,617,651,0.947772657450077,1,Arabidopsis_thaliana,high_confidence_IR
AT2G33380,AT2G33380.intron6,AT2G33380|2:14145135-14145487:-,2,14145135,14145487,-,AT2G33380.2,1,yes,10942,405,9572,11347,0.964307746540936,0.874794370316213,Arabidopsis_thaliana,high_confidence_IR
AT2G33470,AT2G33470.intron2,AT2G33470|2:14177970-14178413:-,2,14177970,14178413,-,AT2G33470.2,1,yes,12994,21036,10146,34030,0.381839553335292,0.780821917808219,Arabidopsis_thaliana,high_confidence_IR
AT2G34080,AT2G34080.intron1,AT2G34080|2:14394015-14394323:-,2,14394015,14394323,-,AT2G34080.1,1,no,453,547,453,1000,0.453,1,Arabidopsis_thaliana,high_confidence_IR
AT2G34220,AT2G34220.intron1,AT2G34220|2:14450816-14450909:+,2,14450816,14450909,+,AT2G34220.2,1,no,484,58,419,542,0.892988929889299,0.865702479338843,Arabidopsis_thaliana,high_confidence_IR
AT2G34224,AT2G34224.intron1,AT2G34224|2:14454156-14454243:-,2,14454156,14454243,-,AT2G34224.2,1,yes,335,85,335,420,0.797619047619048,1,Arabidopsis_thaliana,high_confidence_IR
AT2G34230,AT2G34230.intron1,AT2G34230|2:14456586-14456679:+,2,14456586,14456679,+,AT2G34230.1,1,yes,44,82,35,126,0.349206349206349,0.795454545454545,Arabidopsis_thaliana,high_confidence_IR
AT2G34315,AT2G34315.intron3,AT2G34315|2:14480476-14480637:-,2,14480476,14480637,-,AT2G34315.2,1,yes,1163,418,957,1581,0.735610373181531,0.822871883061049,Arabidopsis_thaliana,high_confidence_IR
AT2G34350,AT2G34350.intron1,AT2G34350|2:14493358-14493589:+,2,14493358,14493589,+,AT2G34350.1,1,yes,34,14,24,48,0.708333333333333,0.705882352941177,Arabidopsis_thaliana,high_confidence_IR
AT2G08660,AT2G08660.intron1,AT2G08660|2:14514334-14515080:+,2,14514334,14515080,+,AT2G08660.1,1,no,385,28,385,413,0.932203389830508,1,Arabidopsis_thaliana,high_confidence_IR
AT2G34400,AT2G34400.intron1,AT2G34400|2:14517149-14517243:+,2,14517149,14517243,+,AT2G34400.1,1,no,102,394,102,496,0.205645161290323,1,Arabidopsis_thaliana,high_confidence_IR
AT2G34600,AT2G34600.intron1,AT2G34600|2:14573297-14573396:+,2,14573297,14573396,+,AT2G34600.1,1,no,890,1176,890,2066,0.430784123910939,1,Arabidopsis_thaliana,high_confidence_IR
AT2G35210,AT2G35210.intron5,AT2G35210|2:14837590-14837676:+,2,14837590,14837676,+,AT2G35210.2,1,yes,2565,21,2142,2586,0.991879350348028,0.835087719298246,Arabidopsis_thaliana,high_confidence_IR
AT2G35330,AT2G35330.intron1,AT2G35330|2:14869061-14869225:+,2,14869061,14869225,+,AT2G35330.2,1,yes,1780,2853,1619,4633,0.384200302180013,0.909550561797753,Arabidopsis_thaliana,high_confidence_IR
AT2G35520,AT2G35520.intron6,AT2G35520|2:14922906-14923007:+,2,14922906,14923007,+,AT2G35520.1,1,yes,938,13,860,951,0.986330178759201,0.916844349680171,Arabidopsis_thaliana,high_confidence_IR
AT2G35555,AT2G35555.intron1,AT2G35555|2:14930775-14931241:-,2,14930775,14931241,-,AT2G35555.1,1,no,39,5,39,44,0.886363636363636,1,Arabidopsis_thaliana,high_confidence_IR
AT2G35600,AT2G35600.intron2,AT2G35600|2:14944616-14945110:-,2,14944616,14945110,-,AT2G35600.2,1,yes,296,216,208,512,0.578125,0.702702702702703,Arabidopsis_thaliana,high_confidence_IR
AT2G35640,AT2G35640.intron1,AT2G35640|2:14983520-14983844:+,2,14983520,14983844,+,AT2G35640.1,1,no,528,354,528,882,0.598639455782313,1,Arabidopsis_thaliana,high_confidence_IR
AT2G35736,AT2G35736.intron1,AT2G35736|2:15022814-15023077:-,2,15022814,15023077,-,AT2G35736.2,1,no,2176,4099,2176,6275,0.346772908366534,1,Arabidopsis_thaliana,high_confidence_IR
AT2G35830,AT2G35830.intron2,AT2G35830|2:15052454-15052681:+,2,15052454,15052681,+,AT2G35830.1,1,yes,10026,12833,7096,22859,0.438601863598583,0.707759824456413,Arabidopsis_thaliana,high_confidence_IR
AT2G36000,AT2G36000.intron1,AT2G36000|2:15118117-15118312:+,2,15118117,15118312,+,AT2G36000.2,1,yes,4029,5625,3436,9654,0.417339962709758,0.852817076197568,Arabidopsis_thaliana,high_confidence_IR
AT2G36255,AT2G36255.intron1,AT2G36255|2:15201581-15201667:-,2,15201581,15201667,-,AT2G36255.1,1,no,14,54,14,68,0.205882352941176,1,Arabidopsis_thaliana,high_confidence_IR
AT2G36650,AT2G36650.intron1,AT2G36650|2:15360732-15360810:+,2,15360732,15360810,+,AT2G36650.1,1,no,533,1218,533,1751,0.3043974871502,1,Arabidopsis_thaliana,high_confidence_IR
AT2G36970,AT2G36970.intron1,AT2G36970|2:15529576-15529765:+,2,15529576,15529765,+,AT2G36970.1,1,no,472,1167,472,1639,0.287980475899939,1,Arabidopsis_thaliana,high_confidence_IR
AT2G37125,AT2G37125.intron1,AT2G37125|2:15596514-15596623:-,2,15596514,15596623,-,AT2G37125.1,1,no,53,103,53,156,0.33974358974359,1,Arabidopsis_thaliana,high_confidence_IR
AT2G37280,AT2G37280.intron22,AT2G37280|2:15656068-15656150:+,2,15656068,15656150,+,AT2G37280.1;AT2G37280.3;AT2G37280.4,3,yes,74,268,54,342,0.216374269005848,0.72972972972973,Arabidopsis_thaliana,high_confidence_IR
AT2G37550,AT2G37550.intron4,AT2G37550|2:15755452-15755541:-,2,15755452,15755541,-,AT2G37550.2,1,yes,15945,1314,11948,17259,0.923865809143056,0.749325807463155,Arabidopsis_thaliana,high_confidence_IR
AT2G37650,AT2G37650.intron1,AT2G37650|2:15792582-15792656:+,2,15792582,15792656,+,AT2G37650.2,1,yes,1569,112,1486,1681,0.933372992266508,0.947100063734863,Arabidopsis_thaliana,high_confidence_IR
AT2G37650,AT2G37650.intron2,AT2G37650|2:15794857-15794947:+,2,15794857,15794947,+,AT2G37650.1,1,no,902,2692,832,3594,0.250973845297718,0.922394678492239,Arabidopsis_thaliana,high_confidence_IR
AT2G37920,AT2G37920.intron1,AT2G37920|2:15868970-15869063:-,2,15868970,15869063,-,AT2G37920.1,1,no,529,27,529,556,0.951438848920863,1,Arabidopsis_thaliana,high_confidence_IR
AT2G37930,AT2G37930.intron3,AT2G37930|2:15874445-15874527:+,2,15874445,15874527,+,AT2G37930.1;AT2G37930.3;AT2G37930.4,3,yes,585,1869,431,2454,0.23838630806846,0.736752136752137,Arabidopsis_thaliana,high_confidence_IR
AT2G37950,AT2G37950.intron1,AT2G37950|2:15882780-15883285:-,2,15882780,15883285,-,AT2G37950.1,1,no,447,1205,447,1652,0.270581113801453,1,Arabidopsis_thaliana,high_confidence_IR
AT2G08915,AT2G08915.intron1,AT2G08915|2:15890786-15891053:-,2,15890786,15891053,-,AT2G08915.1,1,no,12,11,12,23,0.521739130434783,1,Arabidopsis_thaliana,high_confidence_IR
AT2G38130,AT2G38130.intron3,AT2G38130|2:15980178-15980469:-,2,15980178,15980469,-,AT2G38130.2,1,yes,9018,4819,6926,13837,0.651730866517309,0.768019516522511,Arabidopsis_thaliana,high_confidence_IR
AT2G38250,AT2G38250.intron1,AT2G38250|2:16018690-16018936:+,2,16018690,16018936,+,AT2G38250.1,1,no,423,1408,423,1831,0.231021299836155,1,Arabidopsis_thaliana,high_confidence_IR
AT2G38320,AT2G38320.intron1,AT2G38320|2:16055516-16055591:+,2,16055516,16055591,+,AT2G38320.2,1,yes,1647,116,1212,1763,0.934203062960862,0.735883424408015,Arabidopsis_thaliana,high_confidence_IR
AT2G38465,AT2G38465.intron1,AT2G38465|2:16106519-16106681:-,2,16106519,16106681,-,AT2G38465.1,1,no,2422,6663,2422,9085,0.266593285635663,1,Arabidopsis_thaliana,high_confidence_IR
AT2G38640,AT2G38640.intron1,AT2G38640|2:16158079-16158237:-,2,16158079,16158237,-,AT2G38640.1,1,no,1432,5360,1432,6792,0.210836277974087,1,Arabidopsis_thaliana,high_confidence_IR
AT2G38650,AT2G38650.intron10,AT2G38650|2:16161745-16161852:-,2,16161745,16161852,-,AT2G38650.2,1,yes,7752,297,5498,8049,0.963101006336191,0.709236326109391,Arabidopsis_thaliana,high_confidence_IR
AT2G39000,AT2G39000.intron1,AT2G39000|2:16287393-16287876:-,2,16287393,16287876,-,AT2G39000.3,1,yes,15109,262,12136,15371,0.982954915099863,0.803229862995566,Arabidopsis_thaliana,high_confidence_IR
AT2G39100,AT2G39100.intron5,AT2G39100|2:16318609-16318843:+,2,16318609,16318843,+,AT2G39100.2,1,yes,4157,188,3016,4345,0.956731875719217,0.725523213856146,Arabidopsis_thaliana,high_confidence_IR
AT2G39720,AT2G39720.intron1,AT2G39720|2:16566880-16567476:-,2,16566880,16567476,-,AT2G39720.1,1,yes,516,309,516,825,0.625454545454545,1,Arabidopsis_thaliana,high_confidence_IR
AT2G39725,AT2G39725.intron1,AT2G39725|2:16569516-16570062:+,2,16569516,16570062,+,AT2G39725.2,1,yes,641,1939,502,2580,0.248449612403101,0.783151326053042,Arabidopsis_thaliana,high_confidence_IR
AT2G39730,AT2G39730.intron6,AT2G39730|2:16571067-16571190:-,2,16571067,16571190,-,AT2G39730.1,1,yes,218927,378899,167373,597826,0.366205216902577,0.764515112343384,Arabidopsis_thaliana,high_confidence_IR
AT2G39790,AT2G39790.intron1,AT2G39790|2:16595079-16595233:+,2,16595079,16595233,+,AT2G39790.1,1,no,21,27,21,48,0.4375,1,Arabidopsis_thaliana,high_confidence_IR
AT2G39870,AT2G39870.intron1,AT2G39870|2:16643970-16644053:+,2,16643970,16644053,+,AT2G39870.1,1,no,1447,3981,1274,5428,0.266580692704495,0.880442294402211,Arabidopsis_thaliana,high_confidence_IR
AT2G09090,AT2G09090.intron1,AT2G09090|2:16672180-16672344:-,2,16672180,16672344,-,AT2G09090.1,1,no,6258,50,6258,6308,0.992073557387445,1,Arabidopsis_thaliana,high_confidence_IR
AT2G40010,AT2G40010.intron1,AT2G40010|2:16710082-16710190:-,2,16710082,16710190,-,AT2G40010.1,1,no,3280,3323,2484,6603,0.496743904285931,0.757317073170732,Arabidopsis_thaliana,high_confidence_IR
AT2G40020,AT2G40020.intron2,AT2G40020|2:16711065-16711801:+,2,16711065,16711801,+,AT2G40020.1,1,yes,1334,53,1005,1387,0.961788031723143,0.753373313343328,Arabidopsis_thaliana,high_confidence_IR
AT2G40200,AT2G40200.intron1,AT2G40200|2:16791380-16791544:+,2,16791380,16791544,+,AT2G40200.1,1,no,455,726,455,1181,0.385266723116003,1,Arabidopsis_thaliana,high_confidence_IR
AT2G40390,AT2G40390.intron1,AT2G40390|2:16868236-16868321:+,2,16868236,16868321,+,AT2G40390.1,1,no,231,575,231,806,0.286600496277916,1,Arabidopsis_thaliana,high_confidence_IR
AT2G40440,AT2G40440.intron1,AT2G40440|2:16889362-16889457:-,2,16889362,16889457,-,AT2G40440.1,1,no,291,16,291,307,0.947882736156352,1,Arabidopsis_thaliana,high_confidence_IR
AT2G40450,AT2G40450.intron1,AT2G40450|2:16892516-16892652:-,2,16892516,16892652,-,AT2G40450.1,1,no,25,14,25,39,0.641025641025641,1,Arabidopsis_thaliana,high_confidence_IR
AT2G40711,AT2G40711.intron1,AT2G40711|2:16982581-16982666:-,2,16982581,16982666,-,AT2G40711.1,1,no,1166,1380,1166,2546,0.457973291437549,1,Arabidopsis_thaliana,high_confidence_IR
AT2G40740,AT2G40740.intron2,AT2G40740|2:16997623-16998975:+,2,16997623,16998975,+,AT2G40740.2,1,yes,125,63,97,188,0.664893617021277,0.776,Arabidopsis_thaliana,high_confidence_IR
AT2G40960,AT2G40960.intron1,AT2G40960|2:17095459-17095568:+,2,17095459,17095568,+,AT2G40960.2,1,yes,1647,115,1427,1762,0.934733257661748,0.86642380085003,Arabidopsis_thaliana,high_confidence_IR
AT2G41100,AT2G41100.intron1,AT2G41100|2:17137412-17137520:+,2,17137412,17137520,+,AT2G41100.3,1,yes,302,569,247,871,0.346727898966705,0.817880794701987,Arabidopsis_thaliana,high_confidence_IR
AT2G41178,AT2G41178.intron1,AT2G41178|2:17165120-17165202:-,2,17165120,17165202,-,AT2G41178.1,1,yes,262,114,262,376,0.696808510638298,1,Arabidopsis_thaliana,high_confidence_IR
AT2G41260,AT2G41260.intron2,AT2G41260|2:17206886-17207050:+,2,17206886,17207050,+,AT2G41260.1,1,yes,5985,50,5491,6035,0.991714995857498,0.917460317460317,Arabidopsis_thaliana,high_confidence_IR
AT2G41312,AT2G41312.intron1,AT2G41312|2:17225873-17226420:+,2,17225873,17226420,+,AT2G41312.1,1,yes,287,102,287,389,0.737789203084833,1,Arabidopsis_thaliana,high_confidence_IR
AT2G41380,AT2G41380.intron1,AT2G41380|2:17252131-17252226:+,2,17252131,17252226,+,AT2G41380.1,1,no,1224,3887,1224,5111,0.239483467031892,1,Arabidopsis_thaliana,high_confidence_IR
AT2G41690,AT2G41690.intron1,AT2G41690|2:17382020-17382139:+,2,17382020,17382139,+,AT2G41690.1,1,no,126,414,126,540,0.233333333333333,1,Arabidopsis_thaliana,high_confidence_IR
AT2G41780,AT2G41780.intron1,AT2G41780|2:17428629-17428675:+,2,17428629,17428675,+,AT2G41780.2,1,yes,2856,48,2856,2904,0.983471074380165,1,Arabidopsis_thaliana,high_confidence_IR
AT2G41890,AT2G41890.intron1,AT2G41890|2:17480438-17480853:-,2,17480438,17480853,-,AT2G41890.1,1,no,279,1046,279,1325,0.210566037735849,1,Arabidopsis_thaliana,high_confidence_IR
AT2G42250,AT2G42250.intron1,AT2G42250|2:17600705-17600794:-,2,17600705,17600794,-,AT2G42250.1,1,no,796,1076,796,1872,0.425213675213675,1,Arabidopsis_thaliana,high_confidence_IR
AT2G42395,AT2G42395.intron1,AT2G42395|2:17653803-17653902:-,2,17653803,17653902,-,AT2G42395.1,1,no,383,1204,383,1587,0.241335853812224,1,Arabidopsis_thaliana,high_confidence_IR
AT2G42440,AT2G42440.intron1,AT2G42440|2:17669344-17669471:-,2,17669344,17669471,-,AT2G42440.1,1,no,18,23,18,41,0.439024390243902,1,Arabidopsis_thaliana,high_confidence_IR
AT2G42610,AT2G42610.intron1,AT2G42610|2:17748570-17750104:+,2,17748570,17750104,+,AT2G42610.2,1,yes,3747,2653,3697,6400,0.58546875,0.986655991459835,Arabidopsis_thaliana,high_confidence_IR
AT2G42720,AT2G42720.intron1,AT2G42720|2:17786553-17786693:+,2,17786553,17786693,+,AT2G42720.1,1,no,128,197,90,325,0.393846153846154,0.703125,Arabidopsis_thaliana,high_confidence_IR
AT2G42860,AT2G42860.intron1,AT2G42860|2:17834438-17834551:+,2,17834438,17834551,+,AT2G42860.1,1,no,51,44,51,95,0.536842105263158,1,Arabidopsis_thaliana,high_confidence_IR
AT2G43090,AT2G43090.intron1,AT2G43090|2:17919330-17919416:+,2,17919330,17919416,+,AT2G43090.2,1,yes,34498,54,30750,34552,0.998437138226441,0.891356020638878,Arabidopsis_thaliana,high_confidence_IR
AT2G43200,AT2G43200.intron1,AT2G43200|2:17958114-17958204:+,2,17958114,17958204,+,AT2G43200.1,1,yes,151,148,126,299,0.505016722408027,0.834437086092715,Arabidopsis_thaliana,high_confidence_IR
AT2G43235,AT2G43235.intron1,AT2G43235|2:17969866-17970074:-,2,17969866,17970074,-,AT2G43235.1,1,no,1849,4065,1302,5914,0.31264795400744,0.704164413196322,Arabidopsis_thaliana,high_confidence_IR
AT2G43260,AT2G43260.intron1,AT2G43260|2:17984586-17984668:-,2,17984586,17984668,-,AT2G43260.1;AT2G43260.2,2,no,1715,2850,1715,4565,0.375684556407448,1,Arabidopsis_thaliana,high_confidence_IR
AT2G43340,AT2G43340.intron1,AT2G43340|2:18008259-18008336:+,2,18008259,18008336,+,AT2G43340.1,1,no,4728,14974,4728,19702,0.239975636991168,1,Arabidopsis_thaliana,high_confidence_IR
AT2G43440,AT2G43440.intron1,AT2G43440|2:18039735-18039802:+,2,18039735,18039802,+,AT2G43440.1,1,no,146,310,146,456,0.320175438596491,1,Arabidopsis_thaliana,high_confidence_IR
AT2G43445,AT2G43445.intron1,AT2G43445|2:18041914-18042180:+,2,18041914,18042180,+,AT2G43445.1,1,no,291,494,291,785,0.370700636942675,1,Arabidopsis_thaliana,high_confidence_IR
AT2G43530,AT2G43530.intron1,AT2G43530|2:18070171-18070332:+,2,18070171,18070332,+,AT2G43530.1,1,no,7388,21252,7388,28640,0.257960893854749,1,Arabidopsis_thaliana,high_confidence_IR
AT2G43730,AT2G43730.intron1,AT2G43730|2:18125277-18125450:-,2,18125277,18125450,-,AT2G43730.1,1,no,13,35,13,48,0.270833333333333,1,Arabidopsis_thaliana,high_confidence_IR
AT2G43745,AT2G43745.intron1,AT2G43745|2:18128892-18128977:-,2,18128892,18128977,-,AT2G43745.1,1,no,159,30,159,189,0.841269841269841,1,Arabidopsis_thaliana,high_confidence_IR
AT2G43960,AT2G43960.intron1,AT2G43960|2:18204782-18204901:-,2,18204782,18204901,-,AT2G43960.1,1,no,49,68,49,117,0.418803418803419,1,Arabidopsis_thaliana,high_confidence_IR
AT2G43970,AT2G43970.intron8,AT2G43970|2:18206343-18206572:-,2,18206343,18206572,-,AT2G43970.2,1,yes,58280,343,47304,58623,0.994149054125514,0.811667810569664,Arabidopsis_thaliana,high_confidence_IR
AT2G44230,AT2G44230.intron1,AT2G44230|2:18286631-18286712:+,2,18286631,18286712,+,AT2G44230.1,1,no,1173,4553,1173,5726,0.204855047153336,1,Arabidopsis_thaliana,high_confidence_IR
AT2G44260,AT2G44260.intron1,AT2G44260|2:18296109-18296198:+,2,18296109,18296198,+,AT2G44260.1,1,yes,1980,954,1980,2934,0.674846625766871,1,Arabidopsis_thaliana,high_confidence_IR
AT2G44255,AT2G44255.intron1,AT2G44255|2:18297027-18297148:-,2,18297027,18297148,-,AT2G44255.1,1,yes,1406,1845,1406,3251,0.43248231313442,1,Arabidopsis_thaliana,high_confidence_IR
AT2G44540,AT2G44540.intron1,AT2G44540|2:18387792-18387888:-,2,18387792,18387888,-,AT2G44540.1,1,no,53,9,42,62,0.854838709677419,0.792452830188679,Arabidopsis_thaliana,high_confidence_IR
AT2G44860,AT2G44860.intron2,AT2G44860|2:18502149-18502446:-,2,18502149,18502446,-,AT2G44860.2,1,yes,20724,1921,18815,22645,0.915168911459483,0.907884578266744,Arabidopsis_thaliana,high_confidence_IR
AT2G44900,AT2G44900.intron1,AT2G44900|2:18516012-18516123:-,2,18516012,18516123,-,AT2G44900.1,1,yes,1673,639,1290,2312,0.723615916955017,0.771069934249851,Arabidopsis_thaliana,high_confidence_IR
AT2G45010,AT2G45010.intron1,AT2G45010|2:18568156-18568754:+,2,18568156,18568754,+,AT2G45010.1,1,yes,2451,8380,1850,10831,0.226294894284923,0.754793961648307,Arabidopsis_thaliana,high_confidence_IR
AT2G45050,AT2G45050.intron1,AT2G45050|2:18583174-18583266:+,2,18583174,18583266,+,AT2G45050.1,1,no,1218,3869,1218,5087,0.239433850992727,1,Arabidopsis_thaliana,high_confidence_IR
AT2G45080,AT2G45080.intron1,AT2G45080|2:18592080-18592166:+,2,18592080,18592166,+,AT2G45080.1,1,no,2275,2209,2275,4484,0.50735950044603,1,Arabidopsis_thaliana,high_confidence_IR
AT2G45140,AT2G45140.intron5,AT2G45140|2:18611879-18612541:+,2,18611879,18612541,+,AT2G45140.2,1,yes,21091,517,15852,21608,0.976073676416142,0.75160020861979,Arabidopsis_thaliana,high_confidence_IR
AT2G45243,AT2G45243.intron1,AT2G45243|2:18660937-18661024:+,2,18660937,18661024,+,AT2G45243.1,1,no,433,268,433,701,0.617689015691869,1,Arabidopsis_thaliana,high_confidence_IR
AT2G45410,AT2G45410.intron1,AT2G45410|2:18712719-18712802:-,2,18712719,18712802,-,AT2G45410.1,1,no,30,53,30,83,0.36144578313253,1,Arabidopsis_thaliana,high_confidence_IR
AT2G45450,AT2G45450.intron1,AT2G45450|2:18733732-18733831:-,2,18733732,18733831,-,AT2G45450.1,1,no,1724,6606,1724,8330,0.206962785114046,1,Arabidopsis_thaliana,high_confidence_IR
AT2G09640,AT2G09640.intron1,AT2G09640|2:18757316-18757730:-,2,18757316,18757730,-,AT2G09640.1,1,no,234,43,234,277,0.844765342960289,1,Arabidopsis_thaliana,high_confidence_IR
AT2G45640,AT2G45640.intron4,AT2G45640|2:18800108-18800513:-,2,18800108,18800513,-,AT2G45640.2,1,yes,15536,157,12015,15693,0.989995539412477,0.77336508753862,Arabidopsis_thaliana,high_confidence_IR
AT2G09665,AT2G09665.intron1,AT2G09665|2:18858456-18858540:+,2,18858456,18858540,+,AT2G09665.1,1,no,47149,14,47149,47163,0.99970315713589,1,Arabidopsis_thaliana,high_confidence_IR
AT2G45930,AT2G45930.intron1,AT2G45930|2:18902608-18902700:-,2,18902608,18902700,-,AT2G45930.1,1,no,116,168,116,284,0.408450704225352,1,Arabidopsis_thaliana,high_confidence_IR
AT2G45940,AT2G45940.intron1,AT2G45940|2:18903703-18903793:+,2,18903703,18903793,+,AT2G45940.1;AT2G45940.2,2,no,71,63,71,134,0.529850746268657,1,Arabidopsis_thaliana,high_confidence_IR
AT2G45990,AT2G45990.intron10,AT2G45990|2:18921133-18921261:+,2,18921133,18921261,+,AT2G45990.2,1,yes,4802,367,3999,5169,0.928999806538982,0.832778009162849,Arabidopsis_thaliana,high_confidence_IR
AT2G46160,AT2G46160.intron1,AT2G46160|2:18963790-18964395:+,2,18963790,18964395,+,AT2G46160.2,1,yes,86,74,86,160,0.5375,1,Arabidopsis_thaliana,high_confidence_IR
AT2G46380,AT2G46380.intron1,AT2G46380|2:19039498-19039710:+,2,19039498,19039710,+,AT2G46380.1,1,yes,532,1084,468,1616,0.329207920792079,0.879699248120301,Arabidopsis_thaliana,high_confidence_IR
AT2G46495,AT2G46495.intron2,AT2G46495|2:19084475-19085010:-,2,19084475,19085010,-,AT2G46495.2,1,yes,157,8,124,165,0.951515151515152,0.789808917197452,Arabidopsis_thaliana,high_confidence_IR
AT2G46670,AT2G46670.intron1,AT2G46670|2:19164688-19164780:-,2,19164688,19164780,-,AT2G46670.1,1,no,52,92,52,144,0.361111111111111,1,Arabidopsis_thaliana,high_confidence_IR
AT2G46820,AT2G46820.intron1,AT2G46820|2:19243590-19243699:+,2,19243590,19243699,+,AT2G46820.2,1,yes,528,1845,373,2373,0.222503160556258,0.706439393939394,Arabidopsis_thaliana,high_confidence_IR
AT2G46840,AT2G46840.intron1,AT2G46840|2:19249655-19249755:-,2,19249655,19249755,-,AT2G46840.1,1,no,44,112,44,156,0.282051282051282,1,Arabidopsis_thaliana,high_confidence_IR
AT2G46940,AT2G46940.intron1,AT2G46940|2:19286735-19286823:-,2,19286735,19286823,-,AT2G46940.1,1,no,643,1394,643,2037,0.31566028473245,1,Arabidopsis_thaliana,high_confidence_IR
AT2G47250,AT2G47250.intron3,AT2G47250|2:19400817-19401239:-,2,19400817,19401239,-,AT2G47250.1,1,no,4906,5587,3498,10493,0.467549795101496,0.713004484304933,Arabidopsis_thaliana,high_confidence_IR
AT2G09885,AT2G09885.intron1,AT2G09885|2:19440986-19441663:-,2,19440986,19441663,-,AT2G09885.1,1,no,510,369,510,879,0.580204778156997,1,Arabidopsis_thaliana,high_confidence_IR
AT2G47520,AT2G47520.intron1,AT2G47520|2:19503301-19503384:-,2,19503301,19503384,-,AT2G47520.1,1,no,270,531,270,801,0.337078651685393,1,Arabidopsis_thaliana,high_confidence_IR
AT2G47530,AT2G47530.intron1,AT2G47530|2:19504440-19504517:+,2,19504440,19504517,+,AT2G47530.1,1,no,182,331,182,513,0.354775828460039,1,Arabidopsis_thaliana,high_confidence_IR
AT2G47860,AT2G47860.intron3,AT2G47860|2:19601440-19601509:+,2,19601440,19601509,+,AT2G47860.1;AT2G47860.2;AT2G47860.3;AT2G47860.5,4,yes,836,1678,627,2514,0.332537788385044,0.75,Arabidopsis_thaliana,high_confidence_IR
AT2G47910,AT2G47910.intron1,AT2G47910|2:19614937-19615014:+,2,19614937,19615014,+,AT2G47910.1,1,yes,1690,4818,1690,6508,0.259680393362016,1,Arabidopsis_thaliana,high_confidence_IR
AT2G48060,AT2G48060.intron16,AT2G48060|2:19656222-19656332:-,2,19656222,19656332,-,AT2G48060.1;AT2G48060.2;AT2G48060.3,3,no,336,552,264,888,0.378378378378378,0.785714285714286,Arabidopsis_thaliana,high_confidence_IR
AT3G01040,AT3G01040.intron1,AT3G01040|3:8803-8928:+,3,8803,8928,+,AT3G01040.2,1,yes,149,68,114,217,0.686635944700461,0.76510067114094,Arabidopsis_thaliana,high_confidence_IR
AT3G01070,AT3G01070.intron1,AT3G01070|3:19828-20109:+,3,19828,20109,+,AT3G01070.1,1,no,168,647,168,815,0.206134969325153,1,Arabidopsis_thaliana,high_confidence_IR
AT3G01170,AT3G01170.intron1,AT3G01170|3:58345-58420:+,3,58345,58420,+,AT3G01170.2,1,yes,5652,55,5652,5707,0.990362712458384,1,Arabidopsis_thaliana,high_confidence_IR
AT3G01200,AT3G01200.intron1,AT3G01200|3:70712-70961:-,3,70712,70961,-,AT3G01200.1,1,no,2685,8061,2079,10746,0.249860413176996,0.774301675977654,Arabidopsis_thaliana,high_confidence_IR
AT3G01311,AT3G01311.intron1,AT3G01311|3:103774-104053:-,3,103774,104053,-,AT3G01311.1;AT3G01311.2,2,no,24,71,17,95,0.252631578947368,0.708333333333333,Arabidopsis_thaliana,high_confidence_IR
AT3G01045,AT3G01045.intron1,AT3G01045|3:235542-235615:+,3,235542,235615,+,AT3G01045.1,1,no,997,55,997,1052,0.947718631178707,1,Arabidopsis_thaliana,high_confidence_IR
AT3G01660,AT3G01660.intron1,AT3G01660|3:246048-246126:+,3,246048,246126,+,AT3G01660.1,1,no,1575,5011,1575,6586,0.239143638020043,1,Arabidopsis_thaliana,high_confidence_IR
AT3G01750,AT3G01750.intron1,AT3G01750|3:270469-270594:+,3,270469,270594,+,AT3G01750.2,1,yes,1479,123,1164,1602,0.923220973782772,0.787018255578093,Arabidopsis_thaliana,high_confidence_IR
AT3G01840,AT3G01840.intron1,AT3G01840|3:298143-298230:-,3,298143,298230,-,AT3G01840.1,1,no,266,390,266,656,0.405487804878049,1,Arabidopsis_thaliana,high_confidence_IR
AT3G01890,AT3G01890.intron1,AT3G01890|3:311657-311720:+,3,311657,311720,+,AT3G01890.1,1,no,1171,2727,1171,3898,0.300410466906106,1,Arabidopsis_thaliana,high_confidence_IR
AT3G01960,AT3G01960.intron1,AT3G01960|3:324781-324870:-,3,324781,324870,-,AT3G01960.1,1,no,383,1298,383,1681,0.227840571088638,1,Arabidopsis_thaliana,high_confidence_IR
AT3G01970,AT3G01970.intron1,AT3G01970|3:326804-326905:-,3,326804,326905,-,AT3G01970.1,1,no,3083,10080,3083,13163,0.234217123755983,1,Arabidopsis_thaliana,high_confidence_IR
AT3G01990,AT3G01990.intron9,AT3G01990|3:332364-332469:+,3,332364,332469,+,AT3G01990.1;AT3G01990.7,2,yes,376,104,303,480,0.783333333333333,0.805851063829787,Arabidopsis_thaliana,high_confidence_IR
AT3G02130,AT3G02130.intron1,AT3G02130|3:380676-380772:+,3,380676,380772,+,AT3G02130.2,1,yes,3230,67,3230,3297,0.979678495602062,1,Arabidopsis_thaliana,high_confidence_IR
AT3G02150,AT3G02150.intron2,AT3G02150|3:392356-392447:+,3,392356,392447,+,AT3G02150.1,1,yes,4204,1216,3688,5420,0.775645756457565,0.877259752616556,Arabidopsis_thaliana,high_confidence_IR
AT3G02160,AT3G02160.intron2,AT3G02160|3:395814-396321:+,3,395814,396321,+,AT3G02160.2,1,yes,81,56,80,137,0.591240875912409,0.987654320987654,Arabidopsis_thaliana,high_confidence_IR
AT3G02242,AT3G02242.intron2,AT3G02242|3:420366-420500:+,3,420366,420500,+,AT3G02242.1,1,no,73,259,62,332,0.219879518072289,0.849315068493151,Arabidopsis_thaliana,high_confidence_IR
AT3G02300,AT3G02300.intron6,AT3G02300|3:462787-463031:+,3,462787,463031,+,AT3G02300.1;AT3G02300.2,2,no,5335,3102,3803,8437,0.632333767926988,0.712839737582006,Arabidopsis_thaliana,high_confidence_IR
AT3G02340,AT3G02340.intron1,AT3G02340|3:478341-478604:+,3,478341,478604,+,AT3G02340.2,1,yes,336,126,336,462,0.727272727272727,1,Arabidopsis_thaliana,high_confidence_IR
AT3G02440,AT3G02440.intron1,AT3G02440|3:501467-501578:-,3,501467,501578,-,AT3G02440.1;AT3G02440.2,2,no,121,383,98,504,0.240079365079365,0.809917355371901,Arabidopsis_thaliana,high_confidence_IR
AT3G02830,AT3G02830.intron5,AT3G02830|3:615175-615270:+,3,615175,615270,+,AT3G02830.1;AT3G02830.2,2,no,3999,12606,2803,16605,0.240831074977416,0.700925231307827,Arabidopsis_thaliana,high_confidence_IR
AT3G02885,AT3G02885.intron3,AT3G02885|3:638505-638933:-,3,638505,638933,-,AT3G02885.2,1,yes,1430,349,1064,1779,0.803822372119168,0.744055944055944,Arabidopsis_thaliana,high_confidence_IR
AT3G02940,AT3G02940.intron3,AT3G02940|3:663703-663793:+,3,663703,663793,+,AT3G02940.1;AT3G02940.3,2,yes,93,322,68,415,0.224096385542169,0.731182795698925,Arabidopsis_thaliana,high_confidence_IR
AT3G02990,AT3G02990.intron1,AT3G02990|3:673860-674827:+,3,673860,674827,+,AT3G02990.1,1,no,1000,1203,926,2203,0.453926463912846,0.926,Arabidopsis_thaliana,high_confidence_IR
AT3G03040,AT3G03040.intron2,AT3G03040|3:685618-685712:+,3,685618,685712,+,AT3G03040.1,1,no,4369,2740,3336,7109,0.614573076382051,0.763561455710689,Arabidopsis_thaliana,high_confidence_IR
AT3G03050,AT3G03050.intron1,AT3G03050|3:687505-687826:+,3,687505,687826,+,AT3G03050.1,1,no,1206,2441,1036,3647,0.330682752947628,0.859038142620232,Arabidopsis_thaliana,high_confidence_IR
AT3G03460,AT3G03460.intron1,AT3G03460|3:823682-824033:-,3,823682,824033,-,AT3G03460.1,1,no,247,966,247,1213,0.203627370156636,1,Arabidopsis_thaliana,high_confidence_IR
AT3G03540,AT3G03540.intron1,AT3G03540|3:847731-847854:-,3,847731,847854,-,AT3G03540.1,1,no,51,178,39,229,0.222707423580786,0.764705882352941,Arabidopsis_thaliana,high_confidence_IR
AT3G03690,AT3G03690.intron4,AT3G03690|3:911946-912596:-,3,911946,912596,-,AT3G03690.2,1,yes,2090,510,1552,2600,0.803846153846154,0.742583732057416,Arabidopsis_thaliana,high_confidence_IR
AT3G03828,AT3G03828.intron1,AT3G03828|3:979499-979589:+,3,979499,979589,+,AT3G03828.1,1,no,52,204,52,256,0.203125,1,Arabidopsis_thaliana,high_confidence_IR
AT3G04110,AT3G04110.intron1,AT3G04110|3:1077617-1077799:+,3,1077617,1077799,+,AT3G04110.1;AT3G04110.2;AT3G04110.3,3,no,1494,3039,1417,4533,0.329583057577763,0.948460508701473,Arabidopsis_thaliana,high_confidence_IR
AT3G04130,AT3G04130.intron1,AT3G04130|3:1084001-1084104:+,3,1084001,1084104,+,AT3G04130.1;AT3G04130.2,2,no,347,1334,320,1681,0.206424747174301,0.922190201729107,Arabidopsis_thaliana,high_confidence_IR
AT3G04130,AT3G04130.intron2,AT3G04130|3:1085924-1086006:+,3,1085924,1086006,+,AT3G04130.1,1,yes,1217,372,1074,1589,0.76589049716803,0.882497945768283,Arabidopsis_thaliana,high_confidence_IR
AT3G04140,AT3G04140.intron1,AT3G04140|3:1087780-1087852:+,3,1087780,1087852,+,AT3G04140.1,1,no,986,2834,986,3820,0.258115183246073,1,Arabidopsis_thaliana,high_confidence_IR
AT3G04170,AT3G04170.intron1,AT3G04170|3:1095322-1095489:-,3,1095322,1095489,-,AT3G04170.1,1,no,11,39,11,50,0.22,1,Arabidopsis_thaliana,high_confidence_IR
AT3G04181,AT3G04181.intron1,AT3G04181|3:1099074-1099296:+,3,1099074,1099296,+,AT3G04181.1,1,no,133,429,133,562,0.236654804270463,1,Arabidopsis_thaliana,high_confidence_IR
AT3G04210,AT3G04210.intron2,AT3G04210|3:1105830-1106157:-,3,1105830,1106157,-,AT3G04210.1,1,yes,150,104,131,254,0.590551181102362,0.873333333333333,Arabidopsis_thaliana,high_confidence_IR
AT3G04300,AT3G04300.intron1,AT3G04300|3:1140389-1140503:+,3,1140389,1140503,+,AT3G04300.1,1,no,887,1466,887,2353,0.376965575860603,1,Arabidopsis_thaliana,high_confidence_IR
AT3G04310,AT3G04310.intron2,AT3G04310|3:1141300-1141478:-,3,1141300,1141478,-,AT3G04310.1,1,yes,953,105,738,1058,0.900756143667297,0.774396642182581,Arabidopsis_thaliana,high_confidence_IR
AT3G04530,AT3G04530.intron1,AT3G04530|3:1222339-1222412:+,3,1222339,1222412,+,AT3G04530.1,1,no,1583,3750,1583,5333,0.296831051940746,1,Arabidopsis_thaliana,high_confidence_IR
AT3G04540,AT3G04540.intron1,AT3G04540|3:1223390-1223556:+,3,1223390,1223556,+,AT3G04540.1,1,no,13,23,13,36,0.361111111111111,1,Arabidopsis_thaliana,high_confidence_IR
AT3G04580,AT3G04580.intron1,AT3G04580|3:1238191-1238299:-,3,1238191,1238299,-,AT3G04580.2,1,yes,2396,404,2137,2800,0.855714285714286,0.891903171953255,Arabidopsis_thaliana,high_confidence_IR
AT3G04760,AT3G04760.intron1,AT3G04760|3:1304984-1305073:-,3,1304984,1305073,-,AT3G04760.2,1,yes,8028,521,8028,8549,0.939057199672476,1,Arabidopsis_thaliana,high_confidence_IR
AT3G04830,AT3G04830.intron2,AT3G04830|3:1326963-1327209:+,3,1326963,1327209,+,AT3G04830.2,1,yes,8932,10,7251,8942,0.998881681950347,0.81180026869682,Arabidopsis_thaliana,high_confidence_IR
AT3G04860,AT3G04860.intron1,AT3G04860|3:1340306-1340388:-,3,1340306,1340388,-,AT3G04860.1,1,no,625,1948,625,2573,0.242907112320249,1,Arabidopsis_thaliana,high_confidence_IR
AT3G04943,AT3G04943.intron1,AT3G04943|3:1368436-1368620:-,3,1368436,1368620,-,AT3G04943.1,1,no,15,35,15,50,0.3,1,Arabidopsis_thaliana,high_confidence_IR
AT3G05670,AT3G05670.intron4,AT3G05670|3:1656606-1656747:+,3,1656606,1656747,+,AT3G05670.1;AT3G05670.2;AT3G05670.3,3,no,952,3354,686,4306,0.221086855550395,0.720588235294118,Arabidopsis_thaliana,high_confidence_IR
AT3G05930,AT3G05930.intron1,AT3G05930|3:1770489-1770635:+,3,1770489,1770635,+,AT3G05930.1,1,no,4853,3859,4853,8712,0.557047750229568,1,Arabidopsis_thaliana,high_confidence_IR
AT3G05936,AT3G05936.intron1,AT3G05936|3:1773844-1774138:-,3,1773844,1774138,-,AT3G05936.2,1,yes,853,293,853,1146,0.744328097731239,1,Arabidopsis_thaliana,high_confidence_IR
AT3G06040,AT3G06040.intron2,AT3G06040|3:1825090-1825590:-,3,1825090,1825590,-,AT3G06040.3,1,yes,8530,703,7966,9233,0.923860067150439,0.933880422039859,Arabidopsis_thaliana,high_confidence_IR
AT3G06070,AT3G06070.intron1,AT3G06070|3:1831635-1831720:-,3,1831635,1831720,-,AT3G06070.1,1,no,5288,11393,5288,16681,0.317007373658654,1,Arabidopsis_thaliana,high_confidence_IR
AT3G06085,AT3G06085.intron1,AT3G06085|3:1837654-1837803:+,3,1837654,1837803,+,AT3G06085.1,1,no,8290,11,7864,8301,0.998674858450789,0.948612786489747,Arabidopsis_thaliana,high_confidence_IR
AT3G06180,AT3G06180.intron1,AT3G06180|3:1872228-1872321:+,3,1872228,1872321,+,AT3G06180.2,1,yes,2881,104,2573,2985,0.965159128978224,0.893092676154113,Arabidopsis_thaliana,high_confidence_IR
AT3G06435,AT3G06435.intron1,AT3G06435|3:1969359-1970428:-,3,1969359,1970428,-,AT3G06435.2,1,yes,1081,90,1081,1171,0.923142613151153,1,Arabidopsis_thaliana,high_confidence_IR
AT3G06520,AT3G06520.intron1,AT3G06520|3:2019893-2020208:+,3,2019893,2020208,+,AT3G06520.1,1,yes,111,33,86,144,0.770833333333333,0.774774774774775,Arabidopsis_thaliana,high_confidence_IR
AT3G06590,AT3G06590.intron2,AT3G06590|3:2053000-2053078:-,3,2053000,2053078,-,AT3G06590.3;AT3G06590.4,2,yes,570,15,475,585,0.974358974358974,0.833333333333333,Arabidopsis_thaliana,high_confidence_IR
AT3G06590,AT3G06590.intron1,AT3G06590|3:2053689-2054642:-,3,2053689,2054642,-,AT3G06590.2;AT3G06590.4,2,yes,228,166,207,394,0.578680203045685,0.907894736842105,Arabidopsis_thaliana,high_confidence_IR
AT3G06840,AT3G06840.intron1,AT3G06840|3:2157017-2157147:+,3,2157017,2157147,+,AT3G06840.1,1,no,876,2163,876,3039,0.288252714708786,1,Arabidopsis_thaliana,high_confidence_IR
AT3G06920,AT3G06920.intron3,AT3G06920|3:2184702-2184787:+,3,2184702,2184787,+,AT3G06920.1;AT3G06920.3,2,yes,427,1101,344,1528,0.279450261780105,0.805620608899297,Arabidopsis_thaliana,high_confidence_IR
AT3G06970,AT3G06970.intron5,AT3G06970|3:2199830-2199912:-,3,2199830,2199912,-,AT3G06970.1,1,no,5,7,5,12,0.416666666666667,1,Arabidopsis_thaliana,high_confidence_IR
AT3G06985,AT3G06985.intron1,AT3G06985|3:2205465-2205566:+,3,2205465,2205566,+,AT3G06985.1,1,no,85,45,85,130,0.653846153846154,1,Arabidopsis_thaliana,high_confidence_IR
AT3G07005,AT3G07005.intron1,AT3G07005|3:2212133-2212246:+,3,2212133,2212246,+,AT3G07005.1,1,no,53,40,53,93,0.56989247311828,1,Arabidopsis_thaliana,high_confidence_IR
AT3G07260,AT3G07260.intron1,AT3G07260|3:2310287-2310457:+,3,2310287,2310457,+,AT3G07260.1,1,no,78,73,78,151,0.516556291390728,1,Arabidopsis_thaliana,high_confidence_IR
AT3G07330,AT3G07330.intron1,AT3G07330|3:2338977-2339061:-,3,2338977,2339061,-,AT3G07330.2,1,yes,2153,36,1709,2189,0.983554134307903,0.793776126335346,Arabidopsis_thaliana,high_confidence_IR
AT3G07380,AT3G07380.intron1,AT3G07380|3:2361460-2361841:-,3,2361460,2361841,-,AT3G07380.1,1,no,35,117,35,152,0.230263157894737,1,Arabidopsis_thaliana,high_confidence_IR
AT3G07390,AT3G07390.intron1,AT3G07390|3:2365885-2365994:+,3,2365885,2365994,+,AT3G07390.2,1,yes,17560,76,17560,17636,0.995690632796552,1,Arabidopsis_thaliana,high_confidence_IR
AT3G07460,AT3G07460.intron1,AT3G07460|3:2384900-2385157:-,3,2384900,2385157,-,AT3G07460.2,1,yes,30058,193,27432,30251,0.993620045618327,0.912635571228957,Arabidopsis_thaliana,high_confidence_IR
AT3G07650,AT3G07650.intron6,AT3G07650|3:2444061-2444185:+,3,2444061,2444185,+,AT3G07650.2;AT3G07650.3,2,yes,10563,182,8105,10745,0.983061889250814,0.767300956167755,Arabidopsis_thaliana,high_confidence_IR
AT3G07810,AT3G07810.intron4,AT3G07810|3:2494558-2495085:+,3,2494558,2495085,+,AT3G07810.2,1,yes,8515,1568,7027,10083,0.844490726966181,0.825249559600705,Arabidopsis_thaliana,high_confidence_IR
AT3G07840,AT3G07840.intron3,AT3G07840|3:2502160-2502362:-,3,2502160,2502362,-,AT3G07840.1,1,no,11,31,11,42,0.261904761904762,1,Arabidopsis_thaliana,high_confidence_IR
AT3G07860,AT3G07860.intron4,AT3G07860|3:2508674-2509155:+,3,2508674,2509155,+,AT3G07860.1,1,yes,1058,2216,753,3274,0.323152107513745,0.7117202268431,Arabidopsis_thaliana,high_confidence_IR
AT3G08500,AT3G08500.intron1,AT3G08500|3:2577673-2577755:-,3,2577673,2577755,-,AT3G08500.1,1,no,82,293,82,375,0.218666666666667,1,Arabidopsis_thaliana,high_confidence_IR
AT3G08650,AT3G08650.intron2,AT3G08650|3:2626904-2627260:-,3,2626904,2627260,-,AT3G08650.2,1,yes,11709,1106,9197,12815,0.913694888802185,0.785464172858485,Arabidopsis_thaliana,high_confidence_IR
AT3G08660,AT3G08660.intron3,AT3G08660|3:2632585-2632662:+,3,2632585,2632662,+,AT3G08660.1;AT3G08660.3,2,yes,398,541,321,939,0.423855165069223,0.806532663316583,Arabidopsis_thaliana,high_confidence_IR
AT3G08680,AT3G08680.intron1,AT3G08680|3:2637855-2637934:+,3,2637855,2637934,+,AT3G08680.1,1,yes,5470,79,4362,5549,0.98576320057668,0.797440585009141,Arabidopsis_thaliana,high_confidence_IR
AT3G08780,AT3G08780.intron1,AT3G08780|3:2666427-2666561:-,3,2666427,2666561,-,AT3G08780.1,1,yes,1751,6060,1751,7811,0.224171040839841,1,Arabidopsis_thaliana,high_confidence_IR
AT3G08910,AT3G08910.intron1,AT3G08910|3:2711474-2711646:-,3,2711474,2711646,-,AT3G08910.1,1,no,1242,4034,878,5276,0.235405610310842,0.706924315619968,Arabidopsis_thaliana,high_confidence_IR
AT3G09040,AT3G09040.intron1,AT3G09040|3:2760747-2760834:-,3,2760747,2760834,-,AT3G09040.1;AT3G09040.2,2,no,182,460,182,642,0.283489096573209,1,Arabidopsis_thaliana,high_confidence_IR
AT3G09055,AT3G09055.intron1,AT3G09055|3:2765197-2765321:-,3,2765197,2765321,-,AT3G09055.1,1,no,1010,195,1010,1205,0.838174273858921,1,Arabidopsis_thaliana,high_confidence_IR
AT3G09060,AT3G09060.intron1,AT3G09060|3:2765833-2766252:-,3,2765833,2766252,-,AT3G09060.1,1,no,536,255,536,791,0.677623261694058,1,Arabidopsis_thaliana,high_confidence_IR
AT3G09110,AT3G09110.intron1,AT3G09110|3:2795255-2795336:-,3,2795255,2795336,-,AT3G09110.1,1,no,12,6,12,18,0.666666666666667,1,Arabidopsis_thaliana,high_confidence_IR
AT3G09162,AT3G09162.intron1,AT3G09162|3:2807715-2807846:-,3,2807715,2807846,-,AT3G09162.1,1,yes,1416,183,1416,1599,0.885553470919325,1,Arabidopsis_thaliana,high_confidence_IR
AT3G09340,AT3G09340.intron1,AT3G09340|3:2870284-2870374:-,3,2870284,2870374,-,AT3G09340.1,1,no,14,33,14,47,0.297872340425532,1,Arabidopsis_thaliana,high_confidence_IR
AT3G09390,AT3G09390.intron1,AT3G09390|3:2890193-2890291:-,3,2890193,2890291,-,AT3G09390.2,1,yes,1123,157,944,1280,0.87734375,0.840605520926091,Arabidopsis_thaliana,high_confidence_IR
AT3G09900,AT3G09900.intron2,AT3G09900|3:3035231-3035313:+,3,3035231,3035313,+,AT3G09900.1,1,no,5956,16704,4313,22660,0.262842012356575,0.724143720617864,Arabidopsis_thaliana,high_confidence_IR
AT3G10116,AT3G10116.intron1,AT3G10116|3:3125860-3125981:+,3,3125860,3125981,+,AT3G10116.1,1,no,110,6,89,116,0.948275862068966,0.809090909090909,Arabidopsis_thaliana,high_confidence_IR
AT3G10116,AT3G10116.intron2,AT3G10116|3:3126466-3126549:+,3,3126466,3126549,+,AT3G10116.1,1,no,53,119,38,172,0.308139534883721,0.716981132075472,Arabidopsis_thaliana,high_confidence_IR
AT3G10195,AT3G10195.intron1,AT3G10195|3:3156827-3156927:-,3,3156827,3156927,-,AT3G10195.1,1,no,20,6,20,26,0.769230769230769,1,Arabidopsis_thaliana,high_confidence_IR
AT3G10230,AT3G10230.intron1,AT3G10230|3:3165769-3165982:-,3,3165769,3165982,-,AT3G10230.2,1,yes,12497,18,12497,12515,0.998561725928885,1,Arabidopsis_thaliana,high_confidence_IR
AT3G10510,AT3G10510.intron1,AT3G10510|3:3274666-3274881:-,3,3274666,3274881,-,AT3G10510.1,1,no,37,17,37,54,0.685185185185185,1,Arabidopsis_thaliana,high_confidence_IR
AT3G10600,AT3G10600.intron1,AT3G10600|3:3314369-3314466:+,3,3314369,3314466,+,AT3G10600.1,1,yes,17,41,15,58,0.293103448275862,0.882352941176471,Arabidopsis_thaliana,high_confidence_IR
AT3G10760,AT3G10760.intron1,AT3G10760|3:3370840-3370917:+,3,3370840,3370917,+,AT3G10760.1,1,no,3484,4898,3484,8382,0.415652588880935,1,Arabidopsis_thaliana,high_confidence_IR
AT3G10770,AT3G10770.intron3,AT3G10770|3:3372813-3372924:-,3,3372813,3372924,-,AT3G10770.2,1,yes,20480,2052,15904,22532,0.90892952245695,0.7765625,Arabidopsis_thaliana,high_confidence_IR
AT3G11150,AT3G11150.intron2,AT3G11150|3:3493316-3493957:-,3,3493316,3493957,-,AT3G11150.2,1,yes,631,104,574,735,0.858503401360544,0.909667194928685,Arabidopsis_thaliana,high_confidence_IR
AT3G11260,AT3G11260.intron1,AT3G11260|3:3527910-3528018:+,3,3527910,3528018,+,AT3G11260.1,1,no,97,240,97,337,0.287833827893175,1,Arabidopsis_thaliana,high_confidence_IR
AT3G11270,AT3G11270.intron4,AT3G11270|3:3530088-3530228:+,3,3530088,3530228,+,AT3G11270.2,1,yes,2841,72,2015,2913,0.975283213182286,0.709257303766279,Arabidopsis_thaliana,high_confidence_IR
AT3G11570,AT3G11570.intron4,AT3G11570|3:3645423-3645533:-,3,3645423,3645533,-,AT3G11570.1,1,no,17830,807,16757,18637,0.956699039544991,0.939820527201346,Arabidopsis_thaliana,high_confidence_IR
AT3G11640,AT3G11640.intron1,AT3G11640|3:3674633-3674716:+,3,3674633,3674716,+,AT3G11640.2,1,yes,456,141,456,597,0.763819095477387,1,Arabidopsis_thaliana,high_confidence_IR
AT3G11900,AT3G11900.intron3,AT3G11900|3:3760158-3760401:+,3,3760158,3760401,+,AT3G11900.2,1,yes,828,105,604,933,0.887459807073955,0.729468599033816,Arabidopsis_thaliana,high_confidence_IR
AT3G11910,AT3G11910.intron33,AT3G11910|3:3760966-3761424:-,3,3760966,3761424,-,AT3G11910.2;AT3G11910.3,2,yes,308,127,227,435,0.708045977011494,0.737012987012987,Arabidopsis_thaliana,high_confidence_IR
AT3G12050,AT3G12050.intron1,AT3G12050|3:3839449-3839565:+,3,3839449,3839565,+,AT3G12050.2,1,yes,16420,6,13461,16426,0.999634725435286,0.81979293544458,Arabidopsis_thaliana,high_confidence_IR
AT3G12130,AT3G12130.intron3,AT3G12130|3:3865093-3866327:-,3,3865093,3866327,-,AT3G12130.2,1,yes,8470,2562,8068,11032,0.767766497461929,0.952538370720189,Arabidopsis_thaliana,high_confidence_IR
AT3G12430,AT3G12430.intron1,AT3G12430|3:3950048-3950128:-,3,3950048,3950128,-,AT3G12430.1,1,no,19,9,19,28,0.678571428571429,1,Arabidopsis_thaliana,high_confidence_IR
AT3G12502,AT3G12502.intron1,AT3G12502|3:3963159-3963530:+,3,3963159,3963530,+,AT3G12502.1,1,no,122,7,122,129,0.945736434108527,1,Arabidopsis_thaliana,high_confidence_IR
AT3G12600,AT3G12600.intron1,AT3G12600|3:4004685-4004844:+,3,4004685,4004844,+,AT3G12600.2,1,yes,8312,202,6316,8514,0.976274371623209,0.759865255052936,Arabidopsis_thaliana,high_confidence_IR
AT3G12720,AT3G12720.intron1,AT3G12720|3:4044168-4044359:-,3,4044168,4044359,-,AT3G12720.1,1,no,227,186,227,413,0.549636803874092,1,Arabidopsis_thaliana,high_confidence_IR
AT3G12770,AT3G12770.intron1,AT3G12770|3:4059072-4059153:-,3,4059072,4059153,-,AT3G12770.1,1,no,228,433,228,661,0.344931921331316,1,Arabidopsis_thaliana,high_confidence_IR
AT3G12833,AT3G12833.intron1,AT3G12833|3:4083147-4083238:+,3,4083147,4083238,+,AT3G12833.1,1,no,441,33,441,474,0.930379746835443,1,Arabidopsis_thaliana,high_confidence_IR
AT3G13010,AT3G13010.intron1,AT3G13010|3:4163152-4163235:-,3,4163152,4163235,-,AT3G13010.1,1,no,39,139,39,178,0.219101123595506,1,Arabidopsis_thaliana,high_confidence_IR
AT3G13020,AT3G13020.intron1,AT3G13020|3:4167216-4167320:-,3,4167216,4167320,-,AT3G13020.1,1,no,144,533,144,677,0.212703101920236,1,Arabidopsis_thaliana,high_confidence_IR
AT3G13061,AT3G13061.intron1,AT3G13061|3:4183629-4183727:-,3,4183629,4183727,-,AT3G13061.1,1,no,10828,474,10828,11302,0.958060520261901,1,Arabidopsis_thaliana,high_confidence_IR
AT3G13100,AT3G13100.intron1,AT3G13100|3:4213604-4214506:-,3,4213604,4214506,-,AT3G13100.2,1,yes,209,126,174,335,0.623880597014925,0.832535885167464,Arabidopsis_thaliana,high_confidence_IR
AT3G13224,AT3G13224.intron5,AT3G13224|3:4255856-4256081:+,3,4255856,4256081,+,AT3G13224.2;AT3G13224.3,2,yes,1914,6245,1499,8159,0.234587572006373,0.783176593521421,Arabidopsis_thaliana,high_confidence_IR
AT3G13380,AT3G13380.intron1,AT3G13380|3:4347001-4347093:+,3,4347001,4347093,+,AT3G13380.1,1,no,629,1086,629,1715,0.366763848396501,1,Arabidopsis_thaliana,high_confidence_IR
AT3G13404,AT3G13404.intron1,AT3G13404|3:4358556-4358933:-,3,4358556,4358933,-,AT3G13404.1,1,no,1304,965,1304,2269,0.574702512119877,1,Arabidopsis_thaliana,high_confidence_IR
AT3G13432,AT3G13432.intron1,AT3G13432|3:4371564-4371728:+,3,4371564,4371728,+,AT3G13432.1,1,no,2160,978,2160,3138,0.688336520076482,1,Arabidopsis_thaliana,high_confidence_IR
AT3G13433,AT3G13433.intron1,AT3G13433|3:4374356-4374423:+,3,4374356,4374423,+,AT3G13433.1,1,no,569,609,569,1178,0.483022071307301,1,Arabidopsis_thaliana,high_confidence_IR
AT3G13437,AT3G13437.intron1,AT3G13437|3:4376490-4376576:+,3,4376490,4376576,+,AT3G13437.1;AT3G13437.2,2,no,1814,2033,1814,3847,0.471536262022355,1,Arabidopsis_thaliana,high_confidence_IR
AT3G13570,AT3G13570.intron3,AT3G13570|3:4430320-4431044:-,3,4430320,4431044,-,AT3G13570.1,1,no,3948,15349,2952,19297,0.204591387262269,0.747720364741641,Arabidopsis_thaliana,high_confidence_IR
AT3G13630,AT3G13630.intron3,AT3G13630|3:4457512-4457773:+,3,4457512,4457773,+,AT3G13630.2,1,yes,18,40,14,58,0.310344827586207,0.777777777777778,Arabidopsis_thaliana,high_confidence_IR
AT3G13910,AT3G13910.intron1,AT3G13910|3:4590734-4591134:-,3,4590734,4591134,-,AT3G13910.2,1,yes,768,65,768,833,0.921968787515006,1,Arabidopsis_thaliana,high_confidence_IR
AT3G14090,AT3G14090.intron1,AT3G14090|3:4671380-4671464:-,3,4671380,4671464,-,AT3G14090.1,1,no,2492,5342,2492,7834,0.318100587184069,1,Arabidopsis_thaliana,high_confidence_IR
AT3G14250,AT3G14250.intron1,AT3G14250|3:4746036-4746119:-,3,4746036,4746119,-,AT3G14250.1,1,no,12,11,12,23,0.521739130434783,1,Arabidopsis_thaliana,high_confidence_IR
AT3G14260,AT3G14260.intron1,AT3G14260|3:4748364-4748464:-,3,4748364,4748464,-,AT3G14260.1,1,no,1362,1645,1362,3007,0.452943132690389,1,Arabidopsis_thaliana,high_confidence_IR
AT3G14467,AT3G14467.intron1,AT3G14467|3:4856594-4856785:+,3,4856594,4856785,+,AT3G14467.1,1,no,89,334,89,423,0.210401891252955,1,Arabidopsis_thaliana,high_confidence_IR
AT3G14510,AT3G14510.intron1,AT3G14510|3:4867969-4868041:-,3,4867969,4868041,-,AT3G14510.1,1,no,140,127,140,267,0.524344569288389,1,Arabidopsis_thaliana,high_confidence_IR
AT3G14520,AT3G14520.intron6,AT3G14520|3:4876168-4876253:-,3,4876168,4876253,-,AT3G14520.1,1,no,31,116,25,147,0.210884353741497,0.806451612903226,Arabidopsis_thaliana,high_confidence_IR
AT3G14550,AT3G14550.intron3,AT3G14550|3:4885345-4885453:-,3,4885345,4885453,-,AT3G14550.1;AT3G14550.2;AT3G14550.3,3,no,199,541,144,740,0.268918918918919,0.723618090452261,Arabidopsis_thaliana,high_confidence_IR
AT3G14880,AT3G14880.intron2,AT3G14880|3:5006972-5007382:+,3,5006972,5007382,+,AT3G14880.2,1,yes,287,311,207,598,0.479933110367893,0.721254355400697,Arabidopsis_thaliana,high_confidence_IR
AT3G14930,AT3G14930.intron7,AT3G14930|3:5022584-5022665:+,3,5022584,5022665,+,AT3G14930.1;AT3G14930.3,2,yes,8776,19828,6292,28604,0.306810236330583,0.716955332725615,Arabidopsis_thaliana,high_confidence_IR
AT3G15010,AT3G15010.intron1,AT3G15010|3:5054063-5054605:+,3,5054063,5054605,+,AT3G15010.1,1,yes,2436,8293,2436,10729,0.227048187156305,1,Arabidopsis_thaliana,high_confidence_IR
AT3G15050,AT3G15050.intron2,AT3G15050|3:5067564-5067627:-,3,5067564,5067627,-,AT3G15050.1,1,no,201,410,154,611,0.328968903436989,0.766169154228856,Arabidopsis_thaliana,high_confidence_IR
AT3G15270,AT3G15270.intron1,AT3G15270|3:5140844-5140930:-,3,5140844,5140930,-,AT3G15270.1,1,no,631,942,631,1573,0.401144310235219,1,Arabidopsis_thaliana,high_confidence_IR
AT3G15420,AT3G15420.intron1,AT3G15420|3:5208131-5208205:-,3,5208131,5208205,-,AT3G15420.1,1,no,3436,2012,2678,5448,0.630690161527166,0.779394644935972,Arabidopsis_thaliana,high_confidence_IR
AT3G15450,AT3G15450.intron2,AT3G15450|3:5213644-5213807:+,3,5213644,5213807,+,AT3G15450.3,1,yes,151062,11,111872,151073,0.999927187518617,0.740570097046246,Arabidopsis_thaliana,high_confidence_IR
AT3G15536,AT3G15536.intron1,AT3G15536|3:5260810-5260914:+,3,5260810,5260914,+,AT3G15536.1,1,no,467,945,467,1412,0.330736543909348,1,Arabidopsis_thaliana,high_confidence_IR
AT3G15660,AT3G15660.intron1,AT3G15660|3:5309450-5309526:-,3,5309450,5309526,-,AT3G15660.2,1,yes,1918,2905,1513,4823,0.397677793904209,0.788842544316997,Arabidopsis_thaliana,high_confidence_IR
AT3G15760,AT3G15760.intron1,AT3G15760|3:5337897-5337974:+,3,5337897,5337974,+,AT3G15760.1,1,no,4361,4867,4361,9228,0.472583441699176,1,Arabidopsis_thaliana,high_confidence_IR
AT3G16010,AT3G16010.intron1,AT3G16010|3:5434227-5434400:+,3,5434227,5434400,+,AT3G16010.1,1,no,538,1259,538,1797,0.299387868670006,1,Arabidopsis_thaliana,high_confidence_IR
AT3G16130,AT3G16130.intron5,AT3G16130|3:5468016-5468110:+,3,5468016,5468110,+,AT3G16130.1,1,no,1211,38,1094,1249,0.969575660528423,0.903385631709331,Arabidopsis_thaliana,high_confidence_IR
AT3G16270,AT3G16270.intron6,AT3G16270|3:5516683-5517265:+,3,5516683,5517265,+,AT3G16270.3,1,yes,471,164,346,635,0.741732283464567,0.734607218683652,Arabidopsis_thaliana,high_confidence_IR
AT3G16450,AT3G16450.intron2,AT3G16450|3:5588487-5588592:+,3,5588487,5588592,+,AT3G16450.3,1,yes,30901,76,26938,30977,0.997546566807631,0.871751723245202,Arabidopsis_thaliana,high_confidence_IR
AT3G16620,AT3G16620.intron1,AT3G16620|3:5661767-5661940:-,3,5661767,5661940,-,AT3G16620.1,1,no,323,1112,323,1435,0.225087108013937,1,Arabidopsis_thaliana,high_confidence_IR
AT3G16710,AT3G16710.intron1,AT3G16710|3:5691359-5691458:+,3,5691359,5691458,+,AT3G16710.2,1,yes,873,475,873,1348,0.647626112759644,1,Arabidopsis_thaliana,high_confidence_IR
AT3G16857,AT3G16857.intron6,AT3G16857|3:5758848-5759070:+,3,5758848,5759070,+,AT3G16857.2;AT3G16857.3,2,yes,1399,4226,1007,5625,0.248711111111111,0.719799857040743,Arabidopsis_thaliana,high_confidence_IR
AT3G16870,AT3G16870.intron1,AT3G16870|3:5764136-5764387:-,3,5764136,5764387,-,AT3G16870.1,1,no,2687,4887,2687,7574,0.354766305782942,1,Arabidopsis_thaliana,high_confidence_IR
AT3G16890,AT3G16890.intron1,AT3G16890|3:5770139-5770265:-,3,5770139,5770265,-,AT3G16890.2,1,yes,1086,64,1086,1150,0.944347826086957,1,Arabidopsis_thaliana,high_confidence_IR
AT3G17100,AT3G17100.intron1,AT3G17100|3:5831384-5831465:+,3,5831384,5831465,+,AT3G17100.2,1,yes,7597,20431,7597,28028,0.271050378193235,1,Arabidopsis_thaliana,high_confidence_IR
AT3G17180,AT3G17180.intron8,AT3G17180|3:5856011-5856124:-,3,5856011,5856124,-,AT3G17180.1,1,yes,31,86,27,117,0.264957264957265,0.870967741935484,Arabidopsis_thaliana,high_confidence_IR
AT3G17210,AT3G17210.intron1,AT3G17210|3:5881966-5882076:+,3,5881966,5882076,+,AT3G17210.1,1,yes,122,50,109,172,0.709302325581395,0.89344262295082,Arabidopsis_thaliana,high_confidence_IR
AT3G17280,AT3G17280.intron1,AT3G17280|3:5903281-5903431:-,3,5903281,5903431,-,AT3G17280.1,1,no,183,516,183,699,0.261802575107296,1,Arabidopsis_thaliana,high_confidence_IR
AT3G17650,AT3G17650.intron6,AT3G17650|3:6037256-6037338:+,3,6037256,6037338,+,AT3G17650.2,1,no,1200,50,969,1250,0.96,0.8075,Arabidopsis_thaliana,high_confidence_IR
AT3G17675,AT3G17675.intron1,AT3G17675|3:6042450-6042666:-,3,6042450,6042666,-,AT3G17675.1,1,no,472,1354,472,1826,0.258488499452355,1,Arabidopsis_thaliana,high_confidence_IR
AT3G18240,AT3G18240.intron4,AT3G18240|3:6257711-6257791:+,3,6257711,6257791,+,AT3G18240.1,1,yes,2004,557,1560,2561,0.782506833268255,0.778443113772455,Arabidopsis_thaliana,high_confidence_IR
AT3G18282,AT3G18282.intron1,AT3G18282|3:6268356-6268465:-,3,6268356,6268465,-,AT3G18282.1,1,no,24,6,24,30,0.8,1,Arabidopsis_thaliana,high_confidence_IR
AT3G18535,AT3G18535.intron2,AT3G18535|3:6376696-6376943:-,3,6376696,6376943,-,AT3G18535.1,1,yes,1166,3276,861,4442,0.262494371904547,0.738421955403088,Arabidopsis_thaliana,high_confidence_IR
AT3G18550,AT3G18550.intron2,AT3G18550|3:6384442-6384557:+,3,6384442,6384557,+,AT3G18550.2,1,yes,120,10,100,130,0.923076923076923,0.833333333333333,Arabidopsis_thaliana,high_confidence_IR
AT3G18720,AT3G18720.intron1,AT3G18720|3:6445484-6445659:-,3,6445484,6445659,-,AT3G18720.1,1,no,94,37,94,131,0.717557251908397,1,Arabidopsis_thaliana,high_confidence_IR
AT3G18760,AT3G18760.intron2,AT3G18760|3:6458152-6459375:-,3,6458152,6459375,-,AT3G18760.2,1,yes,4160,24,3951,4184,0.994263862332696,0.949759615384615,Arabidopsis_thaliana,high_confidence_IR
AT3G18840,AT3G18840.intron1,AT3G18840|3:6498246-6498359:+,3,6498246,6498359,+,AT3G18840.3,1,no,51,123,51,174,0.293103448275862,1,Arabidopsis_thaliana,high_confidence_IR
AT3G18915,AT3G18915.intron1,AT3G18915|3:6524290-6524417:+,3,6524290,6524417,+,AT3G18915.1,1,no,6235,19,6235,6254,0.996961944355612,1,Arabidopsis_thaliana,high_confidence_IR
AT3G18960,AT3G18960.intron2,AT3G18960|3:6543430-6543497:+,3,6543430,6543497,+,AT3G18960.1;AT3G18960.3,2,yes,1052,4175,817,5227,0.201262674574326,0.776615969581749,Arabidopsis_thaliana,high_confidence_IR
AT3G18970,AT3G18970.intron1,AT3G18970|3:6543593-6543683:-,3,6543593,6543683,-,AT3G18970.1,1,no,2290,795,2290,3085,0.742301458670989,1,Arabidopsis_thaliana,high_confidence_IR
AT3G19002,AT3G19002.intron1,AT3G19002|3:6554606-6554723:+,3,6554606,6554723,+,AT3G19002.1,1,no,8794,40,8794,8834,0.995472039846049,1,Arabidopsis_thaliana,high_confidence_IR
AT3G19040,AT3G19040.intron17,AT3G19040|3:6567532-6567835:-,3,6567532,6567835,-,AT3G19040.1;AT3G19040.2,2,no,21,38,18,59,0.355932203389831,0.857142857142857,Arabidopsis_thaliana,high_confidence_IR
AT3G19190,AT3G19190.intron1,AT3G19190|3:6640086-6640611:+,3,6640086,6640611,+,AT3G19190.1;AT3G19190.2;AT3G19190.3,3,no,814,2697,595,3511,0.231842779834805,0.730958230958231,Arabidopsis_thaliana,high_confidence_IR
AT3G19700,AT3G19700.intron1,AT3G19700|3:6846249-6846402:+,3,6846249,6846402,+,AT3G19700.1,1,no,5,5,5,10,0.5,1,Arabidopsis_thaliana,high_confidence_IR
AT3G19920,AT3G19920.intron1,AT3G19920|3:6931461-6931583:-,3,6931461,6931583,-,AT3G19920.1,1,yes,950,3042,741,3992,0.237975951903808,0.78,Arabidopsis_thaliana,high_confidence_IR
AT3G19930,AT3G19930.intron1,AT3G19930|3:6934820-6934950:+,3,6934820,6934950,+,AT3G19930.2,1,yes,2872,99,2171,2971,0.966677886233591,0.75591922005571,Arabidopsis_thaliana,high_confidence_IR
AT3G20120,AT3G20120.intron1,AT3G20120|3:7023392-7024247:+,3,7023392,7024247,+,AT3G20120.2,1,yes,903,611,711,1514,0.596433289299868,0.787375415282392,Arabidopsis_thaliana,high_confidence_IR
AT3G20130,AT3G20130.intron1,AT3G20130|3:7027200-7027283:+,3,7027200,7027283,+,AT3G20130.2,1,yes,2377,11,1982,2388,0.995393634840871,0.833824148085823,Arabidopsis_thaliana,high_confidence_IR
AT3G20140,AT3G20140.intron1,AT3G20140|3:7030093-7030172:+,3,7030093,7030172,+,AT3G20140.1,1,no,96,77,96,173,0.554913294797688,1,Arabidopsis_thaliana,high_confidence_IR
AT3G20160,AT3G20160.intron1,AT3G20160|3:7039623-7039706:+,3,7039623,7039706,+,AT3G20160.2,1,yes,234,17,234,251,0.932270916334661,1,Arabidopsis_thaliana,high_confidence_IR
AT3G20430,AT3G20430.intron3,AT3G20430|3:7121975-7122506:+,3,7121975,7122506,+,AT3G20430.1,1,no,891,1149,681,2040,0.436764705882353,0.764309764309764,Arabidopsis_thaliana,high_confidence_IR
AT3G20730,AT3G20730.intron1,AT3G20730|3:7247720-7247808:+,3,7247720,7247808,+,AT3G20730.1,1,no,161,306,161,467,0.34475374732334,1,Arabidopsis_thaliana,high_confidence_IR
AT3G20890,AT3G20890.intron2,AT3G20890|3:7320350-7320444:+,3,7320350,7320444,+,AT3G20890.2,1,yes,2647,196,2178,2843,0.931058740766796,0.822818284850774,Arabidopsis_thaliana,high_confidence_IR
AT3G20898,AT3G20898.intron1,AT3G20898|3:7323896-7323976:+,3,7323896,7323976,+,AT3G20898.1,1,no,3937,275,3937,4212,0.934710351377018,1,Arabidopsis_thaliana,high_confidence_IR
AT3G21220,AT3G21220.intron1,AT3G21220|3:7447988-7448476:+,3,7447988,7448476,+,AT3G21220.1,1,no,510,101,510,611,0.834697217675941,1,Arabidopsis_thaliana,high_confidence_IR
AT3G21600,AT3G21600.intron5,AT3G21600|3:7606718-7606799:-,3,7606718,7606799,-,AT3G21600.2,1,yes,4104,192,2909,4296,0.955307262569832,0.708820662768031,Arabidopsis_thaliana,high_confidence_IR
AT3G21730,AT3G21730.intron2,AT3G21730|3:7659957-7661097:-,3,7659957,7661097,-,AT3G21730.2,1,yes,46,24,43,70,0.657142857142857,0.934782608695652,Arabidopsis_thaliana,high_confidence_IR
AT3G21960,AT3G21960.intron1,AT3G21960|3:7737498-7737701:+,3,7737498,7737701,+,AT3G21960.1,1,no,24,51,24,75,0.32,1,Arabidopsis_thaliana,high_confidence_IR
AT3G22050,AT3G22050.intron1,AT3G22050|3:7764464-7764699:+,3,7764464,7764699,+,AT3G22050.1,1,no,40,120,40,160,0.25,1,Arabidopsis_thaliana,high_confidence_IR
AT3G22150,AT3G22150.intron1,AT3G22150|3:7815563-7815673:+,3,7815563,7815673,+,AT3G22150.2,1,yes,2862,997,2862,3859,0.741642912671677,1,Arabidopsis_thaliana,high_confidence_IR
AT3G22210,AT3G22210.intron1,AT3G22210|3:7839249-7839335:-,3,7839249,7839335,-,AT3G22210.1,1,no,13320,35358,13320,48678,0.27363490693948,1,Arabidopsis_thaliana,high_confidence_IR
AT3G22235,AT3G22235.intron1,AT3G22235|3:7855678-7855797:-,3,7855678,7855797,-,AT3G22235.2,1,yes,1563,163,1372,1726,0.905561993047509,0.877799104286628,Arabidopsis_thaliana,high_confidence_IR
AT3G22250,AT3G22250.intron2,AT3G22250|3:7869662-7869789:+,3,7869662,7869789,+,AT3G22250.1,1,no,33,52,27,85,0.388235294117647,0.818181818181818,Arabidopsis_thaliana,high_confidence_IR
AT3G22380,AT3G22380.intron13,AT3G22380|3:7918872-7918944:+,3,7918872,7918944,+,AT3G22380.2,1,yes,20844,454,19803,21298,0.978683444454878,0.950057570523892,Arabidopsis_thaliana,high_confidence_IR
AT3G22450,AT3G22450.intron1,AT3G22450|3:7962330-7962422:+,3,7962330,7962422,+,AT3G22450.1,1,no,247,485,247,732,0.337431693989071,1,Arabidopsis_thaliana,high_confidence_IR
AT3G22470,AT3G22470.intron1,AT3G22470|3:7966641-7966715:-,3,7966641,7966715,-,AT3G22470.2,1,yes,1058,34,1058,1092,0.968864468864469,1,Arabidopsis_thaliana,high_confidence_IR
AT3G22565,AT3G22565.intron3,AT3G22565|3:8000742-8000850:+,3,8000742,8000850,+,AT3G22565.1;AT3G22565.2,2,no,1388,116,1343,1504,0.922872340425532,0.967579250720461,Arabidopsis_thaliana,high_confidence_IR
AT3G22790,AT3G22790.intron2,AT3G22790|3:8058031-8058684:-,3,8058031,8058684,-,AT3G22790.3,1,yes,873,363,623,1236,0.706310679611651,0.713631156930126,Arabidopsis_thaliana,high_confidence_IR
AT3G22860,AT3G22860.intron2,AT3G22860|3:8091419-8091501:-,3,8091419,8091501,-,AT3G22860.1,1,no,59,52,57,111,0.531531531531532,0.966101694915254,Arabidopsis_thaliana,high_confidence_IR
AT3G22860,AT3G22860.intron1,AT3G22860|3:8093125-8093218:-,3,8093125,8093218,-,AT3G22860.1,1,no,24,54,22,78,0.307692307692308,0.916666666666667,Arabidopsis_thaliana,high_confidence_IR
AT3G22950,AT3G22950.intron3,AT3G22950|3:8137526-8137769:-,3,8137526,8137769,-,AT3G22950.2,1,yes,12495,2349,9795,14844,0.841754244139046,0.783913565426171,Arabidopsis_thaliana,high_confidence_IR
AT3G23010,AT3G23010.intron1,AT3G23010|3:8176326-8176476:+,3,8176326,8176476,+,AT3G23010.2,1,yes,440,102,440,542,0.811808118081181,1,Arabidopsis_thaliana,high_confidence_IR
AT3G23165,AT3G23165.intron1,AT3G23165|3:8264826-8265002:-,3,8264826,8265002,-,AT3G23165.1,1,no,14,55,14,69,0.202898550724638,1,Arabidopsis_thaliana,high_confidence_IR
AT3G23330,AT3G23330.intron1,AT3G23330|3:8347570-8347681:+,3,8347570,8347681,+,AT3G23330.2,1,yes,634,96,634,730,0.868493150684931,1,Arabidopsis_thaliana,high_confidence_IR
AT3G23470,AT3G23470.intron15,AT3G23470|3:8418429-8418558:+,3,8418429,8418558,+,AT3G23470.3,1,yes,130,64,91,194,0.670103092783505,0.7,Arabidopsis_thaliana,high_confidence_IR
AT3G23715,AT3G23715.intron1,AT3G23715|3:8536917-8537052:+,3,8536917,8537052,+,AT3G23715.1,1,no,26,40,26,66,0.393939393939394,1,Arabidopsis_thaliana,high_confidence_IR
AT3G23890,AT3G23890.intron17,AT3G23890|3:8629995-8630275:+,3,8629995,8630275,+,AT3G23890.2,1,yes,1881,10,1361,1891,0.994711792702274,0.723551302498671,Arabidopsis_thaliana,high_confidence_IR
AT3G23930,AT3G23930.intron1,AT3G23930|3:8647419-8647491:+,3,8647419,8647491,+,AT3G23930.1,1,no,814,832,814,1646,0.49453219927096,1,Arabidopsis_thaliana,high_confidence_IR
AT3G24130,AT3G24130.intron3,AT3G24130|3:8712077-8712552:-,3,8712077,8712552,-,AT3G24130.1,1,no,20,18,14,38,0.526315789473684,0.7,Arabidopsis_thaliana,high_confidence_IR
AT3G24210,AT3G24210.intron1,AT3G24210|3:8755664-8755834:-,3,8755664,8755834,-,AT3G24210.1,1,no,158,439,148,597,0.26465661641541,0.936708860759494,Arabidopsis_thaliana,high_confidence_IR
AT3G24310,AT3G24310.intron1,AT3G24310|3:8811865-8812049:-,3,8811865,8812049,-,AT3G24310.1,1,no,206,740,206,946,0.217758985200846,1,Arabidopsis_thaliana,high_confidence_IR
AT3G24463,AT3G24463.intron1,AT3G24463|3:8887443-8887514:-,3,8887443,8887514,-,AT3G24463.1,1,no,902,883,902,1785,0.505322128851541,1,Arabidopsis_thaliana,high_confidence_IR
AT3G24520,AT3G24520.intron1,AT3G24520|3:8941683-8941766:+,3,8941683,8941766,+,AT3G24520.1,1,no,2210,5344,2210,7554,0.292560232989145,1,Arabidopsis_thaliana,high_confidence_IR
AT3G24540,AT3G24540.intron1,AT3G24540|3:8953384-8953469:+,3,8953384,8953469,+,AT3G24540.1,1,no,20,53,17,73,0.273972602739726,0.85,Arabidopsis_thaliana,high_confidence_IR
AT3G24600,AT3G24600.intron1,AT3G24600|3:8972483-8972562:-,3,8972483,8972562,-,AT3G24600.1,1,no,402,58,402,460,0.873913043478261,1,Arabidopsis_thaliana,high_confidence_IR
AT3G24605,AT3G24605.intron1,AT3G24605|3:8974027-8974435:-,3,8974027,8974435,-,AT3G24605.1,1,no,20,9,20,29,0.689655172413793,1,Arabidopsis_thaliana,high_confidence_IR
AT3G24690,AT3G24690.intron1,AT3G24690|3:9021008-9021083:+,3,9021008,9021083,+,AT3G24690.1,1,no,14,25,14,39,0.358974358974359,1,Arabidopsis_thaliana,high_confidence_IR
AT3G24760,AT3G24760.intron1,AT3G24760|3:9041270-9041572:+,3,9041270,9041572,+,AT3G24760.1,1,yes,1306,2584,922,3890,0.33573264781491,0.705972434915773,Arabidopsis_thaliana,high_confidence_IR
AT3G25250,AT3G25250.intron1,AT3G25250|3:9195946-9196063:+,3,9195946,9196063,+,AT3G25250.1,1,no,3066,2654,3066,5720,0.536013986013986,1,Arabidopsis_thaliana,high_confidence_IR
AT3G25490,AT3G25490.intron1,AT3G25490|3:9241837-9241923:+,3,9241837,9241923,+,AT3G25490.1,1,no,334,219,334,553,0.603978300180832,1,Arabidopsis_thaliana,high_confidence_IR
AT3G25530,AT3G25530.intron3,AT3G25530|3:9273045-9273156:-,3,9273045,9273156,-,AT3G25530.2,1,yes,31354,45,22323,31399,0.998566833338641,0.711966575237609,Arabidopsis_thaliana,high_confidence_IR
AT3G25780,AT3G25780.intron1,AT3G25780|3:9409609-9409879:+,3,9409609,9409879,+,AT3G25780.1,1,no,1983,7164,1983,9147,0.216792390947852,1,Arabidopsis_thaliana,high_confidence_IR
AT3G26150,AT3G26150.intron1,AT3G26150|3:9566239-9566315:-,3,9566239,9566315,-,AT3G26150.1,1,no,18,9,18,27,0.666666666666667,1,Arabidopsis_thaliana,high_confidence_IR
AT3G26270,AT3G26270.intron1,AT3G26270|3:9628208-9628295:-,3,9628208,9628295,-,AT3G26270.1,1,no,20,8,20,28,0.714285714285714,1,Arabidopsis_thaliana,high_confidence_IR
AT3G26350,AT3G26350.intron1,AT3G26350|3:9654674-9655125:-,3,9654674,9655125,-,AT3G26350.2,1,yes,187,274,187,461,0.405639913232104,1,Arabidopsis_thaliana,high_confidence_IR
AT3G26360,AT3G26360.intron1,AT3G26360|3:9656390-9656461:-,3,9656390,9656461,-,AT3G26360.1,1,yes,3129,11403,2302,14532,0.215317919075144,0.735698306168105,Arabidopsis_thaliana,high_confidence_IR
AT3G26420,AT3G26420.intron4,AT3G26420|3:9673464-9673571:+,3,9673464,9673571,+,AT3G26420.1,1,no,1535,5693,1132,7228,0.212368566685113,0.737459283387622,Arabidopsis_thaliana,high_confidence_IR
AT3G26430,AT3G26430.intron4,AT3G26430|3:9673464-9673571:+,3,9673464,9673571,+,AT3G26430.1,1,no,1535,5693,1114,7228,0.212368566685113,0.725732899022801,Arabidopsis_thaliana,high_confidence_IR
AT3G26470,AT3G26470.intron1,AT3G26470|3:9686552-9686642:+,3,9686552,9686642,+,AT3G26470.1,1,no,3474,6297,3474,9771,0.355541909732883,1,Arabidopsis_thaliana,high_confidence_IR
AT3G26490,AT3G26490.intron5,AT3G26490|3:9705695-9705762:+,3,9705695,9705762,+,AT3G26490.1;AT3G26490.3;AT3G26490.4,3,yes,809,1477,685,2286,0.353893263342082,0.84672435105068,Arabidopsis_thaliana,high_confidence_IR
AT3G26570,AT3G26570.intron1,AT3G26570|3:9756337-9756413:+,3,9756337,9756413,+,AT3G26570.1,1,yes,21704,2223,17203,23927,0.907092406068458,0.792618872097309,Arabidopsis_thaliana,high_confidence_IR
AT3G26600,AT3G26600.intron1,AT3G26600|3:9770585-9770827:+,3,9770585,9770827,+,AT3G26600.2,1,yes,4596,443,4596,5039,0.912085731295892,1,Arabidopsis_thaliana,high_confidence_IR
AT3G26620,AT3G26620.intron1,AT3G26620|3:9790781-9790899:+,3,9790781,9790899,+,AT3G26620.1,1,no,45,129,45,174,0.258620689655172,1,Arabidopsis_thaliana,high_confidence_IR
AT3G26660,AT3G26660.intron1,AT3G26660|3:9797349-9797457:-,3,9797349,9797457,-,AT3G26660.1,1,no,323,17,323,340,0.95,1,Arabidopsis_thaliana,high_confidence_IR
AT3G26690,AT3G26690.intron1,AT3G26690|3:9805409-9805472:-,3,9805409,9805472,-,AT3G26690.1,1,yes,8817,3373,7205,12190,0.723297785069729,0.817171373483044,Arabidopsis_thaliana,high_confidence_IR
AT3G26860,AT3G26860.intron1,AT3G26860|3:9901620-9901700:-,3,9901620,9901700,-,AT3G26860.1,1,yes,34171,469,34171,34640,0.986460739030023,1,Arabidopsis_thaliana,high_confidence_IR
AT3G26932,AT3G26932.intron1,AT3G26932|3:9931715-9931841:-,3,9931715,9931841,-,AT3G26932.1,1,yes,6815,921,5183,7736,0.880946225439504,0.76052824651504,Arabidopsis_thaliana,high_confidence_IR
AT3G05205,AT3G05205.intron1,AT3G05205|3:10037893-10038013:-,3,10037893,10038013,-,AT3G05205.1,1,no,28,39,28,67,0.417910447761194,1,Arabidopsis_thaliana,high_confidence_IR
AT3G27250,AT3G27250.intron1,AT3G27250|3:10062508-10062586:+,3,10062508,10062586,+,AT3G27250.2,1,yes,1576,89,1576,1665,0.946546546546547,1,Arabidopsis_thaliana,high_confidence_IR
AT3G27320,AT3G27320.intron1,AT3G27320|3:10090593-10090688:+,3,10090593,10090688,+,AT3G27320.2,1,yes,2775,3301,1957,6076,0.456714944042133,0.705225225225225,Arabidopsis_thaliana,high_confidence_IR
AT3G27430,AT3G27430.intron2,AT3G27430|3:10153036-10153550:+,3,10153036,10153550,+,AT3G27430.3,1,yes,28952,33,20656,28985,0.998861480075901,0.713456756009948,Arabidopsis_thaliana,high_confidence_IR
AT3G27475,AT3G27475.intron3,AT3G27475|3:10174931-10175029:+,3,10174931,10175029,+,AT3G27475.2,1,no,91,5,64,96,0.947916666666667,0.703296703296703,Arabidopsis_thaliana,high_confidence_IR
AT3G27490,AT3G27490.intron1,AT3G27490|3:10179779-10179865:-,3,10179779,10179865,-,AT3G27490.2,1,yes,52,5,52,57,0.912280701754386,1,Arabidopsis_thaliana,high_confidence_IR
AT3G27510,AT3G27510.intron1,AT3G27510|3:10188682-10188751:-,3,10188682,10188751,-,AT3G27510.2,1,yes,390,8,390,398,0.979899497487437,1,Arabidopsis_thaliana,high_confidence_IR
AT3G27540,AT3G27540.intron1,AT3G27540|3:10205552-10205778:+,3,10205552,10205778,+,AT3G27540.1,1,no,1128,3458,1128,4586,0.245965983427824,1,Arabidopsis_thaliana,high_confidence_IR
AT3G27570,AT3G27570.intron1,AT3G27570|3:10216591-10216750:-,3,10216591,10216750,-,AT3G27570.2,1,yes,386,28,312,414,0.932367149758454,0.808290155440414,Arabidopsis_thaliana,high_confidence_IR
AT3G27580,AT3G27580.intron1,AT3G27580|3:10219506-10219736:-,3,10219506,10219736,-,AT3G27580.2,1,yes,456,1493,408,1949,0.233966136480246,0.894736842105263,Arabidopsis_thaliana,high_confidence_IR
AT3G27700,AT3G27700.intron5,AT3G27700|3:10257517-10257679:-,3,10257517,10257679,-,AT3G27700.2,1,yes,3858,60,3290,3918,0.98468606431853,0.85277345775013,Arabidopsis_thaliana,high_confidence_IR
AT3G27730,AT3G27730.intron30,AT3G27730|3:10273480-10274010:-,3,10273480,10274010,-,AT3G27730.2;AT3G27730.3;AT3G27730.4;AT3G27730.5,4,yes,30,34,21,64,0.46875,0.7,Arabidopsis_thaliana,high_confidence_IR
AT3G27809,AT3G27809.intron1,AT3G27809|3:10307747-10308283:-,3,10307747,10308283,-,AT3G27809.1,1,no,2337,297,2337,2634,0.887243735763098,1,Arabidopsis_thaliana,high_confidence_IR
AT3G27830,AT3G27830.intron1,AT3G27830|3:10319153-10319559:+,3,10319153,10319559,+,AT3G27830.2,1,yes,269,792,269,1061,0.253534401508011,1,Arabidopsis_thaliana,high_confidence_IR
AT3G27860,AT3G27860.intron1,AT3G27860|3:10325950-10326100:+,3,10325950,10326100,+,AT3G27860.1,1,no,90,265,90,355,0.253521126760563,1,Arabidopsis_thaliana,high_confidence_IR
AT3G05445,AT3G05445.intron1,AT3G05445|3:10491936-10492361:-,3,10491936,10492361,-,AT3G05445.1,1,no,126,7,126,133,0.947368421052632,1,Arabidopsis_thaliana,high_confidence_IR
AT3G28210,AT3G28210.intron1,AT3G28210|3:10520693-10520770:+,3,10520693,10520770,+,AT3G28210.1;AT3G28210.2,2,no,1957,5133,1919,7090,0.276022566995769,0.980582524271845,Arabidopsis_thaliana,high_confidence_IR
AT3G28345,AT3G28345.intron6,AT3G28345|3:10595292-10595374:-,3,10595292,10595374,-,AT3G28345.1,1,no,339,1273,251,1612,0.21029776674938,0.740412979351032,Arabidopsis_thaliana,high_confidence_IR
AT3G28380,AT3G28380.intron6,AT3G28380|3:10625113-10625198:-,3,10625113,10625198,-,AT3G28380.1,1,no,134,8,115,142,0.943661971830986,0.858208955223881,Arabidopsis_thaliana,high_confidence_IR
AT3G28660,AT3G28660.intron1,AT3G28660|3:10738885-10738958:-,3,10738885,10738958,-,AT3G28660.1,1,no,564,1043,564,1607,0.35096453018046,1,Arabidopsis_thaliana,high_confidence_IR
AT3G28715,AT3G28715.intron5,AT3G28715|3:10779338-10779461:+,3,10779338,10779461,+,AT3G28715.2,1,yes,14023,39,10931,14062,0.997226568055753,0.779505098766312,Arabidopsis_thaliana,high_confidence_IR
AT3G28770,AT3G28770.intron1,AT3G28770|3:10797058-10797252:+,3,10797058,10797252,+,AT3G28770.1;AT3G28770.2;AT3G28770.3,3,no,69,182,69,251,0.274900398406374,1,Arabidopsis_thaliana,high_confidence_IR
AT3G28785,AT3G28785.intron1,AT3G28785|3:10810939-10811015:-,3,10810939,10811015,-,AT3G28785.1,1,no,21,25,21,46,0.456521739130435,1,Arabidopsis_thaliana,high_confidence_IR
AT3G28875,AT3G28875.intron1,AT3G28875|3:10893262-10893333:+,3,10893262,10893333,+,AT3G28875.1,1,no,605,354,605,959,0.630865484880083,1,Arabidopsis_thaliana,high_confidence_IR
AT3G05635,AT3G05635.intron1,AT3G05635|3:10964364-10964478:-,3,10964364,10964478,-,AT3G05635.1,1,no,106,6,106,112,0.946428571428571,1,Arabidopsis_thaliana,high_confidence_IR
AT3G29190,AT3G29190.intron1,AT3G29190|3:11162567-11163093:-,3,11162567,11163093,-,AT3G29190.1,1,no,10,10,10,20,0.5,1,Arabidopsis_thaliana,high_confidence_IR
AT3G29630,AT3G29630.intron1,AT3G29630|3:11447828-11447905:-,3,11447828,11447905,-,AT3G29630.2,1,yes,925,17,925,942,0.981953290870488,1,Arabidopsis_thaliana,high_confidence_IR
AT3G29639,AT3G29639.intron2,AT3G29639|3:11478930-11479094:-,3,11478930,11479094,-,AT3G29639.2,1,yes,268,152,195,420,0.638095238095238,0.727611940298508,Arabidopsis_thaliana,high_confidence_IR
AT3G30165,AT3G30165.intron1,AT3G30165|3:11797853-11797918:-,3,11797853,11797918,-,AT3G30165.1,1,no,29,12,29,41,0.707317073170732,1,Arabidopsis_thaliana,high_confidence_IR
AT3G30720,AT3G30720.intron1,AT3G30720|3:12349194-12349271:+,3,12349194,12349271,+,AT3G30720.3,1,yes,10537,1108,9508,11645,0.904851867754401,0.902344120717472,Arabidopsis_thaliana,high_confidence_IR
AT3G30730,AT3G30730.intron1,AT3G30730|3:12357609-12357673:-,3,12357609,12357673,-,AT3G30730.1;AT3G30730.2,2,no,34,71,34,105,0.323809523809524,1,Arabidopsis_thaliana,high_confidence_IR
AT3G30775,AT3G30775.intron1,AT3G30775|3:12451390-12451477:-,3,12451390,12451477,-,AT3G30775.1,1,yes,167,6,124,173,0.965317919075145,0.74251497005988,Arabidopsis_thaliana,high_confidence_IR
AT3G32180,AT3G32180.intron1,AT3G32180|3:13162557-13162623:-,3,13162557,13162623,-,AT3G32180.1,1,no,33,10,33,43,0.767441860465116,1,Arabidopsis_thaliana,high_confidence_IR
AT3G42170,AT3G42170.intron2,AT3G42170|3:14321870-14321935:+,3,14321870,14321935,+,AT3G42170.2,1,yes,5836,5,4902,5841,0.99914398219483,0.839958875942426,Arabidopsis_thaliana,high_confidence_IR
AT3G42180,AT3G42180.intron4,AT3G42180|3:14324963-14325104:-,3,14324963,14325104,-,AT3G42180.1;AT3G42180.4,2,no,104,111,80,215,0.483720930232558,0.769230769230769,Arabidopsis_thaliana,high_confidence_IR
AT3G42630,AT3G42630.intron1,AT3G42630|3:14722404-14722477:+,3,14722404,14722477,+,AT3G42630.1,1,no,988,3055,988,4043,0.244372990353698,1,Arabidopsis_thaliana,high_confidence_IR
AT3G43150,AT3G43150.intron1,AT3G43150|3:15143890-15143955:+,3,15143890,15143955,+,AT3G43150.1,1,no,31,38,31,69,0.449275362318841,1,Arabidopsis_thaliana,high_confidence_IR
AT3G43860,AT3G43860.intron8,AT3G43860|3:15709477-15709571:+,3,15709477,15709571,+,AT3G43860.2,1,yes,15258,9440,14097,24698,0.617782816422382,0.923908769170271,Arabidopsis_thaliana,high_confidence_IR
AT3G44200,AT3G44200.intron14,AT3G44200|3:15911368-15911623:+,3,15911368,15911623,+,AT3G44200.2,1,yes,711,99,657,810,0.877777777777778,0.924050632911392,Arabidopsis_thaliana,high_confidence_IR
AT3G44290,AT3G44290.intron4,AT3G44290|3:15973248-15973384:-,3,15973248,15973384,-,AT3G44290.1,1,yes,549,522,454,1071,0.512605042016807,0.82695810564663,Arabidopsis_thaliana,high_confidence_IR
AT3G44400,AT3G44400.intron6,AT3G44400|3:16045027-16046288:-,3,16045027,16046288,-,AT3G44400.5,1,yes,965,47,750,1012,0.953557312252964,0.77720207253886,Arabidopsis_thaliana,high_confidence_IR
AT3G44400,AT3G44400.intron1,AT3G44400|3:16048965-16049093:-,3,16048965,16049093,-,AT3G44400.1;AT3G44400.2;AT3G44400.3;AT3G44400.4;AT3G44400.5,5,no,1488,1638,1435,3126,0.476007677543186,0.964381720430108,Arabidopsis_thaliana,high_confidence_IR
AT3G44460,AT3G44460.intron1,AT3G44460|3:16081735-16081821:-,3,16081735,16081821,-,AT3G44460.1,1,no,29,34,23,63,0.46031746031746,0.793103448275862,Arabidopsis_thaliana,high_confidence_IR
AT3G44690,AT3G44690.intron1,AT3G44690|3:16233505-16233594:-,3,16233505,16233594,-,AT3G44690.2,1,yes,784,43,784,827,0.948004836759371,1,Arabidopsis_thaliana,high_confidence_IR
AT3G44700,AT3G44700.intron1,AT3G44700|3:16237259-16237339:-,3,16237259,16237339,-,AT3G44700.2,1,yes,279,60,279,339,0.823008849557522,1,Arabidopsis_thaliana,high_confidence_IR
AT3G44750,AT3G44750.intron3,AT3G44750|3:16298673-16298787:+,3,16298673,16298787,+,AT3G44750.2,1,yes,8849,238,6911,9087,0.973808737757236,0.780992202508758,Arabidopsis_thaliana,high_confidence_IR
AT3G44769,AT3G44769.intron1,AT3G44769|3:16315703-16315789:+,3,16315703,16315789,+,AT3G44769.1,1,no,18,51,18,69,0.260869565217391,1,Arabidopsis_thaliana,high_confidence_IR
AT3G44870,AT3G44870.intron1,AT3G44870|3:16382346-16382435:+,3,16382346,16382435,+,AT3G44870.1,1,no,377,613,264,990,0.380808080808081,0.70026525198939,Arabidopsis_thaliana,high_confidence_IR
AT3G44900,AT3G44900.intron1,AT3G44900|3:16388988-16389077:+,3,16388988,16389077,+,AT3G44900.1,1,no,62,229,60,291,0.213058419243986,0.967741935483871,Arabidopsis_thaliana,high_confidence_IR
AT3G44900,AT3G44900.intron2,AT3G44900|3:16390137-16390229:+,3,16390137,16390229,+,AT3G44900.1,1,no,112,271,112,383,0.29242819843342,1,Arabidopsis_thaliana,high_confidence_IR
AT3G45060,AT3G45060.intron1,AT3G45060|3:16478460-16478546:-,3,16478460,16478546,-,AT3G45060.1,1,no,518,1139,518,1657,0.312613156306578,1,Arabidopsis_thaliana,high_confidence_IR
AT3G45093,AT3G45093.intron1,AT3G45093|3:16496869-16497105:+,3,16496869,16497105,+,AT3G45093.1,1,no,91,13,91,104,0.875,1,Arabidopsis_thaliana,high_confidence_IR
AT3G45170,AT3G45170.intron1,AT3G45170|3:16537694-16537773:+,3,16537694,16537773,+,AT3G45170.1,1,no,11,7,11,18,0.611111111111111,1,Arabidopsis_thaliana,high_confidence_IR
AT3G45180,AT3G45180.intron1,AT3G45180|3:16538524-16538982:-,3,16538524,16538982,-,AT3G45180.1,1,yes,7,10,7,17,0.411764705882353,1,Arabidopsis_thaliana,high_confidence_IR
AT3G45440,AT3G45440.intron1,AT3G45440|3:16666962-16667536:-,3,16666962,16667536,-,AT3G45440.2;AT3G45440.4,2,yes,88,12,65,100,0.88,0.738636363636364,Arabidopsis_thaliana,high_confidence_IR
AT3G45443,AT3G45443.intron2,AT3G45443|3:16668318-16668424:-,3,16668318,16668424,-,AT3G45443.1,1,no,3364,2594,2623,5958,0.564618999664317,0.779726516052319,Arabidopsis_thaliana,high_confidence_IR
AT3G45638,AT3G45638.intron1,AT3G45638|3:16755974-16756144:-,3,16755974,16756144,-,AT3G45638.1,1,yes,429,207,429,636,0.674528301886792,1,Arabidopsis_thaliana,high_confidence_IR
AT3G45830,AT3G45830.intron1,AT3G45830|3:16841084-16841217:+,3,16841084,16841217,+,AT3G45830.1,1,no,846,1427,842,2273,0.372195336559613,0.995271867612293,Arabidopsis_thaliana,high_confidence_IR
AT3G46260,AT3G46260.intron1,AT3G46260|3:16999537-16999910:-,3,16999537,16999910,-,AT3G46260.1,1,no,14,40,13,54,0.259259259259259,0.928571428571429,Arabidopsis_thaliana,high_confidence_IR
AT3G46610,AT3G46610.intron1,AT3G46610|3:17159786-17160121:-,3,17159786,17160121,-,AT3G46610.1,1,yes,254,120,254,374,0.679144385026738,1,Arabidopsis_thaliana,high_confidence_IR
AT3G46680,AT3G46680.intron1,AT3G46680|3:17196184-17196259:-,3,17196184,17196259,-,AT3G46680.1,1,no,307,165,307,472,0.650423728813559,1,Arabidopsis_thaliana,high_confidence_IR
AT3G46690,AT3G46690.intron1,AT3G46690|3:17198638-17198716:-,3,17198638,17198716,-,AT3G46690.1,1,no,1246,3276,1246,4522,0.275541795665635,1,Arabidopsis_thaliana,high_confidence_IR
AT3G46700,AT3G46700.intron1,AT3G46700|3:17201308-17201382:-,3,17201308,17201382,-,AT3G46700.1,1,no,5210,3598,5210,8808,0.591507720254314,1,Arabidopsis_thaliana,high_confidence_IR
AT3G46720,AT3G46720.intron1,AT3G46720|3:17211796-17211870:-,3,17211796,17211870,-,AT3G46720.1,1,no,354,814,354,1168,0.303082191780822,1,Arabidopsis_thaliana,high_confidence_IR
AT3G46830,AT3G46830.intron1,AT3G46830|3:17248396-17248614:-,3,17248396,17248614,-,AT3G46830.2,1,yes,11288,2001,9216,13289,0.849424335916924,0.816442239546421,Arabidopsis_thaliana,high_confidence_IR
AT3G46920,AT3G46920.intron1,AT3G46920|3:17284717-17284898:-,3,17284717,17284898,-,AT3G46920.1,1,yes,1557,87,1338,1644,0.947080291970803,0.859344894026975,Arabidopsis_thaliana,high_confidence_IR
AT3G47090,AT3G47090.intron1,AT3G47090|3:17341874-17341977:-,3,17341874,17341977,-,AT3G47090.1,1,no,265,595,265,860,0.308139534883721,1,Arabidopsis_thaliana,high_confidence_IR
AT3G47110,AT3G47110.intron1,AT3G47110|3:17347459-17347574:-,3,17347459,17347574,-,AT3G47110.1,1,no,250,482,250,732,0.341530054644809,1,Arabidopsis_thaliana,high_confidence_IR
AT3G47120,AT3G47120.intron5,AT3G47120|3:17351772-17352125:-,3,17351772,17352125,-,AT3G47120.2,1,yes,2835,14,2057,2849,0.995085995085995,0.725573192239859,Arabidopsis_thaliana,high_confidence_IR
AT3G47360,AT3G47360.intron1,AT3G47360|3:17451295-17451639:+,3,17451295,17451639,+,AT3G47360.1,1,no,1099,1080,961,2179,0.50435979807251,0.874431301182894,Arabidopsis_thaliana,high_confidence_IR
AT3G47370,AT3G47370.intron2,AT3G47370|3:17454452-17454618:-,3,17454452,17454618,-,AT3G47370.2,1,yes,21918,130,18455,22048,0.994103773584906,0.842002007482434,Arabidopsis_thaliana,high_confidence_IR
AT3G47580,AT3G47580.intron1,AT3G47580|3:17535361-17535448:+,3,17535361,17535448,+,AT3G47580.1,1,no,189,637,189,826,0.228813559322034,1,Arabidopsis_thaliana,high_confidence_IR
AT3G47675,AT3G47675.intron2,AT3G47675|3:17576398-17576462:-,3,17576398,17576462,-,AT3G47675.1,1,no,4900,2425,3473,7325,0.668941979522184,0.708775510204082,Arabidopsis_thaliana,high_confidence_IR
AT3G47680,AT3G47680.intron1,AT3G47680|3:17578779-17579312:-,3,17578779,17579312,-,AT3G47680.1,1,no,2773,8211,2773,10984,0.252458120903132,1,Arabidopsis_thaliana,high_confidence_IR
AT3G47710,AT3G47710.intron1,AT3G47710|3:17590858-17591305:+,3,17590858,17591305,+,AT3G47710.1,1,no,188,368,188,556,0.338129496402878,1,Arabidopsis_thaliana,high_confidence_IR
AT3G47760,AT3G47760.intron1,AT3G47760|3:17611859-17612012:+,3,17611859,17612012,+,AT3G47760.1;AT3G47760.2;AT3G47760.3,3,no,6,12,6,18,0.333333333333333,1,Arabidopsis_thaliana,high_confidence_IR
AT3G47810,AT3G47810.intron2,AT3G47810|3:17639025-17639492:-,3,17639025,17639492,-,AT3G47810.1,1,yes,22510,396,19144,22906,0.982711953200035,0.850466459351399,Arabidopsis_thaliana,high_confidence_IR
AT3G47890,AT3G47890.intron1,AT3G47890|3:17673791-17673890:-,3,17673791,17673890,-,AT3G47890.1,1,yes,143,19,140,162,0.882716049382716,0.979020979020979,Arabidopsis_thaliana,high_confidence_IR
AT3G48240,AT3G48240.intron1,AT3G48240|3:17867538-17867621:+,3,17867538,17867621,+,AT3G48240.1,1,no,769,1539,769,2308,0.333188908145581,1,Arabidopsis_thaliana,high_confidence_IR
AT3G48280,AT3G48280.intron1,AT3G48280|3:17880452-17880549:+,3,17880452,17880549,+,AT3G48280.1,1,no,234,933,234,1167,0.200514138817481,1,Arabidopsis_thaliana,high_confidence_IR
AT3G48290,AT3G48290.intron1,AT3G48290|3:17883454-17883531:+,3,17883454,17883531,+,AT3G48290.1,1,yes,144,392,144,536,0.26865671641791,1,Arabidopsis_thaliana,high_confidence_IR
AT3G48310,AT3G48310.intron1,AT3G48310|3:17889053-17889137:+,3,17889053,17889137,+,AT3G48310.1,1,no,994,3866,994,4860,0.204526748971193,1,Arabidopsis_thaliana,high_confidence_IR
AT3G48320,AT3G48320.intron1,AT3G48320|3:17892102-17892192:+,3,17892102,17892192,+,AT3G48320.1,1,no,1710,2617,1710,4327,0.395192974347123,1,Arabidopsis_thaliana,high_confidence_IR
AT3G48450,AT3G48450.intron1,AT3G48450|3:17944843-17944976:-,3,17944843,17944976,-,AT3G48450.2,1,yes,447,95,426,542,0.824723247232472,0.953020134228188,Arabidopsis_thaliana,high_confidence_IR
AT3G48780,AT3G48780.intron12,AT3G48780|3:18092709-18092855:+,3,18092709,18092855,+,AT3G48780.1,1,yes,921,550,778,1471,0.626104690686608,0.844733984799131,Arabidopsis_thaliana,high_confidence_IR
AT3G48920,AT3G48920.intron2,AT3G48920|3:18139875-18140056:+,3,18139875,18140056,+,AT3G48920.1,1,no,1087,1233,804,2320,0.468534482758621,0.739650413983441,Arabidopsis_thaliana,high_confidence_IR
AT3G49020,AT3G49020.intron3,AT3G49020|3:18170266-18170348:+,3,18170266,18170348,+,AT3G49020.1,1,no,21,27,18,48,0.4375,0.857142857142857,Arabidopsis_thaliana,high_confidence_IR
AT3G49155,AT3G49155.intron1,AT3G49155|3:18220867-18221185:+,3,18220867,18221185,+,AT3G49155.1,1,no,21,39,16,60,0.35,0.761904761904762,Arabidopsis_thaliana,high_confidence_IR
AT3G49190,AT3G49190.intron6,AT3G49190|3:18232228-18232364:-,3,18232228,18232364,-,AT3G49190.1,1,no,144,568,103,712,0.202247191011236,0.715277777777778,Arabidopsis_thaliana,high_confidence_IR
AT3G49200,AT3G49200.intron1,AT3G49200|3:18237251-18237415:-,3,18237251,18237415,-,AT3G49200.1,1,no,13,5,10,18,0.722222222222222,0.769230769230769,Arabidopsis_thaliana,high_confidence_IR
AT3G49230,AT3G49230.intron1,AT3G49230|3:18254533-18254849:+,3,18254533,18254849,+,AT3G49230.1,1,no,17,11,17,28,0.607142857142857,1,Arabidopsis_thaliana,high_confidence_IR
AT3G49650,AT3G49650.intron14,AT3G49650|3:18405587-18405721:-,3,18405587,18405721,-,AT3G49650.1,1,no,673,1747,519,2420,0.278099173553719,0.771173848439822,Arabidopsis_thaliana,high_confidence_IR
AT3G49750,AT3G49750.intron1,AT3G49750|3:18450781-18450881:-,3,18450781,18450881,-,AT3G49750.2,1,yes,1529,96,1529,1625,0.940923076923077,1,Arabidopsis_thaliana,high_confidence_IR
AT3G49830,AT3G49830.intron1,AT3G49830|3:18483135-18483270:+,3,18483135,18483270,+,AT3G49830.1,1,no,48,169,48,217,0.221198156682028,1,Arabidopsis_thaliana,high_confidence_IR
AT3G49850,AT3G49850.intron1,AT3G49850|3:18489177-18489362:+,3,18489177,18489362,+,AT3G49850.1,1,yes,2089,5560,1529,7649,0.273107595764152,0.731929152704643,Arabidopsis_thaliana,high_confidence_IR
AT3G49940,AT3G49940.intron1,AT3G49940|3:18514649-18514742:+,3,18514649,18514742,+,AT3G49940.1,1,no,8866,21081,8866,29947,0.296056366247036,1,Arabidopsis_thaliana,high_confidence_IR
AT3G50160,AT3G50160.intron1,AT3G50160|3:18600014-18600259:-,3,18600014,18600259,-,AT3G50160.1,1,no,136,119,108,255,0.533333333333333,0.794117647058823,Arabidopsis_thaliana,high_confidence_IR
AT3G50190,AT3G50190.intron1,AT3G50190|3:18610433-18610549:-,3,18610433,18610549,-,AT3G50190.1;AT3G50190.2;AT3G50190.3;AT3G50190.4,4,no,105,416,82,521,0.201535508637236,0.780952380952381,Arabidopsis_thaliana,high_confidence_IR
AT3G50200,AT3G50200.intron1,AT3G50200|3:18612488-18612653:-,3,18612488,18612653,-,AT3G50200.1,1,no,67,225,67,292,0.229452054794521,1,Arabidopsis_thaliana,high_confidence_IR
AT3G50280,AT3G50280.intron1,AT3G50280|3:18638146-18638230:+,3,18638146,18638230,+,AT3G50280.2,1,yes,1412,16,1412,1428,0.988795518207283,1,Arabidopsis_thaliana,high_confidence_IR
AT3G50450,AT3G50450.intron1,AT3G50450|3:18722711-18722861:+,3,18722711,18722861,+,AT3G50450.1,1,no,57,50,57,107,0.532710280373832,1,Arabidopsis_thaliana,high_confidence_IR
AT3G50510,AT3G50510.intron1,AT3G50510|3:18745602-18745992:-,3,18745602,18745992,-,AT3G50510.1,1,yes,18,5,18,23,0.782608695652174,1,Arabidopsis_thaliana,high_confidence_IR
AT3G50670,AT3G50670.intron6,AT3G50670|3:18827440-18828348:-,3,18827440,18828348,-,AT3G50670.1,1,yes,7077,9526,5910,16603,0.426248268385232,0.835099618482408,Arabidopsis_thaliana,high_confidence_IR
AT3G50750,AT3G50750.intron1,AT3G50750|3:18862738-18862822:-,3,18862738,18862822,-,AT3G50750.1,1,no,2287,7294,2287,9581,0.238701596910552,1,Arabidopsis_thaliana,high_confidence_IR
AT3G50780,AT3G50780.intron1,AT3G50780|3:18877408-18877679:-,3,18877408,18877679,-,AT3G50780.2,1,yes,528,311,418,839,0.629320619785459,0.791666666666667,Arabidopsis_thaliana,high_confidence_IR
AT3G50808,AT3G50808.intron1,AT3G50808|3:18887758-18887858:-,3,18887758,18887858,-,AT3G50808.1,1,no,15,19,15,34,0.441176470588235,1,Arabidopsis_thaliana,high_confidence_IR
AT3G50890,AT3G50890.intron1,AT3G50890|3:18916306-18916412:+,3,18916306,18916412,+,AT3G50890.1,1,no,898,2791,898,3689,0.243426402819192,1,Arabidopsis_thaliana,high_confidence_IR
AT3G50940,AT3G50940.intron1,AT3G50940|3:18933832-18934082:+,3,18933832,18934082,+,AT3G50940.1,1,no,119,403,89,522,0.227969348659004,0.747899159663866,Arabidopsis_thaliana,high_confidence_IR
AT3G50940,AT3G50940.intron2,AT3G50940|3:18935073-18935159:+,3,18935073,18935159,+,AT3G50940.1,1,no,102,402,76,504,0.202380952380952,0.745098039215686,Arabidopsis_thaliana,high_confidence_IR
AT3G51100,AT3G51100.intron2,AT3G51100|3:18981619-18981993:-,3,18981619,18981993,-,AT3G51100.3,1,yes,8425,423,6623,8848,0.952192585895118,0.786112759643917,Arabidopsis_thaliana,high_confidence_IR
AT3G51190,AT3G51190.intron1,AT3G51190|3:19016946-19017104:-,3,19016946,19017104,-,AT3G51190.1,1,no,74,20,74,94,0.787234042553192,1,Arabidopsis_thaliana,high_confidence_IR
AT3G51230,AT3G51230.intron1,AT3G51230|3:19024041-19024185:-,3,19024041,19024185,-,AT3G51230.1,1,no,563,1501,563,2064,0.272771317829457,1,Arabidopsis_thaliana,high_confidence_IR
AT3G51240,AT3G51240.intron1,AT3G51240|3:19025267-19025418:+,3,19025267,19025418,+,AT3G51240.2,1,yes,2988,123,2355,3111,0.96046287367406,0.788152610441767,Arabidopsis_thaliana,high_confidence_IR
AT3G51370,AT3G51370.intron1,AT3G51370|3:19069440-19069652:+,3,19069440,19069652,+,AT3G51370.2;AT3G51370.3,2,yes,22736,1665,17614,24401,0.931765091594607,0.774718508092892,Arabidopsis_thaliana,high_confidence_IR
AT3G51380,AT3G51380.intron1,AT3G51380|3:19074195-19074273:-,3,19074195,19074273,-,AT3G51380.1,1,no,717,941,717,1658,0.432448733413752,1,Arabidopsis_thaliana,high_confidence_IR
AT3G51500,AT3G51500.intron1,AT3G51500|3:19108209-19108350:+,3,19108209,19108350,+,AT3G51500.1,1,no,2596,9880,2596,12476,0.208079512664315,1,Arabidopsis_thaliana,high_confidence_IR
AT3G51540,AT3G51540.intron6,AT3G51540|3:19116738-19116871:+,3,19116738,19116871,+,AT3G51540.1;AT3G51540.2;AT3G51540.3,3,yes,234,784,170,1018,0.229862475442043,0.726495726495726,Arabidopsis_thaliana,high_confidence_IR
AT3G51560,AT3G51560.intron4,AT3G51560|3:19122429-19122514:-,3,19122429,19122514,-,AT3G51560.1,1,no,19,7,17,26,0.730769230769231,0.894736842105263,Arabidopsis_thaliana,high_confidence_IR
AT3G51560,AT3G51560.intron1,AT3G51560|3:19125412-19125500:-,3,19125412,19125500,-,AT3G51560.1,1,no,48,6,47,54,0.888888888888889,0.979166666666667,Arabidopsis_thaliana,high_confidence_IR
AT3G51570,AT3G51570.intron5,AT3G51570|3:19130017-19130128:+,3,19130017,19130128,+,AT3G51570.1;AT3G51570.2,2,no,15,37,13,52,0.288461538461538,0.866666666666667,Arabidopsis_thaliana,high_confidence_IR
AT3G51650,AT3G51650.intron1,AT3G51650|3:19159106-19159245:+,3,19159106,19159245,+,AT3G51650.1;AT3G51650.2,2,yes,533,1552,452,2085,0.255635491606715,0.848030018761726,Arabidopsis_thaliana,high_confidence_IR
AT3G51680,AT3G51680.intron1,AT3G51680|3:19174442-19174575:-,3,19174442,19174575,-,AT3G51680.1,1,no,102,281,102,383,0.266318537859008,1,Arabidopsis_thaliana,high_confidence_IR
AT3G51710,AT3G51710.intron1,AT3G51710|3:19182898-19182979:+,3,19182898,19182979,+,AT3G51710.1,1,no,275,693,275,968,0.284090909090909,1,Arabidopsis_thaliana,high_confidence_IR
AT3G51720,AT3G51720.intron1,AT3G51720|3:19185260-19185435:+,3,19185260,19185435,+,AT3G51720.1,1,no,756,2750,756,3506,0.2156303479749,1,Arabidopsis_thaliana,high_confidence_IR
AT3G52070,AT3G52070.intron1,AT3G52070|3:19313094-19313259:+,3,19313094,19313259,+,AT3G52070.2,1,yes,2003,48,2003,2051,0.976596782057533,1,Arabidopsis_thaliana,high_confidence_IR
AT3G52080,AT3G52080.intron1,AT3G52080|3:19315261-19315334:+,3,19315261,19315334,+,AT3G52080.1,1,no,46,113,41,159,0.289308176100629,0.891304347826087,Arabidopsis_thaliana,high_confidence_IR
AT3G52080,AT3G52080.intron2,AT3G52080|3:19316340-19316432:+,3,19316340,19316432,+,AT3G52080.1,1,no,43,102,34,145,0.296551724137931,0.790697674418605,Arabidopsis_thaliana,high_confidence_IR
AT3G52080,AT3G52080.intron3,AT3G52080|3:19317039-19317111:+,3,19317039,19317111,+,AT3G52080.1,1,no,45,177,34,222,0.202702702702703,0.755555555555556,Arabidopsis_thaliana,high_confidence_IR
AT3G52105,AT3G52105.intron1,AT3G52105|3:19323221-19323300:+,3,19323221,19323300,+,AT3G52105.2,1,no,631,206,631,837,0.753882915173238,1,Arabidopsis_thaliana,high_confidence_IR
AT3G52150,AT3G52150.intron4,AT3G52150|3:19343139-19343244:+,3,19343139,19343244,+,AT3G52150.2,1,yes,9802,393,7927,10195,0.961451692005885,0.8087125076515,Arabidopsis_thaliana,high_confidence_IR
AT3G52400,AT3G52400.intron1,AT3G52400|3:19426290-19426461:-,3,19426290,19426461,-,AT3G52400.1,1,no,8708,23574,8708,32282,0.269747847097454,1,Arabidopsis_thaliana,high_confidence_IR
AT3G52605,AT3G52605.intron1,AT3G52605|3:19510858-19510979:-,3,19510858,19510979,-,AT3G52605.1,1,yes,5195,25,5195,5220,0.995210727969349,1,Arabidopsis_thaliana,high_confidence_IR
AT3G52748,AT3G52748.intron1,AT3G52748|3:19549074-19549255:+,3,19549074,19549255,+,AT3G52748.1,1,no,1424,2503,1424,3927,0.36261777438248,1,Arabidopsis_thaliana,high_confidence_IR
AT3G52920,AT3G52920.intron3,AT3G52920|3:19625739-19625867:+,3,19625739,19625867,+,AT3G52920.2,1,yes,6681,12215,5169,18896,0.353566892464014,0.773686573866188,Arabidopsis_thaliana,high_confidence_IR
AT3G53050,AT3G53050.intron1,AT3G53050|3:19669435-19669510:+,3,19669435,19669510,+,AT3G53050.1,1,no,14,11,14,25,0.56,1,Arabidopsis_thaliana,high_confidence_IR
AT3G53365,AT3G53365.intron1,AT3G53365|3:19787369-19787521:+,3,19787369,19787521,+,AT3G53365.1,1,no,297,734,297,1031,0.288069835111542,1,Arabidopsis_thaliana,high_confidence_IR
AT3G53370,AT3G53370.intron2,AT3G53370|3:19788249-19788710:-,3,19788249,19788710,-,AT3G53370.2,1,yes,1814,35,1645,1849,0.981070849107626,0.90683572216097,Arabidopsis_thaliana,high_confidence_IR
AT3G53440,AT3G53440.intron1,AT3G53440|3:19810824-19810926:+,3,19810824,19810926,+,AT3G53440.2,1,yes,1364,1072,1364,2436,0.559934318555008,1,Arabidopsis_thaliana,high_confidence_IR
AT3G53670,AT3G53670.intron1,AT3G53670|3:19890820-19890923:+,3,19890820,19890923,+,AT3G53670.2,1,yes,17515,2281,14194,19796,0.884774701959992,0.810391093348558,Arabidopsis_thaliana,high_confidence_IR
AT3G53710,AT3G53710.intron4,AT3G53710|3:19903643-19903727:-,3,19903643,19903727,-,AT3G53710.3,1,yes,12494,1524,9216,14018,0.891282636610073,0.737634064350888,Arabidopsis_thaliana,high_confidence_IR
AT3G53850,AT3G53850.intron1,AT3G53850|3:19949084-19949201:-,3,19949084,19949201,-,AT3G53850.2,1,yes,1928,253,1525,2181,0.883998165978909,0.79097510373444,Arabidopsis_thaliana,high_confidence_IR
AT3G53860,AT3G53860.intron1,AT3G53860|3:19950115-19950689:-,3,19950115,19950689,-,AT3G53860.1,1,no,261,1002,261,1263,0.206650831353919,1,Arabidopsis_thaliana,high_confidence_IR
AT3G53890,AT3G53890.intron2,AT3G53890|3:19956063-19956295:-,3,19956063,19956295,-,AT3G53890.2,1,yes,63221,2055,55768,65276,0.968518291561983,0.88211195647016,Arabidopsis_thaliana,high_confidence_IR
AT3G54430,AT3G54430.intron1,AT3G54430|3:20147430-20147505:-,3,20147430,20147505,-,AT3G54430.1,1,no,671,2583,671,3254,0.20620774431469,1,Arabidopsis_thaliana,high_confidence_IR
AT3G54450,AT3G54450.intron5,AT3G54450|3:20161330-20161478:+,3,20161330,20161478,+,AT3G54450.1,1,no,115,114,94,229,0.502183406113537,0.817391304347826,Arabidopsis_thaliana,high_confidence_IR
AT3G54460,AT3G54460.intron1,AT3G54460|3:20166722-20166810:-,3,20166722,20166810,-,AT3G54460.2,1,yes,4404,250,3200,4654,0.946282767511818,0.72661217075386,Arabidopsis_thaliana,high_confidence_IR
AT3G54800,AT3G54800.intron1,AT3G54800|3:20286300-20286373:+,3,20286300,20286373,+,AT3G54800.2,1,yes,9727,2065,8847,11792,0.824881275440977,0.909530173743189,Arabidopsis_thaliana,high_confidence_IR
AT3G54980,AT3G54980.intron1,AT3G54980|3:20372929-20373127:+,3,20372929,20373127,+,AT3G54980.2,1,yes,305,873,305,1178,0.258913412563667,1,Arabidopsis_thaliana,high_confidence_IR
AT3G55310,AT3G55310.intron1,AT3G55310|3:20505891-20506136:+,3,20505891,20506136,+,AT3G55310.1,1,no,124,69,124,193,0.642487046632124,1,Arabidopsis_thaliana,high_confidence_IR
AT3G55720,AT3G55720.intron1,AT3G55720|3:20680199-20680327:+,3,20680199,20680327,+,AT3G55720.1,1,no,427,606,427,1033,0.413359148112294,1,Arabidopsis_thaliana,high_confidence_IR
AT3G55740,AT3G55740.intron2,AT3G55740|3:20695877-20696509:+,3,20695877,20696509,+,AT3G55740.2,1,yes,4353,653,3050,5006,0.869556532161406,0.700666207213416,Arabidopsis_thaliana,high_confidence_IR
AT3G55780,AT3G55780.intron1,AT3G55780|3:20706779-20707089:+,3,20706779,20707089,+,AT3G55780.1,1,no,28,42,28,70,0.4,1,Arabidopsis_thaliana,high_confidence_IR
AT3G55980,AT3G55980.intron1,AT3G55980|3:20776453-20776847:+,3,20776453,20776847,+,AT3G55980.1;AT3G55980.2,2,no,9057,21891,9057,30948,0.292652190771617,1,Arabidopsis_thaliana,high_confidence_IR
AT3G56210,AT3G56210.intron9,AT3G56210|3:20852710-20853492:-,3,20852710,20853492,-,AT3G56210.2,1,yes,1559,2953,1184,4512,0.34552304964539,0.759461193072482,Arabidopsis_thaliana,high_confidence_IR
AT3G56470,AT3G56470.intron1,AT3G56470|3:20934832-20934930:+,3,20934832,20934930,+,AT3G56470.1,1,no,716,1207,704,1923,0.372334893395736,0.983240223463687,Arabidopsis_thaliana,high_confidence_IR
AT3G56650,AT3G56650.intron1,AT3G56650|3:20985108-20985317:+,3,20985108,20985317,+,AT3G56650.1,1,no,4778,9184,3820,13962,0.342214582438046,0.799497697781498,Arabidopsis_thaliana,high_confidence_IR
AT3G56660,AT3G56660.intron1,AT3G56660|3:20986642-20986775:-,3,20986642,20986775,-,AT3G56660.1,1,no,377,12,377,389,0.969151670951157,1,Arabidopsis_thaliana,high_confidence_IR
AT3G56710,AT3G56710.intron1,AT3G56710|3:21007518-21007608:-,3,21007518,21007608,-,AT3G56710.2,1,yes,511,108,511,619,0.825525040387722,1,Arabidopsis_thaliana,high_confidence_IR
AT3G56780,AT3G56780.intron1,AT3G56780|3:21031477-21031607:+,3,21031477,21031607,+,AT3G56780.2;AT3G56780.3,2,no,32,99,28,131,0.244274809160305,0.875,Arabidopsis_thaliana,high_confidence_IR
AT3G56960,AT3G56960.intron1,AT3G56960|3:21080269-21080392:+,3,21080269,21080392,+,AT3G56960.1,1,yes,628,46,552,674,0.931750741839763,0.878980891719745,Arabidopsis_thaliana,high_confidence_IR
AT3G56970,AT3G56970.intron1,AT3G56970|3:21084654-21084782:-,3,21084654,21084782,-,AT3G56970.1,1,no,308,1142,308,1450,0.212413793103448,1,Arabidopsis_thaliana,high_confidence_IR
AT3G57020,AT3G57020.intron2,AT3G57020|3:21099447-21100019:-,3,21099447,21100019,-,AT3G57020.2,1,yes,11919,1711,10768,13630,0.874468085106383,0.903431495930867,Arabidopsis_thaliana,high_confidence_IR
AT3G57090,AT3G57090.intron5,AT3G57090|3:21130009-21130837:+,3,21130009,21130837,+,AT3G57090.2,1,yes,108,69,95,177,0.610169491525424,0.87962962962963,Arabidopsis_thaliana,high_confidence_IR
AT3G57140,AT3G57140.intron1,AT3G57140|3:21153396-21153476:-,3,21153396,21153476,-,AT3G57140.1,1,yes,852,661,645,1513,0.563119629874422,0.757042253521127,Arabidopsis_thaliana,high_confidence_IR
AT3G57210,AT3G57210.intron1,AT3G57210|3:21173733-21173847:-,3,21173733,21173847,-,AT3G57210.1,1,no,15,7,15,22,0.681818181818182,1,Arabidopsis_thaliana,high_confidence_IR
AT3G57270,AT3G57270.intron2,AT3G57270|3:21191903-21192145:-,3,21191903,21192145,-,AT3G57270.1,1,no,13,40,13,53,0.245283018867925,1,Arabidopsis_thaliana,high_confidence_IR
AT3G57340,AT3G57340.intron1,AT3G57340|3:21219037-21219142:+,3,21219037,21219142,+,AT3G57340.1,1,yes,6051,11714,6051,17765,0.340613566000563,1,Arabidopsis_thaliana,high_confidence_IR
AT3G57480,AT3G57480.intron2,AT3G57480|3:21277573-21277720:-,3,21277573,21277720,-,AT3G57480.1,1,no,197,218,185,415,0.474698795180723,0.939086294416244,Arabidopsis_thaliana,high_confidence_IR
AT3G57590,AT3G57590.intron1,AT3G57590|3:21331093-21331212:-,3,21331093,21331212,-,AT3G57590.2,1,yes,3694,82,3694,3776,0.978283898305085,1,Arabidopsis_thaliana,high_confidence_IR
AT3G57750,AT3G57750.intron1,AT3G57750|3:21395127-21395176:+,3,21395127,21395176,+,AT3G57750.2,1,yes,4027,109,4027,4136,0.973646034816248,1,Arabidopsis_thaliana,high_confidence_IR
AT3G57770,AT3G57770.intron1,AT3G57770|3:21398301-21398370:+,3,21398301,21398370,+,AT3G57770.1,1,no,930,1377,930,2307,0.403120936280884,1,Arabidopsis_thaliana,high_confidence_IR
AT3G57790,AT3G57790.intron1,AT3G57790|3:21407217-21407458:-,3,21407217,21407458,-,AT3G57790.1,1,yes,700,7,583,707,0.99009900990099,0.832857142857143,Arabidopsis_thaliana,high_confidence_IR
AT3G57965,AT3G57965.intron1,AT3G57965|3:21465939-21466025:-,3,21465939,21466025,-,AT3G57965.1,1,no,658,1145,658,1803,0.364947310038824,1,Arabidopsis_thaliana,high_confidence_IR
AT3G58010,AT3G58010.intron1,AT3G58010|3:21477505-21477784:-,3,21477505,21477784,-,AT3G58010.2,1,yes,78,37,61,115,0.678260869565217,0.782051282051282,Arabidopsis_thaliana,high_confidence_IR
AT3G58450,AT3G58450.intron1,AT3G58450|3:21622300-21622424:+,3,21622300,21622424,+,AT3G58450.2,1,yes,12092,23672,10719,35764,0.338105357342579,0.886453853787628,Arabidopsis_thaliana,high_confidence_IR
AT3G58490,AT3G58490.intron2,AT3G58490|3:21633448-21633571:+,3,21633448,21633571,+,AT3G58490.2,1,yes,14611,748,11075,15359,0.951298912689628,0.757990555061255,Arabidopsis_thaliana,high_confidence_IR
AT3G58795,AT3G58795.intron1,AT3G58795|3:21745932-21746055:+,3,21745932,21746055,+,AT3G58795.1,1,no,8363,19,8363,8382,0.997733237890718,1,Arabidopsis_thaliana,high_confidence_IR
AT3G58810,AT3G58810.intron1,AT3G58810|3:21750596-21750712:+,3,21750596,21750712,+,AT3G58810.2,1,yes,403,1441,403,1844,0.218546637744035,1,Arabidopsis_thaliana,high_confidence_IR
AT3G59030,AT3G59030.intron1,AT3G59030|3:21819442-21819600:+,3,21819442,21819600,+,AT3G59030.1;AT3G59030.2,2,no,16,11,14,27,0.592592592592593,0.875,Arabidopsis_thaliana,high_confidence_IR
AT3G59080,AT3G59080.intron1,AT3G59080|3:21837437-21837544:+,3,21837437,21837544,+,AT3G59080.2,1,yes,7278,266,7278,7544,0.96474019088017,1,Arabidopsis_thaliana,high_confidence_IR
AT3G59130,AT3G59130.intron1,AT3G59130|3:21862086-21862584:-,3,21862086,21862584,-,AT3G59130.1,1,no,114,92,114,206,0.553398058252427,1,Arabidopsis_thaliana,high_confidence_IR
AT3G59630,AT3G59630.intron1,AT3G59630|3:22028054-22028472:-,3,22028054,22028472,-,AT3G59630.2,1,no,56,54,50,110,0.509090909090909,0.892857142857143,Arabidopsis_thaliana,high_confidence_IR
AT3G59730,AT3G59730.intron1,AT3G59730|3:22064609-22064684:-,3,22064609,22064684,-,AT3G59730.2,1,yes,211,54,211,265,0.79622641509434,1,Arabidopsis_thaliana,high_confidence_IR
AT3G59870,AT3G59870.intron1,AT3G59870|3:22117492-22117851:-,3,22117492,22117851,-,AT3G59870.1,1,no,1495,4100,1068,5595,0.267202859696157,0.71438127090301,Arabidopsis_thaliana,high_confidence_IR
AT3G60270,AT3G60270.intron1,AT3G60270|3:22278427-22278596:-,3,22278427,22278596,-,AT3G60270.1,1,no,716,164,716,880,0.813636363636364,1,Arabidopsis_thaliana,high_confidence_IR
AT3G60550,AT3G60550.intron1,AT3G60550|3:22380256-22380358:+,3,22380256,22380358,+,AT3G60550.1,1,no,1222,1561,1222,2783,0.439094502335609,1,Arabidopsis_thaliana,high_confidence_IR
AT3G60590,AT3G60590.intron3,AT3G60590|3:22398767-22398885:+,3,22398767,22398885,+,AT3G60590.1;AT3G60590.4,2,yes,5189,147,3888,5336,0.972451274362819,0.749277317402197,Arabidopsis_thaliana,high_confidence_IR
AT3G60700,AT3G60700.intron1,AT3G60700|3:22438776-22438861:+,3,22438776,22438861,+,AT3G60700.1,1,no,94,246,94,340,0.276470588235294,1,Arabidopsis_thaliana,high_confidence_IR
AT3G60730,AT3G60730.intron1,AT3G60730|3:22445409-22445574:+,3,22445409,22445574,+,AT3G60730.1,1,no,13,16,13,29,0.448275862068966,1,Arabidopsis_thaliana,high_confidence_IR
AT3G60960,AT3G60960.intron1,AT3G60960|3:22536951-22538465:+,3,22536951,22538465,+,AT3G60960.2,1,yes,109,103,79,212,0.514150943396226,0.724770642201835,Arabidopsis_thaliana,high_confidence_IR
AT3G61070,AT3G61070.intron1,AT3G61070|3:22606598-22606711:-,3,22606598,22606711,-,AT3G61070.2,1,yes,12084,635,8542,12719,0.950074691406557,0.706885137371731,Arabidopsis_thaliana,high_confidence_IR
AT3G61160,AT3G61160.intron2,AT3G61160|3:22636516-22636628:+,3,22636516,22636628,+,AT3G61160.1;AT3G61160.3;AT3G61160.4;AT3G61160.5,4,yes,7103,24481,4986,31584,0.224892350557244,0.701956919611432,Arabidopsis_thaliana,high_confidence_IR
AT3G61210,AT3G61210.intron1,AT3G61210|3:22659508-22659656:-,3,22659508,22659656,-,AT3G61210.1,1,no,3895,4133,3895,8028,0.485176880916791,1,Arabidopsis_thaliana,high_confidence_IR
AT3G09575,AT3G09575.intron1,AT3G09575|3:22664862-22664946:+,3,22664862,22664946,+,AT3G09575.1,1,no,6297,131,6297,6428,0.979620410703174,1,Arabidopsis_thaliana,high_confidence_IR
AT3G61600,AT3G61600.intron6,AT3G61600|3:22797938-22798053:+,3,22797938,22798053,+,AT3G61600.2,1,yes,17220,7923,13405,25143,0.68488247225868,0.778455284552846,Arabidopsis_thaliana,high_confidence_IR
AT3G61640,AT3G61640.intron1,AT3G61640|3:22810393-22810514:-,3,22810393,22810514,-,AT3G61640.1,1,no,5665,6453,5665,12118,0.467486383891731,1,Arabidopsis_thaliana,high_confidence_IR
AT3G61860,AT3G61860.intron2,AT3G61860|3:22901256-22902053:-,3,22901256,22902053,-,AT3G61860.1,1,no,10415,10091,8966,20506,0.507900126792158,0.860873739798368,Arabidopsis_thaliana,high_confidence_IR
AT3G61898,AT3G61898.intron1,AT3G61898|3:22922567-22922652:+,3,22922567,22922652,+,AT3G61898.1,1,no,4070,732,4070,4802,0.847563515201999,1,Arabidopsis_thaliana,high_confidence_IR
AT3G61950,AT3G61950.intron1,AT3G61950|3:22939694-22940110:+,3,22939694,22940110,+,AT3G61950.1;AT3G61950.3;AT3G61950.4;AT3G61950.5,4,yes,121,292,91,413,0.292978208232446,0.752066115702479,Arabidopsis_thaliana,high_confidence_IR
AT3G62160,AT3G62160.intron1,AT3G62160|3:23015209-23015397:-,3,23015209,23015397,-,AT3G62160.1,1,no,397,1161,397,1558,0.254813863928113,1,Arabidopsis_thaliana,high_confidence_IR
AT3G62200,AT3G62200.intron1,AT3G62200|3:23025259-23025376:-,3,23025259,23025376,-,AT3G62200.1,1,no,305,1218,303,1523,0.200262639527249,0.99344262295082,Arabidopsis_thaliana,high_confidence_IR
AT3G62510,AT3G62510.intron1,AT3G62510|3:23122853-23123335:+,3,23122853,23123335,+,AT3G62510.2,1,no,541,51,500,592,0.913851351351351,0.924214417744917,Arabidopsis_thaliana,high_confidence_IR
AT3G62650,AT3G62650.intron1,AT3G62650|3:23168134-23168518:+,3,23168134,23168518,+,AT3G62650.2,1,yes,186,287,186,473,0.39323467230444,1,Arabidopsis_thaliana,high_confidence_IR
AT3G62720,AT3G62720.intron1,AT3G62720|3:23201198-23201295:+,3,23201198,23201295,+,AT3G62720.2,1,yes,2582,570,2582,3152,0.819162436548223,1,Arabidopsis_thaliana,high_confidence_IR
AT3G62800,AT3G62800.intron5,AT3G62800|3:23226012-23226089:-,3,23226012,23226089,-,AT3G62800.3,1,yes,2626,243,1894,2869,0.915301498780063,0.721249047981721,Arabidopsis_thaliana,high_confidence_IR
AT3G62810,AT3G62810.intron2,AT3G62810|3:23228183-23228629:+,3,23228183,23228629,+,AT3G62810.2,1,yes,373,53,277,426,0.875586854460094,0.742627345844504,Arabidopsis_thaliana,high_confidence_IR
AT3G62890,AT3G62890.intron1,AT3G62890|3:23247461-23247544:+,3,23247461,23247544,+,AT3G62890.1,1,no,159,366,159,525,0.302857142857143,1,Arabidopsis_thaliana,high_confidence_IR
AT3G63020,AT3G63020.intron1,AT3G63020|3:23294642-23294713:+,3,23294642,23294713,+,AT3G63020.2,1,yes,94,59,94,153,0.61437908496732,1,Arabidopsis_thaliana,high_confidence_IR
AT3G63250,AT3G63250.intron7,AT3G63250|3:23370067-23370161:-,3,23370067,23370161,-,AT3G63250.1,1,no,209,773,152,982,0.212830957230143,0.727272727272727,Arabidopsis_thaliana,high_confidence_IR
AT3G63290,AT3G63290.intron1,AT3G63290|3:23381950-23382084:+,3,23381950,23382084,+,AT3G63290.1,1,yes,419,660,419,1079,0.388322520852641,1,Arabidopsis_thaliana,high_confidence_IR
AT3G63350,AT3G63350.intron1,AT3G63350|3:23399729-23400224:+,3,23399729,23400224,+,AT3G63350.1,1,no,14,27,14,41,0.341463414634146,1,Arabidopsis_thaliana,high_confidence_IR
AT3G63360,AT3G63360.intron1,AT3G63360|3:23401457-23401533:-,3,23401457,23401533,-,AT3G63360.1,1,no,119,132,119,251,0.474103585657371,1,Arabidopsis_thaliana,high_confidence_IR
AT4G00040,AT4G00040.intron1,AT4G00040|4:14834-14920:+,4,14834,14920,+,AT4G00040.1,1,no,2932,9674,2932,12606,0.232587656671426,1,Arabidopsis_thaliana,high_confidence_IR
AT4G00234,AT4G00234.intron1,AT4G00234|4:101437-101514:+,4,101437,101514,+,AT4G00234.1,1,no,31,38,31,69,0.449275362318841,1,Arabidopsis_thaliana,high_confidence_IR
AT4G00295,AT4G00295.intron1,AT4G00295|4:127361-127511:+,4,127361,127511,+,AT4G00295.1,1,no,14,23,14,37,0.378378378378378,1,Arabidopsis_thaliana,high_confidence_IR
AT4G00310,AT4G00310.intron1,AT4G00310|4:133738-133838:+,4,133738,133838,+,AT4G00310.2,1,yes,908,365,638,1273,0.713275726630008,0.702643171806167,Arabidopsis_thaliana,high_confidence_IR
AT4G00355,AT4G00355.intron2,AT4G00355|4:154896-155202:+,4,154896,155202,+,AT4G00355.1,1,yes,17744,2833,13686,20577,0.862322010011177,0.771302975653742,Arabidopsis_thaliana,high_confidence_IR
AT4G00450,AT4G00450.intron11,AT4G00450|4:206943-207039:+,4,206943,207039,+,AT4G00450.1;AT4G00450.2;AT4G00450.3,3,no,479,1186,453,1665,0.287687687687688,0.945720250521921,Arabidopsis_thaliana,high_confidence_IR
AT4G00525,AT4G00525.intron1,AT4G00525|4:232088-232572:+,4,232088,232572,+,AT4G00525.1,1,no,368,927,368,1295,0.284169884169884,1,Arabidopsis_thaliana,high_confidence_IR
AT4G00660,AT4G00660.intron9,AT4G00660|4:277445-277838:+,4,277445,277838,+,AT4G00660.2,1,yes,6922,668,5070,7590,0.911989459815547,0.732447269575267,Arabidopsis_thaliana,high_confidence_IR
AT4G00700,AT4G00700.intron1,AT4G00700|4:286063-286199:+,4,286063,286199,+,AT4G00700.2,1,yes,555,569,536,1124,0.493772241992883,0.965765765765766,Arabidopsis_thaliana,high_confidence_IR
AT4G00740,AT4G00740.intron7,AT4G00740|4:307359-307768:-,4,307359,307768,-,AT4G00740.2,1,yes,889,581,661,1470,0.604761904761905,0.743532058492688,Arabidopsis_thaliana,high_confidence_IR
AT4G00870,AT4G00870.intron1,AT4G00870|4:363241-363378:-,4,363241,363378,-,AT4G00870.1,1,no,1924,981,1924,2905,0.662306368330465,1,Arabidopsis_thaliana,high_confidence_IR
AT4G00900,AT4G00900.intron1,AT4G00900|4:386301-386496:-,4,386301,386496,-,AT4G00900.1,1,yes,607,2106,547,2713,0.223737559896793,0.901153212520593,Arabidopsis_thaliana,high_confidence_IR
AT4G00905,AT4G00905.intron1,AT4G00905|4:387959-388362:+,4,387959,388362,+,AT4G00905.1,1,no,441,1371,441,1812,0.243377483443709,1,Arabidopsis_thaliana,high_confidence_IR
AT4G00955,AT4G00955.intron1,AT4G00955|4:412972-413480:+,4,412972,413480,+,AT4G00955.2,1,yes,83,202,83,285,0.291228070175439,1,Arabidopsis_thaliana,high_confidence_IR
AT4G01000,AT4G01000.intron3,AT4G01000|4:431532-431880:-,4,431532,431880,-,AT4G01000.1,1,yes,375,175,326,550,0.681818181818182,0.869333333333333,Arabidopsis_thaliana,high_confidence_IR
AT4G01020,AT4G01020.intron1,AT4G01020|4:440046-440230:+,4,440046,440230,+,AT4G01020.1,1,no,224,466,211,690,0.32463768115942,0.941964285714286,Arabidopsis_thaliana,high_confidence_IR
AT4G01020,AT4G01020.intron2,AT4G01020|4:441596-441784:+,4,441596,441784,+,AT4G01020.1,1,no,130,501,118,631,0.206022187004754,0.907692307692308,Arabidopsis_thaliana,high_confidence_IR
AT4G01070,AT4G01070.intron1,AT4G01070|4:461882-462282:-,4,461882,462282,-,AT4G01070.2,1,yes,41141,10,41141,41151,0.999756992539671,1,Arabidopsis_thaliana,high_confidence_IR
AT4G01090,AT4G01090.intron1,AT4G01090|4:473288-473400:-,4,473288,473400,-,AT4G01090.1,1,no,1594,3783,1572,5377,0.29644783336433,0.986198243412798,Arabidopsis_thaliana,high_confidence_IR
AT4G01335,AT4G01335.intron1,AT4G01335|4:553415-553491:+,4,553415,553491,+,AT4G01335.2,1,yes,817,237,620,1054,0.775142314990512,0.758873929008568,Arabidopsis_thaliana,high_confidence_IR
AT4G01360,AT4G01360.intron1,AT4G01360|4:564977-565141:+,4,564977,565141,+,AT4G01360.1,1,no,3107,2250,3107,5357,0.579988799701325,1,Arabidopsis_thaliana,high_confidence_IR
AT4G01435,AT4G01435.intron1,AT4G01435|4:592267-592360:-,4,592267,592360,-,AT4G01435.1,1,no,235,210,235,445,0.528089887640449,1,Arabidopsis_thaliana,high_confidence_IR
AT4G01500,AT4G01500.intron1,AT4G01500|4:639399-639601:+,4,639399,639601,+,AT4G01500.1,1,no,124,46,124,170,0.729411764705882,1,Arabidopsis_thaliana,high_confidence_IR
AT4G01590,AT4G01590.intron1,AT4G01590|4:690247-690384:-,4,690247,690384,-,AT4G01590.3,1,yes,3608,595,2532,4203,0.858434451582203,0.701773835920177,Arabidopsis_thaliana,high_confidence_IR
AT4G01593,AT4G01593.intron2,AT4G01593|4:691066-691189:+,4,691066,691189,+,AT4G01593.3,1,yes,18248,60,13721,18308,0.99672274415556,0.751918018412977,Arabidopsis_thaliana,high_confidence_IR
AT4G01820,AT4G01820.intron11,AT4G01820|4:781088-781183:-,4,781088,781183,-,AT4G01820.1;AT4G01820.2,2,no,56,50,49,106,0.528301886792453,0.875,Arabidopsis_thaliana,high_confidence_IR
AT4G01860,AT4G01860.intron20,AT4G01860|4:801545-801668:-,4,801545,801668,-,AT4G01860.2,1,yes,2061,568,1553,2629,0.783948269303918,0.753517709849588,Arabidopsis_thaliana,high_confidence_IR
AT4G01935,AT4G01935.intron4,AT4G01935|4:842016-842096:+,4,842016,842096,+,AT4G01935.1,1,no,14357,3022,11053,17379,0.826111974221762,0.769868356899074,Arabidopsis_thaliana,high_confidence_IR
AT4G02485,AT4G02485.intron1,AT4G02485|4:1092547-1092653:+,4,1092547,1092653,+,AT4G02485.1,1,yes,1979,188,1602,2167,0.913244116289802,0.809499747347145,Arabidopsis_thaliana,high_confidence_IR
AT4G02510,AT4G02510.intron1,AT4G02510|4:1104830-1104912:+,4,1104830,1104912,+,AT4G02510.1;AT4G02510.2;AT4G02510.3;AT4G02510.4,4,no,3983,9047,3983,13030,0.305679201841903,1,Arabidopsis_thaliana,high_confidence_IR
AT4G02540,AT4G02540.intron1,AT4G02540|4:1118898-1119006:+,4,1118898,1119006,+,AT4G02540.2,1,yes,3921,3044,3921,6965,0.562957645369706,1,Arabidopsis_thaliana,high_confidence_IR
AT4G02660,AT4G02660.intron15,AT4G02660|4:1165376-1165662:-,4,1165376,1165662,-,AT4G02660.1;AT4G02660.2;AT4G02660.3,3,no,41,103,34,144,0.284722222222222,0.829268292682927,Arabidopsis_thaliana,high_confidence_IR
AT4G02690,AT4G02690.intron2,AT4G02690|4:1186291-1186679:+,4,1186291,1186679,+,AT4G02690.2,1,yes,1110,5,1057,1115,0.995515695067265,0.952252252252252,Arabidopsis_thaliana,high_confidence_IR
AT4G03070,AT4G03070.intron2,AT4G03070|4:1359300-1359371:+,4,1359300,1359371,+,AT4G03070.1,1,no,1008,1661,722,2669,0.377669539153241,0.716269841269841,Arabidopsis_thaliana,high_confidence_IR
AT4G03190,AT4G03190.intron1,AT4G03190|4:1406493-1406602:-,4,1406493,1406602,-,AT4G03190.1,1,no,3239,5091,2419,8330,0.388835534213685,0.746835443037975,Arabidopsis_thaliana,high_confidence_IR
AT4G03260,AT4G03260.intron7,AT4G03260|4:1431476-1432211:+,4,1431476,1432211,+,AT4G03260.4,1,yes,77,148,57,225,0.342222222222222,0.74025974025974,Arabidopsis_thaliana,high_confidence_IR
AT4G03298,AT4G03298.intron1,AT4G03298|4:1446736-1446976:+,4,1446736,1446976,+,AT4G03298.1,1,no,8,24,6,32,0.25,0.75,Arabidopsis_thaliana,high_confidence_IR
AT4G03330,AT4G03330.intron1,AT4G03330|4:1467013-1467175:+,4,1467013,1467175,+,AT4G03330.1,1,no,317,980,317,1297,0.244410177332305,1,Arabidopsis_thaliana,high_confidence_IR
AT4G03400,AT4G03400.intron1,AT4G03400|4:1500570-1500664:-,4,1500570,1500664,-,AT4G03400.1,1,no,432,5,358,437,0.988558352402746,0.828703703703704,Arabidopsis_thaliana,high_confidence_IR
AT4G03450,AT4G03450.intron3,AT4G03450|4:1529674-1529782:-,4,1529674,1529782,-,AT4G03450.2,1,yes,3262,153,2857,3415,0.955197657393851,0.875843041079093,Arabidopsis_thaliana,high_confidence_IR
AT4G03470,AT4G03470.intron1,AT4G03470|4:1544291-1544394:-,4,1544291,1544394,-,AT4G03470.1,1,no,74,114,52,188,0.393617021276596,0.702702702702703,Arabidopsis_thaliana,high_confidence_IR
AT4G03550,AT4G03550.intron1,AT4G03550|4:1575384-1575543:+,4,1575384,1575543,+,AT4G03550.1,1,no,524,1641,516,2165,0.24203233256351,0.984732824427481,Arabidopsis_thaliana,high_confidence_IR
AT4G03565,AT4G03565.intron1,AT4G03565|4:1587173-1587273:+,4,1587173,1587273,+,AT4G03565.1,1,no,14,5,11,19,0.736842105263158,0.785714285714286,Arabidopsis_thaliana,high_confidence_IR
AT4G04030,AT4G04030.intron1,AT4G04030|4:1937113-1937461:-,4,1937113,1937461,-,AT4G04030.1,1,yes,333,12,333,345,0.965217391304348,1,Arabidopsis_thaliana,high_confidence_IR
AT4G04221,AT4G04221.intron5,AT4G04221|4:2033964-2034087:-,4,2033964,2034087,-,AT4G04221.1;AT4G04221.2;AT4G04221.3;AT4G04221.4;AT4G04221.5;AT4G04221.6,6,no,301,827,220,1128,0.266843971631206,0.730897009966777,Arabidopsis_thaliana,high_confidence_IR
AT4G04220,AT4G04220.intron1,AT4G04220|4:2034022-2034105:+,4,2034022,2034105,+,AT4G04220.1,1,no,333,1118,333,1451,0.229496898690558,1,Arabidopsis_thaliana,high_confidence_IR
AT4G04223,AT4G04223.intron1,AT4G04223|4:2036818-2037600:+,4,2036818,2037600,+,AT4G04223.2,1,yes,2578,1123,2085,3701,0.696568495001351,0.808766485647789,Arabidopsis_thaliana,high_confidence_IR
AT4G04265,AT4G04265.intron1,AT4G04265|4:2058061-2058194:-,4,2058061,2058194,-,AT4G04265.1,1,no,33,76,33,109,0.302752293577982,1,Arabidopsis_thaliana,high_confidence_IR
AT4G04460,AT4G04460.intron8,AT4G04460|4:2226840-2226929:+,4,2226840,2226929,+,AT4G04460.2,1,yes,9356,567,7490,9923,0.942860022170715,0.800555793073963,Arabidopsis_thaliana,high_confidence_IR
AT4G04720,AT4G04720.intron8,AT4G04720|4:2393920-2394730:-,4,2393920,2394730,-,AT4G04720.1,1,yes,38,92,28,130,0.292307692307692,0.736842105263158,Arabidopsis_thaliana,high_confidence_IR
AT4G04775,AT4G04775.intron1,AT4G04775|4:2431285-2431354:+,4,2431285,2431354,+,AT4G04775.1,1,no,60,16,60,76,0.789473684210526,1,Arabidopsis_thaliana,high_confidence_IR
AT4G04810,AT4G04810.intron2,AT4G04810|4:2442304-2442402:+,4,2442304,2442402,+,AT4G04810.1,1,yes,692,2047,500,2739,0.252646951442132,0.722543352601156,Arabidopsis_thaliana,high_confidence_IR
AT4G04830,AT4G04830.intron1,AT4G04830|4:2445970-2446451:+,4,2445970,2446451,+,AT4G04830.2,1,yes,31780,28,28654,31808,0.999119718309859,0.901636249213342,Arabidopsis_thaliana,high_confidence_IR
AT4G04970,AT4G04970.intron1,AT4G04970|4:2538050-2538138:+,4,2538050,2538138,+,AT4G04970.1,1,no,400,1128,400,1528,0.261780104712042,1,Arabidopsis_thaliana,high_confidence_IR
AT4G04972,AT4G04972.intron1,AT4G04972|4:2543660-2543759:+,4,2543660,2543759,+,AT4G04972.1,1,no,583,2142,583,2725,0.21394495412844,1,Arabidopsis_thaliana,high_confidence_IR
AT4G05091,AT4G05091.intron1,AT4G05091|4:2612056-2612163:+,4,2612056,2612163,+,AT4G05091.1,1,no,274,153,274,427,0.641686182669789,1,Arabidopsis_thaliana,high_confidence_IR
AT4G05190,AT4G05190.intron17,AT4G05190|4:2679541-2679750:+,4,2679541,2679750,+,AT4G05190.1,1,yes,304,52,214,356,0.853932584269663,0.703947368421053,Arabidopsis_thaliana,high_confidence_IR
AT4G05380,AT4G05380.intron1,AT4G05380|4:2736581-2736955:+,4,2736581,2736955,+,AT4G05380.1,1,no,114,12,92,126,0.904761904761905,0.807017543859649,Arabidopsis_thaliana,high_confidence_IR
AT4G05420,AT4G05420.intron6,AT4G05420|4:2747779-2748110:+,4,2747779,2748110,+,AT4G05420.2,1,yes,7060,40,5135,7100,0.994366197183099,0.727337110481586,Arabidopsis_thaliana,high_confidence_IR
AT4G05440,AT4G05440.intron1,AT4G05440|4:2757871-2758075:+,4,2757871,2758075,+,AT4G05440.2,1,yes,4636,302,4636,4938,0.938841636289996,1,Arabidopsis_thaliana,high_confidence_IR
AT4G05475,AT4G05475.intron1,AT4G05475|4:2766500-2767565:-,4,2766500,2767565,-,AT4G05475.1,1,no,35,39,35,74,0.472972972972973,1,Arabidopsis_thaliana,high_confidence_IR
AT4G05497,AT4G05497.intron1,AT4G05497|4:2778291-2778448:-,4,2778291,2778448,-,AT4G05497.1,1,no,53,43,53,96,0.552083333333333,1,Arabidopsis_thaliana,high_confidence_IR
AT4G05540,AT4G05540.intron3,AT4G05540|4:2819096-2819173:-,4,2819096,2819173,-,AT4G05540.1,1,no,29,16,26,45,0.644444444444444,0.896551724137931,Arabidopsis_thaliana,high_confidence_IR
AT4G05540,AT4G05540.intron2,AT4G05540|4:2819499-2819566:-,4,2819499,2819566,-,AT4G05540.1,1,no,14,16,10,30,0.466666666666667,0.714285714285714,Arabidopsis_thaliana,high_confidence_IR
AT4G07445,AT4G07445.intron1,AT4G07445|4:4265990-4266055:+,4,4265990,4266055,+,AT4G07445.1,1,no,9,9,9,18,0.5,1,Arabidopsis_thaliana,high_confidence_IR
AT4G07455,AT4G07455.intron1,AT4G07455|4:4311398-4311645:+,4,4311398,4311645,+,AT4G07455.1,1,no,2535,9264,2535,11799,0.214848715992881,1,Arabidopsis_thaliana,high_confidence_IR
AT4G08230,AT4G08230.intron2,AT4G08230|4:5188365-5189555:-,4,5188365,5189555,-,AT4G08230.2,1,yes,5326,62,4848,5388,0.988492947290275,0.910251595944424,Arabidopsis_thaliana,high_confidence_IR
AT4G08450,AT4G08450.intron1,AT4G08450|4:5366062-5366242:+,4,5366062,5366242,+,AT4G08450.1;AT4G08450.2,2,no,65,129,58,194,0.335051546391753,0.892307692307692,Arabidopsis_thaliana,high_confidence_IR
AT4G08450,AT4G08450.intron5,AT4G08450|4:5371042-5371127:+,4,5371042,5371127,+,AT4G08450.2,1,yes,30,30,28,60,0.5,0.933333333333333,Arabidopsis_thaliana,high_confidence_IR
AT4G08691,AT4G08691.intron1,AT4G08691|4:5555672-5555860:-,4,5555672,5555860,-,AT4G08691.1,1,no,51,32,51,83,0.614457831325301,1,Arabidopsis_thaliana,high_confidence_IR
AT4G08875,AT4G08875.intron1,AT4G08875|4:5674051-5674171:-,4,5674051,5674171,-,AT4G08875.1,1,no,66,27,66,93,0.709677419354839,1,Arabidopsis_thaliana,high_confidence_IR
AT4G08910,AT4G08910.intron1,AT4G08910|4:5712578-5712797:+,4,5712578,5712797,+,AT4G08910.1,1,no,307,1051,307,1358,0.226067746686303,1,Arabidopsis_thaliana,high_confidence_IR
AT4G09040,AT4G09040.intron1,AT4G09040|4:5797046-5797103:-,4,5797046,5797103,-,AT4G09040.2,1,yes,29859,109,21372,29968,0.996362786972771,0.715764091228775,Arabidopsis_thaliana,high_confidence_IR
AT4G09350,AT4G09350.intron1,AT4G09350|4:5931741-5931826:-,4,5931741,5931826,-,AT4G09350.1,1,no,1269,3219,1269,4488,0.282754010695187,1,Arabidopsis_thaliana,high_confidence_IR
AT4G09430,AT4G09430.intron2,AT4G09430|4:5972923-5973002:+,4,5972923,5973002,+,AT4G09430.1,1,no,185,32,171,217,0.852534562211982,0.924324324324324,Arabidopsis_thaliana,high_confidence_IR
AT4G09432,AT4G09432.intron1,AT4G09432|4:5974750-5974828:-,4,5974750,5974828,-,AT4G09432.2,1,yes,683,105,683,788,0.866751269035533,1,Arabidopsis_thaliana,high_confidence_IR
AT4G09500,AT4G09500.intron1,AT4G09500|4:6018869-6018943:+,4,6018869,6018943,+,AT4G09500.1,1,yes,2663,121,2663,2784,0.956537356321839,1,Arabidopsis_thaliana,high_confidence_IR
AT4G09620,AT4G09620.intron1,AT4G09620|4:6078973-6079065:-,4,6078973,6079065,-,AT4G09620.3,1,yes,4034,588,2837,4622,0.872782345305063,0.703272186415469,Arabidopsis_thaliana,high_confidence_IR
AT4G10070,AT4G10070.intron6,AT4G10070|4:6296829-6298226:-,4,6296829,6298226,-,AT4G10070.1,1,no,933,1202,663,2135,0.437002341920375,0.710610932475884,Arabidopsis_thaliana,high_confidence_IR
AT4G10090,AT4G10090.intron2,AT4G10090|4:6305843-6306615:+,4,6305843,6306615,+,AT4G10090.1,1,no,793,1445,567,2238,0.354334226988382,0.71500630517024,Arabidopsis_thaliana,high_confidence_IR
AT4G10170,AT4G10170.intron1,AT4G10170|4:6344453-6344586:+,4,6344453,6344586,+,AT4G10170.2,1,yes,4292,1416,4292,5708,0.751927119831815,1,Arabidopsis_thaliana,high_confidence_IR
AT4G10200,AT4G10200.intron1,AT4G10200|4:6352969-6353098:+,4,6352969,6353098,+,AT4G10200.1,1,no,511,289,454,800,0.63875,0.888454011741683,Arabidopsis_thaliana,high_confidence_IR
AT4G10470,AT4G10470.intron3,AT4G10470|4:6477534-6477636:+,4,6477534,6477636,+,AT4G10470.1,1,no,2564,2866,1889,5430,0.47219152854512,0.736739469578783,Arabidopsis_thaliana,high_confidence_IR
AT4G10600,AT4G10600.intron1,AT4G10600|4:6547566-6547840:-,4,6547566,6547840,-,AT4G10600.1,1,yes,260,42,260,302,0.860927152317881,1,Arabidopsis_thaliana,high_confidence_IR
AT4G10780,AT4G10780.intron1,AT4G10780|4:6634702-6634796:-,4,6634702,6634796,-,AT4G10780.2,1,yes,26,17,26,43,0.604651162790698,1,Arabidopsis_thaliana,high_confidence_IR
AT4G10800,AT4G10800.intron2,AT4G10800|4:6643390-6643683:+,4,6643390,6643683,+,AT4G10800.2,1,yes,1247,185,918,1432,0.870810055865922,0.73616680032077,Arabidopsis_thaliana,high_confidence_IR
AT4G11000,AT4G11000.intron1,AT4G11000|4:6731590-6731720:+,4,6731590,6731720,+,AT4G11000.1,1,no,1263,941,1263,2204,0.573049001814882,1,Arabidopsis_thaliana,high_confidence_IR
AT4G11130,AT4G11130.intron1,AT4G11130|4:6781074-6781337:+,4,6781074,6781337,+,AT4G11130.1,1,no,101,293,101,394,0.256345177664975,1,Arabidopsis_thaliana,high_confidence_IR
AT4G11320,AT4G11320.intron4,AT4G11320|4:6888843-6889466:+,4,6888843,6889466,+,AT4G11320.2,1,yes,64,211,46,275,0.232727272727273,0.71875,Arabidopsis_thaliana,high_confidence_IR
AT4G11393,AT4G11393.intron1,AT4G11393|4:6932437-6932548:+,4,6932437,6932548,+,AT4G11393.1,1,no,5,20,5,25,0.2,1,Arabidopsis_thaliana,high_confidence_IR
AT4G11440,AT4G11440.intron1,AT4G11440|4:6955671-6955768:+,4,6955671,6955768,+,AT4G11440.2,1,yes,1214,5,912,1219,0.995898277276456,0.751235584843493,Arabidopsis_thaliana,high_confidence_IR
AT4G11547,AT4G11547.intron1,AT4G11547|4:6994577-6995049:-,4,6994577,6995049,-,AT4G11547.1,1,yes,25,6,25,31,0.806451612903226,1,Arabidopsis_thaliana,high_confidence_IR
AT4G11570,AT4G11570.intron1,AT4G11570|4:7004413-7004685:+,4,7004413,7004685,+,AT4G11570.1,1,yes,18005,2041,18005,20046,0.898184176394293,1,Arabidopsis_thaliana,high_confidence_IR
AT4G11580,AT4G11580.intron1,AT4G11580|4:7007186-7007274:-,4,7007186,7007274,-,AT4G11580.1,1,no,7,7,7,14,0.5,1,Arabidopsis_thaliana,high_confidence_IR
AT4G11660,AT4G11660.intron1,AT4G11660|4:7043360-7043447:+,4,7043360,7043447,+,AT4G11660.1,1,no,884,3291,884,4175,0.211736526946108,1,Arabidopsis_thaliana,high_confidence_IR
AT4G11690,AT4G11690.intron1,AT4G11690|4:7056768-7056848:+,4,7056768,7056848,+,AT4G11690.2,1,yes,603,8,603,611,0.986906710310966,1,Arabidopsis_thaliana,high_confidence_IR
AT4G11845,AT4G11845.intron3,AT4G11845|4:7127137-7127339:-,4,7127137,7127339,-,AT4G11845.1,1,no,4484,259,3591,4743,0.94539321104786,0.800847457627119,Arabidopsis_thaliana,high_confidence_IR
AT4G12010,AT4G12010.intron4,AT4G12010|4:7198009-7198076:-,4,7198009,7198076,-,AT4G12010.1,1,no,404,1192,332,1596,0.2531328320802,0.821782178217822,Arabidopsis_thaliana,high_confidence_IR
AT4G12010,AT4G12010.intron1,AT4G12010|4:7200780-7200920:-,4,7200780,7200920,-,AT4G12010.1,1,no,542,1674,483,2216,0.244584837545126,0.891143911439114,Arabidopsis_thaliana,high_confidence_IR
AT4G12100,AT4G12100.intron1,AT4G12100|4:7247848-7247925:-,4,7247848,7247925,-,AT4G12100.1,1,no,52,27,52,79,0.658227848101266,1,Arabidopsis_thaliana,high_confidence_IR
AT4G12350,AT4G12350.intron1,AT4G12350|4:7325175-7326038:+,4,7325175,7326038,+,AT4G12350.1,1,no,144,565,144,709,0.203102961918195,1,Arabidopsis_thaliana,high_confidence_IR
AT4G12400,AT4G12400.intron4,AT4G12400|4:7338980-7339053:-,4,7338980,7339053,-,AT4G12400.2,1,yes,3630,10318,2754,13948,0.260252365930599,0.758677685950413,Arabidopsis_thaliana,high_confidence_IR
AT4G12670,AT4G12670.intron1,AT4G12670|4:7472108-7472229:+,4,7472108,7472229,+,AT4G12670.1;AT4G12670.2,2,no,718,2390,687,3108,0.231016731016731,0.956824512534819,Arabidopsis_thaliana,high_confidence_IR
AT4G12917,AT4G12917.intron1,AT4G12917|4:7563633-7563770:-,4,7563633,7563770,-,AT4G12917.1,1,no,3033,8716,3033,11749,0.258149629755724,1,Arabidopsis_thaliana,high_confidence_IR
AT4G13160,AT4G13160.intron1,AT4G13160|4:7653701-7653876:+,4,7653701,7653876,+,AT4G13160.1,1,no,1483,4026,1483,5509,0.269195861317844,1,Arabidopsis_thaliana,high_confidence_IR
AT4G13200,AT4G13200.intron1,AT4G13200|4:7668883-7668973:-,4,7668883,7668973,-,AT4G13200.1,1,no,4933,17841,3654,22774,0.216606656713796,0.740725724711129,Arabidopsis_thaliana,high_confidence_IR
AT4G13460,AT4G13460.intron1,AT4G13460|4:7826742-7826853:-,4,7826742,7826853,-,AT4G13460.1,1,yes,1636,2302,1450,3938,0.415439309294058,0.886308068459658,Arabidopsis_thaliana,high_confidence_IR
AT4G13490,AT4G13490.intron2,AT4G13490|4:7839536-7839644:-,4,7839536,7839644,-,AT4G13490.1,1,no,6,8,5,14,0.428571428571429,0.833333333333333,Arabidopsis_thaliana,high_confidence_IR
AT4G13520,AT4G13520.intron1,AT4G13520|4:7864656-7865451:+,4,7864656,7865451,+,AT4G13520.2,1,yes,280,49,280,329,0.851063829787234,1,Arabidopsis_thaliana,high_confidence_IR
AT4G13540,AT4G13540.intron1,AT4G13540|4:7870260-7870335:+,4,7870260,7870335,+,AT4G13540.1,1,no,1322,2759,1322,4081,0.323940210732664,1,Arabidopsis_thaliana,high_confidence_IR
AT4G13650,AT4G13650.intron1,AT4G13650|4:7942674-7942766:-,4,7942674,7942766,-,AT4G13650.1,1,no,436,564,436,1000,0.436,1,Arabidopsis_thaliana,high_confidence_IR
AT4G13710,AT4G13710.intron1,AT4G13710|4:7962654-7963193:+,4,7962654,7963193,+,AT4G13710.2,1,yes,1300,5,910,1305,0.996168582375479,0.7,Arabidopsis_thaliana,high_confidence_IR
AT4G14050,AT4G14050.intron1,AT4G14050|4:8105145-8105227:-,4,8105145,8105227,-,AT4G14050.2,1,yes,615,14,615,629,0.977742448330684,1,Arabidopsis_thaliana,high_confidence_IR
AT4G14140,AT4G14140.intron1,AT4G14140|4:8146124-8146336:+,4,8146124,8146336,+,AT4G14140.1,1,no,23,83,23,106,0.216981132075472,1,Arabidopsis_thaliana,high_confidence_IR
AT4G14160,AT4G14160.intron10,AT4G14160|4:8171991-8172206:+,4,8171991,8172206,+,AT4G14160.3,1,yes,14150,356,10395,14506,0.975458430994071,0.734628975265018,Arabidopsis_thaliana,high_confidence_IR
AT4G14170,AT4G14170.intron1,AT4G14170|4:8177530-8177826:-,4,8177530,8177826,-,AT4G14170.2,1,yes,639,55,639,694,0.920749279538905,1,Arabidopsis_thaliana,high_confidence_IR
AT4G14180,AT4G14180.intron9,AT4G14180|4:8183147-8183224:+,4,8183147,8183224,+,AT4G14180.1;AT4G14180.2,2,no,180,84,156,264,0.681818181818182,0.866666666666667,Arabidopsis_thaliana,high_confidence_IR
AT4G14276,AT4G14276.intron1,AT4G14276|4:8220874-8220966:+,4,8220874,8220966,+,AT4G14276.1,1,no,70,60,70,130,0.538461538461538,1,Arabidopsis_thaliana,high_confidence_IR
AT4G14280,AT4G14280.intron1,AT4G14280|4:8222692-8222775:+,4,8222692,8222775,+,AT4G14280.1,1,no,57,33,54,90,0.633333333333333,0.947368421052632,Arabidopsis_thaliana,high_confidence_IR
AT4G14280,AT4G14280.intron2,AT4G14280|4:8224576-8224651:+,4,8224576,8224651,+,AT4G14280.1,1,no,36,39,33,75,0.48,0.916666666666667,Arabidopsis_thaliana,high_confidence_IR
AT4G14370,AT4G14370.intron4,AT4G14370|4:8279792-8279903:-,4,8279792,8279903,-,AT4G14370.3,1,yes,569,5,512,574,0.991289198606272,0.899824253075571,Arabidopsis_thaliana,high_confidence_IR
AT4G14370,AT4G14370.intron1,AT4G14370|4:8282819-8282919:-,4,8282819,8282919,-,AT4G14370.1;AT4G14370.2;AT4G14370.3,3,no,2069,856,1819,2925,0.707350427350427,0.879168680521991,Arabidopsis_thaliana,high_confidence_IR
AT4G14560,AT4G14560.intron1,AT4G14560|4:8361340-8361431:+,4,8361340,8361431,+,AT4G14560.1,1,no,5239,5847,5239,11086,0.472578026339527,1,Arabidopsis_thaliana,high_confidence_IR
AT4G14723,AT4G14723.intron1,AT4G14723|4:8440264-8440460:+,4,8440264,8440460,+,AT4G14723.1,1,no,63,180,63,243,0.259259259259259,1,Arabidopsis_thaliana,high_confidence_IR
AT4G06225,AT4G06225.intron1,AT4G06225|4:8459618-8459705:+,4,8459618,8459705,+,AT4G06225.1,1,no,5674,6,5674,5680,0.998943661971831,1,Arabidopsis_thaliana,high_confidence_IR
AT4G14820,AT4G14820.intron1,AT4G14820|4:8509406-8509481:-,4,8509406,8509481,-,AT4G14820.1,1,no,159,413,159,572,0.277972027972028,1,Arabidopsis_thaliana,high_confidence_IR
AT4G14920,AT4G14920.intron1,AT4G14920|4:8536174-8536289:-,4,8536174,8536289,-,AT4G14920.2,1,no,69,148,69,217,0.317972350230415,1,Arabidopsis_thaliana,high_confidence_IR
AT4G14960,AT4G14960.intron2,AT4G14960|4:8548879-8548963:-,4,8548879,8548963,-,AT4G14960.1,1,yes,114526,111,110401,114637,0.999031726231496,0.963981977891483,Arabidopsis_thaliana,high_confidence_IR
AT4G15000,AT4G15000.intron1,AT4G15000|4:8572266-8572361:+,4,8572266,8572361,+,AT4G15000.2,1,yes,75833,150,75833,75983,0.998025874208705,1,Arabidopsis_thaliana,high_confidence_IR
AT4G15180,AT4G15180.intron1,AT4G15180|4:8651724-8651878:+,4,8651724,8651878,+,AT4G15180.1,1,no,553,1599,541,2152,0.256970260223048,0.978300180831826,Arabidopsis_thaliana,high_confidence_IR
AT4G15250,AT4G15250.intron1,AT4G15250|4:8711177-8711484:-,4,8711177,8711484,-,AT4G15250.1,1,no,85,73,77,158,0.537974683544304,0.905882352941176,Arabidopsis_thaliana,high_confidence_IR
AT4G15330,AT4G15330.intron1,AT4G15330|4:8752845-8752928:-,4,8752845,8752928,-,AT4G15330.2,1,yes,848,10,698,858,0.988344988344988,0.82311320754717,Arabidopsis_thaliana,high_confidence_IR
AT4G15360,AT4G15360.intron1,AT4G15360|4:8771103-8771186:+,4,8771103,8771186,+,AT4G15360.1,1,no,33,70,33,103,0.320388349514563,1,Arabidopsis_thaliana,high_confidence_IR
AT4G15370,AT4G15370.intron1,AT4G15370|4:8779384-8779481:-,4,8779384,8779481,-,AT4G15370.1;AT4G15370.2,2,no,48,19,40,67,0.716417910447761,0.833333333333333,Arabidopsis_thaliana,high_confidence_IR
AT4G15396,AT4G15396.intron5,AT4G15396|4:8809892-8809954:+,4,8809892,8809954,+,AT4G15396.2,1,yes,1276,169,1039,1445,0.883044982698962,0.814263322884012,Arabidopsis_thaliana,high_confidence_IR
AT4G16015,AT4G16015.intron1,AT4G16015|4:9073426-9073503:+,4,9073426,9073503,+,AT4G16015.2,1,yes,70,91,70,161,0.434782608695652,1,Arabidopsis_thaliana,high_confidence_IR
AT4G16030,AT4G16030.intron2,AT4G16030|4:9083972-9084064:+,4,9083972,9084064,+,AT4G16030.1,1,no,19,19,14,38,0.5,0.736842105263158,Arabidopsis_thaliana,high_confidence_IR
AT4G16260,AT4G16260.intron1,AT4G16260|4:9201275-9201455:-,4,9201275,9201455,-,AT4G16260.2,1,yes,33691,879,30725,34570,0.974573329476425,0.911964619631356,Arabidopsis_thaliana,high_confidence_IR
AT4G16310,AT4G16310.intron1,AT4G16310|4:9218160-9218394:+,4,9218160,9218394,+,AT4G16310.1;AT4G16310.2;AT4G16310.3;AT4G16310.4,4,no,741,1875,688,2616,0.283256880733945,0.928475033738192,Arabidopsis_thaliana,high_confidence_IR
AT4G16470,AT4G16470.intron1,AT4G16470|4:9289168-9289341:-,4,9289168,9289341,-,AT4G16470.1,1,no,455,1110,455,1565,0.29073482428115,1,Arabidopsis_thaliana,high_confidence_IR
AT4G16500,AT4G16500.intron1,AT4G16500|4:9301225-9301309:-,4,9301225,9301309,-,AT4G16500.2,1,yes,4709,47,4709,4756,0.990117746005046,1,Arabidopsis_thaliana,high_confidence_IR
AT4G16510,AT4G16510.intron1,AT4G16510|4:9303114-9303274:+,4,9303114,9303274,+,AT4G16510.2,1,yes,4095,256,3200,4351,0.941162951045737,0.781440781440781,Arabidopsis_thaliana,high_confidence_IR
AT4G16545,AT4G16545.intron1,AT4G16545|4:9319592-9319690:-,4,9319592,9319690,-,AT4G16545.1,1,no,39,15,37,54,0.722222222222222,0.948717948717949,Arabidopsis_thaliana,high_confidence_IR
AT4G16590,AT4G16590.intron2,AT4G16590|4:9345710-9346642:+,4,9345710,9346642,+,AT4G16590.1,1,no,907,20,681,927,0.978425026968716,0.750826901874311,Arabidopsis_thaliana,high_confidence_IR
AT4G06410,AT4G06410.intron1,AT4G06410|4:9386840-9386987:-,4,9386840,9386987,-,AT4G06410.1,1,no,564,936,564,1500,0.376,1,Arabidopsis_thaliana,high_confidence_IR
AT4G16680,AT4G16680.intron3,AT4G16680|4:9387545-9387773:-,4,9387545,9387773,-,AT4G16680.1,1,no,575,1367,504,1942,0.296086508753862,0.876521739130435,Arabidopsis_thaliana,high_confidence_IR
AT4G16840,AT4G16840.intron1,AT4G16840|4:9475161-9475348:+,4,9475161,9475348,+,AT4G16840.1,1,no,1468,3873,1468,5341,0.274854896086875,1,Arabidopsis_thaliana,high_confidence_IR
AT4G16855,AT4G16855.intron1,AT4G16855|4:9481908-9482017:+,4,9481908,9482017,+,AT4G16855.1,1,yes,347,42,347,389,0.892030848329049,1,Arabidopsis_thaliana,high_confidence_IR
AT4G16880,AT4G16880.intron1,AT4G16880|4:9496970-9497107:-,4,9496970,9497107,-,AT4G16880.1,1,no,4670,13000,4670,17670,0.264289756649689,1,Arabidopsis_thaliana,high_confidence_IR
AT4G16890,AT4G16890.intron1,AT4G16890|4:9504915-9504991:-,4,9504915,9504991,-,AT4G16890.1;AT4G16890.2;AT4G16890.3;AT4G16890.5,4,yes,11685,13395,9539,25080,0.465909090909091,0.816345742404793,Arabidopsis_thaliana,high_confidence_IR
AT4G16920,AT4G16920.intron1,AT4G16920|4:9525080-9525233:-,4,9525080,9525233,-,AT4G16920.1;AT4G16920.2;AT4G16920.3;AT4G16920.4;AT4G16920.5;AT4G16920.6;AT4G16920.7;AT4G16920.8;AT4G16920.9,9,no,536,964,424,1500,0.357333333333333,0.791044776119403,Arabidopsis_thaliana,high_confidence_IR
AT4G16930,AT4G16930.intron1,AT4G16930|4:9529856-9529942:-,4,9529856,9529942,-,AT4G16930.1,1,no,22,32,22,54,0.407407407407407,1,Arabidopsis_thaliana,high_confidence_IR
AT4G16950,AT4G16950.intron1,AT4G16950|4:9543736-9543861:-,4,9543736,9543861,-,AT4G16950.1;AT4G16950.2;AT4G16950.3;AT4G16950.4;AT4G16950.5;AT4G16950.6,6,no,11603,14654,10063,26257,0.441901207297102,0.867275704559166,Arabidopsis_thaliana,high_confidence_IR
AT4G16960,AT4G16960.intron1,AT4G16960|4:9550381-9550531:-,4,9550381,9550531,-,AT4G16960.1,1,no,958,1374,674,2332,0.410806174957118,0.703549060542798,Arabidopsis_thaliana,high_confidence_IR
AT4G16983,AT4G16983.intron1,AT4G16983|4:9557277-9557318:-,4,9557277,9557318,-,AT4G16983.1,1,no,110159,156,110159,110315,0.998585867742374,1,Arabidopsis_thaliana,high_confidence_IR
AT4G17180,AT4G17180.intron1,AT4G17180|4:9646864-9646940:+,4,9646864,9646940,+,AT4G17180.1,1,no,711,1354,711,2065,0.344309927360775,1,Arabidopsis_thaliana,high_confidence_IR
AT4G17410,AT4G17410.intron1,AT4G17410|4:9716190-9716349:+,4,9716190,9716349,+,AT4G17410.2;AT4G17410.4;AT4G17410.5,3,yes,1952,1494,1421,3446,0.566453859547301,0.72797131147541,Arabidopsis_thaliana,high_confidence_IR
AT4G17505,AT4G17505.intron5,AT4G17505|4:9764724-9765152:-,4,9764724,9765152,-,AT4G17505.1,1,no,14,8,14,22,0.636363636363636,1,Arabidopsis_thaliana,high_confidence_IR
AT4G17640,AT4G17640.intron3,AT4G17640|4:9826217-9826358:+,4,9826217,9826358,+,AT4G17640.2,1,yes,13903,2280,10531,16183,0.859111413211395,0.757462418183126,Arabidopsis_thaliana,high_confidence_IR
AT4G17730,AT4G17730.intron6,AT4G17730|4:9866525-9866695:+,4,9866525,9866695,+,AT4G17730.2,1,yes,15914,5,11860,15919,0.999685909918965,0.745255749654392,Arabidopsis_thaliana,high_confidence_IR
AT4G17785,AT4G17785.intron2,AT4G17785|4:9881904-9881987:-,4,9881904,9881987,-,AT4G17785.1,1,yes,41,48,38,89,0.460674157303371,0.926829268292683,Arabidopsis_thaliana,high_confidence_IR
AT4G17785,AT4G17785.intron1,AT4G17785|4:9882768-9883102:-,4,9882768,9883102,-,AT4G17785.1;AT4G17785.2,2,no,41,41,33,82,0.5,0.804878048780488,Arabidopsis_thaliana,high_confidence_IR
AT4G17810,AT4G17810.intron1,AT4G17810|4:9907348-9907437:+,4,9907348,9907437,+,AT4G17810.2,1,yes,2307,281,2307,2588,0.891421947449768,1,Arabidopsis_thaliana,high_confidence_IR
AT4G17960,AT4G17960.intron1,AT4G17960|4:9971379-9971987:+,4,9971379,9971987,+,AT4G17960.1,1,no,971,2084,971,3055,0.317839607201309,1,Arabidopsis_thaliana,high_confidence_IR
AT4G18195,AT4G18195.intron1,AT4G18195|4:10069749-10069820:+,4,10069749,10069820,+,AT4G18195.1,1,no,826,202,826,1028,0.803501945525292,1,Arabidopsis_thaliana,high_confidence_IR
AT4G18197,AT4G18197.intron1,AT4G18197|4:10071806-10071887:+,4,10071806,10071887,+,AT4G18197.1,1,no,7231,5272,7231,12503,0.578341198112453,1,Arabidopsis_thaliana,high_confidence_IR
AT4G18205,AT4G18205.intron1,AT4G18205|4:10073881-10073962:+,4,10073881,10073962,+,AT4G18205.1,1,no,9922,9078,9922,19000,0.522210526315789,1,Arabidopsis_thaliana,high_confidence_IR
AT4G18210,AT4G18210.intron1,AT4G18210|4:10076206-10076353:+,4,10076206,10076353,+,AT4G18210.1,1,no,1678,2958,1678,4636,0.361949956859362,1,Arabidopsis_thaliana,high_confidence_IR
AT4G18220,AT4G18220.intron1,AT4G18220|4:10078799-10078967:+,4,10078799,10078967,+,AT4G18220.1,1,no,1653,2028,1653,3681,0.449062754686227,1,Arabidopsis_thaliana,high_confidence_IR
AT4G18250,AT4G18250.intron1,AT4G18250|4:10089998-10090080:-,4,10089998,10090080,-,AT4G18250.1,1,no,327,1279,233,1606,0.203611457036115,0.712538226299694,Arabidopsis_thaliana,high_confidence_IR
AT4G18380,AT4G18380.intron2,AT4G18380|4:10159531-10159608:+,4,10159531,10159608,+,AT4G18380.2,1,yes,4660,17,3622,4677,0.996365191361984,0.77725321888412,Arabidopsis_thaliana,high_confidence_IR
AT4G18390,AT4G18390.intron2,AT4G18390|4:10164335-10164568:-,4,10164335,10164568,-,AT4G18390.2,1,yes,7196,104,6603,7300,0.985753424657534,0.917593107281823,Arabidopsis_thaliana,high_confidence_IR
AT4G06780,AT4G06780.intron1,AT4G06780|4:10169753-10169986:-,4,10169753,10169986,-,AT4G06780.1,1,no,385,33,385,418,0.921052631578947,1,Arabidopsis_thaliana,high_confidence_IR
AT4G18580,AT4G18580.intron2,AT4G18580|4:10235528-10235906:-,4,10235528,10235906,-,AT4G18580.1,1,yes,3333,1626,2657,4959,0.67211131276467,0.797179717971797,Arabidopsis_thaliana,high_confidence_IR
AT4G18600,AT4G18600.intron9,AT4G18600|4:10240017-10240110:-,4,10240017,10240110,-,AT4G18600.1;AT4G18600.2;AT4G18600.3;AT4G18600.4,4,yes,525,1011,446,1536,0.341796875,0.84952380952381,Arabidopsis_thaliana,high_confidence_IR
AT4G18870,AT4G18870.intron2,AT4G18870|4:10346871-10346966:+,4,10346871,10346966,+,AT4G18870.1,1,no,18,20,13,38,0.473684210526316,0.722222222222222,Arabidopsis_thaliana,high_confidence_IR
AT4G18880,AT4G18880.intron1,AT4G18880|4:10348753-10348829:-,4,10348753,10348829,-,AT4G18880.1,1,no,4349,9927,4349,14276,0.30463715326422,1,Arabidopsis_thaliana,high_confidence_IR
AT4G18990,AT4G18990.intron3,AT4G18990|4:10403456-10404037:-,4,10403456,10404037,-,AT4G18990.2,1,yes,375,75,275,450,0.833333333333333,0.733333333333333,Arabidopsis_thaliana,high_confidence_IR
AT4G19035,AT4G19035.intron1,AT4G19035|4:10428001-10428914:-,4,10428001,10428914,-,AT4G19035.1,1,no,33,17,33,50,0.66,1,Arabidopsis_thaliana,high_confidence_IR
AT4G19050,AT4G19050.intron2,AT4G19050|4:10440166-10440244:-,4,10440166,10440244,-,AT4G19050.1,1,no,82,224,82,306,0.26797385620915,1,Arabidopsis_thaliana,high_confidence_IR
AT4G19050,AT4G19050.intron1,AT4G19050|4:10443789-10444037:-,4,10443789,10444037,-,AT4G19050.1,1,no,46,137,46,183,0.251366120218579,1,Arabidopsis_thaliana,high_confidence_IR
AT4G19070,AT4G19070.intron2,AT4G19070|4:10447738-10448123:-,4,10447738,10448123,-,AT4G19070.2,1,yes,5261,461,4049,5722,0.919433764418036,0.769625546474054,Arabidopsis_thaliana,high_confidence_IR
AT4G19100,AT4G19100.intron1,AT4G19100|4:10453510-10453771:+,4,10453510,10453771,+,AT4G19100.1,1,no,3541,7072,3541,10613,0.333647413549421,1,Arabidopsis_thaliana,high_confidence_IR
AT4G19130,AT4G19130.intron1,AT4G19130|4:10468689-10468808:-,4,10468689,10468808,-,AT4G19130.1;AT4G19130.2,2,no,102,227,102,329,0.310030395136778,1,Arabidopsis_thaliana,high_confidence_IR
AT4G19370,AT4G19370.intron1,AT4G19370|4:10567378-10567445:-,4,10567378,10567445,-,AT4G19370.1,1,no,1837,1432,1514,3269,0.561945549097583,0.824169842133914,Arabidopsis_thaliana,high_confidence_IR
AT4G19500,AT4G19500.intron1,AT4G19500|4:10626251-10626344:+,4,10626251,10626344,+,AT4G19500.1;AT4G19500.2,2,no,1564,4000,1282,5564,0.281092739036664,0.819693094629156,Arabidopsis_thaliana,high_confidence_IR
AT4G19500,AT4G19500.intron2,AT4G19500|4:10627382-10627467:+,4,10627382,10627467,+,AT4G19500.2,1,yes,2780,759,2067,3539,0.785532636337949,0.743525179856115,Arabidopsis_thaliana,high_confidence_IR
AT4G19520,AT4G19520.intron1,AT4G19520|4:10646011-10646630:-,4,10646011,10646630,-,AT4G19520.1;AT4G19520.2;AT4G19520.3;AT4G19520.4;AT4G19520.5,5,no,2300,3560,2034,5860,0.392491467576792,0.884347826086957,Arabidopsis_thaliana,high_confidence_IR
AT4G19570,AT4G19570.intron1,AT4G19570|4:10665367-10665499:+,4,10665367,10665499,+,AT4G19570.1,1,no,76,106,76,182,0.417582417582418,1,Arabidopsis_thaliana,high_confidence_IR
AT4G19740,AT4G19740.intron1,AT4G19740|4:10739839-10739938:-,4,10739839,10739938,-,AT4G19740.1,1,no,104,7,104,111,0.936936936936937,1,Arabidopsis_thaliana,high_confidence_IR
AT4G19770,AT4G19770.intron1,AT4G19770|4:10753729-10753814:-,4,10753729,10753814,-,AT4G19770.1,1,no,19,23,19,42,0.452380952380952,1,Arabidopsis_thaliana,high_confidence_IR
AT4G19800,AT4G19800.intron1,AT4G19800|4:10761399-10761476:-,4,10761399,10761476,-,AT4G19800.1,1,no,15,48,15,63,0.238095238095238,1,Arabidopsis_thaliana,high_confidence_IR
AT4G19810,AT4G19810.intron3,AT4G19810|4:10763797-10763937:-,4,10763797,10763937,-,AT4G19810.1,1,yes,259,200,184,459,0.564270152505447,0.71042471042471,Arabidopsis_thaliana,high_confidence_IR
AT4G19820,AT4G19820.intron1,AT4G19820|4:10767849-10767926:-,4,10767849,10767926,-,AT4G19820.1,1,no,118,377,88,495,0.238383838383838,0.745762711864407,Arabidopsis_thaliana,high_confidence_IR
AT4G19870,AT4G19870.intron1,AT4G19870|4:10782869-10783024:-,4,10782869,10783024,-,AT4G19870.2,1,yes,979,2773,979,3752,0.26092750533049,1,Arabidopsis_thaliana,high_confidence_IR
AT4G19925,AT4G19925.intron1,AT4G19925|4:10800128-10800229:-,4,10800128,10800229,-,AT4G19925.1,1,no,82,67,82,149,0.550335570469799,1,Arabidopsis_thaliana,high_confidence_IR
AT4G19975,AT4G19975.intron1,AT4G19975|4:10823903-10824041:+,4,10823903,10824041,+,AT4G19975.1,1,no,691,1277,570,1968,0.351117886178862,0.824891461649783,Arabidopsis_thaliana,high_confidence_IR
AT4G20362,AT4G20362.intron1,AT4G20362|4:10991912-10992040:-,4,10991912,10992040,-,AT4G20362.1,1,no,1243,1151,1243,2394,0.51921470342523,1,Arabidopsis_thaliana,high_confidence_IR
AT4G20480,AT4G20480.intron3,AT4G20480|4:11034897-11034968:-,4,11034897,11034968,-,AT4G20480.1;AT4G20480.2,2,no,3628,9615,2562,13243,0.273956052254021,0.706174200661521,Arabidopsis_thaliana,high_confidence_IR
AT4G21065,AT4G21065.intron1,AT4G21065|4:11246271-11246362:+,4,11246271,11246362,+,AT4G21065.2,1,yes,1332,67,1332,1399,0.952108649035025,1,Arabidopsis_thaliana,high_confidence_IR
AT4G21210,AT4G21210.intron2,AT4G21210|4:11308185-11308265:+,4,11308185,11308265,+,AT4G21210.2,1,yes,13995,38,10657,14033,0.997292097199458,0.761486245087531,Arabidopsis_thaliana,high_confidence_IR
AT4G21480,AT4G21480.intron3,AT4G21480|4:11433749-11433832:-,4,11433749,11433832,-,AT4G21480.1,1,no,504,1077,396,1581,0.318785578747628,0.785714285714286,Arabidopsis_thaliana,high_confidence_IR
AT4G21690,AT4G21690.intron1,AT4G21690|4:11527693-11527949:+,4,11527693,11527949,+,AT4G21690.1,1,no,41,15,37,56,0.732142857142857,0.902439024390244,Arabidopsis_thaliana,high_confidence_IR
AT4G21705,AT4G21705.intron1,AT4G21705|4:11534502-11534583:-,4,11534502,11534583,-,AT4G21705.1,1,no,472,1836,472,2308,0.204506065857886,1,Arabidopsis_thaliana,high_confidence_IR
AT4G21870,AT4G21870.intron1,AT4G21870|4:11604028-11604152:-,4,11604028,11604152,-,AT4G21870.1,1,no,5324,10212,5324,15536,0.342687950566426,1,Arabidopsis_thaliana,high_confidence_IR
AT4G21926,AT4G21926.intron1,AT4G21926|4:11639766-11639914:-,4,11639766,11639914,-,AT4G21926.1,1,no,295,38,232,333,0.885885885885886,0.786440677966102,Arabidopsis_thaliana,high_confidence_IR
AT4G21950,AT4G21950.intron1,AT4G21950|4:11644249-11644430:+,4,11644249,11644430,+,AT4G21950.1,1,no,68,5,68,73,0.931506849315068,1,Arabidopsis_thaliana,high_confidence_IR
AT4G22214,AT4G22214.intron1,AT4G22214|4:11755437-11755527:+,4,11755437,11755527,+,AT4G22214.1,1,no,2327,1357,2327,3684,0.631650380021715,1,Arabidopsis_thaliana,high_confidence_IR
AT4G22217,AT4G22217.intron1,AT4G22217|4:11758701-11758778:+,4,11758701,11758778,+,AT4G22217.1,1,no,458,1110,458,1568,0.292091836734694,1,Arabidopsis_thaliana,high_confidence_IR
AT4G22233,AT4G22233.intron1,AT4G22233|4:11763789-11763913:-,4,11763789,11763913,-,AT4G22233.1,1,yes,2034,305,2034,2339,0.869602394185549,1,Arabidopsis_thaliana,high_confidence_IR
AT4G22270,AT4G22270.intron4,AT4G22270|4:11775673-11775768:+,4,11775673,11775768,+,AT4G22270.1,1,yes,1478,837,1161,2315,0.638444924406047,0.785520974289581,Arabidopsis_thaliana,high_confidence_IR
AT4G07085,AT4G07085.intron1,AT4G07085|4:11810355-11810638:+,4,11810355,11810638,+,AT4G07085.1,1,no,389,32,389,421,0.923990498812352,1,Arabidopsis_thaliana,high_confidence_IR
AT4G22930,AT4G22930.intron9,AT4G22930|4:12021504-12021611:+,4,12021504,12021611,+,AT4G22930.2,1,yes,576,44,434,620,0.929032258064516,0.753472222222222,Arabidopsis_thaliana,high_confidence_IR
AT4G23190,AT4G23190.intron1,AT4G23190|4:12143647-12143780:-,4,12143647,12143780,-,AT4G23190.3,1,yes,8273,274,6021,8547,0.967941967941968,0.727789193762843,Arabidopsis_thaliana,high_confidence_IR
AT4G23340,AT4G23340.intron1,AT4G23340|4:12196347-12196446:-,4,12196347,12196446,-,AT4G23340.1,1,yes,178,315,178,493,0.36105476673428,1,Arabidopsis_thaliana,high_confidence_IR
AT4G23750,AT4G23750.intron1,AT4G23750|4:12376489-12376699:+,4,12376489,12376699,+,AT4G23750.2,1,yes,2403,106,2403,2509,0.957752092467118,1,Arabidopsis_thaliana,high_confidence_IR
AT4G23800,AT4G23800.intron6,AT4G23800|4:12391979-12392084:+,4,12391979,12392084,+,AT4G23800.2,1,yes,18998,78,15052,19076,0.995911092472216,0.792293925676387,Arabidopsis_thaliana,high_confidence_IR
AT4G07190,AT4G07190.intron1,AT4G07190|4:12421027-12421216:+,4,12421027,12421216,+,AT4G07190.1,1,no,25088,715,25088,25803,0.972290043793357,1,Arabidopsis_thaliana,high_confidence_IR
AT4G23930,AT4G23930.intron1,AT4G23930|4:12436446-12436526:-,4,12436446,12436526,-,AT4G23930.2,1,yes,1374,6,1374,1380,0.995652173913044,1,Arabidopsis_thaliana,high_confidence_IR
AT4G23960,AT4G23960.intron2,AT4G23960|4:12445296-12445421:+,4,12445296,12445421,+,AT4G23960.2,1,yes,38,24,28,62,0.612903225806452,0.736842105263158,Arabidopsis_thaliana,high_confidence_IR
AT4G24060,AT4G24060.intron1,AT4G24060|4:12503994-12504412:+,4,12503994,12504412,+,AT4G24060.1,1,no,3455,6728,3455,10183,0.33929097515467,1,Arabidopsis_thaliana,high_confidence_IR
AT4G24390,AT4G24390.intron3,AT4G24390|4:12613530-12613831:-,4,12613530,12613831,-,AT4G24390.1,1,yes,1166,214,1107,1380,0.844927536231884,0.949399656946827,Arabidopsis_thaliana,high_confidence_IR
AT4G24420,AT4G24420.intron1,AT4G24420|4:12626804-12627046:+,4,12626804,12627046,+,AT4G24420.1,1,yes,347,19,304,366,0.948087431693989,0.876080691642651,Arabidopsis_thaliana,high_confidence_IR
AT4G24440,AT4G24440.intron1,AT4G24440|4:12633290-12633440:+,4,12633290,12633440,+,AT4G24440.2,1,yes,8621,1495,6688,10116,0.852214313958086,0.775780071917411,Arabidopsis_thaliana,high_confidence_IR
AT4G24520,AT4G24520.intron2,AT4G24520|4:12666504-12666596:-,4,12666504,12666596,-,AT4G24520.2,1,yes,25564,36,18157,25600,0.99859375,0.71025661085902,Arabidopsis_thaliana,high_confidence_IR
AT4G24600,AT4G24600.intron1,AT4G24600|4:12700002-12700119:+,4,12700002,12700119,+,AT4G24600.1,1,no,35,75,35,110,0.318181818181818,1,Arabidopsis_thaliana,high_confidence_IR
AT4G24715,AT4G24715.intron1,AT4G24715|4:12750367-12750664:-,4,12750367,12750664,-,AT4G24715.1,1,no,242,134,242,376,0.643617021276596,1,Arabidopsis_thaliana,high_confidence_IR
AT4G24920,AT4G24920.intron1,AT4G24920|4:12820717-12820799:-,4,12820717,12820799,-,AT4G24920.2,1,yes,225,243,190,468,0.480769230769231,0.844444444444444,Arabidopsis_thaliana,high_confidence_IR
AT4G25160,AT4G25160.intron9,AT4G25160|4:12903540-12903630:-,4,12903540,12903630,-,AT4G25160.1,1,no,105,339,83,444,0.236486486486486,0.79047619047619,Arabidopsis_thaliana,high_confidence_IR
AT4G25220,AT4G25220.intron1,AT4G25220|4:12921009-12921130:+,4,12921009,12921130,+,AT4G25220.1,1,no,119,431,99,550,0.216363636363636,0.831932773109244,Arabidopsis_thaliana,high_confidence_IR
AT4G25390,AT4G25390.intron1,AT4G25390|4:12978884-12979345:+,4,12978884,12979345,+,AT4G25390.2,1,yes,3177,19,3177,3196,0.994055068836045,1,Arabidopsis_thaliana,high_confidence_IR
AT4G25430,AT4G25430.intron3,AT4G25430|4:12999801-12999893:+,4,12999801,12999893,+,AT4G25430.1,1,no,11,6,9,17,0.647058823529412,0.818181818181818,Arabidopsis_thaliana,high_confidence_IR
AT4G25707,AT4G25707.intron1,AT4G25707|4:13097465-13097531:-,4,13097465,13097531,-,AT4G25707.2,1,yes,389,1259,389,1648,0.236043689320388,1,Arabidopsis_thaliana,high_confidence_IR
AT4G25710,AT4G25710.intron1,AT4G25710|4:13098645-13098720:-,4,13098645,13098720,-,AT4G25710.2,1,yes,4899,1364,4899,6263,0.78221299696631,1,Arabidopsis_thaliana,high_confidence_IR
AT4G26095,AT4G26095.intron1,AT4G26095|4:13227266-13227505:-,4,13227266,13227505,-,AT4G26095.2,1,yes,2237,513,2237,2750,0.813454545454545,1,Arabidopsis_thaliana,high_confidence_IR
AT4G26255,AT4G26255.intron1,AT4G26255|4:13293986-13294069:+,4,13293986,13294069,+,AT4G26255.1,1,no,943,10,676,953,0.989506820566632,0.716861081654295,Arabidopsis_thaliana,high_confidence_IR
AT4G26288,AT4G26288.intron1,AT4G26288|4:13307841-13307967:+,4,13307841,13307967,+,AT4G26288.1,1,no,698,1900,698,2598,0.268668206312548,1,Arabidopsis_thaliana,high_confidence_IR
AT4G26390,AT4G26390.intron2,AT4G26390|4:13343519-13343605:+,4,13343519,13343605,+,AT4G26390.1,1,no,100,303,72,403,0.248138957816377,0.72,Arabidopsis_thaliana,high_confidence_IR
AT4G26400,AT4G26400.intron2,AT4G26400|4:13346068-13346404:-,4,13346068,13346404,-,AT4G26400.2,1,yes,11028,6263,8538,17291,0.637788444855705,0.774211099020675,Arabidopsis_thaliana,high_confidence_IR
AT4G26450,AT4G26450.intron1,AT4G26450|4:13362432-13362547:+,4,13362432,13362547,+,AT4G26450.1,1,yes,4020,330,3512,4350,0.924137931034483,0.87363184079602,Arabidopsis_thaliana,high_confidence_IR
AT4G26460,AT4G26460.intron1,AT4G26460|4:13369785-13369858:+,4,13369785,13369858,+,AT4G26460.1;AT4G26460.2,2,no,96,57,96,153,0.627450980392157,1,Arabidopsis_thaliana,high_confidence_IR
AT4G26485,AT4G26485.intron2,AT4G26485|4:13377962-13378051:-,4,13377962,13378051,-,AT4G26485.1,1,no,6,10,5,16,0.375,0.833333333333333,Arabidopsis_thaliana,high_confidence_IR
AT4G26488,AT4G26488.intron1,AT4G26488|4:13381035-13381104:-,4,13381035,13381104,-,AT4G26488.1,1,yes,1263,328,1263,1591,0.793840351979887,1,Arabidopsis_thaliana,high_confidence_IR
AT4G26582,AT4G26582.intron2,AT4G26582|4:13415108-13415275:+,4,13415108,13415275,+,AT4G26582.1,1,yes,1385,416,1161,1801,0.769017212659634,0.83826714801444,Arabidopsis_thaliana,high_confidence_IR
AT4G26650,AT4G26650.intron2,AT4G26650|4:13445268-13445736:+,4,13445268,13445736,+,AT4G26650.2,1,yes,7404,427,5246,7831,0.945473119652662,0.708535926526202,Arabidopsis_thaliana,high_confidence_IR
AT4G26680,AT4G26680.intron1,AT4G26680|4:13456429-13456605:+,4,13456429,13456605,+,AT4G26680.2,1,yes,634,168,634,802,0.790523690773067,1,Arabidopsis_thaliana,high_confidence_IR
AT4G26701,AT4G26701.intron1,AT4G26701|4:13467887-13467986:+,4,13467887,13467986,+,AT4G26701.1,1,no,73,50,73,123,0.59349593495935,1,Arabidopsis_thaliana,high_confidence_IR
AT4G26940,AT4G26940.intron9,AT4G26940|4:13530407-13530567:-,4,13530407,13530567,-,AT4G26940.2,1,yes,11501,156,8540,11657,0.98661748305739,0.742544126597687,Arabidopsis_thaliana,high_confidence_IR
AT4G26950,AT4G26950.intron1,AT4G26950|4:13534094-13534215:-,4,13534094,13534215,-,AT4G26950.2,1,yes,372,650,372,1022,0.36399217221135,1,Arabidopsis_thaliana,high_confidence_IR
AT4G27240,AT4G27240.intron2,AT4G27240|4:13641549-13642182:+,4,13641549,13642182,+,AT4G27240.2,1,yes,177,42,160,219,0.808219178082192,0.903954802259887,Arabidopsis_thaliana,high_confidence_IR
AT4G27250,AT4G27250.intron5,AT4G27250|4:13643237-13643354:-,4,13643237,13643354,-,AT4G27250.2,1,yes,379,50,266,429,0.883449883449883,0.701846965699208,Arabidopsis_thaliana,high_confidence_IR
AT4G27310,AT4G27310.intron1,AT4G27310|4:13676438-13676529:+,4,13676438,13676529,+,AT4G27310.1,1,no,5762,18246,5762,24008,0.240003332222592,1,Arabidopsis_thaliana,high_confidence_IR
AT4G27360,AT4G27360.intron1,AT4G27360|4:13694170-13694343:+,4,13694170,13694343,+,AT4G27360.1,1,no,177,200,177,377,0.469496021220159,1,Arabidopsis_thaliana,high_confidence_IR
AT4G27430,AT4G27430.intron9,AT4G27430|4:13722808-13723035:+,4,13722808,13723035,+,AT4G27430.2,1,yes,986,200,910,1186,0.831365935919056,0.922920892494929,Arabidopsis_thaliana,high_confidence_IR
AT4G27460,AT4G27460.intron1,AT4G27460|4:13733265-13733413:+,4,13733265,13733413,+,AT4G27460.1,1,no,597,1832,597,2429,0.245780156442981,1,Arabidopsis_thaliana,high_confidence_IR
AT4G27740,AT4G27740.intron1,AT4G27740|4:13839241-13839391:+,4,13839241,13839391,+,AT4G27740.1,1,no,2886,10490,2886,13376,0.21575956937799,1,Arabidopsis_thaliana,high_confidence_IR
AT4G27890,AT4G27890.intron2,AT4G27890|4:13886984-13887097:+,4,13886984,13887097,+,AT4G27890.1,1,no,6,20,5,26,0.230769230769231,0.833333333333333,Arabidopsis_thaliana,high_confidence_IR
AT4G27900,AT4G27900.intron1,AT4G27900|4:13890727-13890818:+,4,13890727,13890818,+,AT4G27900.2,1,yes,664,681,493,1345,0.49368029739777,0.742469879518072,Arabidopsis_thaliana,high_confidence_IR
AT4G27920,AT4G27920.intron1,AT4G27920|4:13901343-13901424:+,4,13901343,13901424,+,AT4G27920.1,1,no,32,15,23,47,0.680851063829787,0.71875,Arabidopsis_thaliana,high_confidence_IR
AT4G27960,AT4G27960.intron1,AT4G27960|4:13917241-13917342:-,4,13917241,13917342,-,AT4G27960.1,1,yes,24835,50163,20273,74998,0.331142163791034,0.816307630360378,Arabidopsis_thaliana,high_confidence_IR
AT4G28025,AT4G28025.intron1,AT4G28025|4:13936537-13937284:-,4,13936537,13937284,-,AT4G28025.2,1,yes,31955,2573,27484,34528,0.925480769230769,0.860084493819434,Arabidopsis_thaliana,high_confidence_IR
AT4G28085,AT4G28085.intron1,AT4G28085|4:13960436-13960547:+,4,13960436,13960547,+,AT4G28085.2,1,yes,246,7,246,253,0.972332015810277,1,Arabidopsis_thaliana,high_confidence_IR
AT4G28170,AT4G28170.intron1,AT4G28170|4:13981962-13982470:+,4,13981962,13982470,+,AT4G28170.1,1,no,60,174,60,234,0.256410256410256,1,Arabidopsis_thaliana,high_confidence_IR
AT4G28260,AT4G28260.intron1,AT4G28260|4:14004915-14005003:+,4,14004915,14005003,+,AT4G28260.2,1,yes,11262,207,9882,11469,0.9819513471096,0.877464038359084,Arabidopsis_thaliana,high_confidence_IR
AT4G28397,AT4G28397.intron1,AT4G28397|4:14045985-14046065:+,4,14045985,14046065,+,AT4G28397.2,1,yes,1833,151,1712,1984,0.923891129032258,0.933987997817785,Arabidopsis_thaliana,high_confidence_IR
AT4G28570,AT4G28570.intron1,AT4G28570|4:14119758-14119886:+,4,14119758,14119886,+,AT4G28570.1;AT4G28570.2,2,no,1370,4712,1322,6082,0.225254850378165,0.964963503649635,Arabidopsis_thaliana,high_confidence_IR
AT4G28650,AT4G28650.intron1,AT4G28650|4:14144571-14144650:-,4,14144571,14144650,-,AT4G28650.1,1,no,309,716,309,1025,0.301463414634146,1,Arabidopsis_thaliana,high_confidence_IR
AT4G28670,AT4G28670.intron7,AT4G28670|4:14153618-14153707:+,4,14153618,14153707,+,AT4G28670.1,1,no,35,105,26,140,0.25,0.742857142857143,Arabidopsis_thaliana,high_confidence_IR
AT4G28703,AT4G28703.intron1,AT4G28703|4:14166451-14166560:+,4,14166451,14166560,+,AT4G28703.1,1,no,3814,2054,3814,5868,0.649965916837082,1,Arabidopsis_thaliana,high_confidence_IR
AT4G28800,AT4G28800.intron1,AT4G28800|4:14221926-14222019:+,4,14221926,14222019,+,AT4G28800.2,1,yes,41,69,36,110,0.372727272727273,0.878048780487805,Arabidopsis_thaliana,high_confidence_IR
AT4G28811,AT4G28811.intron6,AT4G28811|4:14227004-14227343:+,4,14227004,14227343,+,AT4G28811.1,1,no,15,11,11,26,0.576923076923077,0.733333333333333,Arabidopsis_thaliana,high_confidence_IR
AT4G29020,AT4G29020.intron1,AT4G29020|4:14305288-14305422:+,4,14305288,14305422,+,AT4G29020.2,1,yes,45340,9,45340,45349,0.999801539173962,1,Arabidopsis_thaliana,high_confidence_IR
AT4G29240,AT4G29240.intron1,AT4G29240|4:14419352-14419438:+,4,14419352,14419438,+,AT4G29240.2,1,yes,1454,9,1454,1463,0.993848257006152,1,Arabidopsis_thaliana,high_confidence_IR
AT4G29250,AT4G29250.intron1,AT4G29250|4:14421187-14421268:+,4,14421187,14421268,+,AT4G29250.1,1,no,48,150,48,198,0.242424242424242,1,Arabidopsis_thaliana,high_confidence_IR
AT4G29285,AT4G29285.intron1,AT4G29285|4:14431665-14431994:+,4,14431665,14431994,+,AT4G29285.1,1,no,111,437,111,548,0.202554744525547,1,Arabidopsis_thaliana,high_confidence_IR
AT4G29470,AT4G29470.intron5,AT4G29470|4:14484503-14484583:-,4,14484503,14484583,-,AT4G29470.2,1,yes,2000,376,1751,2376,0.841750841750842,0.8755,Arabidopsis_thaliana,high_confidence_IR
AT4G29560,AT4G29560.intron1,AT4G29560|4:14505709-14505805:-,4,14505709,14505805,-,AT4G29560.1,1,no,585,1593,585,2178,0.268595041322314,1,Arabidopsis_thaliana,high_confidence_IR
AT4G08215,AT4G08215.intron1,AT4G08215|4:14573452-14573544:+,4,14573452,14573544,+,AT4G08215.1,1,no,17,6,17,23,0.739130434782609,1,Arabidopsis_thaliana,high_confidence_IR
AT4G29860,AT4G29860.intron13,AT4G29860|4:14602884-14602978:-,4,14602884,14602978,-,AT4G29860.1,1,no,1295,642,956,1937,0.668559628291172,0.738223938223938,Arabidopsis_thaliana,high_confidence_IR
AT4G29990,AT4G29990.intron1,AT4G29990|4:14669282-14669362:-,4,14669282,14669362,-,AT4G29990.1;AT4G29990.2,2,no,188,713,149,901,0.20865704772475,0.792553191489362,Arabidopsis_thaliana,high_confidence_IR
AT4G30064,AT4G30064.intron1,AT4G30064|4:14694363-14694467:+,4,14694363,14694467,+,AT4G30064.1,1,no,18,8,18,26,0.692307692307692,1,Arabidopsis_thaliana,high_confidence_IR
AT4G30070,AT4G30070.intron1,AT4G30070|4:14697607-14697983:+,4,14697607,14697983,+,AT4G30070.1,1,no,35,87,35,122,0.286885245901639,1,Arabidopsis_thaliana,high_confidence_IR
AT4G30100,AT4G30100.intron1,AT4G30100|4:14713850-14714109:+,4,14713850,14714109,+,AT4G30100.1,1,no,1406,2700,1140,4106,0.342425718460789,0.810810810810811,Arabidopsis_thaliana,high_confidence_IR
AT4G30430,AT4G30430.intron1,AT4G30430|4:14879341-14879765:-,4,14879341,14879765,-,AT4G30430.1,1,no,298,534,298,832,0.358173076923077,1,Arabidopsis_thaliana,high_confidence_IR
AT4G30540,AT4G30540.intron2,AT4G30540|4:14924774-14924967:+,4,14924774,14924967,+,AT4G30540.1,1,no,24,46,17,70,0.342857142857143,0.708333333333333,Arabidopsis_thaliana,high_confidence_IR
AT4G08295,AT4G08295.intron1,AT4G08295|4:14947906-14948000:-,4,14947906,14948000,-,AT4G08295.1,1,no,643,205,643,848,0.758254716981132,1,Arabidopsis_thaliana,high_confidence_IR
AT4G30630,AT4G30630.intron3,AT4G30630|4:14951876-14951964:+,4,14951876,14951964,+,AT4G30630.1,1,yes,3317,5850,2524,9167,0.361841387585906,0.760928549894483,Arabidopsis_thaliana,high_confidence_IR
AT4G30760,AT4G30760.intron1,AT4G30760|4:14982601-14982668:+,4,14982601,14982668,+,AT4G30760.1;AT4G30760.2,2,no,13938,17982,10911,31920,0.436654135338346,0.78282393456737,Arabidopsis_thaliana,high_confidence_IR
AT4G30850,AT4G30850.intron4,AT4G30850|4:15020358-15020438:-,4,15020358,15020438,-,AT4G30850.2,1,yes,3039,5,2162,3044,0.998357424441524,0.711418229680816,Arabidopsis_thaliana,high_confidence_IR
AT4G31060,AT4G31060.intron1,AT4G31060|4:15116189-15116332:+,4,15116189,15116332,+,AT4G31060.1,1,no,929,3395,784,4324,0.214847363552266,0.843918191603875,Arabidopsis_thaliana,high_confidence_IR
AT4G31110,AT4G31110.intron1,AT4G31110|4:15127270-15127335:+,4,15127270,15127335,+,AT4G31110.2,1,yes,936,43,658,979,0.956077630234934,0.702991452991453,Arabidopsis_thaliana,high_confidence_IR
AT4G31200,AT4G31200.intron5,AT4G31200|4:15161863-15161964:-,4,15161863,15161964,-,AT4G31200.1;AT4G31200.2;AT4G31200.3,3,no,123,187,103,310,0.396774193548387,0.83739837398374,Arabidopsis_thaliana,high_confidence_IR
AT4G31270,AT4G31270.intron2,AT4G31270|4:15183722-15184049:-,4,15183722,15184049,-,AT4G31270.1,1,no,940,2331,813,3271,0.287373891776215,0.864893617021277,Arabidopsis_thaliana,high_confidence_IR
AT4G31300,AT4G31300.intron1,AT4G31300|4:15188802-15188924:+,4,15188802,15188924,+,AT4G31300.3,1,yes,2106,159,1616,2265,0.929801324503311,0.767331433998101,Arabidopsis_thaliana,high_confidence_IR
AT4G31398,AT4G31398.intron1,AT4G31398|4:15238844-15238964:-,4,15238844,15238964,-,AT4G31398.2,1,yes,2728,524,2728,3252,0.838868388683887,1,Arabidopsis_thaliana,high_confidence_IR
AT4G31570,AT4G31570.intron7,AT4G31570|4:15303825-15303924:+,4,15303825,15303924,+,AT4G31570.1;AT4G31570.2;AT4G31570.3;AT4G31570.4;AT4G31570.5;AT4G31570.6;AT4G31570.7,7,no,380,1446,290,1826,0.208105147864184,0.763157894736842,Arabidopsis_thaliana,high_confidence_IR
AT4G32285,AT4G32285.intron1,AT4G32285|4:15585872-15585973:+,4,15585872,15585973,+,AT4G32285.1,1,yes,12133,26374,12133,38507,0.31508556885761,1,Arabidopsis_thaliana,high_confidence_IR
AT4G32430,AT4G32430.intron1,AT4G32430|4:15653337-15653472:+,4,15653337,15653472,+,AT4G32430.2,1,yes,455,218,455,673,0.676077265973254,1,Arabidopsis_thaliana,high_confidence_IR
AT4G32620,AT4G32620.intron1,AT4G32620|4:15731679-15731883:+,4,15731679,15731883,+,AT4G32620.1;AT4G32620.2,2,no,642,2078,637,2720,0.236029411764706,0.992211838006231,Arabidopsis_thaliana,high_confidence_IR
AT4G32670,AT4G32670.intron1,AT4G32670|4:15762939-15763037:-,4,15762939,15763037,-,AT4G32670.1,1,no,106,190,80,296,0.358108108108108,0.754716981132076,Arabidopsis_thaliana,high_confidence_IR
AT4G32890,AT4G32890.intron1,AT4G32890|4:15875817-15875907:+,4,15875817,15875907,+,AT4G32890.1,1,no,747,1769,747,2516,0.296899841017488,1,Arabidopsis_thaliana,high_confidence_IR
AT4G33450,AT4G33450.intron1,AT4G33450|4:16096339-16096443:-,4,16096339,16096443,-,AT4G33450.1,1,no,582,348,582,930,0.625806451612903,1,Arabidopsis_thaliana,high_confidence_IR
AT4G33660,AT4G33660.intron1,AT4G33660|4:16167543-16167664:-,4,16167543,16167664,-,AT4G33660.1,1,no,1468,4696,1468,6164,0.238157040882544,1,Arabidopsis_thaliana,high_confidence_IR
AT4G33985,AT4G33985.intron1,AT4G33985|4:16288393-16288484:-,4,16288393,16288484,-,AT4G33985.1,1,no,5094,7846,5094,12940,0.393663060278207,1,Arabidopsis_thaliana,high_confidence_IR
AT4G33990,AT4G33990.intron1,AT4G33990|4:16292584-16292671:-,4,16292584,16292671,-,AT4G33990.2,1,yes,168,447,168,615,0.273170731707317,1,Arabidopsis_thaliana,high_confidence_IR
AT4G34050,AT4G34050.intron1,AT4G34050|4:16310935-16311435:+,4,16310935,16311435,+,AT4G34050.2,1,yes,164479,84,132926,164563,0.999489557190863,0.808163960140808,Arabidopsis_thaliana,high_confidence_IR
AT4G08935,AT4G08935.intron1,AT4G08935|4:16343705-16343785:+,4,16343705,16343785,+,AT4G08935.1,1,no,7709,164,7709,7873,0.979169312841357,1,Arabidopsis_thaliana,high_confidence_IR
AT4G34220,AT4G34220.intron1,AT4G34220|4:16382246-16382373:-,4,16382246,16382373,-,AT4G34220.1,1,no,1415,4424,1415,5839,0.242336016441171,1,Arabidopsis_thaliana,high_confidence_IR
AT4G34332,AT4G34332.intron1,AT4G34332|4:16424908-16425024:-,4,16424908,16425024,-,AT4G34332.1,1,no,136,103,136,239,0.569037656903766,1,Arabidopsis_thaliana,high_confidence_IR
AT4G34340,AT4G34340.intron1,AT4G34340|4:16426581-16427633:-,4,16426581,16427633,-,AT4G34340.2,1,yes,406,47,406,453,0.896247240618102,1,Arabidopsis_thaliana,high_confidence_IR
AT4G34440,AT4G34440.intron1,AT4G34440|4:16465853-16465936:+,4,16465853,16465936,+,AT4G34440.2,1,yes,214,14,187,228,0.93859649122807,0.873831775700935,Arabidopsis_thaliana,high_confidence_IR
AT4G34680,AT4G34680.intron1,AT4G34680|4:16553480-16553694:+,4,16553480,16553694,+,AT4G34680.1,1,yes,4772,3091,3534,7863,0.606893043367671,0.74056999161777,Arabidopsis_thaliana,high_confidence_IR
AT4G34710,AT4G34710.intron1,AT4G34710|4:16562466-16562562:-,4,16562466,16562562,-,AT4G34710.2,1,yes,67331,756,67331,68087,0.988896558814458,1,Arabidopsis_thaliana,high_confidence_IR
AT4G34750,AT4G34750.intron1,AT4G34750|4:16578053-16578177:+,4,16578053,16578177,+,AT4G34750.2,1,yes,46546,11538,46546,58084,0.801356655877694,1,Arabidopsis_thaliana,high_confidence_IR
AT4G34990,AT4G34990.intron1,AT4G34990|4:16661932-16662026:-,4,16661932,16662026,-,AT4G34990.1,1,no,2250,4809,2250,7059,0.318742031449214,1,Arabidopsis_thaliana,high_confidence_IR
AT4G35060,AT4G35060.intron1,AT4G35060|4:16686261-16686344:-,4,16686261,16686344,-,AT4G35060.1,1,no,2507,9733,2507,12240,0.204820261437908,1,Arabidopsis_thaliana,high_confidence_IR
AT4G35070,AT4G35070.intron1,AT4G35070|4:16694594-16694670:+,4,16694594,16694670,+,AT4G35070.2,1,yes,2713,133,1978,2846,0.953267744202389,0.729082196830077,Arabidopsis_thaliana,high_confidence_IR
AT4G35310,AT4G35310.intron2,AT4G35310|4:16802123-16802364:+,4,16802123,16802364,+,AT4G35310.2,1,yes,15571,5222,11212,20793,0.748857788678882,0.720056515316935,Arabidopsis_thaliana,high_confidence_IR
AT4G35490,AT4G35490.intron1,AT4G35490|4:16856428-16856701:+,4,16856428,16856701,+,AT4G35490.2,1,yes,1572,40,1572,1612,0.975186104218362,1,Arabidopsis_thaliana,high_confidence_IR
AT4G36000,AT4G36000.intron2,AT4G36000|4:17037785-17037872:-,4,17037785,17037872,-,AT4G36000.1;AT4G36000.2,2,no,746,176,546,922,0.809110629067245,0.731903485254692,Arabidopsis_thaliana,high_confidence_IR
AT4G36020,AT4G36020.intron1,AT4G36020|4:17043760-17043861:-,4,17043760,17043861,-,AT4G36020.2,1,yes,9144,8,8625,9152,0.999125874125874,0.943241469816273,Arabidopsis_thaliana,high_confidence_IR
AT4G36032,AT4G36032.intron1,AT4G36032|4:17046130-17046289:+,4,17046130,17046289,+,AT4G36032.2,1,yes,3841,259,3841,4100,0.936829268292683,1,Arabidopsis_thaliana,high_confidence_IR
AT4G36080,AT4G36080.intron12,AT4G36080|4:17072149-17072764:-,4,17072149,17072764,-,AT4G36080.1;AT4G36080.2;AT4G36080.3,3,no,77,275,59,352,0.21875,0.766233766233766,Arabidopsis_thaliana,high_confidence_IR
AT4G36140,AT4G36140.intron6,AT4G36140|4:17099919-17099992:-,4,17099919,17099992,-,AT4G36140.1;AT4G36140.2,2,no,672,1629,482,2301,0.292046936114733,0.717261904761905,Arabidopsis_thaliana,high_confidence_IR
AT4G36150,AT4G36150.intron1,AT4G36150|4:17105264-17105358:+,4,17105264,17105358,+,AT4G36150.1,1,no,630,1023,532,1653,0.381125226860254,0.844444444444444,Arabidopsis_thaliana,high_confidence_IR
AT4G36510,AT4G36510.intron1,AT4G36510|4:17228928-17229385:+,4,17228928,17229385,+,AT4G36510.1,1,no,22,44,22,66,0.333333333333333,1,Arabidopsis_thaliana,high_confidence_IR
AT4G36520,AT4G36520.intron1,AT4G36520|4:17234906-17234989:-,4,17234906,17234989,-,AT4G36520.1,1,no,917,3327,875,4244,0.216069745523091,0.954198473282443,Arabidopsis_thaliana,high_confidence_IR
AT4G36648,AT4G36648.intron1,AT4G36648|4:17282413-17282510:-,4,17282413,17282510,-,AT4G36648.1,1,no,53994,76332,53994,130326,0.414299525804521,1,Arabidopsis_thaliana,high_confidence_IR
AT4G36650,AT4G36650.intron3,AT4G36650|4:17283810-17283894:-,4,17283810,17283894,-,AT4G36650.2,1,yes,2725,23,1954,2748,0.991630276564774,0.717064220183486,Arabidopsis_thaliana,high_confidence_IR
AT4G36800,AT4G36800.intron2,AT4G36800|4:17342191-17342678:-,4,17342191,17342678,-,AT4G36800.2,1,yes,44050,333,32676,44383,0.992497127278463,0.741793416572077,Arabidopsis_thaliana,high_confidence_IR
AT4G36820,AT4G36820.intron1,AT4G36820|4:17347447-17347535:+,4,17347447,17347535,+,AT4G36820.1,1,no,255,979,255,1234,0.206645056726094,1,Arabidopsis_thaliana,high_confidence_IR
AT4G36830,AT4G36830.intron1,AT4G36830|4:17350286-17350781:+,4,17350286,17350781,+,AT4G36830.2,1,yes,23,34,23,57,0.403508771929825,1,Arabidopsis_thaliana,high_confidence_IR
AT4G36840,AT4G36840.intron1,AT4G36840|4:17352776-17353069:+,4,17352776,17353069,+,AT4G36840.2,1,yes,318,35,318,353,0.900849858356941,1,Arabidopsis_thaliana,high_confidence_IR
AT4G37430,AT4G37430.intron1,AT4G37430|4:17598127-17598211:+,4,17598127,17598211,+,AT4G37430.1,1,no,1265,1640,1265,2905,0.435456110154905,1,Arabidopsis_thaliana,high_confidence_IR
AT4G37540,AT4G37540.intron1,AT4G37540|4:17640188-17640325:-,4,17640188,17640325,-,AT4G37540.1,1,no,8757,15836,8757,24593,0.356076932460456,1,Arabidopsis_thaliana,high_confidence_IR
AT4G37720,AT4G37720.intron1,AT4G37720|4:17719096-17719189:-,4,17719096,17719189,-,AT4G37720.1,1,no,56,159,56,215,0.26046511627907,1,Arabidopsis_thaliana,high_confidence_IR
AT4G37820,AT4G37820.intron1,AT4G37820|4:17785512-17785656:+,4,17785512,17785656,+,AT4G37820.2,1,yes,3577,284,2764,3861,0.926443926443926,0.772714565278166,Arabidopsis_thaliana,high_confidence_IR
AT4G37895,AT4G37895.intron1,AT4G37895|4:17814566-17814645:+,4,17814566,17814645,+,AT4G37895.1,1,no,473,97,473,570,0.829824561403509,1,Arabidopsis_thaliana,high_confidence_IR
AT4G37910,AT4G37910.intron6,AT4G37910|4:17825015-17825334:-,4,17825015,17825334,-,AT4G37910.2,1,yes,589,67,497,656,0.897865853658537,0.843803056027165,Arabidopsis_thaliana,high_confidence_IR
AT4G38062,AT4G38062.intron1,AT4G38062|4:17876340-17876501:+,4,17876340,17876501,+,AT4G38062.1,1,no,105,362,105,467,0.224839400428266,1,Arabidopsis_thaliana,high_confidence_IR
AT4G38090,AT4G38090.intron2,AT4G38090|4:17884053-17884122:-,4,17884053,17884122,-,AT4G38090.1;AT4G38090.2,2,yes,5668,6320,4480,11988,0.472806139472806,0.790402258292167,Arabidopsis_thaliana,high_confidence_IR
AT4G38170,AT4G38170.intron1,AT4G38170|4:17904629-17904736:+,4,17904629,17904736,+,AT4G38170.1,1,no,2024,713,1771,2737,0.739495798319328,0.875,Arabidopsis_thaliana,high_confidence_IR
AT4G38213,AT4G38213.intron1,AT4G38213|4:17924664-17924731:-,4,17924664,17924731,-,AT4G38213.1,1,no,40,65,40,105,0.380952380952381,1,Arabidopsis_thaliana,high_confidence_IR
AT4G38290,AT4G38290.intron2,AT4G38290|4:17943098-17943706:+,4,17943098,17943706,+,AT4G38290.1,1,no,1462,33,1270,1495,0.977926421404682,0.868673050615595,Arabidopsis_thaliana,high_confidence_IR
AT4G38440,AT4G38440.intron1,AT4G38440|4:17989289-17989476:+,4,17989289,17989476,+,AT4G38440.1,1,no,235,839,191,1074,0.218808193668529,0.812765957446808,Arabidopsis_thaliana,high_confidence_IR
AT4G38545,AT4G38545.intron5,AT4G38545|4:18023640-18024341:-,4,18023640,18024341,-,AT4G38545.3,1,yes,2677,77,1931,2754,0.9720406681191,0.721329846843482,Arabidopsis_thaliana,high_confidence_IR
AT4G38620,AT4G38620.intron1,AT4G38620|4:18054129-18054290:+,4,18054129,18054290,+,AT4G38620.1,1,no,4701,5653,4701,10354,0.454027429012942,1,Arabidopsis_thaliana,high_confidence_IR
AT4G38670,AT4G38670.intron3,AT4G38670|4:18069741-18069814:-,4,18069741,18069814,-,AT4G38670.3,1,yes,1766,671,1242,2437,0.724661469019286,0.703284258210646,Arabidopsis_thaliana,high_confidence_IR
AT4G38905,AT4G38905.intron1,AT4G38905|4:18144364-18144528:-,4,18144364,18144528,-,AT4G38905.1,1,no,29,5,29,34,0.852941176470588,1,Arabidopsis_thaliana,high_confidence_IR
AT4G39100,AT4G39100.intron4,AT4G39100|4:18218734-18219335:-,4,18218734,18219335,-,AT4G39100.2,1,yes,14535,6095,11467,20630,0.704556471158507,0.788923288613691,Arabidopsis_thaliana,high_confidence_IR
AT4G39130,AT4G39130.intron1,AT4G39130|4:18228369-18228574:-,4,18228369,18228574,-,AT4G39130.1,1,no,229,256,229,485,0.472164948453608,1,Arabidopsis_thaliana,high_confidence_IR
AT4G39250,AT4G39250.intron1,AT4G39250|4:18271482-18271579:-,4,18271482,18271579,-,AT4G39250.1,1,no,80,226,80,306,0.261437908496732,1,Arabidopsis_thaliana,high_confidence_IR
AT4G39320,AT4G39320.intron1,AT4G39320|4:18289234-18289333:+,4,18289234,18289333,+,AT4G39320.1,1,no,1024,2056,1024,3080,0.332467532467532,1,Arabidopsis_thaliana,high_confidence_IR
AT4G39560,AT4G39560.intron1,AT4G39560|4:18382507-18382592:-,4,18382507,18382592,-,AT4G39560.2,1,yes,1469,1532,1469,3001,0.489503498833722,1,Arabidopsis_thaliana,high_confidence_IR
AT4G39630,AT4G39630.intron3,AT4G39630|4:18398664-18398779:-,4,18398664,18398779,-,AT4G39630.2,1,yes,1473,30,1077,1503,0.980039920159681,0.731160896130346,Arabidopsis_thaliana,high_confidence_IR
AT4G39680,AT4G39680.intron3,AT4G39680|4:18416962-18417346:-,4,18416962,18417346,-,AT4G39680.2,1,yes,13647,1088,9839,14735,0.926162198846284,0.720964314501356,Arabidopsis_thaliana,high_confidence_IR
AT4G39700,AT4G39700.intron1,AT4G39700|4:18424437-18424601:+,4,18424437,18424601,+,AT4G39700.1,1,no,118,453,118,571,0.206654991243433,1,Arabidopsis_thaliana,high_confidence_IR
AT4G40080,AT4G40080.intron1,AT4G40080|4:18579814-18579887:+,4,18579814,18579887,+,AT4G40080.1,1,no,1213,1588,1213,2801,0.433059621563727,1,Arabidopsis_thaliana,high_confidence_IR
AT5G01070,AT5G01070.intron1,AT5G01070|5:25344-25428:-,5,25344,25428,-,AT5G01070.1,1,no,119,183,119,302,0.394039735099338,1,Arabidopsis_thaliana,high_confidence_IR
AT5G01215,AT5G01215.intron1,AT5G01215|5:85262-85356:-,5,85262,85356,-,AT5G01215.2,1,yes,24649,733,24649,25382,0.971121267039634,1,Arabidopsis_thaliana,high_confidence_IR
AT5G01310,AT5G01310.intron1,AT5G01310|5:126503-126667:+,5,126503,126667,+,AT5G01310.1,1,no,458,1778,334,2236,0.204830053667263,0.729257641921397,Arabidopsis_thaliana,high_confidence_IR
AT5G01320,AT5G01320.intron4,AT5G01320|5:129655-129721:-,5,129655,129721,-,AT5G01320.1,1,no,91,166,68,257,0.35408560311284,0.747252747252747,Arabidopsis_thaliana,high_confidence_IR
AT5G01410,AT5G01410.intron1,AT5G01410|5:172087-172560:-,5,172087,172560,-,AT5G01410.2,1,yes,689,859,689,1548,0.445090439276486,1,Arabidopsis_thaliana,high_confidence_IR
AT5G01690,AT5G01690.intron1,AT5G01690|5:257629-257768:+,5,257629,257768,+,AT5G01690.1,1,no,65,200,51,265,0.245283018867925,0.784615384615385,Arabidopsis_thaliana,high_confidence_IR
AT5G01920,AT5G01920.intron4,AT5G01920|5:361080-361162:+,5,361080,361162,+,AT5G01920.1,1,no,914,687,782,1601,0.570893191755153,0.855579868708972,Arabidopsis_thaliana,high_confidence_IR
AT5G02200,AT5G02200.intron1,AT5G02200|5:437564-438204:+,5,437564,438204,+,AT5G02200.2,1,yes,3630,1921,2660,5551,0.65393622770672,0.732782369146005,Arabidopsis_thaliana,high_confidence_IR
AT5G02500,AT5G02500.intron2,AT5G02500|5:554442-554831:-,5,554442,554831,-,AT5G02500.2,1,yes,447125,36,421372,447161,0.999919492084506,0.94240313111546,Arabidopsis_thaliana,high_confidence_IR
AT5G02660,AT5G02660.intron1,AT5G02660|5:602248-602330:+,5,602248,602330,+,AT5G02660.1,1,no,73,11,73,84,0.869047619047619,1,Arabidopsis_thaliana,high_confidence_IR
AT5G02800,AT5G02800.intron3,AT5G02800|5:636291-636365:-,5,636291,636365,-,AT5G02800.1,1,no,2661,8838,1930,11499,0.231411427080616,0.725291243893273,Arabidopsis_thaliana,high_confidence_IR
AT5G02950,AT5G02950.intron1,AT5G02950|5:690809-690931:+,5,690809,690931,+,AT5G02950.2,1,yes,279,1022,279,1301,0.214450422751729,1,Arabidopsis_thaliana,high_confidence_IR
AT5G03050,AT5G03050.intron5,AT5G03050|5:714022-715300:-,5,714022,715300,-,AT5G03050.1,1,yes,548,267,517,815,0.67239263803681,0.943430656934307,Arabidopsis_thaliana,high_confidence_IR
AT5G03060,AT5G03060.intron1,AT5G03060|5:717697-717893:-,5,717697,717893,-,AT5G03060.1,1,no,96,245,68,341,0.281524926686217,0.708333333333333,Arabidopsis_thaliana,high_confidence_IR
AT5G03190,AT5G03190.intron1,AT5G03190|5:758661-758842:+,5,758661,758842,+,AT5G03190.2,1,yes,4040,272,4040,4312,0.936920222634508,1,Arabidopsis_thaliana,high_confidence_IR
AT5G03435,AT5G03435.intron1,AT5G03435|5:855696-855847:-,5,855696,855847,-,AT5G03435.1;AT5G03435.2,2,no,44,67,42,111,0.396396396396396,0.954545454545455,Arabidopsis_thaliana,high_confidence_IR
AT5G03440,AT5G03440.intron2,AT5G03440|5:857903-858294:-,5,857903,858294,-,AT5G03440.1,1,yes,3876,3281,2715,7157,0.541567695961995,0.70046439628483,Arabidopsis_thaliana,high_confidence_IR
AT5G03530,AT5G03530.intron1,AT5G03530|5:887094-887458:-,5,887094,887458,-,AT5G03530.2,1,yes,734,580,527,1314,0.558599695585997,0.717983651226158,Arabidopsis_thaliana,high_confidence_IR
AT5G03720,AT5G03720.intron2,AT5G03720|5:971174-971616:-,5,971174,971616,-,AT5G03720.1,1,no,38,38,32,76,0.5,0.842105263157895,Arabidopsis_thaliana,high_confidence_IR
AT5G03960,AT5G03960.intron4,AT5G03960|5:1068831-1068893:-,5,1068831,1068893,-,AT5G03960.1;AT5G03960.2;AT5G03960.3,3,no,1186,1628,863,2814,0.421464108031272,0.727655986509275,Arabidopsis_thaliana,high_confidence_IR
AT5G03970,AT5G03970.intron2,AT5G03970|5:1072961-1073371:-,5,1072961,1073371,-,AT5G03970.2,1,yes,1409,337,1014,1746,0.806987399770905,0.719659332860185,Arabidopsis_thaliana,high_confidence_IR
AT5G03995,AT5G03995.intron1,AT5G03995|5:1077756-1078122:-,5,1077756,1078122,-,AT5G03995.1,1,no,1116,130,1116,1246,0.895666131621188,1,Arabidopsis_thaliana,high_confidence_IR
AT5G04020,AT5G04020.intron1,AT5G04020|5:1086168-1086267:-,5,1086168,1086267,-,AT5G04020.1;AT5G04020.2,2,no,2158,2065,2148,4223,0.511011129528771,0.995366079703429,Arabidopsis_thaliana,high_confidence_IR
AT5G04047,AT5G04047.intron1,AT5G04047|5:1095344-1095435:-,5,1095344,1095435,-,AT5G04047.1,1,no,47,45,47,92,0.510869565217391,1,Arabidopsis_thaliana,high_confidence_IR
AT5G04210,AT5G04210.intron1,AT5G04210|5:1155491-1155578:-,5,1155491,1155578,-,AT5G04210.1,1,no,73,103,73,176,0.414772727272727,1,Arabidopsis_thaliana,high_confidence_IR
AT5G04290,AT5G04290.intron19,AT5G04290|5:1201447-1201525:+,5,1201447,1201525,+,AT5G04290.1;AT5G04290.2,2,no,28,35,24,63,0.444444444444444,0.857142857142857,Arabidopsis_thaliana,high_confidence_IR
AT5G04330,AT5G04330.intron1,AT5G04330|5:1213328-1213404:-,5,1213328,1213404,-,AT5G04330.1,1,no,214,398,214,612,0.349673202614379,1,Arabidopsis_thaliana,high_confidence_IR
AT5G04500,AT5G04500.intron1,AT5G04500|5:1283922-1284020:+,5,1283922,1284020,+,AT5G04500.1,1,no,120,416,85,536,0.223880597014925,0.708333333333333,Arabidopsis_thaliana,high_confidence_IR
AT5G04670,AT5G04670.intron4,AT5G04670|5:1337837-1337920:-,5,1337837,1337920,-,AT5G04670.2,1,yes,3231,162,2686,3393,0.952254641909814,0.831321572268647,Arabidopsis_thaliana,high_confidence_IR
AT5G04750,AT5G04750.intron1,AT5G04750|5:1372372-1373053:+,5,1372372,1373053,+,AT5G04750.2,1,yes,44301,2090,43168,46391,0.954948158047897,0.974424956547256,Arabidopsis_thaliana,high_confidence_IR
AT5G05085,AT5G05085.intron1,AT5G05085|5:1503715-1503797:-,5,1503715,1503797,-,AT5G05085.1,1,no,3241,246,3241,3487,0.929452251218813,1,Arabidopsis_thaliana,high_confidence_IR
AT5G05390,AT5G05390.intron5,AT5G05390|5:1596823-1596911:+,5,1596823,1596911,+,AT5G05390.1,1,no,96,79,91,175,0.548571428571429,0.947916666666667,Arabidopsis_thaliana,high_confidence_IR
AT5G05410,AT5G05410.intron1,AT5G05410|5:1602370-1602626:+,5,1602370,1602626,+,AT5G05410.1;AT5G05410.2,2,no,6473,17383,5295,23856,0.271336351441985,0.818013285957052,Arabidopsis_thaliana,high_confidence_IR
AT5G05410,AT5G05410.intron2,AT5G05410|5:1603377-1603475:+,5,1603377,1603475,+,AT5G05410.2,1,yes,18393,29,14056,18422,0.998425795244816,0.764203773174577,Arabidopsis_thaliana,high_confidence_IR
AT5G05610,AT5G05610.intron5,AT5G05610|5:1677224-1677318:-,5,1677224,1677318,-,AT5G05610.2,1,yes,7762,10232,5606,17994,0.43136601089252,0.722236536975006,Arabidopsis_thaliana,high_confidence_IR
AT5G05780,AT5G05780.intron4,AT5G05780|5:1736977-1737078:+,5,1736977,1737078,+,AT5G05780.2,1,yes,13880,78,10484,13958,0.994411806849119,0.755331412103746,Arabidopsis_thaliana,high_confidence_IR
AT5G05790,AT5G05790.intron1,AT5G05790|5:1741702-1741853:-,5,1741702,1741853,-,AT5G05790.2,1,yes,2403,108,2002,2511,0.956989247311828,0.833125260091552,Arabidopsis_thaliana,high_confidence_IR
AT5G05860,AT5G05860.intron1,AT5G05860|5:1766020-1766470:+,5,1766020,1766470,+,AT5G05860.1,1,no,720,2209,720,2929,0.245817685216798,1,Arabidopsis_thaliana,high_confidence_IR
AT5G05870,AT5G05870.intron1,AT5G05870|5:1768170-1768269:+,5,1768170,1768269,+,AT5G05870.1,1,no,1506,5525,1506,7031,0.214194282463376,1,Arabidopsis_thaliana,high_confidence_IR
AT5G05890,AT5G05890.intron1,AT5G05890|5:1773057-1773134:+,5,1773057,1773134,+,AT5G05890.1,1,no,1882,4014,1882,5896,0.319199457259159,1,Arabidopsis_thaliana,high_confidence_IR
AT5G06080,AT5G06080.intron1,AT5G06080|5:1831051-1831148:-,5,1831051,1831148,-,AT5G06080.1,1,no,35,60,35,95,0.368421052631579,1,Arabidopsis_thaliana,high_confidence_IR
AT5G06090,AT5G06090.intron1,AT5G06090|5:1835688-1835801:+,5,1835688,1835801,+,AT5G06090.1,1,no,214,282,214,496,0.431451612903226,1,Arabidopsis_thaliana,high_confidence_IR
AT5G06110,AT5G06110.intron1,AT5G06110|5:1843064-1843643:-,5,1843064,1843643,-,AT5G06110.2,1,yes,12619,866,11272,13485,0.93578049684835,0.893256200966796,Arabidopsis_thaliana,high_confidence_IR
AT5G06230,AT5G06230.intron4,AT5G06230|5:1885283-1885397:-,5,1885283,1885397,-,AT5G06230.1,1,yes,8690,985,8156,9675,0.898191214470284,0.938550057537399,Arabidopsis_thaliana,high_confidence_IR
AT5G06270,AT5G06270.intron2,AT5G06270|5:1912818-1912894:+,5,1912818,1912894,+,AT5G06270.1;AT5G06270.2,2,no,1006,2378,787,3384,0.297281323877069,0.782306163021869,Arabidopsis_thaliana,high_confidence_IR
AT5G06280,AT5G06280.intron1,AT5G06280|5:1918102-1918367:-,5,1918102,1918367,-,AT5G06280.1,1,yes,2440,1239,2440,3679,0.66322370209296,1,Arabidopsis_thaliana,high_confidence_IR
AT5G01265,AT5G01265.intron1,AT5G01265|5:1960001-1960127:+,5,1960001,1960127,+,AT5G01265.1,1,no,203,5,203,208,0.975961538461538,1,Arabidopsis_thaliana,high_confidence_IR
AT5G06520,AT5G06520.intron1,AT5G06520|5:1987373-1987455:-,5,1987373,1987455,-,AT5G06520.1,1,no,45,89,45,134,0.335820895522388,1,Arabidopsis_thaliana,high_confidence_IR
AT5G06570,AT5G06570.intron2,AT5G06570|5:2007874-2008048:-,5,2007874,2008048,-,AT5G06570.2;AT5G06570.3,2,yes,160,222,125,382,0.418848167539267,0.78125,Arabidopsis_thaliana,high_confidence_IR
AT5G06620,AT5G06620.intron4,AT5G06620|5:2035148-2035244:+,5,2035148,2035244,+,AT5G06620.1,1,yes,1449,448,1057,1897,0.763837638376384,0.729468599033816,Arabidopsis_thaliana,high_confidence_IR
AT5G06900,AT5G06900.intron1,AT5G06900|5:2136787-2137028:-,5,2136787,2137028,-,AT5G06900.1,1,no,61,142,61,203,0.300492610837438,1,Arabidopsis_thaliana,high_confidence_IR
AT5G06905,AT5G06905.intron1,AT5G06905|5:2139116-2139190:-,5,2139116,2139190,-,AT5G06905.1,1,no,112,128,112,240,0.466666666666667,1,Arabidopsis_thaliana,high_confidence_IR
AT5G06940,AT5G06940.intron1,AT5G06940|5:2148425-2148499:-,5,2148425,2148499,-,AT5G06940.1,1,no,244,536,244,780,0.312820512820513,1,Arabidopsis_thaliana,high_confidence_IR
AT5G07120,AT5G07120.intron1,AT5G07120|5:2209367-2209446:-,5,2209367,2209446,-,AT5G07120.2,1,yes,2696,330,2052,3026,0.890945142101785,0.761127596439169,Arabidopsis_thaliana,high_confidence_IR
AT5G07140,AT5G07140.intron2,AT5G07140|5:2214538-2214848:+,5,2214538,2214848,+,AT5G07140.1,1,no,439,1462,376,1901,0.230931088900579,0.856492027334852,Arabidopsis_thaliana,high_confidence_IR
AT5G07250,AT5G07250.intron4,AT5G07250|5:2274742-2274967:-,5,2274742,2274967,-,AT5G07250.2,1,yes,4415,47,3652,4462,0.989466606902734,0.82718006795017,Arabidopsis_thaliana,high_confidence_IR
AT5G07310,AT5G07310.intron1,AT5G07310|5:2305937-2306121:+,5,2305937,2306121,+,AT5G07310.1,1,no,27,25,27,52,0.519230769230769,1,Arabidopsis_thaliana,high_confidence_IR
AT5G07450,AT5G07450.intron1,AT5G07450|5:2358698-2358882:-,5,2358698,2358882,-,AT5G07450.1,1,no,197,340,197,537,0.366852886405959,1,Arabidopsis_thaliana,high_confidence_IR
AT5G07571,AT5G07571.intron1,AT5G07571|5:2396669-2396894:-,5,2396669,2396894,-,AT5G07571.1,1,no,316,171,316,487,0.648870636550308,1,Arabidopsis_thaliana,high_confidence_IR
AT5G07572,AT5G07572.intron1,AT5G07572|5:2396768-2396879:+,5,2396768,2396879,+,AT5G07572.1,1,no,500,6,500,506,0.988142292490119,1,Arabidopsis_thaliana,high_confidence_IR
AT5G07590,AT5G07590.intron2,AT5G07590|5:2403368-2403700:-,5,2403368,2403700,-,AT5G07590.4,1,yes,2065,38,1477,2103,0.981930575368521,0.715254237288136,Arabidopsis_thaliana,high_confidence_IR
AT5G07730,AT5G07730.intron1,AT5G07730|5:2457596-2457675:-,5,2457596,2457675,-,AT5G07730.1,1,no,673,2456,673,3129,0.215084691594759,1,Arabidopsis_thaliana,high_confidence_IR
AT5G08070,AT5G08070.intron1,AT5G08070|5:2584522-2584871:+,5,2584522,2584871,+,AT5G08070.1,1,no,325,827,325,1152,0.282118055555556,1,Arabidopsis_thaliana,high_confidence_IR
AT5G08139,AT5G08139.intron1,AT5G08139|5:2617312-2617417:+,5,2617312,2617417,+,AT5G08139.2,1,yes,5016,628,5016,5644,0.888731396172927,1,Arabidopsis_thaliana,high_confidence_IR
AT5G08310,AT5G08310.intron1,AT5G08310|5:2672443-2672594:-,5,2672443,2672594,-,AT5G08310.1,1,no,142,383,142,525,0.27047619047619,1,Arabidopsis_thaliana,high_confidence_IR
AT5G08350,AT5G08350.intron1,AT5G08350|5:2686953-2687042:-,5,2686953,2687042,-,AT5G08350.1,1,no,1348,3413,1348,4761,0.28313379542113,1,Arabidopsis_thaliana,high_confidence_IR
AT5G08730,AT5G08730.intron1,AT5G08730|5:2846536-2846624:-,5,2846536,2846624,-,AT5G08730.1,1,no,105,22,105,127,0.826771653543307,1,Arabidopsis_thaliana,high_confidence_IR
AT5G09270,AT5G09270.intron2,AT5G09270|5:2880019-2880475:+,5,2880019,2880475,+,AT5G09270.2,1,yes,263,456,211,719,0.365785813630042,0.802281368821293,Arabidopsis_thaliana,high_confidence_IR
AT5G09620,AT5G09620.intron1,AT5G09620|5:2984423-2984536:-,5,2984423,2984536,-,AT5G09620.2,1,yes,16888,20,16888,16908,0.998817127986752,1,Arabidopsis_thaliana,high_confidence_IR
AT5G09630,AT5G09630.intron1,AT5G09630|5:2987238-2987504:-,5,2987238,2987504,-,AT5G09630.1,1,no,460,1649,460,2109,0.218112849691797,1,Arabidopsis_thaliana,high_confidence_IR
AT5G09880,AT5G09880.intron4,AT5G09880|5:3083330-3083928:-,5,3083330,3083928,-,AT5G09880.1,1,no,6693,2985,4948,9678,0.691568505889647,0.739279844613776,Arabidopsis_thaliana,high_confidence_IR
AT5G09950,AT5G09950.intron1,AT5G09950|5:3105832-3105922:-,5,3105832,3105922,-,AT5G09950.2,1,yes,110,307,109,417,0.26378896882494,0.990909090909091,Arabidopsis_thaliana,high_confidence_IR
AT5G10370,AT5G10370.intron1,AT5G10370|5:3262214-3262431:+,5,3262214,3262431,+,AT5G10370.1,1,no,201,612,196,813,0.247232472324723,0.975124378109453,Arabidopsis_thaliana,high_confidence_IR
AT5G10410,AT5G10410.intron1,AT5G10410|5:3272365-3272478:+,5,3272365,3272478,+,AT5G10410.1,1,no,591,1367,591,1958,0.301838610827375,1,Arabidopsis_thaliana,high_confidence_IR
AT5G10605,AT5G10605.intron3,AT5G10605|5:3352220-3352316:-,5,3352220,3352316,-,AT5G10605.1,1,no,1437,647,1030,2084,0.689539347408829,0.716771050800278,Arabidopsis_thaliana,high_confidence_IR
AT5G10620,AT5G10620.intron7,AT5G10620|5:3355027-3355120:-,5,3355027,3355120,-,AT5G10620.1,1,no,2109,155,2024,2264,0.931537102473498,0.959696538643907,Arabidopsis_thaliana,high_confidence_IR
AT5G10680,AT5G10680.intron1,AT5G10680|5:3373374-3373469:+,5,3373374,3373469,+,AT5G10680.1,1,yes,311,17,311,328,0.948170731707317,1,Arabidopsis_thaliana,high_confidence_IR
AT5G10790,AT5G10790.intron1,AT5G10790|5:3410247-3410747:+,5,3410247,3410747,+,AT5G10790.2,1,yes,92,225,68,317,0.290220820189274,0.739130434782609,Arabidopsis_thaliana,high_confidence_IR
AT5G10830,AT5G10830.intron1,AT5G10830|5:3423881-3424013:+,5,3423881,3424013,+,AT5G10830.1,1,no,3474,3108,3474,6582,0.527803099361896,1,Arabidopsis_thaliana,high_confidence_IR
AT5G10890,AT5G10890.intron1,AT5G10890|5:3434803-3434952:-,5,3434803,3434952,-,AT5G10890.1;AT5G10890.2,2,no,150,563,150,713,0.210378681626928,1,Arabidopsis_thaliana,high_confidence_IR
AT5G11150,AT5G11150.intron4,AT5G11150|5:3546500-3546628:-,5,3546500,3546628,-,AT5G11150.2,1,yes,7672,391,6728,8063,0.951506883294059,0.876955161626695,Arabidopsis_thaliana,high_confidence_IR
AT5G11530,AT5G11530.intron8,AT5G11530|5:3700965-3701199:+,5,3700965,3701199,+,AT5G11530.1;AT5G11530.2,2,yes,369,1440,332,1809,0.203980099502488,0.899728997289973,Arabidopsis_thaliana,high_confidence_IR
AT5G11620,AT5G11620.intron2,AT5G11620|5:3738900-3739009:-,5,3738900,3739009,-,AT5G11620.1,1,yes,34,42,28,76,0.447368421052632,0.823529411764706,Arabidopsis_thaliana,high_confidence_IR
AT5G11630,AT5G11630.intron2,AT5G11630|5:3740878-3741503:+,5,3740878,3741503,+,AT5G11630.2,1,yes,3266,2054,2940,5320,0.61390977443609,0.900183710961421,Arabidopsis_thaliana,high_confidence_IR
AT5G11690,AT5G11690.intron1,AT5G11690|5:3761492-3761738:+,5,3761492,3761738,+,AT5G11690.1,1,no,2273,5034,2273,7307,0.311071575201861,1,Arabidopsis_thaliana,high_confidence_IR
AT5G11720,AT5G11720.intron1,AT5G11720|5:3777073-3777201:+,5,3777073,3777201,+,AT5G11720.1,1,no,828,3275,633,4103,0.201803558371923,0.764492753623188,Arabidopsis_thaliana,high_confidence_IR
AT5G12240,AT5G12240.intron4,AT5G12240|5:3959324-3960210:-,5,3959324,3960210,-,AT5G12240.1,1,yes,12158,1284,10869,13442,0.904478500223181,0.893979272906728,Arabidopsis_thaliana,high_confidence_IR
AT5G13120,AT5G13120.intron2,AT5G13120|5:4164592-4164696:-,5,4164592,4164696,-,AT5G13120.2,1,yes,17343,36,13507,17379,0.997928534438115,0.778815660497031,Arabidopsis_thaliana,high_confidence_IR
AT5G13140,AT5G13140.intron1,AT5G13140|5:4171302-4171554:-,5,4171302,4171554,-,AT5G13140.1,1,no,4223,13700,4223,17923,0.235619036991575,1,Arabidopsis_thaliana,high_confidence_IR
AT5G13310,AT5G13310.intron2,AT5G13310|5:4265082-4265643:+,5,4265082,4265643,+,AT5G13310.2,1,yes,480,226,450,706,0.679886685552408,0.9375,Arabidopsis_thaliana,high_confidence_IR
AT5G13450,AT5G13450.intron3,AT5G13450|5:4311256-4311556:-,5,4311256,4311556,-,AT5G13450.2,1,yes,52453,6,46550,52459,0.999885624964258,0.887461155701294,Arabidopsis_thaliana,high_confidence_IR
AT5G13590,AT5G13590.intron9,AT5G13590|5:4373623-4373750:-,5,4373623,4373750,-,AT5G13590.1;AT5G13590.2;AT5G13590.4;AT5G13590.5;AT5G13590.6,5,yes,1307,3648,1209,4955,0.263773965691221,0.925019127773527,Arabidopsis_thaliana,high_confidence_IR
AT5G02125,AT5G02125.intron1,AT5G02125|5:4495699-4495797:+,5,4495699,4495797,+,AT5G02125.1,1,no,218,44,218,262,0.83206106870229,1,Arabidopsis_thaliana,high_confidence_IR
AT5G14270,AT5G14270.intron1,AT5G14270|5:4604897-4605111:+,5,4604897,4605111,+,AT5G14270.3,1,yes,9183,2981,6462,12164,0.754932587964485,0.703691604050964,Arabidopsis_thaliana,high_confidence_IR
AT5G14360,AT5G14360.intron1,AT5G14360|5:4631312-4631423:+,5,4631312,4631423,+,AT5G14360.1,1,no,504,1568,504,2072,0.243243243243243,1,Arabidopsis_thaliana,high_confidence_IR
AT5G14570,AT5G14570.intron1,AT5G14570|5:4695629-4695706:-,5,4695629,4695706,-,AT5G14570.1,1,no,4174,5537,4174,9711,0.429821851508598,1,Arabidopsis_thaliana,high_confidence_IR
AT5G15190,AT5G15190.intron1,AT5G15190|5:4933035-4933117:-,5,4933035,4933117,-,AT5G15190.2,1,yes,5003,2369,5003,7372,0.678648941942485,1,Arabidopsis_thaliana,high_confidence_IR
AT5G15260,AT5G15260.intron2,AT5G15260|5:4953228-4953620:-,5,4953228,4953620,-,AT5G15260.2,1,yes,625,28,525,653,0.957120980091884,0.84,Arabidopsis_thaliana,high_confidence_IR
AT5G15320,AT5G15320.intron2,AT5G15320|5:4977857-4978610:+,5,4977857,4978610,+,AT5G15320.2,1,yes,20299,455,16447,20754,0.978076515370531,0.81023695748559,Arabidopsis_thaliana,high_confidence_IR
AT5G15581,AT5G15581.intron1,AT5G15581|5:5071975-5072070:+,5,5071975,5072070,+,AT5G15581.1,1,no,8537,151,8537,8688,0.9826197053407,1,Arabidopsis_thaliana,high_confidence_IR
AT5G15620,AT5G15620.intron2,AT5G15620|5:5083603-5083694:+,5,5083603,5083694,+,AT5G15620.1,1,no,18,28,13,46,0.391304347826087,0.722222222222222,Arabidopsis_thaliana,high_confidence_IR
AT5G15690,AT5G15690.intron1,AT5G15690|5:5114168-5114237:-,5,5114168,5114237,-,AT5G15690.1,1,no,21,16,21,37,0.567567567567568,1,Arabidopsis_thaliana,high_confidence_IR
AT5G15710,AT5G15710.intron1,AT5G15710|5:5124310-5124772:+,5,5124310,5124772,+,AT5G15710.1,1,yes,230,80,230,310,0.741935483870968,1,Arabidopsis_thaliana,high_confidence_IR
AT5G15790,AT5G15790.intron1,AT5G15790|5:5148845-5148949:+,5,5148845,5148949,+,AT5G15790.1;AT5G15790.5,2,yes,1890,101,1329,1991,0.949271722752386,0.703174603174603,Arabidopsis_thaliana,high_confidence_IR
AT5G15840,AT5G15840.intron1,AT5G15840|5:5171703-5171935:-,5,5171703,5171935,-,AT5G15840.1,1,yes,358,305,358,663,0.539969834087481,1,Arabidopsis_thaliana,high_confidence_IR
AT5G15845,AT5G15845.intron11,AT5G15845|5:5178008-5178116:+,5,5178008,5178116,+,AT5G15845.1,1,no,137,57,132,194,0.706185567010309,0.963503649635037,Arabidopsis_thaliana,high_confidence_IR
AT5G15890,AT5G15890.intron1,AT5G15890|5:5188437-5188517:-,5,5188437,5188517,-,AT5G15890.1,1,no,438,428,438,866,0.505773672055427,1,Arabidopsis_thaliana,high_confidence_IR
AT5G16200,AT5G16200.intron1,AT5G16200|5:5290234-5290344:-,5,5290234,5290344,-,AT5G16200.2,1,yes,550,549,550,1099,0.500454959053685,1,Arabidopsis_thaliana,high_confidence_IR
AT5G16235,AT5G16235.intron1,AT5G16235|5:5304823-5304921:-,5,5304823,5304921,-,AT5G16235.1,1,yes,2423,5,2423,2428,0.997940691927512,1,Arabidopsis_thaliana,high_confidence_IR
AT5G16330,AT5G16330.intron1,AT5G16330|5:5346774-5346859:-,5,5346774,5346859,-,AT5G16330.1,1,no,91,68,91,159,0.572327044025157,1,Arabidopsis_thaliana,high_confidence_IR
AT5G16360,AT5G16360.intron1,AT5G16360|5:5355994-5356101:-,5,5355994,5356101,-,AT5G16360.1,1,no,4275,7074,4275,11349,0.376685170499603,1,Arabidopsis_thaliana,high_confidence_IR
AT5G16410,AT5G16410.intron1,AT5G16410|5:5366636-5366891:-,5,5366636,5366891,-,AT5G16410.1,1,no,131,340,131,471,0.278131634819533,1,Arabidopsis_thaliana,high_confidence_IR
AT5G16453,AT5G16453.intron1,AT5G16453|5:5375752-5375861:-,5,5375752,5375861,-,AT5G16453.1,1,no,77,35,77,112,0.6875,1,Arabidopsis_thaliana,high_confidence_IR
AT5G16470,AT5G16470.intron1,AT5G16470|5:5380130-5380234:+,5,5380130,5380234,+,AT5G16470.2,1,yes,2222,274,2222,2496,0.890224358974359,1,Arabidopsis_thaliana,high_confidence_IR
AT5G16740,AT5G16740.intron2,AT5G16740|5:5501584-5501746:-,5,5501584,5501746,-,AT5G16740.1,1,no,65,11,64,76,0.855263157894737,0.984615384615385,Arabidopsis_thaliana,high_confidence_IR
AT5G16780,AT5G16780.intron14,AT5G16780|5:5516727-5517399:-,5,5516727,5517399,-,AT5G16780.2,1,yes,203,593,144,796,0.255025125628141,0.70935960591133,Arabidopsis_thaliana,high_confidence_IR
AT5G16790,AT5G16790.intron1,AT5G16790|5:5523507-5523834:-,5,5523507,5523834,-,AT5G16790.1,1,yes,438,861,329,1299,0.337182448036952,0.751141552511416,Arabidopsis_thaliana,high_confidence_IR
AT5G16850,AT5G16850.intron12,AT5G16850|5:5538597-5538713:-,5,5538597,5538713,-,AT5G16850.1,1,no,53,88,43,141,0.375886524822695,0.811320754716981,Arabidopsis_thaliana,high_confidence_IR
AT5G16910,AT5G16910.intron1,AT5G16910|5:5561275-5561653:+,5,5561275,5561653,+,AT5G16910.1,1,no,875,2380,650,3255,0.268817204301075,0.742857142857143,Arabidopsis_thaliana,high_confidence_IR
AT5G16910,AT5G16910.intron3,AT5G16910|5:5563469-5563550:+,5,5563469,5563550,+,AT5G16910.1,1,no,980,2847,808,3827,0.256075254768748,0.824489795918367,Arabidopsis_thaliana,high_confidence_IR
AT5G17522,AT5G17522.intron1,AT5G17522|5:5775723-5776075:+,5,5775723,5776075,+,AT5G17522.1,1,no,8,6,8,14,0.571428571428571,1,Arabidopsis_thaliana,high_confidence_IR
AT5G17540,AT5G17540.intron1,AT5G17540|5:5783006-5783241:-,5,5783006,5783241,-,AT5G17540.1,1,no,527,346,527,873,0.603665521191294,1,Arabidopsis_thaliana,high_confidence_IR
AT5G17860,AT5G17860.intron1,AT5G17860|5:5903559-5903663:-,5,5903559,5903663,-,AT5G17860.2,1,yes,15818,568,15818,16386,0.965336262663249,1,Arabidopsis_thaliana,high_confidence_IR
AT5G17880,AT5G17880.intron1,AT5G17880|5:5912539-5912614:-,5,5912539,5912614,-,AT5G17880.1;AT5G17880.2,2,no,695,1893,521,2588,0.26854714064915,0.749640287769784,Arabidopsis_thaliana,high_confidence_IR
AT5G17890,AT5G17890.intron1,AT5G17890|5:5917431-5917776:+,5,5917431,5917776,+,AT5G17890.1,1,no,714,2629,600,3343,0.213580616212982,0.840336134453782,Arabidopsis_thaliana,high_confidence_IR
AT5G17970,AT5G17970.intron3,AT5G17970|5:5949440-5949529:-,5,5949440,5949529,-,AT5G17970.1,1,no,9,13,7,22,0.409090909090909,0.777777777777778,Arabidopsis_thaliana,high_confidence_IR
AT5G17970,AT5G17970.intron1,AT5G17970|5:5951054-5951140:-,5,5951054,5951140,-,AT5G17970.1,1,no,29,6,27,35,0.828571428571429,0.931034482758621,Arabidopsis_thaliana,high_confidence_IR
AT5G18065,AT5G18065.intron1,AT5G18065|5:5978753-5979251:+,5,5978753,5979251,+,AT5G18065.3,1,yes,2507,955,1864,3462,0.724147891392259,0.74351814918229,Arabidopsis_thaliana,high_confidence_IR
AT5G18220,AT5G18220.intron1,AT5G18220|5:6020037-6020109:-,5,6020037,6020109,-,AT5G18220.1,1,no,429,13,429,442,0.970588235294118,1,Arabidopsis_thaliana,high_confidence_IR
AT5G18350,AT5G18350.intron1,AT5G18350|5:6077986-6078078:-,5,6077986,6078078,-,AT5G18350.1,1,no,42,90,36,132,0.318181818181818,0.857142857142857,Arabidopsis_thaliana,high_confidence_IR
AT5G18360,AT5G18360.intron1,AT5G18360|5:6082465-6082557:-,5,6082465,6082557,-,AT5G18360.1,1,no,328,565,292,893,0.367301231802912,0.890243902439024,Arabidopsis_thaliana,high_confidence_IR
AT5G18370,AT5G18370.intron1,AT5G18370|5:6088248-6088312:-,5,6088248,6088312,-,AT5G18370.1,1,no,496,689,417,1185,0.418565400843882,0.840725806451613,Arabidopsis_thaliana,high_confidence_IR
AT5G18403,AT5G18403.intron1,AT5G18403|5:6095392-6095500:+,5,6095392,6095500,+,AT5G18403.1,1,no,738,22,738,760,0.971052631578947,1,Arabidopsis_thaliana,high_confidence_IR
AT5G18407,AT5G18407.intron1,AT5G18407|5:6096830-6096948:+,5,6096830,6096948,+,AT5G18407.1,1,no,66,17,66,83,0.795180722891566,1,Arabidopsis_thaliana,high_confidence_IR
AT5G18430,AT5G18430.intron1,AT5G18430|5:6111564-6111696:-,5,6111564,6111696,-,AT5G18430.1,1,no,320,643,232,963,0.332294911734164,0.725,Arabidopsis_thaliana,high_confidence_IR
AT5G02895,AT5G02895.intron1,AT5G02895|5:6128875-6128991:-,5,6128875,6128991,-,AT5G02895.1,1,no,8888,359,8888,9247,0.961176597815508,1,Arabidopsis_thaliana,high_confidence_IR
AT5G18710,AT5G18710.intron1,AT5G18710|5:6241211-6241637:+,5,6241211,6241637,+,AT5G18710.1,1,no,24,67,24,91,0.263736263736264,1,Arabidopsis_thaliana,high_confidence_IR
AT5G18730,AT5G18730.intron1,AT5G18730|5:6246933-6247170:+,5,6246933,6247170,+,AT5G18730.1,1,no,53,111,53,164,0.323170731707317,1,Arabidopsis_thaliana,high_confidence_IR
AT5G18740,AT5G18740.intron1,AT5G18740|5:6249799-6250015:+,5,6249799,6250015,+,AT5G18740.1,1,no,36,64,36,100,0.36,1,Arabidopsis_thaliana,high_confidence_IR
AT5G18850,AT5G18850.intron1,AT5G18850|5:6287056-6287132:+,5,6287056,6287132,+,AT5G18850.1,1,no,4984,13771,4984,18755,0.26574246867502,1,Arabidopsis_thaliana,high_confidence_IR
AT5G19190,AT5G19190.intron1,AT5G19190|5:6457487-6457591:+,5,6457487,6457591,+,AT5G19190.1,1,no,9800,38837,9800,48637,0.201492690749841,1,Arabidopsis_thaliana,high_confidence_IR
AT5G19230,AT5G19230.intron2,AT5G19230|5:6467715-6467846:+,5,6467715,6467846,+,AT5G19230.1;AT5G19230.2,2,no,6897,24847,6878,31744,0.217269405241935,0.997245179063361,Arabidopsis_thaliana,high_confidence_IR
AT5G19240,AT5G19240.intron1,AT5G19240|5:6470291-6470463:+,5,6470291,6470463,+,AT5G19240.1,1,no,16488,15000,16488,31488,0.523628048780488,1,Arabidopsis_thaliana,high_confidence_IR
AT5G19350,AT5G19350.intron3,AT5G19350|5:6520086-6520201:+,5,6520086,6520201,+,AT5G19350.2,1,yes,9923,1557,7273,11480,0.864372822299652,0.732943666229971,Arabidopsis_thaliana,high_confidence_IR
AT5G19640,AT5G19640.intron5,AT5G19640|5:6637652-6637779:+,5,6637652,6637779,+,AT5G19640.1,1,no,52,56,52,108,0.481481481481481,1,Arabidopsis_thaliana,high_confidence_IR
AT5G19970,AT5G19970.intron1,AT5G19970|5:6747791-6747886:+,5,6747791,6747886,+,AT5G19970.2,1,yes,2588,86,2588,2674,0.967838444278235,1,Arabidopsis_thaliana,high_confidence_IR
AT5G20225,AT5G20225.intron1,AT5G20225|5:6825684-6825773:-,5,6825684,6825773,-,AT5G20225.1,1,yes,6014,54,6014,6068,0.991100856954515,1,Arabidopsis_thaliana,high_confidence_IR
AT5G20460,AT5G20460.intron1,AT5G20460|5:6914360-6914759:+,5,6914360,6914759,+,AT5G20460.1,1,no,31,10,31,41,0.75609756097561,1,Arabidopsis_thaliana,high_confidence_IR
AT5G20480,AT5G20480.intron1,AT5G20480|5:6921984-6922167:+,5,6921984,6922167,+,AT5G20480.1,1,yes,364,276,354,640,0.56875,0.972527472527473,Arabidopsis_thaliana,high_confidence_IR
AT5G20480,AT5G20480.intron2,AT5G20480|5:6925198-6925284:+,5,6925198,6925284,+,AT5G20480.1;AT5G20480.2,2,no,443,1443,433,1886,0.234888653234358,0.977426636568849,Arabidopsis_thaliana,high_confidence_IR
AT5G03255,AT5G03255.intron1,AT5G03255|5:7104572-7104709:+,5,7104572,7104709,+,AT5G03255.1,1,no,177,49,158,226,0.783185840707965,0.892655367231638,Arabidopsis_thaliana,high_confidence_IR
AT5G03255,AT5G03255.intron2,AT5G03255|5:7105821-7105954:+,5,7105821,7105954,+,AT5G03255.1,1,no,52,43,37,95,0.547368421052632,0.711538461538462,Arabidopsis_thaliana,high_confidence_IR
AT5G20960,AT5G20960.intron10,AT5G20960|5:7122512-7122673:+,5,7122512,7122673,+,AT5G20960.2,1,yes,797,66,620,863,0.923522595596756,0.777917189460477,Arabidopsis_thaliana,high_confidence_IR
AT5G21100,AT5G21100.intron3,AT5G21100|5:7169677-7169750:+,5,7169677,7169750,+,AT5G21100.1,1,no,2336,3732,1656,6068,0.384970336189848,0.708904109589041,Arabidopsis_thaliana,high_confidence_IR
AT5G21120,AT5G21120.intron1,AT5G21120|5:7182012-7182623:+,5,7182012,7182623,+,AT5G21120.1,1,yes,18,65,18,83,0.216867469879518,1,Arabidopsis_thaliana,high_confidence_IR
AT5G21940,AT5G21940.intron1,AT5G21940|5:7249978-7250090:-,5,7249978,7250090,-,AT5G21940.1,1,no,23965,68699,23965,92664,0.258622550289217,1,Arabidopsis_thaliana,high_confidence_IR
AT5G22210,AT5G22210.intron1,AT5G22210|5:7358884-7359548:+,5,7358884,7359548,+,AT5G22210.1,1,yes,6148,1913,5219,8061,0.762684530455279,0.848893949251789,Arabidopsis_thaliana,high_confidence_IR
AT5G22270,AT5G22270.intron1,AT5G22270|5:7372817-7373040:-,5,7372817,7373040,-,AT5G22270.1,1,no,5580,13479,5580,19059,0.292775066897529,1,Arabidopsis_thaliana,high_confidence_IR
AT5G22420,AT5G22420.intron9,AT5G22420|5:7431709-7431807:+,5,7431709,7431807,+,AT5G22420.1;AT5G22420.2;AT5G22420.3;AT5G22420.4;AT5G22420.5;AT5G22420.6;AT5G22420.7,7,no,67,18,59,85,0.788235294117647,0.880597014925373,Arabidopsis_thaliana,high_confidence_IR
AT5G22690,AT5G22690.intron1,AT5G22690|5:7541830-7541903:+,5,7541830,7541903,+,AT5G22690.1;AT5G22690.2;AT5G22690.3;AT5G22690.4,4,no,2826,1405,2427,4231,0.667927203970692,0.858811040339703,Arabidopsis_thaliana,high_confidence_IR
AT5G22730,AT5G22730.intron1,AT5G22730|5:7553269-7553373:-,5,7553269,7553373,-,AT5G22730.3,1,yes,2232,38,1753,2270,0.983259911894273,0.785394265232975,Arabidopsis_thaliana,high_confidence_IR
AT5G23030,AT5G23030.intron1,AT5G23030|5:7727311-7727406:+,5,7727311,7727406,+,AT5G23030.1,1,no,147,311,147,458,0.320960698689956,1,Arabidopsis_thaliana,high_confidence_IR
AT5G23035,AT5G23035.intron1,AT5G23035|5:7728238-7728406:-,5,7728238,7728406,-,AT5G23035.1,1,no,46,41,46,87,0.528735632183908,1,Arabidopsis_thaliana,high_confidence_IR
AT5G23110,AT5G23110.intron3,AT5G23110|5:7765833-7766047:+,5,7765833,7766047,+,AT5G23110.1,1,no,312,630,273,942,0.331210191082803,0.875,Arabidopsis_thaliana,high_confidence_IR
AT5G03585,AT5G03585.intron1,AT5G03585|5:7826740-7826877:+,5,7826740,7826877,+,AT5G03585.1,1,no,2217,151,2217,2368,0.936233108108108,1,Arabidopsis_thaliana,high_confidence_IR
AT5G23410,AT5G23410.intron2,AT5G23410|5:7886094-7886177:-,5,7886094,7886177,-,AT5G23410.1,1,no,3315,2499,2569,5814,0.570175438596491,0.774962292609351,Arabidopsis_thaliana,high_confidence_IR
AT5G23540,AT5G23540.intron1,AT5G23540|5:7937859-7938091:+,5,7937859,7938091,+,AT5G23540.2,1,yes,25177,113,19438,25290,0.995531830763147,0.772053858680542,Arabidopsis_thaliana,high_confidence_IR
AT5G23710,AT5G23710.intron1,AT5G23710|5:7997239-7997384:-,5,7997239,7997384,-,AT5G23710.1,1,no,1505,3688,1505,5193,0.289813210090506,1,Arabidopsis_thaliana,high_confidence_IR
AT5G23750,AT5G23750.intron1,AT5G23750|5:8011471-8011560:-,5,8011471,8011560,-,AT5G23750.3,1,yes,2878,74,2083,2952,0.974932249322493,0.723766504517026,Arabidopsis_thaliana,high_confidence_IR
AT5G23830,AT5G23830.intron2,AT5G23830|5:8034155-8034277:+,5,8034155,8034277,+,AT5G23830.2,1,yes,7138,347,6125,7485,0.953640614562458,0.858083496777809,Arabidopsis_thaliana,high_confidence_IR
AT5G23920,AT5G23920.intron1,AT5G23920|5:8073749-8073814:-,5,8073749,8073814,-,AT5G23920.1,1,no,2380,8676,2380,11056,0.215267727930535,1,Arabidopsis_thaliana,high_confidence_IR
AT5G24180,AT5G24180.intron2,AT5G24180|5:8196529-8196720:+,5,8196529,8196720,+,AT5G24180.1,1,no,38,32,30,70,0.542857142857143,0.789473684210526,Arabidopsis_thaliana,high_confidence_IR
AT5G24206,AT5G24206.intron2,AT5G24206|5:8213833-8213968:-,5,8213833,8213968,-,AT5G24206.1,1,no,555,564,449,1119,0.49597855227882,0.809009009009009,Arabidopsis_thaliana,high_confidence_IR
AT5G24735,AT5G24735.intron1,AT5G24735|5:8468673-8469019:-,5,8468673,8469019,-,AT5G24735.1,1,no,10149,27899,10149,38048,0.266742010092515,1,Arabidopsis_thaliana,high_confidence_IR
AT5G24740,AT5G24740.intron25,AT5G24740|5:8480708-8480824:-,5,8480708,8480824,-,AT5G24740.1;AT5G24740.2;AT5G24740.3;AT5G24740.4;AT5G24740.5;AT5G24740.6,6,no,227,732,170,959,0.236704900938478,0.748898678414097,Arabidopsis_thaliana,high_confidence_IR
AT5G24830,AT5G24830.intron4,AT5G24830|5:8533468-8533544:+,5,8533468,8533544,+,AT5G24830.1,1,no,599,2102,536,2701,0.2217697149204,0.894824707846411,Arabidopsis_thaliana,high_confidence_IR
AT5G24890,AT5G24890.intron1,AT5G24890|5:8558757-8558849:-,5,8558757,8558849,-,AT5G24890.1,1,no,7060,21173,7060,28233,0.250061984202883,1,Arabidopsis_thaliana,high_confidence_IR
AT5G24960,AT5G24960.intron3,AT5G24960|5:8600315-8600412:-,5,8600315,8600412,-,AT5G24960.1,1,yes,179,206,135,385,0.464935064935065,0.754189944134078,Arabidopsis_thaliana,high_confidence_IR
AT5G25130,AT5G25130.intron1,AT5G25130|5:8668359-8668512:+,5,8668359,8668512,+,AT5G25130.1,1,no,735,2011,621,2746,0.267662053896577,0.844897959183673,Arabidopsis_thaliana,high_confidence_IR
AT5G25140,AT5G25140.intron2,AT5G25140|5:8673865-8673942:+,5,8673865,8673942,+,AT5G25140.1,1,no,704,2288,581,2992,0.235294117647059,0.825284090909091,Arabidopsis_thaliana,high_confidence_IR
AT5G25190,AT5G25190.intron1,AT5G25190|5:8707470-8707572:-,5,8707470,8707572,-,AT5G25190.1,1,no,1930,3502,1930,5432,0.355301914580265,1,Arabidopsis_thaliana,high_confidence_IR
AT5G25220,AT5G25220.intron5,AT5G25220|5:8737982-8738083:+,5,8737982,8738083,+,AT5G25220.2,1,yes,9955,2028,7043,11983,0.830760243678545,0.70748367654445,Arabidopsis_thaliana,high_confidence_IR
AT5G25230,AT5G25230.intron1,AT5G25230|5:8739620-8739697:+,5,8739620,8739697,+,AT5G25230.1,1,no,138,75,113,213,0.647887323943662,0.818840579710145,Arabidopsis_thaliana,high_confidence_IR
AT5G25310,AT5G25310.intron3,AT5G25310|5:8786472-8786566:+,5,8786472,8786566,+,AT5G25310.1,1,no,88,43,64,131,0.67175572519084,0.727272727272727,Arabidopsis_thaliana,high_confidence_IR
AT5G25340,AT5G25340.intron5,AT5G25340|5:8794403-8794496:+,5,8794403,8794496,+,AT5G25340.1,1,no,39215,279,38843,39494,0.992935635792779,0.990513833992095,Arabidopsis_thaliana,high_confidence_IR
AT5G25350,AT5G25350.intron1,AT5G25350|5:8796689-8796857:-,5,8796689,8796857,-,AT5G25350.1,1,no,8364,32122,8364,40486,0.206589932322284,1,Arabidopsis_thaliana,high_confidence_IR
AT5G25390,AT5G25390.intron2,AT5G25390|5:8820717-8821260:+,5,8820717,8821260,+,AT5G25390.1,1,yes,484,22,424,506,0.956521739130435,0.87603305785124,Arabidopsis_thaliana,high_confidence_IR
AT5G25450,AT5G25450.intron3,AT5G25450|5:8857369-8857780:+,5,8857369,8857780,+,AT5G25450.2,1,yes,2974,62,2355,3036,0.979578392621871,0.791862811028917,Arabidopsis_thaliana,high_confidence_IR
AT5G25490,AT5G25490.intron3,AT5G25490|5:8877375-8877559:+,5,8877375,8877559,+,AT5G25490.1,1,yes,287,1095,201,1382,0.20767004341534,0.700348432055749,Arabidopsis_thaliana,high_confidence_IR
AT5G25520,AT5G25520.intron1,AT5G25520|5:8885246-8885503:+,5,8885246,8885503,+,AT5G25520.1;AT5G25520.2;AT5G25520.3;AT5G25520.4;AT5G25520.5;AT5G25520.6;AT5G25520.7,7,no,1626,6146,1573,7772,0.209212557900154,0.96740467404674,Arabidopsis_thaliana,high_confidence_IR
AT5G25540,AT5G25540.intron2,AT5G25540|5:8891923-8891987:-,5,8891923,8891987,-,AT5G25540.1;AT5G25540.3,2,yes,8681,17983,7092,26664,0.325570057005701,0.816956571823523,Arabidopsis_thaliana,high_confidence_IR
AT5G25630,AT5G25630.intron1,AT5G25630|5:8947498-8947696:+,5,8947498,8947696,+,AT5G25630.1;AT5G25630.2,2,yes,8622,10167,7169,18789,0.458885518122306,0.831477615402459,Arabidopsis_thaliana,high_confidence_IR
AT5G25830,AT5G25830.intron1,AT5G25830|5:9005172-9005280:-,5,9005172,9005280,-,AT5G25830.1,1,no,733,1847,733,2580,0.284108527131783,1,Arabidopsis_thaliana,high_confidence_IR
AT5G25930,AT5G25930.intron1,AT5G25930|5:9053479-9053559:+,5,9053479,9053559,+,AT5G25930.1,1,no,911,3329,911,4240,0.214858490566038,1,Arabidopsis_thaliana,high_confidence_IR
AT5G26110,AT5G26110.intron3,AT5G26110|5:9119219-9119596:-,5,9119219,9119596,-,AT5G26110.2,1,yes,3228,843,2337,4071,0.792925571112749,0.723977695167286,Arabidopsis_thaliana,high_confidence_IR
AT5G26150,AT5G26150.intron7,AT5G26150|5:9138178-9138252:-,5,9138178,9138252,-,AT5G26150.1;AT5G26150.2,2,no,856,328,744,1184,0.722972972972973,0.869158878504673,Arabidopsis_thaliana,high_confidence_IR
AT5G26160,AT5G26160.intron1,AT5G26160|5:9143050-9143233:+,5,9143050,9143233,+,AT5G26160.1;AT5G26160.3,2,yes,382,1294,335,1676,0.227923627684964,0.87696335078534,Arabidopsis_thaliana,high_confidence_IR
AT5G26160,AT5G26160.intron3,AT5G26160|5:9146227-9146625:+,5,9146227,9146625,+,AT5G26160.3,1,yes,1028,77,945,1105,0.930316742081448,0.919260700389105,Arabidopsis_thaliana,high_confidence_IR
AT5G26622,AT5G26622.intron1,AT5G26622|5:9356429-9356568:-,5,9356429,9356568,-,AT5G26622.2,1,yes,2986,212,2986,3198,0.933708567854909,1,Arabidopsis_thaliana,high_confidence_IR
AT5G26920,AT5G26920.intron4,AT5G26920|5:9477382-9477501:+,5,9477382,9477501,+,AT5G26920.2,1,yes,17578,57,12479,17635,0.996767791324071,0.70992149277506,Arabidopsis_thaliana,high_confidence_IR
AT5G26930,AT5G26930.intron1,AT5G26930|5:9479733-9479839:+,5,9479733,9479839,+,AT5G26930.1,1,no,57,52,57,109,0.522935779816514,1,Arabidopsis_thaliana,high_confidence_IR
AT5G27220,AT5G27220.intron1,AT5G27220|5:9578566-9578720:+,5,9578566,9578720,+,AT5G27220.1;AT5G27220.2,2,no,101,377,99,478,0.211297071129707,0.98019801980198,Arabidopsis_thaliana,high_confidence_IR
AT5G27220,AT5G27220.intron3,AT5G27220|5:9581612-9581776:+,5,9581612,9581776,+,AT5G27220.2;AT5G27220.4,2,yes,173,16,125,189,0.915343915343915,0.722543352601156,Arabidopsis_thaliana,high_confidence_IR
AT5G27460,AT5G27460.intron1,AT5G27460|5:9694465-9694542:-,5,9694465,9694542,-,AT5G27460.1,1,no,1229,1222,1229,2451,0.501427988576091,1,Arabidopsis_thaliana,high_confidence_IR
AT5G28010,AT5G28010.intron2,AT5G28010|5:10025396-10025787:+,5,10025396,10025787,+,AT5G28010.2,1,yes,49,14,37,63,0.777777777777778,0.755102040816326,Arabidopsis_thaliana,high_confidence_IR
AT5G28040,AT5G28040.intron1,AT5G28040|5:10036117-10037583:-,5,10036117,10037583,-,AT5G28040.1,1,yes,9,25,9,34,0.264705882352941,1,Arabidopsis_thaliana,high_confidence_IR
AT5G28262,AT5G28262.intron1,AT5G28262|5:10239352-10239569:+,5,10239352,10239569,+,AT5G28262.1,1,no,1315,485,1315,1800,0.730555555555556,1,Arabidopsis_thaliana,high_confidence_IR
AT5G28300,AT5G28300.intron1,AT5G28300|5:10294254-10294706:-,5,10294254,10294706,-,AT5G28300.1,1,no,1799,5624,1799,7423,0.242354843055368,1,Arabidopsis_thaliana,high_confidence_IR
AT5G28442,AT5G28442.intron1,AT5G28442|5:10368784-10368873:-,5,10368784,10368873,-,AT5G28442.1,1,no,361,1284,361,1645,0.219452887537994,1,Arabidopsis_thaliana,high_confidence_IR
AT5G28910,AT5G28910.intron1,AT5G28910|5:10932871-10932957:-,5,10932871,10932957,-,AT5G28910.1;AT5G28910.2,2,no,79,109,61,188,0.420212765957447,0.772151898734177,Arabidopsis_thaliana,high_confidence_IR
AT5G30500,AT5G30500.intron1,AT5G30500|5:11615678-11616047:+,5,11615678,11616047,+,AT5G30500.1;AT5G30500.2,2,no,18,60,17,78,0.230769230769231,0.944444444444444,Arabidopsis_thaliana,high_confidence_IR
AT5G32440,AT5G32440.intron5,AT5G32440|5:12077934-12078061:+,5,12077934,12078061,+,AT5G32440.2,1,yes,21084,91,17203,21175,0.995702479338843,0.81592676911402,Arabidopsis_thaliana,high_confidence_IR
AT5G33370,AT5G33370.intron5,AT5G33370|5:12602989-12603409:-,5,12602989,12603409,-,AT5G33370.2,1,yes,15492,18,12558,15510,0.998839458413927,0.810611928737413,Arabidopsis_thaliana,high_confidence_IR
AT5G35210,AT5G35210.intron1,AT5G35210|5:13482355-13482444:-,5,13482355,13482444,-,AT5G35210.1;AT5G35210.2,2,no,3636,2180,2699,5816,0.625171939477304,0.742299229922992,Arabidopsis_thaliana,high_confidence_IR
AT5G35375,AT5G35375.intron1,AT5G35375|5:13592443-13592858:+,5,13592443,13592858,+,AT5G35375.1,1,no,330,94,330,424,0.778301886792453,1,Arabidopsis_thaliana,high_confidence_IR
AT5G35380,AT5G35380.intron8,AT5G35380|5:13593501-13593577:-,5,13593501,13593577,-,AT5G35380.1,1,no,73,49,70,122,0.598360655737705,0.958904109589041,Arabidopsis_thaliana,high_confidence_IR
AT5G35450,AT5G35450.intron1,AT5G35450|5:13667265-13667788:+,5,13667265,13667788,+,AT5G35450.2,1,yes,97,137,78,234,0.414529914529915,0.804123711340206,Arabidopsis_thaliana,high_confidence_IR
AT5G35480,AT5G35480.intron1,AT5G35480|5:13688171-13689408:-,5,13688171,13689408,-,AT5G35480.2,1,yes,74,26,74,100,0.74,1,Arabidopsis_thaliana,high_confidence_IR
AT5G35490,AT5G35490.intron1,AT5G35490|5:13690129-13690339:+,5,13690129,13690339,+,AT5G35490.1,1,no,3775,1487,3775,5262,0.717407829722539,1,Arabidopsis_thaliana,high_confidence_IR
AT5G35732,AT5G35732.intron1,AT5G35732|5:13898228-13898888:+,5,13898228,13898888,+,AT5G35732.2,1,yes,159,57,159,216,0.736111111111111,1,Arabidopsis_thaliana,high_confidence_IR
AT5G35740,AT5G35740.intron1,AT5G35740|5:13910947-13911025:-,5,13910947,13911025,-,AT5G35740.1,1,no,2081,3062,1488,5143,0.404627649231966,0.715040845747237,Arabidopsis_thaliana,high_confidence_IR
AT5G35840,AT5G35840.intron1,AT5G35840|5:14010066-14010202:+,5,14010066,14010202,+,AT5G35840.1,1,no,1522,1090,1260,2612,0.582695252679939,0.827858081471748,Arabidopsis_thaliana,high_confidence_IR
AT5G35995,AT5G35995.intron1,AT5G35995|5:14138246-14138478:-,5,14138246,14138478,-,AT5G35995.1,1,yes,1227,1449,939,2676,0.458520179372197,0.765281173594132,Arabidopsis_thaliana,high_confidence_IR
AT5G36130,AT5G36130.intron1,AT5G36130|5:14209593-14209688:-,5,14209593,14209688,-,AT5G36130.1,1,no,235,516,235,751,0.312916111850865,1,Arabidopsis_thaliana,high_confidence_IR
AT5G36870,AT5G36870.intron44,AT5G36870|5:14533522-14533681:+,5,14533522,14533681,+,AT5G36870.1;AT5G36870.2;AT5G36870.3;AT5G36870.4;AT5G36870.5,5,no,63,172,45,235,0.268085106382979,0.714285714285714,Arabidopsis_thaliana,high_confidence_IR
AT5G36920,AT5G36920.intron1,AT5G36920|5:14564550-14564880:-,5,14564550,14564880,-,AT5G36920.1,1,no,1004,950,1004,1954,0.51381780962129,1,Arabidopsis_thaliana,high_confidence_IR
AT5G36925,AT5G36925.intron1,AT5G36925|5:14566118-14566202:-,5,14566118,14566202,-,AT5G36925.1,1,no,3915,5537,3915,9452,0.414198053322048,1,Arabidopsis_thaliana,high_confidence_IR
AT5G37060,AT5G37060.intron1,AT5G37060|5:14645024-14645117:-,5,14645024,14645117,-,AT5G37060.1,1,no,52,60,52,112,0.464285714285714,1,Arabidopsis_thaliana,high_confidence_IR
AT5G37260,AT5G37260.intron1,AT5G37260|5:14752501-14752960:-,5,14752501,14752960,-,AT5G37260.1,1,no,13328,1368,9370,14696,0.906913445835602,0.703031212484994,Arabidopsis_thaliana,high_confidence_IR
AT5G37485,AT5G37485.intron1,AT5G37485|5:14886515-14886685:-,5,14886515,14886685,-,AT5G37485.1,1,no,198,756,198,954,0.207547169811321,1,Arabidopsis_thaliana,high_confidence_IR
AT5G37510,AT5G37510.intron5,AT5G37510|5:14900349-14900434:+,5,14900349,14900434,+,AT5G37510.2,1,yes,34791,59,26558,34850,0.998307030129125,0.763358339800523,Arabidopsis_thaliana,high_confidence_IR
AT5G37560,AT5G37560.intron2,AT5G37560|5:14923463-14923540:+,5,14923463,14923540,+,AT5G37560.1,1,no,35,8,32,43,0.813953488372093,0.914285714285714,Arabidopsis_thaliana,high_confidence_IR
AT5G37570,AT5G37570.intron1,AT5G37570|5:14924148-14924241:-,5,14924148,14924241,-,AT5G37570.2,1,yes,509,137,509,646,0.787925696594427,1,Arabidopsis_thaliana,high_confidence_IR
AT5G37770,AT5G37770.intron1,AT5G37770|5:14998612-14998980:-,5,14998612,14998980,-,AT5G37770.1,1,yes,2342,227,2342,2569,0.911638769949397,1,Arabidopsis_thaliana,high_confidence_IR
AT5G37930,AT5G37930.intron1,AT5G37930|5:15102911-15103273:-,5,15102911,15103273,-,AT5G37930.1,1,no,1586,4070,1586,5656,0.28041018387553,1,Arabidopsis_thaliana,high_confidence_IR
AT5G37950,AT5G37950.intron1,AT5G37950|5:15116485-15116970:+,5,15116485,15116970,+,AT5G37950.2,1,yes,337,19,303,356,0.946629213483146,0.899109792284866,Arabidopsis_thaliana,high_confidence_IR
AT5G37970,AT5G37970.intron2,AT5G37970|5:15123422-15123568:-,5,15123422,15123568,-,AT5G37970.1,1,no,20,26,20,46,0.434782608695652,1,Arabidopsis_thaliana,high_confidence_IR
AT5G37980,AT5G37980.intron1,AT5G37980|5:15131657-15131733:+,5,15131657,15131733,+,AT5G37980.1,1,no,82,274,59,356,0.230337078651685,0.719512195121951,Arabidopsis_thaliana,high_confidence_IR
AT5G38040,AT5G38040.intron1,AT5G38040|5:15185558-15185639:+,5,15185558,15185639,+,AT5G38040.1,1,no,237,903,237,1140,0.207894736842105,1,Arabidopsis_thaliana,high_confidence_IR
AT5G38060,AT5G38060.intron1,AT5G38060|5:15189740-15189845:+,5,15189740,15189845,+,AT5G38060.2,1,yes,3105,25,2432,3130,0.992012779552716,0.783252818035427,Arabidopsis_thaliana,high_confidence_IR
AT5G38190,AT5G38190.intron6,AT5G38190|5:15237614-15237693:+,5,15237614,15237693,+,AT5G38190.1,1,no,71,158,56,229,0.310043668122271,0.788732394366197,Arabidopsis_thaliana,high_confidence_IR
AT5G38212,AT5G38212.intron1,AT5G38212|5:15264677-15264797:-,5,15264677,15264797,-,AT5G38212.1;AT5G38212.2;AT5G38212.3,3,no,876,572,743,1448,0.604972375690608,0.848173515981735,Arabidopsis_thaliana,high_confidence_IR
AT5G38280,AT5G38280.intron6,AT5G38280|5:15293196-15293377:-,5,15293196,15293377,-,AT5G38280.2,1,yes,765,54,587,819,0.934065934065934,0.767320261437909,Arabidopsis_thaliana,high_confidence_IR
AT5G38330,AT5G38330.intron1,AT5G38330|5:15317825-15318134:+,5,15317825,15318134,+,AT5G38330.1,1,no,29,25,29,54,0.537037037037037,1,Arabidopsis_thaliana,high_confidence_IR
AT5G38340,AT5G38340.intron1,AT5G38340|5:15321109-15321278:+,5,15321109,15321278,+,AT5G38340.1;AT5G38340.3,2,yes,530,394,472,924,0.573593073593074,0.890566037735849,Arabidopsis_thaliana,high_confidence_IR
AT5G38350,AT5G38350.intron2,AT5G38350|5:15330187-15330451:+,5,15330187,15330451,+,AT5G38350.1,1,no,199,73,158,272,0.731617647058823,0.793969849246231,Arabidopsis_thaliana,high_confidence_IR
AT5G38396,AT5G38396.intron1,AT5G38396|5:15374027-15374179:+,5,15374027,15374179,+,AT5G38396.1,1,no,16,28,14,44,0.363636363636364,0.875,Arabidopsis_thaliana,high_confidence_IR
AT5G38780,AT5G38780.intron1,AT5G38780|5:15530163-15530310:+,5,15530163,15530310,+,AT5G38780.1,1,yes,612,1318,464,1930,0.317098445595855,0.758169934640523,Arabidopsis_thaliana,high_confidence_IR
AT5G38850,AT5G38850.intron1,AT5G38850|5:15555633-15555728:+,5,15555633,15555728,+,AT5G38850.1,1,no,1262,2915,1125,4177,0.302130715824755,0.891442155309033,Arabidopsis_thaliana,high_confidence_IR
AT5G38865,AT5G38865.intron1,AT5G38865|5:15562515-15562606:-,5,15562515,15562606,-,AT5G38865.1;AT5G38865.2;AT5G38865.3;AT5G38865.4;AT5G38865.5,5,no,675,1613,675,2288,0.295017482517482,1,Arabidopsis_thaliana,high_confidence_IR
AT5G39190,AT5G39190.intron2,AT5G39190|5:15693253-15693425:-,5,15693253,15693425,-,AT5G39190.2,1,yes,4389,47,4213,4436,0.989404869251578,0.959899749373434,Arabidopsis_thaliana,high_confidence_IR
AT5G39260,AT5G39260.intron1,AT5G39260|5:15727081-15727229:-,5,15727081,15727229,-,AT5G39260.1,1,no,84,177,84,261,0.32183908045977,1,Arabidopsis_thaliana,high_confidence_IR
AT5G39270,AT5G39270.intron1,AT5G39270|5:15729732-15729972:-,5,15729732,15729972,-,AT5G39270.1,1,no,23,16,23,39,0.58974358974359,1,Arabidopsis_thaliana,high_confidence_IR
AT5G39450,AT5G39450.intron1,AT5G39450|5:15786054-15786146:+,5,15786054,15786146,+,AT5G39450.1,1,no,757,2332,757,3089,0.245063127225639,1,Arabidopsis_thaliana,high_confidence_IR
AT5G39570,AT5G39570.intron1,AT5G39570|5:15844634-15844771:+,5,15844634,15844771,+,AT5G39570.1,1,yes,49563,48,44375,49611,0.999032472637117,0.895325141738797,Arabidopsis_thaliana,high_confidence_IR
AT5G40030,AT5G40030.intron1,AT5G40030|5:16026877-16027433:+,5,16026877,16027433,+,AT5G40030.1,1,no,60,197,60,257,0.233463035019455,1,Arabidopsis_thaliana,high_confidence_IR
AT5G40060,AT5G40060.intron1,AT5G40060|5:16035055-16035131:+,5,16035055,16035131,+,AT5G40060.1;AT5G40060.2,2,no,1097,1647,925,2744,0.399781341107872,0.843208751139471,Arabidopsis_thaliana,high_confidence_IR
AT5G40180,AT5G40180.intron1,AT5G40180|5:16067989-16068077:+,5,16067989,16068077,+,AT5G40180.1,1,no,1656,1052,1656,2708,0.611521418020679,1,Arabidopsis_thaliana,high_confidence_IR
AT5G40340,AT5G40340.intron2,AT5G40340|5:16131066-16131703:-,5,16131066,16131703,-,AT5G40340.2,1,yes,15,32,15,47,0.319148936170213,1,Arabidopsis_thaliana,high_confidence_IR
AT5G40340,AT5G40340.intron1,AT5G40340|5:16134693-16134859:-,5,16134693,16134859,-,AT5G40340.1;AT5G40340.2,2,no,1611,4562,1610,6173,0.260975214644419,0.999379267535692,Arabidopsis_thaliana,high_confidence_IR
AT5G40405,AT5G40405.intron1,AT5G40405|5:16169051-16169288:+,5,16169051,16169288,+,AT5G40405.1,1,no,252,219,252,471,0.535031847133758,1,Arabidopsis_thaliana,high_confidence_IR
AT5G40440,AT5G40440.intron10,AT5G40440|5:16184648-16184806:+,5,16184648,16184806,+,AT5G40440.1;AT5G40440.2,2,no,2239,390,2096,2629,0.851654621529099,0.936132201875837,Arabidopsis_thaliana,high_confidence_IR
AT5G40450,AT5G40450.intron1,AT5G40450|5:16195569-16195626:-,5,16195569,16195626,-,AT5G40450.2,1,yes,7367,722,5502,8089,0.910742984299666,0.746844034206597,Arabidopsis_thaliana,high_confidence_IR
AT5G40820,AT5G40820.intron11,AT5G40820|5:16349233-16349568:-,5,16349233,16349568,-,AT5G40820.1;AT5G40820.2;AT5G40820.3;AT5G40820.4,4,no,46,80,41,126,0.365079365079365,0.891304347826087,Arabidopsis_thaliana,high_confidence_IR
AT5G40880,AT5G40880.intron1,AT5G40880|5:16379017-16379566:+,5,16379017,16379566,+,AT5G40880.2,1,yes,1672,481,1281,2153,0.776590803529958,0.766148325358852,Arabidopsis_thaliana,high_confidence_IR
AT5G40910,AT5G40910.intron8,AT5G40910|5:16398345-16398413:+,5,16398345,16398413,+,AT5G40910.4;AT5G40910.6,2,yes,8728,407,6604,9135,0.955446086480569,0.756645279560037,Arabidopsis_thaliana,high_confidence_IR
AT5G40970,AT5G40970.intron1,AT5G40970|5:16415280-16415860:+,5,16415280,16415860,+,AT5G40970.1,1,no,124,103,124,227,0.54625550660793,1,Arabidopsis_thaliana,high_confidence_IR
AT5G41050,AT5G41050.intron1,AT5G41050|5:16433825-16433904:-,5,16433825,16433904,-,AT5G41050.1,1,no,2573,10156,2573,12729,0.202136852855684,1,Arabidopsis_thaliana,high_confidence_IR
AT5G41160,AT5G41160.intron1,AT5G41160|5:16477184-16477345:+,5,16477184,16477345,+,AT5G41160.1,1,no,232,250,232,482,0.481327800829876,1,Arabidopsis_thaliana,high_confidence_IR
AT5G41330,AT5G41330.intron1,AT5G41330|5:16535994-16536138:-,5,16535994,16536138,-,AT5G41330.1,1,no,972,2623,972,3595,0.270375521557719,1,Arabidopsis_thaliana,high_confidence_IR
AT5G41540,AT5G41540.intron1,AT5G41540|5:16615481-16615599:-,5,16615481,16615599,-,AT5G41540.1,1,no,41,65,34,106,0.386792452830189,0.829268292682927,Arabidopsis_thaliana,high_confidence_IR
AT5G41550,AT5G41550.intron1,AT5G41550|5:16620215-16620315:-,5,16620215,16620315,-,AT5G41550.1,1,no,442,274,398,716,0.61731843575419,0.900452488687783,Arabidopsis_thaliana,high_confidence_IR
AT5G41612,AT5G41612.intron1,AT5G41612|5:16639211-16639299:+,5,16639211,16639299,+,AT5G41612.2,1,yes,2001,382,2001,2383,0.839697859840537,1,Arabidopsis_thaliana,high_confidence_IR
AT5G41680,AT5G41680.intron1,AT5G41680|5:16668552-16668629:+,5,16668552,16668629,+,AT5G41680.2,1,yes,471,299,471,770,0.611688311688312,1,Arabidopsis_thaliana,high_confidence_IR
AT5G41730,AT5G41730.intron1,AT5G41730|5:16687230-16687319:-,5,16687230,16687319,-,AT5G41730.2,1,no,110,188,105,298,0.369127516778524,0.954545454545455,Arabidopsis_thaliana,high_confidence_IR
AT5G41750,AT5G41750.intron1,AT5G41750|5:16694517-16694612:+,5,16694517,16694612,+,AT5G41750.1;AT5G41750.2,2,no,7681,5387,7344,13068,0.587771655953474,0.956125504491603,Arabidopsis_thaliana,high_confidence_IR
AT5G41750,AT5G41750.intron4,AT5G41750|5:16697579-16698199:+,5,16697579,16698199,+,AT5G41750.1,1,yes,406,376,361,782,0.519181585677749,0.889162561576355,Arabidopsis_thaliana,high_confidence_IR
AT5G06235,AT5G06235.intron1,AT5G06235|5:16758526-16758782:-,5,16758526,16758782,-,AT5G06235.1,1,no,651,221,651,872,0.746559633027523,1,Arabidopsis_thaliana,high_confidence_IR
AT5G41890,AT5G41890.intron4,AT5G41890|5:16764525-16764620:-,5,16764525,16764620,-,AT5G41890.1,1,no,310,96,247,406,0.763546798029557,0.796774193548387,Arabidopsis_thaliana,high_confidence_IR
AT5G41960,AT5G41960.intron3,AT5G41960|5:16790369-16790492:+,5,16790369,16790492,+,AT5G41960.2,1,yes,7147,197,5524,7344,0.973175381263617,0.7729117112075,Arabidopsis_thaliana,high_confidence_IR
AT5G42223,AT5G42223.intron1,AT5G42223|5:16878771-16878851:-,5,16878771,16878851,-,AT5G42223.1,1,no,36,81,36,117,0.307692307692308,1,Arabidopsis_thaliana,high_confidence_IR
AT5G42450,AT5G42450.intron1,AT5G42450|5:16977631-16977882:+,5,16977631,16977882,+,AT5G42450.2,1,yes,723,408,723,1131,0.639257294429708,1,Arabidopsis_thaliana,high_confidence_IR
AT5G42560,AT5G42560.intron1,AT5G42560|5:17015103-17015701:+,5,17015103,17015701,+,AT5G42560.2,1,yes,7014,127,5370,7141,0.982215375997759,0.765611633875107,Arabidopsis_thaliana,high_confidence_IR
AT5G42820,AT5G42820.intron2,AT5G42820|5:17169760-17170409:-,5,17169760,17170409,-,AT5G42820.2,1,yes,45,159,35,204,0.220588235294118,0.777777777777778,Arabidopsis_thaliana,high_confidence_IR
AT5G42940,AT5G42940.intron2,AT5G42940|5:17219259-17220385:-,5,17219259,17220385,-,AT5G42940.2,1,yes,4742,1157,3402,5899,0.803865061874894,0.717418810628427,Arabidopsis_thaliana,high_confidence_IR
AT5G43120,AT5G43120.intron1,AT5G43120|5:17314325-17314420:+,5,17314325,17314420,+,AT5G43120.2,1,yes,54,90,54,144,0.375,1,Arabidopsis_thaliana,high_confidence_IR
AT5G43210,AT5G43210.intron1,AT5G43210|5:17347803-17348001:+,5,17347803,17348001,+,AT5G43210.1,1,no,1450,1367,1143,2817,0.514731984380547,0.788275862068965,Arabidopsis_thaliana,high_confidence_IR
AT5G43285,AT5G43285.intron1,AT5G43285|5:17370711-17370808:-,5,17370711,17370808,-,AT5G43285.1,1,no,291,78,291,369,0.788617886178862,1,Arabidopsis_thaliana,high_confidence_IR
AT5G43403,AT5G43403.intron1,AT5G43403|5:17431096-17431449:-,5,17431096,17431449,-,AT5G43403.1,1,no,2910,1788,2910,4698,0.61941251596424,1,Arabidopsis_thaliana,high_confidence_IR
AT5G43440,AT5G43440.intron2,AT5G43440|5:17455608-17455686:-,5,17455608,17455686,-,AT5G43440.1,1,yes,13888,9218,9865,23106,0.601056002769843,0.710325460829493,Arabidopsis_thaliana,high_confidence_IR
AT5G43460,AT5G43460.intron5,AT5G43460|5:17461974-17462241:+,5,17461974,17462241,+,AT5G43460.1,1,yes,66,28,53,94,0.702127659574468,0.803030303030303,Arabidopsis_thaliana,high_confidence_IR
AT5G43510,AT5G43510.intron1,AT5G43510|5:17474160-17474254:+,5,17474160,17474254,+,AT5G43510.2,1,no,34,36,34,70,0.485714285714286,1,Arabidopsis_thaliana,high_confidence_IR
AT5G43680,AT5G43680.intron7,AT5G43680|5:17545401-17545495:+,5,17545401,17545495,+,AT5G43680.2,1,yes,4023,485,3153,4508,0.892413487133984,0.783743475018643,Arabidopsis_thaliana,high_confidence_IR
AT5G43950,AT5G43950.intron1,AT5G43950|5:17688302-17688517:-,5,17688302,17688517,-,AT5G43950.1,1,no,574,1731,574,2305,0.249023861171367,1,Arabidopsis_thaliana,high_confidence_IR
AT5G44230,AT5G44230.intron1,AT5G44230|5:17814372-17814453:+,5,17814372,17814453,+,AT5G44230.2,1,yes,1815,223,1815,2038,0.890578999018646,1,Arabidopsis_thaliana,high_confidence_IR
AT5G44480,AT5G44480.intron2,AT5G44480|5:17920786-17921468:+,5,17920786,17921468,+,AT5G44480.3,1,yes,2222,786,1608,3008,0.738696808510638,0.723672367236724,Arabidopsis_thaliana,high_confidence_IR
AT5G44510,AT5G44510.intron1,AT5G44510|5:17933540-17933637:-,5,17933540,17933637,-,AT5G44510.1;AT5G44510.2;AT5G44510.3;AT5G44510.4,4,no,559,2088,481,2647,0.211182470721572,0.86046511627907,Arabidopsis_thaliana,high_confidence_IR
AT5G44562,AT5G44562.intron1,AT5G44562|5:17948059-17948144:-,5,17948059,17948144,-,AT5G44562.1,1,no,499,396,499,895,0.557541899441341,1,Arabidopsis_thaliana,high_confidence_IR
AT5G44563,AT5G44563.intron1,AT5G44563|5:17949500-17949914:+,5,17949500,17949914,+,AT5G44563.1,1,no,38,65,38,103,0.368932038834951,1,Arabidopsis_thaliana,high_confidence_IR
AT5G44568,AT5G44568.intron1,AT5G44568|5:17961501-17962040:-,5,17961501,17962040,-,AT5G44568.1,1,no,3610,7398,3610,11008,0.327943313953488,1,Arabidopsis_thaliana,high_confidence_IR
AT5G44574,AT5G44574.intron1,AT5G44574|5:17970812-17970954:+,5,17970812,17970954,+,AT5G44574.1,1,no,1006,1462,732,2468,0.407617504051864,0.727634194831014,Arabidopsis_thaliana,high_confidence_IR
AT5G44860,AT5G44860.intron1,AT5G44860|5:18110222-18110629:-,5,18110222,18110629,-,AT5G44860.2,1,yes,230,45,230,275,0.836363636363636,1,Arabidopsis_thaliana,high_confidence_IR
AT5G44870,AT5G44870.intron5,AT5G44870|5:18117959-18118092:+,5,18117959,18118092,+,AT5G44870.1;AT5G44870.2,2,no,1495,1221,1195,2716,0.550441826215022,0.79933110367893,Arabidopsis_thaliana,high_confidence_IR
AT5G44900,AT5G44900.intron1,AT5G44900|5:18135986-18136115:+,5,18135986,18136115,+,AT5G44900.1,1,no,231,254,231,485,0.476288659793814,1,Arabidopsis_thaliana,high_confidence_IR
AT5G44980,AT5G44980.intron1,AT5G44980|5:18160366-18160597:+,5,18160366,18160597,+,AT5G44980.1;AT5G44980.3,2,yes,468,550,386,1018,0.459724950884086,0.824786324786325,Arabidopsis_thaliana,high_confidence_IR
AT5G06695,AT5G06695.intron7,AT5G06695|5:18175815-18175928:+,5,18175815,18175928,+,AT5G06695.3,1,no,1166,18,1108,1184,0.984797297297297,0.950257289879931,Arabidopsis_thaliana,high_confidence_IR
AT5G45030,AT5G45030.intron7,AT5G45030|5:18175815-18175928:+,5,18175815,18175928,+,AT5G45030.1;AT5G45030.2,2,no,1166,18,1108,1184,0.984797297297297,0.950257289879931,Arabidopsis_thaliana,high_confidence_IR
AT5G45050,AT5G45050.intron1,AT5G45050|5:18181197-18181455:-,5,18181197,18181455,-,AT5G45050.1;AT5G45050.2;AT5G45050.3,3,yes,1101,1133,786,2234,0.492837958818263,0.713896457765668,Arabidopsis_thaliana,high_confidence_IR
AT5G45060,AT5G45060.intron5,AT5G45060|5:18186432-18186550:+,5,18186432,18186550,+,AT5G45060.2,1,yes,492,67,387,559,0.880143112701252,0.786585365853659,Arabidopsis_thaliana,high_confidence_IR
AT5G45080,AT5G45080.intron1,AT5G45080|5:18192640-18192725:-,5,18192640,18192725,-,AT5G45080.1,1,no,208,812,151,1020,0.203921568627451,0.725961538461538,Arabidopsis_thaliana,high_confidence_IR
AT5G45100,AT5G45100.intron1,AT5G45100|5:18218825-18218912:+,5,18218825,18218912,+,AT5G45100.1,1,yes,8992,19735,8992,28727,0.313015629895221,1,Arabidopsis_thaliana,high_confidence_IR
AT5G45110,AT5G45110.intron1,AT5G45110|5:18229853-18229940:+,5,18229853,18229940,+,AT5G45110.1;AT5G45110.2,2,no,2242,6761,1837,9003,0.249028101743863,0.81935771632471,Arabidopsis_thaliana,high_confidence_IR
AT5G45200,AT5G45200.intron4,AT5G45200|5:18284798-18284861:-,5,18284798,18284861,-,AT5G45200.1;AT5G45200.2,2,yes,96,94,70,190,0.505263157894737,0.729166666666667,Arabidopsis_thaliana,high_confidence_IR
AT5G45250,AT5G45250.intron4,AT5G45250|5:18322712-18322827:-,5,18322712,18322827,-,AT5G45250.1,1,no,468,1556,411,2024,0.231225296442688,0.878205128205128,Arabidopsis_thaliana,high_confidence_IR
AT5G45260,AT5G45260.intron1,AT5G45260|5:18326654-18326762:+,5,18326654,18326762,+,AT5G45260.1;AT5G45260.2;AT5G45260.3,3,no,765,1971,653,2736,0.279605263157895,0.85359477124183,Arabidopsis_thaliana,high_confidence_IR
AT5G45320,AT5G45320.intron1,AT5G45320|5:18362772-18362874:-,5,18362772,18362874,-,AT5G45320.1,1,no,163,363,163,526,0.309885931558935,1,Arabidopsis_thaliana,high_confidence_IR
AT5G45400,AT5G45400.intron1,AT5G45400|5:18399283-18399375:+,5,18399283,18399375,+,AT5G45400.1,1,no,284,560,284,844,0.336492890995261,1,Arabidopsis_thaliana,high_confidence_IR
AT5G45475,AT5G45475.intron1,AT5G45475|5:18426002-18426127:+,5,18426002,18426127,+,AT5G45475.1,1,no,544,445,544,989,0.55005055611729,1,Arabidopsis_thaliana,high_confidence_IR
AT5G45520,AT5G45520.intron1,AT5G45520|5:18453090-18453614:-,5,18453090,18453614,-,AT5G45520.1,1,yes,41,19,41,60,0.683333333333333,1,Arabidopsis_thaliana,high_confidence_IR
AT5G45790,AT5G45790.intron1,AT5G45790|5:18572536-18572662:+,5,18572536,18572662,+,AT5G45790.1,1,yes,1787,128,1787,1915,0.933159268929504,1,Arabidopsis_thaliana,high_confidence_IR
AT5G46040,AT5G46040.intron3,AT5G46040|5:18672259-18672360:-,5,18672259,18672360,-,AT5G46040.1,1,no,190,277,160,467,0.406852248394004,0.842105263157895,Arabidopsis_thaliana,high_confidence_IR
AT5G46140,AT5G46140.intron2,AT5G46140|5:18705466-18705562:-,5,18705466,18705562,-,AT5G46140.1;AT5G46140.2,2,no,84,132,76,216,0.388888888888889,0.904761904761905,Arabidopsis_thaliana,high_confidence_IR
AT5G46140,AT5G46140.intron1,AT5G46140|5:18706308-18706513:-,5,18706308,18706513,-,AT5G46140.1,1,yes,53,119,45,172,0.308139534883721,0.849056603773585,Arabidopsis_thaliana,high_confidence_IR
AT5G46260,AT5G46260.intron1,AT5G46260|5:18762812-18762900:-,5,18762812,18762900,-,AT5G46260.1,1,no,423,1107,396,1530,0.276470588235294,0.936170212765957,Arabidopsis_thaliana,high_confidence_IR
AT5G46470,AT5G46470.intron1,AT5G46470|5:18843174-18843267:+,5,18843174,18843267,+,AT5G46470.1,1,no,6485,5575,5859,12060,0.537728026533997,0.903469545104086,Arabidopsis_thaliana,high_confidence_IR
AT5G46510,AT5G46510.intron1,AT5G46510|5:18860906-18861000:+,5,18860906,18861000,+,AT5G46510.1;AT5G46510.2,2,no,2076,1232,2005,3308,0.627569528415961,0.965799614643545,Arabidopsis_thaliana,high_confidence_IR
AT5G46520,AT5G46520.intron1,AT5G46520|5:18868298-18868386:+,5,18868298,18868386,+,AT5G46520.1;AT5G46520.2,2,no,1520,2217,1426,3737,0.406743377040407,0.938157894736842,Arabidopsis_thaliana,high_confidence_IR
AT5G46780,AT5G46780.intron1,AT5G46780|5:18979065-18979227:+,5,18979065,18979227,+,AT5G46780.2,1,yes,4836,146,4836,4982,0.970694500200723,1,Arabidopsis_thaliana,high_confidence_IR
AT5G46795,AT5G46795.intron1,AT5G46795|5:18987995-18988090:-,5,18987995,18988090,-,AT5G46795.1,1,no,90,321,66,411,0.218978102189781,0.733333333333333,Arabidopsis_thaliana,high_confidence_IR
AT5G47020,AT5G47020.intron1,AT5G47020|5:19081711-19081852:+,5,19081711,19081852,+,AT5G47020.1,1,no,527,1700,438,2227,0.236641221374046,0.83111954459203,Arabidopsis_thaliana,high_confidence_IR
AT5G47060,AT5G47060.intron2,AT5G47060|5:19118218-19118723:+,5,19118218,19118723,+,AT5G47060.2,1,no,48,74,47,122,0.39344262295082,0.979166666666667,Arabidopsis_thaliana,high_confidence_IR
AT5G47090,AT5G47090.intron2,AT5G47090|5:19128502-19129297:+,5,19128502,19129297,+,AT5G47090.2,1,yes,70,229,67,299,0.234113712374582,0.957142857142857,Arabidopsis_thaliana,high_confidence_IR
AT5G47150,AT5G47150.intron1,AT5G47150|5:19150141-19150801:+,5,19150141,19150801,+,AT5G47150.1,1,no,26,74,26,100,0.26,1,Arabidopsis_thaliana,high_confidence_IR
AT5G47260,AT5G47260.intron1,AT5G47260|5:19191990-19192248:+,5,19191990,19192248,+,AT5G47260.1,1,no,59,38,59,97,0.608247422680412,1,Arabidopsis_thaliana,high_confidence_IR
AT5G47435,AT5G47435.intron7,AT5G47435|5:19243484-19243563:+,5,19243484,19243563,+,AT5G47435.2,1,yes,755,534,533,1289,0.585725368502715,0.705960264900662,Arabidopsis_thaliana,high_confidence_IR
AT5G47470,AT5G47470.intron7,AT5G47470|5:19256344-19256541:+,5,19256344,19256541,+,AT5G47470.3,1,yes,304,60,216,364,0.835164835164835,0.710526315789474,Arabidopsis_thaliana,high_confidence_IR
AT5G47490,AT5G47490.intron1,AT5G47490|5:19264281-19264361:+,5,19264281,19264361,+,AT5G47490.1,1,yes,1220,49,920,1269,0.961386918833727,0.754098360655738,Arabidopsis_thaliana,high_confidence_IR
AT5G47840,AT5G47840.intron5,AT5G47840|5:19377814-19377953:+,5,19377814,19377953,+,AT5G47840.2,1,yes,18219,429,13222,18648,0.976994851994852,0.725725890553817,Arabidopsis_thaliana,high_confidence_IR
AT5G47960,AT5G47960.intron1,AT5G47960|5:19421978-19422246:-,5,19421978,19422246,-,AT5G47960.1,1,no,2195,4231,2195,6426,0.341581076875195,1,Arabidopsis_thaliana,high_confidence_IR
AT5G48040,AT5G48040.intron1,AT5G48040|5:19470262-19470434:+,5,19470262,19470434,+,AT5G48040.1,1,no,253,639,253,892,0.283632286995516,1,Arabidopsis_thaliana,high_confidence_IR
AT5G48130,AT5G48130.intron3,AT5G48130|5:19517755-19517826:+,5,19517755,19517826,+,AT5G48130.1,1,no,5,7,5,12,0.416666666666667,1,Arabidopsis_thaliana,high_confidence_IR
AT5G48175,AT5G48175.intron1,AT5G48175|5:19539319-19539439:+,5,19539319,19539439,+,AT5G48175.1,1,no,438,1625,438,2063,0.212312166747455,1,Arabidopsis_thaliana,high_confidence_IR
AT5G48350,AT5G48350.intron1,AT5G48350|5:19593478-19593563:+,5,19593478,19593563,+,AT5G48350.1,1,no,24,14,24,38,0.631578947368421,1,Arabidopsis_thaliana,high_confidence_IR
AT5G48390,AT5G48390.intron4,AT5G48390|5:19614664-19614742:+,5,19614664,19614742,+,AT5G48390.1,1,no,73,170,55,243,0.300411522633745,0.753424657534247,Arabidopsis_thaliana,high_confidence_IR
AT5G48510,AT5G48510.intron1,AT5G48510|5:19658218-19658345:+,5,19658218,19658345,+,AT5G48510.1,1,no,11,14,11,25,0.44,1,Arabidopsis_thaliana,high_confidence_IR
AT5G48560,AT5G48560.intron6,AT5G48560|5:19686694-19686772:+,5,19686694,19686772,+,AT5G48560.1,1,yes,1635,3313,1288,4948,0.330436540016168,0.787767584097859,Arabidopsis_thaliana,high_confidence_IR
AT5G48775,AT5G48775.intron1,AT5G48775|5:19773122-19773315:+,5,19773122,19773315,+,AT5G48775.2;AT5G48775.4,2,yes,5016,432,4711,5448,0.920704845814978,0.939194577352472,Arabidopsis_thaliana,high_confidence_IR
AT5G48770,AT5G48770.intron1,AT5G48770|5:19776696-19776772:-,5,19776696,19776772,-,AT5G48770.1,1,no,401,345,289,746,0.537533512064343,0.72069825436409,Arabidopsis_thaliana,high_confidence_IR
AT5G48890,AT5G48890.intron1,AT5G48890|5:19820236-19820342:+,5,19820236,19820342,+,AT5G48890.1,1,yes,422,68,422,490,0.861224489795918,1,Arabidopsis_thaliana,high_confidence_IR
AT5G48950,AT5G48950.intron2,AT5G48950|5:19846515-19847131:+,5,19846515,19847131,+,AT5G48950.1,1,yes,168,139,143,307,0.547231270358306,0.851190476190476,Arabidopsis_thaliana,high_confidence_IR
AT5G48970,AT5G48970.intron3,AT5G48970|5:19859042-19859529:-,5,19859042,19859529,-,AT5G48970.2,1,yes,5017,78,3733,5095,0.984690873405299,0.744070161451066,Arabidopsis_thaliana,high_confidence_IR
AT5G49000,AT5G49000.intron1,AT5G49000|5:19864853-19864984:+,5,19864853,19864984,+,AT5G49000.1,1,yes,804,8,804,812,0.990147783251232,1,Arabidopsis_thaliana,high_confidence_IR
AT5G49070,AT5G49070.intron1,AT5G49070|5:19889074-19889206:-,5,19889074,19889206,-,AT5G49070.2,1,yes,458,13,458,471,0.9723991507431,1,Arabidopsis_thaliana,high_confidence_IR
AT5G49130,AT5G49130.intron1,AT5G49130|5:19915970-19916082:+,5,19915970,19916082,+,AT5G49130.1,1,no,322,523,322,845,0.381065088757396,1,Arabidopsis_thaliana,high_confidence_IR
AT5G49140,AT5G49140.intron1,AT5G49140|5:19922731-19922945:-,5,19922731,19922945,-,AT5G49140.1,1,no,14,15,13,29,0.482758620689655,0.928571428571429,Arabidopsis_thaliana,high_confidence_IR
AT5G49160,AT5G49160.intron1,AT5G49160|5:19932276-19932489:+,5,19932276,19932489,+,AT5G49160.1;AT5G49160.2,2,no,381,1017,310,1398,0.272532188841202,0.813648293963255,Arabidopsis_thaliana,high_confidence_IR
AT5G49170,AT5G49170.intron1,AT5G49170|5:19939304-19939389:-,5,19939304,19939389,-,AT5G49170.1,1,no,720,1507,720,2227,0.323304894476875,1,Arabidopsis_thaliana,high_confidence_IR
AT5G49290,AT5G49290.intron11,AT5G49290|5:19983197-19983278:+,5,19983197,19983278,+,AT5G49290.3,1,yes,325,29,230,354,0.918079096045198,0.707692307692308,Arabidopsis_thaliana,high_confidence_IR
AT5G49420,AT5G49420.intron1,AT5G49420|5:20034916-20035112:-,5,20034916,20035112,-,AT5G49420.1,1,no,57,14,57,71,0.802816901408451,1,Arabidopsis_thaliana,high_confidence_IR
AT5G49540,AT5G49540.intron4,AT5G49540|5:20104835-20105087:-,5,20104835,20105087,-,AT5G49540.1,1,yes,3217,10222,2361,13439,0.239377929905499,0.733913584084551,Arabidopsis_thaliana,high_confidence_IR
AT5G49550,AT5G49550.intron1,AT5G49550|5:20107002-20107072:-,5,20107002,20107072,-,AT5G49550.1,1,no,3717,7756,3717,11473,0.323978035387431,1,Arabidopsis_thaliana,high_confidence_IR
AT5G49860,AT5G49860.intron1,AT5G49860|5:20264825-20264926:-,5,20264825,20264926,-,AT5G49860.1,1,no,18,71,18,89,0.202247191011236,1,Arabidopsis_thaliana,high_confidence_IR
AT5G50060,AT5G50060.intron1,AT5G50060|5:20362700-20363110:+,5,20362700,20363110,+,AT5G50060.1,1,no,62,35,62,97,0.639175257731959,1,Arabidopsis_thaliana,high_confidence_IR
AT5G50070,AT5G50070.intron1,AT5G50070|5:20364754-20365075:+,5,20364754,20365075,+,AT5G50070.1,1,no,63,5,63,68,0.926470588235294,1,Arabidopsis_thaliana,high_confidence_IR
AT5G50280,AT5G50280.intron1,AT5G50280|5:20460101-20460195:+,5,20460101,20460195,+,AT5G50280.1,1,no,892,3028,892,3920,0.227551020408163,1,Arabidopsis_thaliana,high_confidence_IR
AT5G50423,AT5G50423.intron1,AT5G50423|5:20533242-20533341:-,5,20533242,20533341,-,AT5G50423.1,1,no,42,6,42,48,0.875,1,Arabidopsis_thaliana,high_confidence_IR
AT5G50443,AT5G50443.intron1,AT5G50443|5:20540743-20540838:+,5,20540743,20540838,+,AT5G50443.1,1,no,392,1246,392,1638,0.239316239316239,1,Arabidopsis_thaliana,high_confidence_IR
AT5G51050,AT5G51050.intron1,AT5G51050|5:20753787-20754364:+,5,20753787,20754364,+,AT5G51050.1,1,no,1101,1867,856,2968,0.370956873315364,0.77747502270663,Arabidopsis_thaliana,high_confidence_IR
AT5G51110,AT5G51110.intron1,AT5G51110|5:20779216-20779296:-,5,20779216,20779296,-,AT5G51110.2,1,yes,34785,55,31899,34840,0.998421354764638,0.917033203967227,Arabidopsis_thaliana,high_confidence_IR
AT5G51160,AT5G51160.intron1,AT5G51160|5:20792784-20792856:+,5,20792784,20792856,+,AT5G51160.1,1,no,369,569,369,938,0.393390191897655,1,Arabidopsis_thaliana,high_confidence_IR
AT5G51270,AT5G51270.intron8,AT5G51270|5:20836169-20836257:-,5,20836169,20836257,-,AT5G51270.1;AT5G51270.2,2,no,54,207,46,261,0.206896551724138,0.851851851851852,Arabidopsis_thaliana,high_confidence_IR
AT5G51300,AT5G51300.intron2,AT5G51300|5:20849159-20849844:-,5,20849159,20849844,-,AT5G51300.3,1,yes,5596,316,5019,5912,0.946549391069012,0.896890636168692,Arabidopsis_thaliana,high_confidence_IR
AT5G51370,AT5G51370.intron1,AT5G51370|5:20873847-20873915:+,5,20873847,20873915,+,AT5G51370.2,1,yes,796,1383,796,2179,0.365305185865076,1,Arabidopsis_thaliana,high_confidence_IR
AT5G51451,AT5G51451.intron1,AT5G51451|5:20898486-20898604:+,5,20898486,20898604,+,AT5G51451.1,1,no,159,225,159,384,0.4140625,1,Arabidopsis_thaliana,high_confidence_IR
AT5G51465,AT5G51465.intron1,AT5G51465|5:20904985-20905363:-,5,20904985,20905363,-,AT5G51465.1,1,no,228,853,228,1081,0.210915818686401,1,Arabidopsis_thaliana,high_confidence_IR
AT5G51490,AT5G51490.intron1,AT5G51490|5:20914378-20914693:-,5,20914378,20914693,-,AT5G51490.1,1,no,79,141,79,220,0.359090909090909,1,Arabidopsis_thaliana,high_confidence_IR
AT5G51500,AT5G51500.intron1,AT5G51500|5:20918627-20918913:-,5,20918627,20918913,-,AT5G51500.1,1,no,51,123,51,174,0.293103448275862,1,Arabidopsis_thaliana,high_confidence_IR
AT5G51680,AT5G51680.intron1,AT5G51680|5:20998515-20998647:+,5,20998515,20998647,+,AT5G51680.1,1,no,1815,1398,1815,3213,0.564892623716153,1,Arabidopsis_thaliana,high_confidence_IR
AT5G51800,AT5G51800.intron1,AT5G51800|5:21049290-21049534:+,5,21049290,21049534,+,AT5G51800.1,1,no,10,11,9,21,0.476190476190476,0.9,Arabidopsis_thaliana,high_confidence_IR
AT5G51910,AT5G51910.intron1,AT5G51910|5:21095608-21095808:-,5,21095608,21095808,-,AT5G51910.2,1,yes,176,610,176,786,0.223918575063613,1,Arabidopsis_thaliana,high_confidence_IR
AT5G51970,AT5G51970.intron1,AT5G51970|5:21111659-21111741:+,5,21111659,21111741,+,AT5G51970.2,1,yes,1698,742,1215,2440,0.695901639344262,0.715547703180212,Arabidopsis_thaliana,high_confidence_IR
AT5G52290,AT5G52290.intron7,AT5G52290|5:21230407-21230488:-,5,21230407,21230488,-,AT5G52290.1,1,no,547,46,527,593,0.922428330522766,0.963436928702011,Arabidopsis_thaliana,high_confidence_IR
AT5G52320,AT5G52320.intron1,AT5G52320|5:21244911-21245131:-,5,21244911,21245131,-,AT5G52320.2,1,yes,104,22,104,126,0.825396825396825,1,Arabidopsis_thaliana,high_confidence_IR
AT5G52545,AT5G52545.intron5,AT5G52545|5:21324223-21324347:-,5,21324223,21324347,-,AT5G52545.2,1,yes,2474,1101,1774,3575,0.692027972027972,0.717057396928052,Arabidopsis_thaliana,high_confidence_IR
AT5G52770,AT5G52770.intron1,AT5G52770|5:21389848-21389935:+,5,21389848,21389935,+,AT5G52770.1,1,no,933,32,933,965,0.966839378238342,1,Arabidopsis_thaliana,high_confidence_IR
AT5G52890,AT5G52890.intron2,AT5G52890|5:21445426-21445509:-,5,21445426,21445509,-,AT5G52890.1,1,yes,287,757,242,1044,0.274904214559387,0.843205574912892,Arabidopsis_thaliana,high_confidence_IR
AT5G52900,AT5G52900.intron1,AT5G52900|5:21452901-21452992:-,5,21452901,21452992,-,AT5G52900.1,1,no,1574,2894,1574,4468,0.352282900626679,1,Arabidopsis_thaliana,high_confidence_IR
AT5G52950,AT5G52950.intron1,AT5G52950|5:21474704-21474825:-,5,21474704,21474825,-,AT5G52950.1,1,yes,259,357,182,616,0.420454545454545,0.702702702702703,Arabidopsis_thaliana,high_confidence_IR
AT5G53030,AT5G53030.intron1,AT5G53030|5:21505958-21506230:+,5,21505958,21506230,+,AT5G53030.1,1,yes,338,1290,338,1628,0.207616707616708,1,Arabidopsis_thaliana,high_confidence_IR
AT5G53040,AT5G53040.intron2,AT5G53040|5:21507129-21507249:-,5,21507129,21507249,-,AT5G53040.1,1,no,39,14,32,53,0.735849056603774,0.82051282051282,Arabidopsis_thaliana,high_confidence_IR
AT5G53320,AT5G53320.intron1,AT5G53320|5:21637079-21637157:-,5,21637079,21637157,-,AT5G53320.1,1,no,206,743,206,949,0.217070600632244,1,Arabidopsis_thaliana,high_confidence_IR
AT5G53592,AT5G53592.intron2,AT5G53592|5:21774157-21774350:+,5,21774157,21774350,+,AT5G53592.1,1,no,117,86,96,203,0.576354679802956,0.82051282051282,Arabidopsis_thaliana,high_confidence_IR
AT5G53890,AT5G53890.intron1,AT5G53890|5:21876904-21877066:+,5,21876904,21877066,+,AT5G53890.1,1,no,522,1119,522,1641,0.318098720292505,1,Arabidopsis_thaliana,high_confidence_IR
AT5G54030,AT5G54030.intron1,AT5G54030|5:21927356-21927478:-,5,21927356,21927478,-,AT5G54030.1,1,no,12,8,12,20,0.6,1,Arabidopsis_thaliana,high_confidence_IR
AT5G54080,AT5G54080.intron9,AT5G54080|5:21948182-21948280:+,5,21948182,21948280,+,AT5G54080.2,1,yes,3598,2562,2762,6160,0.584090909090909,0.767648693718733,Arabidopsis_thaliana,high_confidence_IR
AT5G54470,AT5G54470.intron1,AT5G54470|5:22114737-22114820:-,5,22114737,22114820,-,AT5G54470.1,1,no,2132,3903,2132,6035,0.353272576636288,1,Arabidopsis_thaliana,high_confidence_IR
AT5G54520,AT5G54520.intron2,AT5G54520|5:22148358-22148451:-,5,22148358,22148451,-,AT5G54520.1,1,no,1276,462,905,1738,0.734177215189873,0.709247648902821,Arabidopsis_thaliana,high_confidence_IR
AT5G54569,AT5G54569.intron4,AT5G54569|5:22169192-22170055:+,5,22169192,22170055,+,AT5G54569.3;AT5G54569.4,2,yes,474,759,357,1233,0.384428223844282,0.753164556962025,Arabidopsis_thaliana,high_confidence_IR
AT5G54830,AT5G54830.intron1,AT5G54830|5:22273212-22273307:+,5,22273212,22273307,+,AT5G54830.1,1,no,1001,3014,1001,4015,0.249315068493151,1,Arabidopsis_thaliana,high_confidence_IR
AT5G54930,AT5G54930.intron1,AT5G54930|5:22306886-22307480:-,5,22306886,22307480,-,AT5G54930.1;AT5G54930.2,2,no,345,1294,242,1639,0.210494203782794,0.701449275362319,Arabidopsis_thaliana,high_confidence_IR
AT5G55020,AT5G55020.intron1,AT5G55020|5:22325844-22325921:-,5,22325844,22325921,-,AT5G55020.1,1,no,50,82,50,132,0.378787878787879,1,Arabidopsis_thaliana,high_confidence_IR
AT5G55040,AT5G55040.intron9,AT5G55040|5:22327459-22327537:-,5,22327459,22327537,-,AT5G55040.2,1,yes,5694,1163,4568,6857,0.83039229983958,0.802247980330172,Arabidopsis_thaliana,high_confidence_IR
AT5G55170,AT5G55170.intron1,AT5G55170|5:22385820-22386008:-,5,22385820,22386008,-,AT5G55170.3,1,yes,1947,147,1522,2094,0.929799426934097,0.781715459681561,Arabidopsis_thaliana,high_confidence_IR
AT5G55290,AT5G55290.intron2,AT5G55290|5:22424100-22424205:-,5,22424100,22424205,-,AT5G55290.3,1,yes,7360,1416,5511,8776,0.838650865998177,0.748777173913043,Arabidopsis_thaliana,high_confidence_IR
AT5G08275,AT5G08275.intron1,AT5G08275|5:22467871-22467937:-,5,22467871,22467937,-,AT5G08275.1,1,no,610,246,610,856,0.712616822429907,1,Arabidopsis_thaliana,high_confidence_IR
AT5G08285,AT5G08285.intron1,AT5G08285|5:22469002-22469096:-,5,22469002,22469096,-,AT5G08285.1,1,no,294,636,294,930,0.316129032258064,1,Arabidopsis_thaliana,high_confidence_IR
AT5G55630,AT5G55630.intron1,AT5G55630|5:22531437-22531686:+,5,22531437,22531686,+,AT5G55630.2,1,yes,1552,4721,1316,6273,0.247409532918859,0.847938144329897,Arabidopsis_thaliana,high_confidence_IR
AT5G55690,AT5G55690.intron1,AT5G55690|5:22549644-22550070:-,5,22549644,22550070,-,AT5G55690.1,1,yes,35,75,35,110,0.318181818181818,1,Arabidopsis_thaliana,high_confidence_IR
AT5G55840,AT5G55840.intron1,AT5G55840|5:22598204-22598443:+,5,22598204,22598443,+,AT5G55840.1;AT5G55840.2,2,yes,240,575,230,815,0.294478527607362,0.958333333333333,Arabidopsis_thaliana,high_confidence_IR
AT5G56020,AT5G56020.intron4,AT5G56020|5:22686301-22686397:+,5,22686301,22686397,+,AT5G56020.2,1,yes,833,2739,585,3572,0.233202687569989,0.702280912364946,Arabidopsis_thaliana,high_confidence_IR
AT5G56060,AT5G56060.intron1,AT5G56060|5:22704497-22704576:+,5,22704497,22704576,+,AT5G56060.1,1,no,15,8,15,23,0.652173913043478,1,Arabidopsis_thaliana,high_confidence_IR
AT5G56075,AT5G56075.intron1,AT5G56075|5:22710081-22710211:+,5,22710081,22710211,+,AT5G56075.1,1,no,33,24,29,57,0.578947368421053,0.878787878787879,Arabidopsis_thaliana,high_confidence_IR
AT5G56220,AT5G56220.intron1,AT5G56220|5:22754317-22754490:+,5,22754317,22754490,+,AT5G56220.1,1,yes,799,723,799,1522,0.524967148488831,1,Arabidopsis_thaliana,high_confidence_IR
AT5G56250,AT5G56250.intron2,AT5G56250|5:22771987-22772801:-,5,22771987,22772801,-,AT5G56250.2,1,yes,847,400,657,1247,0.679230152365678,0.775678866587957,Arabidopsis_thaliana,high_confidence_IR
AT5G56368,AT5G56368.intron1,AT5G56368|5:22834013-22834412:+,5,22834013,22834412,+,AT5G56368.1,1,no,26,43,26,69,0.376811594202899,1,Arabidopsis_thaliana,high_confidence_IR
AT5G56369,AT5G56369.intron1,AT5G56369|5:22835507-22835602:+,5,22835507,22835602,+,AT5G56369.1,1,no,21,70,21,91,0.230769230769231,1,Arabidopsis_thaliana,high_confidence_IR
AT5G56380,AT5G56380.intron1,AT5G56380|5:22840680-22840816:-,5,22840680,22840816,-,AT5G56380.2,1,yes,2106,498,1505,2604,0.808755760368664,0.714624881291548,Arabidopsis_thaliana,high_confidence_IR
AT5G56410,AT5G56410.intron1,AT5G56410|5:22849367-22849428:-,5,22849367,22849428,-,AT5G56410.1,1,no,23,15,17,38,0.605263157894737,0.739130434782609,Arabidopsis_thaliana,high_confidence_IR
AT5G56480,AT5G56480.intron1,AT5G56480|5:22870361-22870510:-,5,22870361,22870510,-,AT5G56480.1,1,no,5,7,5,12,0.416666666666667,1,Arabidopsis_thaliana,high_confidence_IR
AT5G56490,AT5G56490.intron2,AT5G56490|5:22872621-22872704:+,5,22872621,22872704,+,AT5G56490.1,1,no,339,389,271,728,0.465659340659341,0.799410029498525,Arabidopsis_thaliana,high_confidence_IR
AT5G08595,AT5G08595.intron1,AT5G08595|5:22898571-22898664:+,5,22898571,22898664,+,AT5G08595.1,1,no,53,208,53,261,0.203065134099617,1,Arabidopsis_thaliana,high_confidence_IR
AT5G56555,AT5G56555.intron1,AT5G56555|5:22898801-22898958:+,5,22898801,22898958,+,AT5G56555.1,1,no,146,148,146,294,0.496598639455782,1,Arabidopsis_thaliana,high_confidence_IR
AT5G56650,AT5G56650.intron4,AT5G56650|5:22932006-22932089:+,5,22932006,22932089,+,AT5G56650.1,1,yes,2385,3906,1874,6291,0.379113018597997,0.785744234800839,Arabidopsis_thaliana,high_confidence_IR
AT5G56700,AT5G56700.intron1,AT5G56700|5:22941837-22941950:+,5,22941837,22941950,+,AT5G56700.1;AT5G56700.2,2,no,41,156,33,197,0.208121827411168,0.804878048780488,Arabidopsis_thaliana,high_confidence_IR
AT5G56770,AT5G56770.intron1,AT5G56770|5:22963756-22963867:-,5,22963756,22963867,-,AT5G56770.1,1,no,12,7,10,19,0.631578947368421,0.833333333333333,Arabidopsis_thaliana,high_confidence_IR
AT5G57050,AT5G57050.intron1,AT5G57050|5:23087802-23087921:+,5,23087802,23087921,+,AT5G57050.2,1,yes,6596,106,5173,6702,0.984183825723665,0.784263189812007,Arabidopsis_thaliana,high_confidence_IR
AT5G57120,AT5G57120.intron3,AT5G57120|5:23123707-23123796:-,5,23123707,23123796,-,AT5G57120.2,1,yes,12542,21,10339,12563,0.998328424739314,0.82435018338383,Arabidopsis_thaliana,high_confidence_IR
AT5G57250,AT5G57250.intron1,AT5G57250|5:23195332-23195447:-,5,23195332,23195447,-,AT5G57250.1,1,no,1177,1118,1177,2295,0.512854030501089,1,Arabidopsis_thaliana,high_confidence_IR
AT5G57290,AT5G57290.intron3,AT5G57290|5:23207115-23207167:-,5,23207115,23207167,-,AT5G57290.2,1,yes,91843,9,84837,91852,0.999902016287071,0.923717648595974,Arabidopsis_thaliana,high_confidence_IR
AT5G57560,AT5G57560.intron1,AT5G57560|5:23307890-23307974:-,5,23307890,23307974,-,AT5G57560.1,1,no,35342,63130,35342,98472,0.358904053944268,1,Arabidopsis_thaliana,high_confidence_IR
AT5G57567,AT5G57567.intron1,AT5G57567|5:23312116-23312217:-,5,23312116,23312217,-,AT5G57567.1;AT5G57567.2,2,no,216,147,216,363,0.59504132231405,1,Arabidopsis_thaliana,high_confidence_IR
AT5G57610,AT5G57610.intron1,AT5G57610|5:23325041-23325123:+,5,23325041,23325123,+,AT5G57610.1,1,no,571,1460,567,2031,0.281142294436238,0.992994746059545,Arabidopsis_thaliana,high_confidence_IR
AT5G57720,AT5G57720.intron1,AT5G57720|5:23390906-23391448:-,5,23390906,23391448,-,AT5G57720.1,1,no,22,53,20,75,0.293333333333333,0.909090909090909,Arabidopsis_thaliana,high_confidence_IR
AT5G57780,AT5G57780.intron1,AT5G57780|5:23406012-23406238:-,5,23406012,23406238,-,AT5G57780.1,1,no,3381,3986,3381,7367,0.458938509569703,1,Arabidopsis_thaliana,high_confidence_IR
AT5G57785,AT5G57785.intron1,AT5G57785|5:23408909-23409066:-,5,23408909,23409066,-,AT5G57785.2,1,yes,4520,298,4520,4818,0.938148609381486,1,Arabidopsis_thaliana,high_confidence_IR
AT5G57820,AT5G57820.intron1,AT5G57820|5:23428860-23428938:+,5,23428860,23428938,+,AT5G57820.1,1,no,554,54,554,608,0.911184210526316,1,Arabidopsis_thaliana,high_confidence_IR
AT5G57860,AT5G57860.intron1,AT5G57860|5:23437730-23437955:+,5,23437730,23437955,+,AT5G57860.1,1,yes,7002,397,5518,7399,0.946344100554129,0.788060554127392,Arabidopsis_thaliana,high_confidence_IR
AT5G57930,AT5G57930.intron1,AT5G57930|5:23454718-23454828:+,5,23454718,23454828,+,AT5G57930.1,1,yes,20089,2940,16927,23029,0.872334882105172,0.842600428094977,Arabidopsis_thaliana,high_confidence_IR
AT5G57980,AT5G57980.intron1,AT5G57980|5:23469473-23469558:-,5,23469473,23469558,-,AT5G57980.1,1,no,243,597,243,840,0.289285714285714,1,Arabidopsis_thaliana,high_confidence_IR
AT5G58080,AT5G58080.intron5,AT5G58080|5:23501851-23501927:-,5,23501851,23501927,-,AT5G58080.1,1,no,67,95,49,162,0.41358024691358,0.73134328358209,Arabidopsis_thaliana,high_confidence_IR
AT5G58120,AT5G58120.intron1,AT5G58120|5:23517968-23518062:+,5,23517968,23518062,+,AT5G58120.1,1,no,4506,2380,4089,6886,0.654371187917514,0.90745672436751,Arabidopsis_thaliana,high_confidence_IR
AT5G58160,AT5G58160.intron1,AT5G58160|5:23533797-23534015:+,5,23533797,23534015,+,AT5G58160.1,1,no,468,1497,337,1965,0.238167938931298,0.72008547008547,Arabidopsis_thaliana,high_confidence_IR
AT5G58240,AT5G58240.intron3,AT5G58240|5:23558891-23559056:-,5,23558891,23559056,-,AT5G58240.1;AT5G58240.2,2,yes,3769,9799,2965,13568,0.277785966981132,0.786680817192889,Arabidopsis_thaliana,high_confidence_IR
AT5G08825,AT5G08825.intron1,AT5G08825|5:23575589-23575664:+,5,23575589,23575664,+,AT5G08825.1,1,no,1078,37,1078,1115,0.966816143497758,1,Arabidopsis_thaliana,high_confidence_IR
AT5G58460,AT5G58460.intron1,AT5G58460|5:23634638-23634740:-,5,23634638,23634740,-,AT5G58460.1,1,no,33,77,33,110,0.3,1,Arabidopsis_thaliana,high_confidence_IR
AT5G58470,AT5G58470.intron6,AT5G58470|5:23638296-23638447:-,5,23638296,23638447,-,AT5G58470.1,1,yes,2121,5437,1502,7558,0.280629796242392,0.708156529938708,Arabidopsis_thaliana,high_confidence_IR
AT5G08840,AT5G08840.intron1,AT5G08840|5:23673138-23673360:+,5,23673138,23673360,+,AT5G08840.1,1,no,400,211,400,611,0.654664484451719,1,Arabidopsis_thaliana,high_confidence_IR
AT5G58575,AT5G58575.intron1,AT5G58575|5:23673557-23673662:+,5,23673557,23673662,+,AT5G58575.1,1,no,362,18,339,380,0.952631578947368,0.93646408839779,Arabidopsis_thaliana,high_confidence_IR
AT5G58630,AT5G58630.intron1,AT5G58630|5:23696452-23696527:-,5,23696452,23696527,-,AT5G58630.1,1,no,391,186,391,577,0.677642980935875,1,Arabidopsis_thaliana,high_confidence_IR
AT5G58750,AT5G58750.intron1,AT5G58750|5:23728763-23728905:+,5,23728763,23728905,+,AT5G58750.2,1,yes,201,41,201,242,0.830578512396694,1,Arabidopsis_thaliana,high_confidence_IR
AT5G59070,AT5G59070.intron1,AT5G59070|5:23845723-23846297:+,5,23845723,23846297,+,AT5G59070.1,1,no,308,320,308,628,0.490445859872611,1,Arabidopsis_thaliana,high_confidence_IR
AT5G59080,AT5G59080.intron4,AT5G59080|5:23845818-23846166:-,5,23845818,23846166,-,AT5G59080.1,1,yes,208,99,192,307,0.677524429967427,0.923076923076923,Arabidopsis_thaliana,high_confidence_IR
AT5G59470,AT5G59470.intron2,AT5G59470|5:23979101-23979177:+,5,23979101,23979177,+,AT5G59470.2,1,yes,1555,96,1322,1651,0.941853422168383,0.85016077170418,Arabidopsis_thaliana,high_confidence_IR
AT5G59560,AT5G59560.intron1,AT5G59560|5:24001676-24001791:-,5,24001676,24001791,-,AT5G59560.1,1,yes,5076,467,5076,5543,0.915749594082627,1,Arabidopsis_thaliana,high_confidence_IR
AT5G59580,AT5G59580.intron1,AT5G59580|5:24007123-24007211:-,5,24007123,24007211,-,AT5G59580.1,1,no,407,338,407,745,0.546308724832215,1,Arabidopsis_thaliana,high_confidence_IR
AT5G59662,AT5G59662.intron2,AT5G59662|5:24039273-24039349:-,5,24039273,24039349,-,AT5G59662.1,1,yes,725,9,682,734,0.987738419618529,0.940689655172414,Arabidopsis_thaliana,high_confidence_IR
AT5G59662,AT5G59662.intron1,AT5G59662|5:24040019-24040222:-,5,24040019,24040222,-,AT5G59662.2,1,yes,797,84,759,881,0.904653802497162,0.952321204516938,Arabidopsis_thaliana,high_confidence_IR
AT5G59732,AT5G59732.intron1,AT5G59732|5:24065295-24065392:+,5,24065295,24065392,+,AT5G59732.2,1,yes,22401,146,22401,22547,0.993524637424048,1,Arabidopsis_thaliana,high_confidence_IR
AT5G59760,AT5G59760.intron1,AT5G59760|5:24076288-24076376:-,5,24076288,24076376,-,AT5G59760.1,1,no,106,195,106,301,0.352159468438538,1,Arabidopsis_thaliana,high_confidence_IR
AT5G59930,AT5G59930.intron1,AT5G59930|5:24135294-24135416:+,5,24135294,24135416,+,AT5G59930.2,1,yes,292,168,292,460,0.634782608695652,1,Arabidopsis_thaliana,high_confidence_IR
AT5G59970,AT5G59970.intron1,AT5G59970|5:24146099-24146288:-,5,24146099,24146288,-,AT5G59970.2,1,yes,1103,20,1103,1123,0.982190560997329,1,Arabidopsis_thaliana,high_confidence_IR
AT5G60070,AT5G60070.intron1,AT5G60070|5:24192620-24192714:-,5,24192620,24192714,-,AT5G60070.1,1,no,107,199,103,306,0.349673202614379,0.962616822429907,Arabidopsis_thaliana,high_confidence_IR
AT5G60080,AT5G60080.intron4,AT5G60080|5:24193418-24193518:-,5,24193418,24193518,-,AT5G60080.1,1,no,24,91,24,115,0.208695652173913,1,Arabidopsis_thaliana,high_confidence_IR
AT5G60300,AT5G60300.intron2,AT5G60300|5:24267015-24267825:+,5,24267015,24267825,+,AT5G60300.3,1,yes,119,79,96,198,0.601010101010101,0.80672268907563,Arabidopsis_thaliana,high_confidence_IR
AT5G60440,AT5G60440.intron1,AT5G60440|5:24306653-24306944:+,5,24306653,24306944,+,AT5G60440.1,1,no,65,95,65,160,0.40625,1,Arabidopsis_thaliana,high_confidence_IR
AT5G60460,AT5G60460.intron1,AT5G60460|5:24317360-24317559:-,5,24317360,24317559,-,AT5G60460.2,1,yes,384,16,384,400,0.96,1,Arabidopsis_thaliana,high_confidence_IR
AT5G61010,AT5G61010.intron1,AT5G61010|5:24554052-24554155:+,5,24554052,24554155,+,AT5G61010.2,1,yes,4120,4987,4120,9107,0.452399253321621,1,Arabidopsis_thaliana,high_confidence_IR
AT5G61260,AT5G61260.intron1,AT5G61260|5:24636453-24637095:+,5,24636453,24637095,+,AT5G61260.2,1,yes,656,384,477,1040,0.630769230769231,0.727134146341463,Arabidopsis_thaliana,high_confidence_IR
AT5G61610,AT5G61610.intron1,AT5G61610|5:24770347-24770483:+,5,24770347,24770483,+,AT5G61610.1,1,no,228,518,190,746,0.305630026809651,0.833333333333333,Arabidopsis_thaliana,high_confidence_IR
AT5G61630,AT5G61630.intron1,AT5G61630|5:24774003-24774258:-,5,24774003,24774258,-,AT5G61630.1,1,no,49,72,49,121,0.40495867768595,1,Arabidopsis_thaliana,high_confidence_IR
AT5G61650,AT5G61650.intron1,AT5G61650|5:24778630-24778724:+,5,24778630,24778724,+,AT5G61650.1,1,no,440,1342,440,1782,0.246913580246914,1,Arabidopsis_thaliana,high_confidence_IR
AT5G61850,AT5G61850.intron1,AT5G61850|5:24844752-24845221:+,5,24844752,24845221,+,AT5G61850.1,1,yes,80,67,58,147,0.54421768707483,0.725,Arabidopsis_thaliana,high_confidence_IR
AT5G62065,AT5G62065.intron1,AT5G62065|5:24929560-24929637:+,5,24929560,24929637,+,AT5G62065.1,1,no,127,304,127,431,0.294663573085847,1,Arabidopsis_thaliana,high_confidence_IR
AT5G62140,AT5G62140.intron1,AT5G62140|5:24954845-24954932:-,5,24954845,24954932,-,AT5G62140.1,1,no,1920,5918,1920,7838,0.244960449094157,1,Arabidopsis_thaliana,high_confidence_IR
AT5G62160,AT5G62160.intron1,AT5G62160|5:24960719-24960807:+,5,24960719,24960807,+,AT5G62160.1,1,no,355,16,355,371,0.956873315363881,1,Arabidopsis_thaliana,high_confidence_IR
AT5G62280,AT5G62280.intron1,AT5G62280|5:25017222-25017331:+,5,25017222,25017331,+,AT5G62280.1,1,no,1547,5134,1547,6681,0.231552162849873,1,Arabidopsis_thaliana,high_confidence_IR
AT5G09120,AT5G09120.intron1,AT5G09120|5:25284179-25284295:+,5,25284179,25284295,+,AT5G09120.1,1,no,2884,8,2884,2892,0.997233748271093,1,Arabidopsis_thaliana,high_confidence_IR
AT5G63050,AT5G63050.intron2,AT5G63050|5:25292654-25293302:+,5,25292654,25293302,+,AT5G63050.2,1,yes,4015,275,3316,4290,0.935897435897436,0.825902864259029,Arabidopsis_thaliana,high_confidence_IR
AT5G63063,AT5G63063.intron2,AT5G63063|5:25297915-25298008:+,5,25297915,25298008,+,AT5G63063.1,1,no,12,19,11,31,0.387096774193548,0.916666666666667,Arabidopsis_thaliana,high_confidence_IR
AT5G63130,AT5G63130.intron1,AT5G63130|5:25323350-25323438:+,5,25323350,25323438,+,AT5G63130.1;AT5G63130.2,2,no,3569,3179,3479,6748,0.528897451096621,0.974782852339591,Arabidopsis_thaliana,high_confidence_IR
AT5G63130,AT5G63130.intron2,AT5G63130|5:25324276-25324364:+,5,25324276,25324364,+,AT5G63130.1,1,yes,1247,189,1187,1436,0.868384401114206,0.951884522854852,Arabidopsis_thaliana,high_confidence_IR
AT5G63300,AT5G63300.intron1,AT5G63300|5:25371538-25371617:+,5,25371538,25371617,+,AT5G63300.1,1,yes,479,307,479,786,0.60941475826972,1,Arabidopsis_thaliana,high_confidence_IR
AT5G63320,AT5G63320.intron1,AT5G63320|5:25378790-25379062:-,5,25378790,25379062,-,AT5G63320.3,1,yes,7715,1341,5423,9056,0.851921378091873,0.702916396629942,Arabidopsis_thaliana,high_confidence_IR
AT5G63440,AT5G63440.intron2,AT5G63440|5:25406475-25407028:+,5,25406475,25407028,+,AT5G63440.3,1,yes,1554,804,1105,2358,0.659033078880407,0.711068211068211,Arabidopsis_thaliana,high_confidence_IR
AT5G63770,AT5G63770.intron1,AT5G63770|5:25518791-25519218:+,5,25518791,25519218,+,AT5G63770.1,1,yes,1877,4320,1411,6197,0.30288849443279,0.751731486414491,Arabidopsis_thaliana,high_confidence_IR
AT5G63930,AT5G63930.intron1,AT5G63930|5:25582016-25583081:+,5,25582016,25583081,+,AT5G63930.2,1,yes,306,148,293,454,0.674008810572687,0.957516339869281,Arabidopsis_thaliana,high_confidence_IR
AT5G64080,AT5G64080.intron3,AT5G64080|5:25645618-25646000:-,5,25645618,25646000,-,AT5G64080.2,1,yes,4752,796,4428,5548,0.856524873828407,0.931818181818182,Arabidopsis_thaliana,high_confidence_IR
AT5G64572,AT5G64572.intron1,AT5G64572|5:25810805-25810874:+,5,25810805,25810874,+,AT5G64572.1,1,no,5372,1734,5372,7106,0.755980861244019,1,Arabidopsis_thaliana,high_confidence_IR
AT5G64820,AT5G64820.intron1,AT5G64820|5:25914198-25914284:-,5,25914198,25914284,-,AT5G64820.1,1,no,218,214,218,432,0.50462962962963,1,Arabidopsis_thaliana,high_confidence_IR
AT5G64870,AT5G64870.intron1,AT5G64870|5:25930852-25930944:-,5,25930852,25930944,-,AT5G64870.1,1,no,3071,3648,3071,6719,0.457062062806965,1,Arabidopsis_thaliana,high_confidence_IR
AT5G64890,AT5G64890.intron1,AT5G64890|5:25934802-25935171:+,5,25934802,25935171,+,AT5G64890.1,1,no,431,1656,431,2087,0.206516530905606,1,Arabidopsis_thaliana,high_confidence_IR
AT5G64960,AT5G64960.intron12,AT5G64960|5:25958892-25958982:+,5,25958892,25958982,+,AT5G64960.1;AT5G64960.2,2,no,394,167,375,561,0.702317290552585,0.951776649746193,Arabidopsis_thaliana,high_confidence_IR
AT5G65158,AT5G65158.intron1,AT5G65158|5:26030214-26030308:+,5,26030214,26030308,+,AT5G65158.1,1,no,282,145,282,427,0.660421545667447,1,Arabidopsis_thaliana,high_confidence_IR
AT5G65170,AT5G65170.intron1,AT5G65170|5:26041726-26041890:+,5,26041726,26041890,+,AT5G65170.2,1,yes,1132,80,1132,1212,0.933993399339934,1,Arabidopsis_thaliana,high_confidence_IR
AT5G65320,AT5G65320.intron2,AT5G65320|5:26107458-26107615:-,5,26107458,26107615,-,AT5G65320.1,1,yes,128,260,101,388,0.329896907216495,0.7890625,Arabidopsis_thaliana,high_confidence_IR
AT5G65370,AT5G65370.intron1,AT5G65370|5:26122157-26122310:+,5,26122157,26122310,+,AT5G65370.1,1,no,21,24,21,45,0.466666666666667,1,Arabidopsis_thaliana,high_confidence_IR
AT5G65400,AT5G65400.intron2,AT5G65400|5:26131984-26132080:+,5,26131984,26132080,+,AT5G65400.1;AT5G65400.2,2,no,2062,1828,1528,3890,0.530077120822622,0.741028128031038,Arabidopsis_thaliana,high_confidence_IR
AT5G65500,AT5G65500.intron8,AT5G65500|5:26181294-26181366:-,5,26181294,26181366,-,AT5G65500.1;AT5G65500.2,2,no,589,151,574,740,0.795945945945946,0.974533106960951,Arabidopsis_thaliana,high_confidence_IR
AT5G09395,AT5G09395.intron1,AT5G09395|5:26198146-26198524:+,5,26198146,26198524,+,AT5G09395.1,1,no,208,5,208,213,0.976525821596244,1,Arabidopsis_thaliana,high_confidence_IR
AT5G65683,AT5G65683.intron1,AT5G65683|5:26261874-26261952:+,5,26261874,26261952,+,AT5G65683.1,1,no,1385,3367,1385,4752,0.291456228956229,1,Arabidopsis_thaliana,high_confidence_IR
AT5G65720,AT5G65720.intron2,AT5G65720|5:26296503-26296579:+,5,26296503,26296579,+,AT5G65720.2,1,yes,19099,222,18961,19321,0.988509911495264,0.992774490811037,Arabidopsis_thaliana,high_confidence_IR
AT5G65920,AT5G65920.intron1,AT5G65920|5:26365688-26365777:-,5,26365688,26365777,-,AT5G65920.2,1,yes,3819,587,3819,4406,0.86677258284158,1,Arabidopsis_thaliana,high_confidence_IR
AT5G66000,AT5G66000.intron1,AT5G66000|5:26397241-26397352:-,5,26397241,26397352,-,AT5G66000.1,1,no,833,1543,833,2376,0.350589225589226,1,Arabidopsis_thaliana,high_confidence_IR
AT5G66220,AT5G66220.intron1,AT5G66220|5:26461280-26461353:+,5,26461280,26461353,+,AT5G66220.1,1,no,7,17,6,24,0.291666666666667,0.857142857142857,Arabidopsis_thaliana,high_confidence_IR
AT5G66650,AT5G66650.intron1,AT5G66650|5:26603639-26603726:-,5,26603639,26603726,-,AT5G66650.1,1,no,10640,17109,10640,27749,0.383437240981657,1,Arabidopsis_thaliana,high_confidence_IR
AT5G66800,AT5G66800.intron1,AT5G66800|5:26671928-26672059:+,5,26671928,26672059,+,AT5G66800.1,1,no,826,2383,826,3209,0.2574010595201,1,Arabidopsis_thaliana,high_confidence_IR
AT5G66880,AT5G66880.intron1,AT5G66880|5:26710335-26710419:+,5,26710335,26710419,+,AT5G66880.1,1,no,24,10,18,34,0.705882352941177,0.75,Arabidopsis_thaliana,high_confidence_IR
AT5G66980,AT5G66980.intron3,AT5G66980|5:26742430-26742520:+,5,26742430,26742520,+,AT5G66980.1,1,no,7,16,6,23,0.304347826086957,0.857142857142857,Arabidopsis_thaliana,high_confidence_IR
AT5G67010,AT5G67010.intron1,AT5G67010|5:26749252-26749321:-,5,26749252,26749321,-,AT5G67010.1,1,no,22,13,22,35,0.628571428571429,1,Arabidopsis_thaliana,high_confidence_IR
AT5G67060,AT5G67060.intron1,AT5G67060|5:26766216-26766311:+,5,26766216,26766311,+,AT5G67060.2,1,yes,1974,139,1974,2113,0.934216753431141,1,Arabidopsis_thaliana,high_confidence_IR
AT5G67100,AT5G67100.intron30,AT5G67100|5:26785128-26785287:+,5,26785128,26785287,+,AT5G67100.2,1,no,579,1511,504,2090,0.277033492822967,0.870466321243523,Arabidopsis_thaliana,high_confidence_IR
AT5G67120,AT5G67120.intron4,AT5G67120|5:26788091-26788463:-,5,26788091,26788463,-,AT5G67120.1,1,no,6,6,6,12,0.5,1,Arabidopsis_thaliana,high_confidence_IR
AT5G67265,AT5G67265.intron1,AT5G67265|5:26839685-26839815:-,5,26839685,26839815,-,AT5G67265.1,1,no,149,380,149,529,0.281663516068053,1,Arabidopsis_thaliana,high_confidence_IR
AT5G67410,AT5G67410.intron1,AT5G67410|5:26897473-26897847:-,5,26897473,26897847,-,AT5G67410.1,1,yes,194,491,194,685,0.283211678832117,1,Arabidopsis_thaliana,high_confidence_IR
AT5G67411,AT5G67411.intron1,AT5G67411|5:26898576-26898663:-,5,26898576,26898663,-,AT5G67411.1,1,no,113,49,113,162,0.697530864197531,1,Arabidopsis_thaliana,high_confidence_IR
AT5G67420,AT5G67420.intron2,AT5G67420|5:26905145-26905231:-,5,26905145,26905231,-,AT5G67420.1;AT5G67420.2,2,no,13400,36099,13384,49499,0.270712539647266,0.998805970149254,Arabidopsis_thaliana,high_confidence_IR
AT5G67420,AT5G67420.intron1,AT5G67420|5:26906025-26906451:-,5,26906025,26906451,-,AT5G67420.1,1,yes,159,70,151,229,0.694323144104803,0.949685534591195,Arabidopsis_thaliana,high_confidence_IR
AT5G67480,AT5G67480.intron1,AT5G67480|5:26932524-26933114:-,5,26932524,26933114,-,AT5G67480.3,1,yes,1660,1554,1240,3214,0.516490354698195,0.746987951807229,Arabidopsis_thaliana,high_confidence_IR
ATMG00285,ATMG00285.intron1,ATMG00285|Mt:80133-81112:-,Mt,80133,81112,-,ATMG00285.1,1,no,22,21,22,43,0.511627906976744,1,Arabidopsis_thaliana,high_confidence_IR
ATCG00030,ATCG00030.intron1,ATCG00030|Pt:1752-4311:-,Pt,1752,4311,-,ATCG00030.1,1,no,100524,34,100524,100558,0.999661886672368,1,Arabidopsis_thaliana,high_confidence_IR
ATCG00100,ATCG00100.intron1,ATCG00100|Pt:8670-9382:+,Pt,8670,9382,+,ATCG00100.1,1,no,1044288,2865,1044288,1047153,0.997264010130325,1,Arabidopsis_thaliana,high_confidence_IR
ATCG00180,ATCG00180.intron1,ATCG00180|Pt:21862-22652:-,Pt,21862,22652,-,ATCG00180.1,1,no,3384,6437,3384,9821,0.344567762956929,1,Arabidopsis_thaliana,high_confidence_IR
ATCG00400,ATCG00400.intron1,ATCG00400|Pt:46930-47440:+,Pt,46930,47440,+,ATCG00400.1,1,no,6902490,449,6902490,6902939,0.999934955241528,1,Arabidopsis_thaliana,high_confidence_IR
ATCG00890,ATCG00890.intron1,ATCG00890|Pt:95703-96387:-,Pt,95703,96387,-,ATCG00890.1,1,no,55,34,55,89,0.617977528089888,1,Arabidopsis_thaliana,high_confidence_IR
ATCG00905,ATCG00905.intron1,ATCG00905|Pt:98025-98561:-,Pt,98025,98561,-,ATCG00905.1,1,no,242,342,242,584,0.414383561643836,1,Arabidopsis_thaliana,high_confidence_IR
ATCG01100,ATCG01100.intron1,ATCG01100|Pt:120377-121456:-,Pt,120377,121456,-,ATCG01100.1,1,no,6488,15405,6488,21893,0.296350431644818,1,Arabidopsis_thaliana,high_confidence_IR
ATCG01230,ATCG01230.intron1,ATCG01230|Pt:140088-140624:+,Pt,140088,140624,+,ATCG01230.1,1,no,238,387,238,625,0.3808,1,Arabidopsis_thaliana,high_confidence_IR
ATCG01250,ATCG01250.intron1,ATCG01250|Pt:142262-142946:+,Pt,142262,142946,+,ATCG01250.1,1,no,46,58,46,104,0.442307692307692,1,Arabidopsis_thaliana,high_confidence_IR
ATCG01310,ATCG01310.intron1,ATCG01310|Pt:153196-153877:+,Pt,153196,153877,+,ATCG01310.1,1,no,69,179,69,248,0.278225806451613,1,Arabidopsis_thaliana,high_confidence_IR
