gene_id,intron_id,intron_uid,chromosome,start,end,strand,supporting_transcripts,anchor_count,exon_overlap_warning,protocol,N_retained,N_spliced,N_specific,N_informative,IR_ratio,IR_specificity,species,IR_class
GLYMA_01G001100,GLYMA_01G001100.intron4,GLYMA_01G001100|1:208102-212611:+,1,208102,212611,+,KRH74131,1,yes,FLEP-seq;Iso-seq;ONT;ONT cDNA-seq,614,177,481,791,0.776232616940582,0.783387622149837,Glycine_max,high_confidence_IR
GLYMA_01G003100,GLYMA_01G003100.intron2,GLYMA_01G003100|1:370186-371789:+,1,370186,371789,+,KRH74156,1,yes,FLEP-seq;Iso-seq;ONT;ONT cDNA-seq,1219,43,1148,1262,0.965927099841521,0.941755537325677,Glycine_max,high_confidence_IR
GLYMA_01G005500,GLYMA_01G005500.intron4,GLYMA_01G005500|1:547479-548595:+,1,547479,548595,+,KRH74201;KRH74202,2,yes,FLEP-seq;Iso-seq;ONT;ONT cDNA-seq,79,94,60,173,0.456647398843931,0.759493670886076,Glycine_max,high_confidence_IR
GLYMA_01G011400,GLYMA_01G011400.intron2,GLYMA_01G011400|1:1088742-1088881:+,1,1088742,1088881,+,KRH74306,1,no,FLEP-seq;Iso-seq;ONT;ONT cDNA-seq,126,120,94,246,0.51219512195122,0.746031746031746,Glycine_max,high_confidence_IR
GLYMA_01G012700,GLYMA_01G012700.intron2,GLYMA_01G012700|1:1211968-1212095:+,1,1211968,1212095,+,KRH74320,1,no,FLEP-seq;Iso-seq;ONT;ONT cDNA-seq,405,120,381,525,0.771428571428571,0.940740740740741,Glycine_max,high_confidence_IR
GLYMA_01G013600,GLYMA_01G013600.intron7,GLYMA_01G013600|1:1307877-1311147:-,1,1307877,1311147,-,KRH74329,1,yes,FLEP-seq;Iso-seq;ONT;ONT cDNA-seq,387,24,280,411,0.941605839416058,0.723514211886305,Glycine_max,high_confidence_IR
GLYMA_01G016200,GLYMA_01G016200.intron1,GLYMA_01G016200|1:1554167-1554874:-,1,1554167,1554874,-,KRH74390,1,no,FLEP-seq;Iso-seq;ONT;ONT cDNA-seq,71,218,71,289,0.245674740484429,1,Glycine_max,high_confidence_IR
GLYMA_01G017800,GLYMA_01G017800.intron1,GLYMA_01G017800|1:1723018-1723121:+,1,1723018,1723121,+,KRH74409,1,yes,FLEP-seq;Iso-seq;ONT;ONT cDNA-seq,1332,72,1332,1404,0.948717948717949,1,Glycine_max,high_confidence_IR
GLYMA_01G019700,GLYMA_01G019700.intron3,GLYMA_01G019700|1:1941536-1941656:-,1,1941536,1941656,-,KRH74439,1,yes,FLEP-seq;Iso-seq;ONT;ONT cDNA-seq,1162,82,944,1244,0.934083601286174,0.812392426850258,Glycine_max,high_confidence_IR
GLYMA_01G025000,GLYMA_01G025000.intron1,GLYMA_01G025000|1:2559089-2559374:-,1,2559089,2559374,-,KRH74513,1,no,FLEP-seq;Iso-seq;ONT;ONT cDNA-seq,11,11,11,22,0.5,1,Glycine_max,high_confidence_IR
GLYMA_01G025500,GLYMA_01G025500.intron1,GLYMA_01G025500|1:2701706-2701792:-,1,2701706,2701792,-,KRH74518,1,yes,FLEP-seq;Iso-seq;ONT;ONT cDNA-seq,858,15,617,873,0.982817869415808,0.719114219114219,Glycine_max,high_confidence_IR
GLYMA_01G027600,GLYMA_01G027600.intron3,GLYMA_01G027600|1:2886295-2886396:-,1,2886295,2886396,-,KRH74548,1,no,FLEP-seq;Iso-seq;ONT;ONT cDNA-seq,13,6,13,19,0.684210526315789,1,Glycine_max,high_confidence_IR
GLYMA_01G029700,GLYMA_01G029700.intron1,GLYMA_01G029700|1:3141233-3141361:-,1,3141233,3141361,-,KRH74581,1,no,FLEP-seq;Iso-seq;ONT;ONT cDNA-seq,146,8,146,154,0.948051948051948,1,Glycine_max,high_confidence_IR
GLYMA_01G031400,GLYMA_01G031400.intron1,GLYMA_01G031400|1:3265220-3266383:+,1,3265220,3266383,+,KRH74611,1,yes,FLEP-seq;Iso-seq;ONT;ONT cDNA-seq,1481,567,1071,2048,0.723144531,0.723160027008778,Glycine_max,high_confidence_IR
GLYMA_01G032800,GLYMA_01G032800.intron1,GLYMA_01G032800|1:3440464-3440752:+,1,3440464,3440752,+,KRH74631,1,no,FLEP-seq;Iso-seq;ONT;ONT cDNA-seq,7,6,7,13,0.538461538461538,1,Glycine_max,high_confidence_IR
GLYMA_01G033400,GLYMA_01G033400.intron1,GLYMA_01G033400|1:3504863-3505445:+,1,3504863,3505445,+,KRH74637,1,no,FLEP-seq;Iso-seq;ONT;ONT cDNA-seq,116,425,116,541,0.214417744916821,1,Glycine_max,high_confidence_IR
GLYMA_01G038200,GLYMA_01G038200.intron1,GLYMA_01G038200|1:4045241-4045386:-,1,4045241,4045386,-,KRH74714,1,no,FLEP-seq;Iso-seq;ONT;ONT cDNA-seq,72,10,72,82,0.878048780487805,1,Glycine_max,high_confidence_IR
GLYMA_01G042800,GLYMA_01G042800.intron10,GLYMA_01G042800|1:4673752-4674263:-,1,4673752,4674263,-,KRH74783,1,yes,FLEP-seq;Iso-seq;ONT;ONT cDNA-seq,4734,11,3335,4745,0.99768177028451,0.704478242501056,Glycine_max,high_confidence_IR
GLYMA_01G045300,GLYMA_01G045300.intron2,GLYMA_01G045300|1:5134881-5135039:+,1,5134881,5135039,+,KRH74831,1,yes,FLEP-seq;Iso-seq;ONT;ONT cDNA-seq,91,202,71,293,0.310580204778157,0.78021978021978,Glycine_max,high_confidence_IR
GLYMA_01G045800,GLYMA_01G045800.intron1,GLYMA_01G045800|1:5281116-5281283:-,1,5281116,5281283,-,KRH74838,1,yes,FLEP-seq;Iso-seq;ONT;ONT cDNA-seq,394,172,366,566,0.696113074204947,0.928934010152284,Glycine_max,high_confidence_IR
GLYMA_01G046200,GLYMA_01G046200.intron3,GLYMA_01G046200|1:5329900-5330523:-,1,5329900,5330523,-,KRH74844,1,yes,FLEP-seq;Iso-seq;ONT;ONT cDNA-seq,2470,236,2143,2706,0.912786400591279,0.867611336032389,Glycine_max,high_confidence_IR
GLYMA_01G048600,GLYMA_01G048600.intron2,GLYMA_01G048600|1:5669191-5669657:-,1,5669191,5669657,-,KRH74876,1,no,FLEP-seq;Iso-seq;ONT;ONT cDNA-seq,95,5,88,100,0.95,0.926315789473684,Glycine_max,high_confidence_IR
GLYMA_01G049600,GLYMA_01G049600.intron1,GLYMA_01G049600|1:5815577-5815774:-,1,5815577,5815774,-,KRH74887,1,no,FLEP-seq;Iso-seq;ONT;ONT cDNA-seq,5,7,4,12,0.416666666666667,0.8,Glycine_max,high_confidence_IR
GLYMA_01G053400,GLYMA_01G053400.intron1,GLYMA_01G053400|1:6755356-6757915:+,1,6755356,6757915,+,KRH74945,1,no,FLEP-seq;Iso-seq;ONT;ONT cDNA-seq,68,19,68,87,0.781609195402299,1,Glycine_max,high_confidence_IR
GLYMA_01G054000,GLYMA_01G054000.intron2,GLYMA_01G054000|1:6957064-6957579:-,1,6957064,6957579,-,KRH74953,1,yes,FLEP-seq;Iso-seq;ONT;ONT cDNA-seq,4911,201,4695,5112,0.960680751173709,0.956017104459377,Glycine_max,high_confidence_IR
GLYMA_01G054300,GLYMA_01G054300.intron2,GLYMA_01G054300|1:6998244-6999348:+,1,6998244,6999348,+,KRH74966,1,yes,FLEP-seq;Iso-seq;ONT;ONT cDNA-seq,585,24,417,609,0.960591133004926,0.712820512820513,Glycine_max,high_confidence_IR
GLYMA_01G055700,GLYMA_01G055700.intron1,GLYMA_01G055700|1:7213152-7213254:-,1,7213152,7213254,-,KRH74995;KRH74996,2,no,FLEP-seq;Iso-seq;ONT;ONT cDNA-seq,190,238,190,428,0.44392523364486,1,Glycine_max,high_confidence_IR
GLYMA_01G061900,GLYMA_01G061900.intron1,GLYMA_01G061900|1:8562208-8562281:+,1,8562208,8562281,+,KRH75086,1,no,FLEP-seq;Iso-seq;ONT;ONT cDNA-seq,6,5,6,11,0.545454545454545,1,Glycine_max,high_confidence_IR
GLYMA_01G064400,GLYMA_01G064400.intron1,GLYMA_01G064400|1:9630136-9630264:-,1,9630136,9630264,-,KRH75131,1,yes,FLEP-seq;Iso-seq;ONT;ONT cDNA-seq,1020,69,901,1089,0.9366391184573,0.883333333333333,Glycine_max,high_confidence_IR
GLYMA_01G079600,GLYMA_01G079600.intron3,GLYMA_01G079600|1:21211061-21211458:-,1,21211061,21211458,-,KRH75352,1,no,FLEP-seq;Iso-seq;ONT;ONT cDNA-seq,25,64,18,89,0.280898876404494,0.72,Glycine_max,high_confidence_IR
GLYMA_01G082700,GLYMA_01G082700.intron1,GLYMA_01G082700|1:24096131-24096504:+,1,24096131,24096504,+,KRH75392,1,no,FLEP-seq;Iso-seq;ONT;ONT cDNA-seq,237,307,228,544,0.435661764705882,0.962025316455696,Glycine_max,high_confidence_IR
GLYMA_01G088500,GLYMA_01G088500.intron1,GLYMA_01G088500|1:26853380-26854369:-,1,26853380,26854369,-,KRH75502,1,no,FLEP-seq;Iso-seq;ONT;ONT cDNA-seq,41,91,41,132,0.310606060606061,1,Glycine_max,high_confidence_IR
GLYMA_01G089200,GLYMA_01G089200.intron5,GLYMA_01G089200|1:27012644-27012723:+,1,27012644,27012723,+,KRH75511,1,no,FLEP-seq;Iso-seq;ONT;ONT cDNA-seq,114,34,87,148,0.77027027027027,0.763157894736842,Glycine_max,high_confidence_IR
GLYMA_01G089900,GLYMA_01G089900.intron5,GLYMA_01G089900|1:27180358-27181607:-,1,27180358,27181607,-,KRH75527,1,yes,FLEP-seq;Iso-seq;ONT;ONT cDNA-seq,1273,22,928,1295,0.983011583011583,0.728986645718775,Glycine_max,high_confidence_IR
GLYMA_01G090100,GLYMA_01G090100.intron1,GLYMA_01G090100|1:27238450-27239510:+,1,27238450,27239510,+,KRH75531,1,no,FLEP-seq;Iso-seq;ONT;ONT cDNA-seq,11,25,8,36,0.305555555555556,0.727272727272727,Glycine_max,high_confidence_IR
GLYMA_01G099000,GLYMA_01G099000.intron1,GLYMA_01G099000|1:32999046-32999417:+,1,32999046,32999417,+,KRH75651,1,no,FLEP-seq;Iso-seq;ONT;ONT cDNA-seq,56,21,40,77,0.727272727272727,0.714285714285714,Glycine_max,high_confidence_IR
GLYMA_01G112700,GLYMA_01G112700.intron1,GLYMA_01G112700|1:38402560-38402667:+,1,38402560,38402667,+,KRH75829,1,yes,FLEP-seq;Iso-seq;ONT;ONT cDNA-seq,76,11,75,87,0.873563218390805,0.986842105263158,Glycine_max,high_confidence_IR
GLYMA_01G117200,GLYMA_01G117200.intron1,GLYMA_01G117200|1:40497888-40498363:-,1,40497888,40498363,-,KRH75895,1,no,FLEP-seq;Iso-seq;ONT;ONT cDNA-seq,23,85,23,108,0.212962962962963,1,Glycine_max,high_confidence_IR
GLYMA_01G119100,GLYMA_01G119100.intron2,GLYMA_01G119100|1:40904992-40905526:-,1,40904992,40905526,-,KRH75943,1,no,FLEP-seq;Iso-seq;ONT;ONT cDNA-seq,221,40,220,261,0.846743295019157,0.995475113122172,Glycine_max,high_confidence_IR
GLYMA_01G122300,GLYMA_01G122300.intron2,GLYMA_01G122300|1:42018748-42019343:-,1,42018748,42019343,-,KRH75984,1,no,FLEP-seq;Iso-seq;ONT;ONT cDNA-seq,63,10,56,73,0.863013698630137,0.888888888888889,Glycine_max,high_confidence_IR
GLYMA_01G130400,GLYMA_01G130400.intron2,GLYMA_01G130400|1:44553002-44553148:-,1,44553002,44553148,-,KRH76087,1,no,FLEP-seq;Iso-seq;ONT;ONT cDNA-seq,7,11,5,18,0.388888888888889,0.714285714285714,Glycine_max,high_confidence_IR
GLYMA_01G141100,GLYMA_01G141100.intron1,GLYMA_01G141100|1:47119021-47119434:+,1,47119021,47119434,+,KRH76237,1,yes,FLEP-seq;Iso-seq;ONT;ONT cDNA-seq,104,59,104,163,0.638036809815951,1,Glycine_max,high_confidence_IR
GLYMA_01G145700,GLYMA_01G145700.intron2,GLYMA_01G145700|1:48067074-48068295:-,1,48067074,48068295,-,KRH76317,1,no,FLEP-seq;Iso-seq;ONT;ONT cDNA-seq,94,34,88,128,0.734375,0.936170212765957,Glycine_max,high_confidence_IR
GLYMA_01G148500,GLYMA_01G148500.intron4,GLYMA_01G148500|1:48560589-48560824:-,1,48560589,48560824,-,KRH76366,1,yes,FLEP-seq;Iso-seq;ONT;ONT cDNA-seq,5611,28,4206,5639,0.995034580599397,0.749599001960435,Glycine_max,high_confidence_IR
GLYMA_01G149100,GLYMA_01G149100.intron1,GLYMA_01G149100|1:48607989-48608367:-,1,48607989,48608367,-,KRH76378,1,no,FLEP-seq;Iso-seq;ONT;ONT cDNA-seq,14,11,14,25,0.56,1,Glycine_max,high_confidence_IR
GLYMA_01G149800,GLYMA_01G149800.intron4,GLYMA_01G149800|1:48704530-48705130:+,1,48704530,48705130,+,KRH76389;KRH76390;KRH76393,3,yes,FLEP-seq;Iso-seq;ONT;ONT cDNA-seq,47,145,42,192,0.244791666666667,0.893617021276596,Glycine_max,high_confidence_IR
GLYMA_01G149900,GLYMA_01G149900.intron1,GLYMA_01G149900|1:48707486-48708349:-,1,48707486,48708349,-,KRH76394,1,no,FLEP-seq;Iso-seq;ONT;ONT cDNA-seq,327,989,327,1316,0.248480243161094,1,Glycine_max,high_confidence_IR
GLYMA_01G150300,GLYMA_01G150300.intron1,GLYMA_01G150300|1:48728025-48728440:+,1,48728025,48728440,+,KRH76403,1,yes,FLEP-seq;Iso-seq;ONT;ONT cDNA-seq,49,7,49,56,0.875,1,Glycine_max,high_confidence_IR
GLYMA_01G152700,GLYMA_01G152700.intron2,GLYMA_01G152700|1:48963693-48965011:+,1,48963693,48965011,+,KRH76448;KRH76449,2,yes,FLEP-seq;Iso-seq;ONT;ONT cDNA-seq,403,27,338,430,0.937209302325581,0.838709677419355,Glycine_max,high_confidence_IR
GLYMA_01G153000,GLYMA_01G153000.intron2,GLYMA_01G153000|1:49017587-49017661:+,1,49017587,49017661,+,KRH76453,1,yes,FLEP-seq;Iso-seq;ONT;ONT cDNA-seq,207,21,150,228,0.907894736842105,0.72463768115942,Glycine_max,high_confidence_IR
GLYMA_01G168300,GLYMA_01G168300.intron1,GLYMA_01G168300|1:50601298-50602772:-,1,50601298,50602772,-,KRH76687,1,no,FLEP-seq;Iso-seq;ONT;ONT cDNA-seq,11,16,10,27,0.407407407407407,0.909090909090909,Glycine_max,high_confidence_IR
GLYMA_01G169000,GLYMA_01G169000.intron5,GLYMA_01G169000|1:50653808-50653882:+,1,50653808,50653882,+,KRH76700,1,yes,FLEP-seq;Iso-seq;ONT;ONT cDNA-seq,4756,271,3942,5027,0.94609110801671,0.828847771236333,Glycine_max,high_confidence_IR
GLYMA_01G169600,GLYMA_01G169600.intron8,GLYMA_01G169600|1:50706732-50706883:-,1,50706732,50706883,-,KRH76709,1,yes,FLEP-seq;Iso-seq;ONT;ONT cDNA-seq,157,19,116,176,0.892045454545455,0.738853503184713,Glycine_max,high_confidence_IR
GLYMA_01G174900,GLYMA_01G174900.intron1,GLYMA_01G174900|1:51147267-51147347:+,1,51147267,51147347,+,KRH76795,1,no,FLEP-seq;Iso-seq;ONT;ONT cDNA-seq,308,1148,275,1456,0.211538461538462,0.892857142857143,Glycine_max,high_confidence_IR
GLYMA_01G175400,GLYMA_01G175400.intron1,GLYMA_01G175400|1:51191752-51194187:+,1,51191752,51194187,+,KRH76801,1,no,FLEP-seq;Iso-seq;ONT;ONT cDNA-seq,118,156,118,274,0.430656934306569,1,Glycine_max,high_confidence_IR
GLYMA_01G176900,GLYMA_01G176900.intron2,GLYMA_01G176900|1:51349501-51350017:-,1,51349501,51350017,-,KRH76835;KRH76836,2,yes,FLEP-seq;Iso-seq;ONT;ONT cDNA-seq,225,133,203,358,0.628491620111732,0.902222222222222,Glycine_max,high_confidence_IR
GLYMA_01G178500,GLYMA_01G178500.intron1,GLYMA_01G178500|1:51466323-51467326:+,1,51466323,51467326,+,KRH76874;KRH76875,2,no,FLEP-seq;Iso-seq;ONT;ONT cDNA-seq,783,893,783,1676,0.467183770883055,1,Glycine_max,high_confidence_IR
GLYMA_01G180900,GLYMA_01G180900.intron1,GLYMA_01G180900|1:51702437-51702769:-,1,51702437,51702769,-,KRH76912,1,no,FLEP-seq;Iso-seq;ONT;ONT cDNA-seq,26,10,26,36,0.722222222222222,1,Glycine_max,high_confidence_IR
GLYMA_01G181900,GLYMA_01G181900.intron1,GLYMA_01G181900|1:51765583-51769499:+,1,51765583,51769499,+,KRH76923,1,no,FLEP-seq;Iso-seq;ONT;ONT cDNA-seq,42,87,42,129,0.325581395348837,1,Glycine_max,high_confidence_IR
GLYMA_01G182700,GLYMA_01G182700.intron1,GLYMA_01G182700|1:51814588-51822322:+,1,51814588,51822322,+,KRH76932,1,no,FLEP-seq;Iso-seq;ONT;ONT cDNA-seq,175,26,175,201,0.870646766169154,1,Glycine_max,high_confidence_IR
GLYMA_01G184400,GLYMA_01G184400.intron1,GLYMA_01G184400|1:51967605-51967691:+,1,51967605,51967691,+,KRH76963,1,no,FLEP-seq;Iso-seq;ONT;ONT cDNA-seq,377,507,284,884,0.426470588235294,0.753315649867374,Glycine_max,high_confidence_IR
GLYMA_01G186500,GLYMA_01G186500.intron1,GLYMA_01G186500|1:52183908-52183976:+,1,52183908,52183976,+,KRH77005,1,no,FLEP-seq;Iso-seq;ONT;ONT cDNA-seq,22,5,22,27,0.814814814814815,1,Glycine_max,high_confidence_IR
GLYMA_01G192400,GLYMA_01G192400.intron1,GLYMA_01G192400|1:52672402-52672485:-,1,52672402,52672485,-,KRH77101;KRH77102;KRH77103;KRH77104,4,no,FLEP-seq;Iso-seq;ONT;ONT cDNA-seq,86,175,86,261,0.329501915708812,1,Glycine_max,high_confidence_IR
GLYMA_01G192500,GLYMA_01G192500.intron2,GLYMA_01G192500|1:52683340-52683466:+,1,52683340,52683466,+,KRH77106;KRH77107,2,no,FLEP-seq;Iso-seq;ONT;ONT cDNA-seq,309,834,218,1143,0.270341207349081,0.705501618122977,Glycine_max,high_confidence_IR
GLYMA_01G194900,GLYMA_01G194900.intron2,GLYMA_01G194900|1:52914121-52914610:+,1,52914121,52914610,+,KRH77152,1,yes,FLEP-seq;Iso-seq;ONT;ONT cDNA-seq,574,132,458,706,0.813031161473088,0.797909407665505,Glycine_max,high_confidence_IR
GLYMA_01G198200,GLYMA_01G198200.intron1,GLYMA_01G198200|1:53216800-53217261:-,1,53216800,53217261,-,KRH77196,1,no,FLEP-seq;Iso-seq;ONT;ONT cDNA-seq,31,90,31,121,0.256198347107438,1,Glycine_max,high_confidence_IR
GLYMA_01G198300,GLYMA_01G198300.intron1,GLYMA_01G198300|1:53218470-53218679:-,1,53218470,53218679,-,KRH77197,1,no,FLEP-seq;Iso-seq;ONT;ONT cDNA-seq,82,56,82,138,0.594202898550725,1,Glycine_max,high_confidence_IR
GLYMA_01G201300,GLYMA_01G201300.intron2,GLYMA_01G201300|1:53478177-53478601:+,1,53478177,53478601,+,KRH77244,1,no,FLEP-seq;Iso-seq;ONT;ONT cDNA-seq,74,246,71,320,0.23125,0.959459459459459,Glycine_max,high_confidence_IR
GLYMA_01G201400,GLYMA_01G201400.intron1,GLYMA_01G201400|1:53479914-53479992:+,1,53479914,53479992,+,KRH77245,1,no,FLEP-seq;Iso-seq;ONT;ONT cDNA-seq,96,78,79,174,0.551724137931034,0.822916666666667,Glycine_max,high_confidence_IR
GLYMA_01G201600,GLYMA_01G201600.intron1,GLYMA_01G201600|1:53488095-53488850:+,1,53488095,53488850,+,KRH77247,1,no,FLEP-seq;Iso-seq;ONT;ONT cDNA-seq,24688,106,24688,24794,0.995724772122288,1,Glycine_max,high_confidence_IR
GLYMA_01G204700,GLYMA_01G204700.intron2,GLYMA_01G204700|1:53740483-53740712:-,1,53740483,53740712,-,KRH77295,1,no,FLEP-seq;Iso-seq;ONT;ONT cDNA-seq,9,16,7,25,0.36,0.777777777777778,Glycine_max,high_confidence_IR
GLYMA_01G210100,GLYMA_01G210100.intron4,GLYMA_01G210100|1:54150784-54150886:+,1,54150784,54150886,+,KRH77373;KRH77374;KRH77375,3,no,FLEP-seq;Iso-seq;ONT;ONT cDNA-seq,12,45,10,57,0.210526315789474,0.833333333333333,Glycine_max,high_confidence_IR
GLYMA_01G212100,GLYMA_01G212100.intron2,GLYMA_01G212100|1:54367014-54367160:+,1,54367014,54367160,+,KRH77414,1,yes,FLEP-seq;Iso-seq;ONT;ONT cDNA-seq,907,54,860,961,0.943808532778356,0.948180815876516,Glycine_max,high_confidence_IR
GLYMA_01G212900,GLYMA_01G212900.intron2,GLYMA_01G212900|1:54423391-54423473:+,1,54423391,54423473,+,KRH77428,1,no,FLEP-seq;Iso-seq;ONT;ONT cDNA-seq,200,63,155,263,0.760456273764259,0.775,Glycine_max,high_confidence_IR
GLYMA_01G213300,GLYMA_01G213300.intron3,GLYMA_01G213300|1:54467245-54468561:-,1,54467245,54468561,-,KRH77433,1,yes,FLEP-seq;Iso-seq;ONT;ONT cDNA-seq,540,114,383,654,0.825688073394495,0.709259259259259,Glycine_max,high_confidence_IR
GLYMA_01G218300,GLYMA_01G218300.intron3,GLYMA_01G218300|1:54841347-54841508:+,1,54841347,54841508,+,KRH77519,1,yes,FLEP-seq;Iso-seq;ONT;ONT cDNA-seq,2514,21,2093,2535,0.991715976331361,0.832537788385044,Glycine_max,high_confidence_IR
GLYMA_01G219500,GLYMA_01G219500.intron1,GLYMA_01G219500|1:54901443-54901578:+,1,54901443,54901578,+,KRH77534,1,no,FLEP-seq;Iso-seq;ONT;ONT cDNA-seq,2588,12,2515,2600,0.995384615384615,0.971792890262751,Glycine_max,high_confidence_IR
GLYMA_01G221700,GLYMA_01G221700.intron6,GLYMA_01G221700|1:55085452-55085542:+,1,55085452,55085542,+,KRH77576;KRH77577,2,no,FLEP-seq;Iso-seq;ONT;ONT cDNA-seq,180,133,164,313,0.575079872204473,0.911111111111111,Glycine_max,high_confidence_IR
GLYMA_01G225300,GLYMA_01G225300.intron4,GLYMA_01G225300|1:55410787-55412526:-,1,55410787,55412526,-,KRH77643;KRH77644,2,no,FLEP-seq;Iso-seq;ONT;ONT cDNA-seq,1299,1443,1153,2742,0.473741794310722,0.887605850654349,Glycine_max,high_confidence_IR
GLYMA_01G230300,GLYMA_01G230300.intron5,GLYMA_01G230300|1:55780172-55780278:-,1,55780172,55780278,-,KRH77724,1,yes,FLEP-seq;Iso-seq;ONT;ONT cDNA-seq,486,17,418,503,0.966202783300199,0.860082304526749,Glycine_max,high_confidence_IR
GLYMA_01G230400,GLYMA_01G230400.intron1,GLYMA_01G230400|1:55783672-55784865:+,1,55783672,55784865,+,KRH77726;KRH77727;KRH77728,3,no,FLEP-seq;Iso-seq;ONT;ONT cDNA-seq,174,197,158,371,0.46900269541779,0.908045977011494,Glycine_max,high_confidence_IR
GLYMA_01G233000,GLYMA_01G233000.intron1,GLYMA_01G233000|1:55942097-55943392:-,1,55942097,55943392,-,KRH77766,1,no,FLEP-seq;Iso-seq;ONT;ONT cDNA-seq,395,281,395,676,0.584319526627219,1,Glycine_max,high_confidence_IR
GLYMA_01G237200,GLYMA_01G237200.intron4,GLYMA_01G237200|1:56225857-56226004:+,1,56225857,56226004,+,KRH77845,1,yes,FLEP-seq;Iso-seq;ONT;ONT cDNA-seq,1821,34,1395,1855,0.98167115902965,0.766062602965404,Glycine_max,high_confidence_IR
GLYMA_01G237400,GLYMA_01G237400.intron2,GLYMA_01G237400|1:56235104-56235204:-,1,56235104,56235204,-,KRH77849,1,no,FLEP-seq;Iso-seq;ONT;ONT cDNA-seq,99,241,77,340,0.291176470588235,0.777777777777778,Glycine_max,high_confidence_IR
GLYMA_01G237600,GLYMA_01G237600.intron1,GLYMA_01G237600|1:56244087-56244241:-,1,56244087,56244241,-,KRH77851,1,no,FLEP-seq;Iso-seq;ONT;ONT cDNA-seq,6,19,6,25,0.24,1,Glycine_max,high_confidence_IR
GLYMA_01G241800,GLYMA_01G241800.intron1,GLYMA_01G241800|1:56556765-56557257:+,1,56556765,56557257,+,KRH77917,1,no,FLEP-seq;Iso-seq;ONT;ONT cDNA-seq,8,18,8,26,0.307692307692308,1,Glycine_max,high_confidence_IR
GLYMA_01G242100,GLYMA_01G242100.intron4,GLYMA_01G242100|1:56568181-56568344:-,1,56568181,56568344,-,KRH77925,1,yes,FLEP-seq;Iso-seq;ONT;ONT cDNA-seq,196,46,183,242,0.809917355371901,0.933673469387755,Glycine_max,high_confidence_IR
GLYMA_01G242900,GLYMA_01G242900.intron1,GLYMA_01G242900|1:56609634-56610413:-,1,56609634,56610413,-,KRH77936,1,no,FLEP-seq;Iso-seq;ONT;ONT cDNA-seq,8779,11,8446,8790,0.998748577929465,0.962068572730379,Glycine_max,high_confidence_IR
GLYMA_01G243300,GLYMA_01G243300.intron2,GLYMA_01G243300|1:56621536-56622227:-,1,56621536,56622227,-,KRH77942,1,yes,FLEP-seq;Iso-seq;ONT;ONT cDNA-seq,3595,49,3581,3644,0.98655323819978,0.996105702364395,Glycine_max,high_confidence_IR
GLYMA_01G245100,GLYMA_01G245100.intron7,GLYMA_01G245100|1:56740089-56740829:-,1,56740089,56740829,-,KRH77971,1,yes,FLEP-seq;Iso-seq;ONT;ONT cDNA-seq,553,488,458,1041,0.531219980787704,0.828209764918626,Glycine_max,high_confidence_IR
GLYMA_10G000100,GLYMA_10G000100.intron1,GLYMA_10G000100|10:7060-7599:-,10,7060,7599,-,KRH31608,1,no,FLEP-seq;Iso-seq;ONT;ONT cDNA-seq,40,9,40,49,0.816326530612245,1,Glycine_max,high_confidence_IR
GLYMA_10G000600,GLYMA_10G000600.intron2,GLYMA_10G000600|10:85819-87286:-,10,85819,87286,-,KRH31614,1,no,FLEP-seq;Iso-seq;ONT;ONT cDNA-seq,186,537,153,723,0.257261410788382,0.82258064516129,Glycine_max,high_confidence_IR
GLYMA_10G002900,GLYMA_10G002900.intron3,GLYMA_10G002900|10:299680-300131:+,10,299680,300131,+,KRH31647,1,no,FLEP-seq;Iso-seq;ONT;ONT cDNA-seq,54,81,42,135,0.4,0.777777777777778,Glycine_max,high_confidence_IR
GLYMA_10G009800,GLYMA_10G009800.intron1,GLYMA_10G009800|10:917688-918460:-,10,917688,918460,-,KRH31748,1,yes,FLEP-seq;Iso-seq;ONT;ONT cDNA-seq,2460,243,1746,2703,0.910099889012209,0.709756097560976,Glycine_max,high_confidence_IR
GLYMA_10G009900,GLYMA_10G009900.intron1,GLYMA_10G009900|10:926653-926862:+,10,926653,926862,+,KRH31754,1,yes,FLEP-seq;Iso-seq;ONT;ONT cDNA-seq,2343,1079,1730,3422,0.68468731735827,0.738369611609048,Glycine_max,high_confidence_IR
GLYMA_10G011500,GLYMA_10G011500.intron1,GLYMA_10G011500|10:1081174-1083279:+,10,1081174,1083279,+,KRH31777,1,no,FLEP-seq;Iso-seq;ONT;ONT cDNA-seq,7,17,7,24,0.291666666666667,1,Glycine_max,high_confidence_IR
GLYMA_10G011900,GLYMA_10G011900.intron3,GLYMA_10G011900|10:1104140-1105020:+,10,1104140,1105020,+,KRH31782,1,yes,FLEP-seq;Iso-seq;ONT;ONT cDNA-seq,953,16,846,969,0.983488132094943,0.887722980062959,Glycine_max,high_confidence_IR
GLYMA_10G018300,GLYMA_10G018300.intron4,GLYMA_10G018300|10:1593639-1596133:+,10,1593639,1596133,+,KRH31871,1,yes,FLEP-seq;Iso-seq;ONT;ONT cDNA-seq,942,20,696,962,0.979209979209979,0.738853503184713,Glycine_max,high_confidence_IR
GLYMA_10G018700,GLYMA_10G018700.intron2,GLYMA_10G018700|10:1625101-1625177:-,10,1625101,1625177,-,KRH31877,1,yes,FLEP-seq;Iso-seq;ONT;ONT cDNA-seq,1680,5507,1555,7187,0.233755391679421,0.925595238095238,Glycine_max,high_confidence_IR
GLYMA_10G021400,GLYMA_10G021400.intron2,GLYMA_10G021400|10:1858699-1859327:+,10,1858699,1859327,+,KRH31920,1,no,FLEP-seq;Iso-seq;ONT;ONT cDNA-seq,71,153,54,224,0.316964285714286,0.76056338028169,Glycine_max,high_confidence_IR
GLYMA_10G021900,GLYMA_10G021900.intron5,GLYMA_10G021900|10:1914264-1916191:-,10,1914264,1916191,-,KRH31930,1,yes,FLEP-seq;Iso-seq;ONT;ONT cDNA-seq,1214,46,1076,1260,0.963492063492064,0.886326194398682,Glycine_max,high_confidence_IR
GLYMA_10G025500,GLYMA_10G025500.intron3,GLYMA_10G025500|10:2215150-2215550:+,10,2215150,2215550,+,KRH32002,1,yes,FLEP-seq;Iso-seq;ONT;ONT cDNA-seq,1297,17,1033,1314,0.987062404870624,0.796453353893601,Glycine_max,high_confidence_IR
GLYMA_10G027100,GLYMA_10G027100.intron1,GLYMA_10G027100|10:2382288-2383833:+,10,2382288,2383833,+,KRH32025,1,yes,FLEP-seq;Iso-seq;ONT;ONT cDNA-seq,812,112,758,924,0.878787878787879,0.933497536945813,Glycine_max,high_confidence_IR
GLYMA_10G027900,GLYMA_10G027900.intron1,GLYMA_10G027900|10:2431033-2431143:-,10,2431033,2431143,-,KRH32034,1,no,FLEP-seq;Iso-seq;ONT;ONT cDNA-seq,107,270,107,377,0.283819628647215,1,Glycine_max,high_confidence_IR
GLYMA_10G028800,GLYMA_10G028800.intron3,GLYMA_10G028800|10:2512983-2513517:+,10,2512983,2513517,+,KRH32050,1,yes,FLEP-seq;Iso-seq;ONT;ONT cDNA-seq,695,1815,624,2510,0.276892430278884,0.897841726618705,Glycine_max,high_confidence_IR
GLYMA_10G029100,GLYMA_10G029100.intron1,GLYMA_10G029100|10:2546478-2546622:+,10,2546478,2546622,+,KRH32054,1,no,FLEP-seq;Iso-seq;ONT;ONT cDNA-seq,102,41,102,143,0.713286713286713,1,Glycine_max,high_confidence_IR
GLYMA_10G031500,GLYMA_10G031500.intron2,GLYMA_10G031500|10:2749841-2749973:+,10,2749841,2749973,+,KRH32093,1,yes,FLEP-seq;Iso-seq;ONT;ONT cDNA-seq,385,68,315,453,0.849889624724062,0.818181818181818,Glycine_max,high_confidence_IR
GLYMA_10G038300,GLYMA_10G038300.intron1,GLYMA_10G038300|10:3396143-3396516:-,10,3396143,3396516,-,KRH32203,1,no,FLEP-seq;Iso-seq;ONT;ONT cDNA-seq,30,102,30,132,0.227272727272727,1,Glycine_max,high_confidence_IR
GLYMA_10G041500,GLYMA_10G041500.intron4,GLYMA_10G041500|10:3662433-3663288:+,10,3662433,3663288,+,RCW19185,1,yes,FLEP-seq;Iso-seq;ONT;ONT cDNA-seq,381,15,316,396,0.962121212121212,0.829396325459318,Glycine_max,high_confidence_IR
GLYMA_10G041900,GLYMA_10G041900.intron2,GLYMA_10G041900|10:3747414-3747667:+,10,3747414,3747667,+,KRH32276,1,yes,FLEP-seq;Iso-seq;ONT;ONT cDNA-seq,1210,6,972,1216,0.995065789473684,0.803305785123967,Glycine_max,high_confidence_IR
GLYMA_10G054400,GLYMA_10G054400.intron1,GLYMA_10G054400|10:4943172-4943493:+,10,4943172,4943493,+,KRH32499,1,yes,FLEP-seq;Iso-seq;ONT;ONT cDNA-seq,241,9,241,250,0.964,1,Glycine_max,high_confidence_IR
GLYMA_10G058600,GLYMA_10G058600.intron4,GLYMA_10G058600|10:5419394-5420228:+,10,5419394,5420228,+,KRH32550,1,yes,FLEP-seq;Iso-seq;ONT;ONT cDNA-seq,398,63,280,461,0.863340563991323,0.703517587939699,Glycine_max,high_confidence_IR
GLYMA_10G064200,GLYMA_10G064200.intron2,GLYMA_10G064200|10:6078671-6079133:+,10,6078671,6079133,+,KRH32618,1,no,FLEP-seq;Iso-seq;ONT;ONT cDNA-seq,289,958,244,1247,0.231756214915798,0.844290657439446,Glycine_max,high_confidence_IR
GLYMA_10G066100,GLYMA_10G066100.intron1,GLYMA_10G066100|10:6399611-6401420:+,10,6399611,6401420,+,KRH32651,1,no,FLEP-seq;Iso-seq;ONT;ONT cDNA-seq,515,171,515,686,0.750728862973761,1,Glycine_max,high_confidence_IR
GLYMA_10G073300,GLYMA_10G073300.intron1,GLYMA_10G073300|10:7539828-7540026:+,10,7539828,7540026,+,KRH32757;KRH32758,2,no,FLEP-seq;Iso-seq;ONT;ONT cDNA-seq,184,59,140,243,0.757201646090535,0.760869565217391,Glycine_max,high_confidence_IR
GLYMA_10G074600,GLYMA_10G074600.intron2,GLYMA_10G074600|10:7701612-7702520:-,10,7701612,7702520,-,KRH32772,1,no,FLEP-seq;Iso-seq;ONT;ONT cDNA-seq,211,391,201,602,0.350498338870432,0.95260663507109,Glycine_max,high_confidence_IR
GLYMA_10G088800,GLYMA_10G088800.intron1,GLYMA_10G088800|10:11825287-11827431:+,10,11825287,11827431,+,KRH32948,1,no,FLEP-seq;Iso-seq;ONT;ONT cDNA-seq,12,28,12,40,0.3,1,Glycine_max,high_confidence_IR
GLYMA_10G090300,GLYMA_10G090300.intron1,GLYMA_10G090300|10:12053851-12054239:-,10,12053851,12054239,-,KRH32970,1,no,FLEP-seq;Iso-seq;ONT;ONT cDNA-seq,61,58,61,119,0.512605042016807,1,Glycine_max,high_confidence_IR
GLYMA_10G093300,GLYMA_10G093300.intron5,GLYMA_10G093300|10:13213224-13213333:-,10,13213224,13213333,-,KRH33013;KRH33014,2,yes,FLEP-seq;Iso-seq;ONT;ONT cDNA-seq,469,31,348,500,0.938,0.742004264392324,Glycine_max,high_confidence_IR
GLYMA_10G098400,GLYMA_10G098400.intron1,GLYMA_10G098400|10:17005128-17006094:+,10,17005128,17006094,+,KRH33085,1,yes,FLEP-seq;Iso-seq;ONT;ONT cDNA-seq,26,19,26,45,0.577777777777778,1,Glycine_max,high_confidence_IR
GLYMA_10G104300,GLYMA_10G104300.intron3,GLYMA_10G104300|10:22650397-22661177:-,10,22650397,22661177,-,KRH33175,1,yes,FLEP-seq;Iso-seq;ONT;ONT cDNA-seq,1669,40,1309,1709,0.976594499707431,0.784301977231875,Glycine_max,high_confidence_IR
GLYMA_10G119200,GLYMA_10G119200.intron4,GLYMA_10G119200|10:30381927-30385482:-,10,30381927,30385482,-,KRH33377;KRH33378,2,yes,FLEP-seq;Iso-seq;ONT;ONT cDNA-seq,534,35,388,569,0.938488576449912,0.726591760299625,Glycine_max,high_confidence_IR
GLYMA_10G126900,GLYMA_10G126900.intron1,GLYMA_10G126900|10:33782047-33782237:-,10,33782047,33782237,-,KRH33499,1,yes,FLEP-seq;Iso-seq;ONT;ONT cDNA-seq,22,14,18,36,0.611111111111111,0.818181818181818,Glycine_max,high_confidence_IR
GLYMA_10G127000,GLYMA_10G127000.intron4,GLYMA_10G127000|10:33809039-33810499:+,10,33809039,33810499,+,KRH33503,1,yes,FLEP-seq;Iso-seq;ONT;ONT cDNA-seq,1195,5,996,1200,0.995833333333333,0.83347280334728,Glycine_max,high_confidence_IR
GLYMA_10G127700,GLYMA_10G127700.intron4,GLYMA_10G127700|10:34002242-34002400:+,10,34002242,34002400,+,KRH33512,1,yes,FLEP-seq;Iso-seq;ONT;ONT cDNA-seq,733,184,520,917,0.799345692475463,0.709413369713506,Glycine_max,high_confidence_IR
GLYMA_10G128300,GLYMA_10G128300.intron3,GLYMA_10G128300|10:34134553-34137313:+,10,34134553,34137313,+,KRH33518,1,no,FLEP-seq;Iso-seq;ONT;ONT cDNA-seq,410,9,327,419,0.978520286396181,0.797560975609756,Glycine_max,high_confidence_IR
GLYMA_10G135300,GLYMA_10G135300.intron1,GLYMA_10G135300|10:36383899-36384711:-,10,36383899,36384711,-,KRH33604,1,yes,FLEP-seq;Iso-seq;ONT;ONT cDNA-seq,567,39,483,606,0.935643564356436,0.851851851851852,Glycine_max,high_confidence_IR
GLYMA_10G138800,GLYMA_10G138800.intron1,GLYMA_10G138800|10:37245789-37245926:+,10,37245789,37245926,+,KRH33663;KRH33664,2,yes,FLEP-seq;Iso-seq;ONT;ONT cDNA-seq,244,230,200,474,0.514767932489452,0.819672131147541,Glycine_max,high_confidence_IR
GLYMA_10G139400,GLYMA_10G139400.intron6,GLYMA_10G139400|10:37323208-37323512:+,10,37323208,37323512,+,KRH33681;KRH33682,2,yes,FLEP-seq;Iso-seq;ONT;ONT cDNA-seq,2436,415,1732,2851,0.854437039635216,0.711001642036125,Glycine_max,high_confidence_IR
GLYMA_10G139500,GLYMA_10G139500.intron3,GLYMA_10G139500|10:37326015-37326308:-,10,37326015,37326308,-,KRH33683,1,yes,FLEP-seq;Iso-seq;ONT;ONT cDNA-seq,1214,79,1004,1293,0.938901778808971,0.827018121911038,Glycine_max,high_confidence_IR
GLYMA_10G143700,GLYMA_10G143700.intron1,GLYMA_10G143700|10:37835425-37835513:+,10,37835425,37835513,+,KRH33750;KRH33751,2,no,FLEP-seq;Iso-seq;ONT;ONT cDNA-seq,196,212,196,408,0.480392156862745,1,Glycine_max,high_confidence_IR
GLYMA_10G147000,GLYMA_10G147000.intron1,GLYMA_10G147000|10:38230659-38231154:+,10,38230659,38231154,+,KRH33818,1,yes,FLEP-seq;Iso-seq;ONT;ONT cDNA-seq,99,17,77,116,0.853448275862069,0.777777777777778,Glycine_max,high_confidence_IR
GLYMA_10G149000,GLYMA_10G149000.intron5,GLYMA_10G149000|10:38432731-38432936:-,10,38432731,38432936,-,KRH33849;KRH33850,2,no,FLEP-seq;Iso-seq;ONT;ONT cDNA-seq,205,773,147,978,0.20961145194274,0.717073170731707,Glycine_max,high_confidence_IR
GLYMA_10G150900,GLYMA_10G150900.intron4,GLYMA_10G150900|10:38601792-38602234:-,10,38601792,38602234,-,RCW19205,1,yes,FLEP-seq;Iso-seq;ONT;ONT cDNA-seq,877,1268,775,2145,0.408857808857809,0.88369441277081,Glycine_max,high_confidence_IR
GLYMA_10G151500,GLYMA_10G151500.intron6,GLYMA_10G151500|10:38651452-38651769:-,10,38651452,38651769,-,KRH33886,1,yes,FLEP-seq;Iso-seq;ONT;ONT cDNA-seq,1058,377,762,1435,0.737282229965157,0.720226843100189,Glycine_max,high_confidence_IR
GLYMA_10G152300,GLYMA_10G152300.intron1,GLYMA_10G152300|10:38717556-38717690:+,10,38717556,38717690,+,KRH33896,1,yes,FLEP-seq;Iso-seq;ONT;ONT cDNA-seq,253,133,203,386,0.655440414507772,0.802371541501976,Glycine_max,high_confidence_IR
GLYMA_10G153000,GLYMA_10G153000.intron10,GLYMA_10G153000|10:38769489-38771610:+,10,38769489,38771610,+,KRH33906,1,yes,FLEP-seq;Iso-seq;ONT;ONT cDNA-seq,657,61,538,718,0.915041782729805,0.818873668188737,Glycine_max,high_confidence_IR
GLYMA_10G153600,GLYMA_10G153600.intron2,GLYMA_10G153600|10:38863718-38864959:-,10,38863718,38864959,-,KRH33914;KRH33915,2,no,FLEP-seq;Iso-seq;ONT;ONT cDNA-seq,135,401,120,536,0.251865671641791,0.888888888888889,Glycine_max,high_confidence_IR
GLYMA_10G153900,GLYMA_10G153900.intron9,GLYMA_10G153900|10:38899254-38899523:-,10,38899254,38899523,-,KRH33940,1,yes,FLEP-seq;Iso-seq;ONT;ONT cDNA-seq,1251,15,938,1266,0.988151658767773,0.749800159872102,Glycine_max,high_confidence_IR
GLYMA_10G154100,GLYMA_10G154100.intron3,GLYMA_10G154100|10:38927499-38927609:-,10,38927499,38927609,-,KRH33943,1,no,FLEP-seq;Iso-seq;ONT;ONT cDNA-seq,31,90,24,121,0.256198347107438,0.774193548387097,Glycine_max,high_confidence_IR
GLYMA_10G156400,GLYMA_10G156400.intron2,GLYMA_10G156400|10:39059028-39059108:+,10,39059028,39059108,+,KRH33974,1,no,FLEP-seq;Iso-seq;ONT;ONT cDNA-seq,12,38,11,50,0.24,0.916666666666667,Glycine_max,high_confidence_IR
GLYMA_10G156900,GLYMA_10G156900.intron1,GLYMA_10G156900|10:39127716-39127837:+,10,39127716,39127837,+,KRH33981,1,yes,FLEP-seq;Iso-seq;ONT;ONT cDNA-seq,1328,69,1111,1397,0.950608446671439,0.836596385542169,Glycine_max,high_confidence_IR
GLYMA_10G165800,GLYMA_10G165800.intron2,GLYMA_10G165800|10:40001346-40001664:+,10,40001346,40001664,+,KRH34142,1,no,FLEP-seq;Iso-seq;ONT;ONT cDNA-seq,9,14,8,23,0.391304347826087,0.888888888888889,Glycine_max,high_confidence_IR
GLYMA_10G167700,GLYMA_10G167700.intron1,GLYMA_10G167700|10:40200190-40200302:+,10,40200190,40200302,+,KRH34169,1,no,FLEP-seq;Iso-seq;ONT;ONT cDNA-seq,32,11,32,43,0.744186046511628,1,Glycine_max,high_confidence_IR
GLYMA_10G172100,GLYMA_10G172100.intron3,GLYMA_10G172100|10:40574234-40574355:+,10,40574234,40574355,+,KRH34242,1,yes,FLEP-seq;Iso-seq;ONT;ONT cDNA-seq,1366,117,964,1483,0.921105866486851,0.705710102489019,Glycine_max,high_confidence_IR
GLYMA_10G182400,GLYMA_10G182400.intron4,GLYMA_10G182400|10:41573524-41573876:-,10,41573524,41573876,-,KRH34415;KRH34416,2,yes,FLEP-seq;Iso-seq;ONT;ONT cDNA-seq,25,35,24,60,0.416666666666667,0.96,Glycine_max,high_confidence_IR
GLYMA_10G184400,GLYMA_10G184400.intron4,GLYMA_10G184400|10:41758690-41758783:+,10,41758690,41758783,+,RCW19211,1,no,FLEP-seq;Iso-seq;ONT;ONT cDNA-seq,18,43,14,61,0.295081967213115,0.777777777777778,Glycine_max,high_confidence_IR
GLYMA_10G185000,GLYMA_10G185000.intron6,GLYMA_10G185000|10:41792987-41793207:+,10,41792987,41793207,+,KRH34459,1,yes,FLEP-seq;Iso-seq;ONT;ONT cDNA-seq,3804,20,2816,3824,0.994769874476987,0.740273396424816,Glycine_max,high_confidence_IR
GLYMA_10G187800,GLYMA_10G187800.intron3,GLYMA_10G187800|10:42083540-42083679:-,10,42083540,42083679,-,KRH34498,1,yes,FLEP-seq;Iso-seq;ONT;ONT cDNA-seq,726,11,644,737,0.985074626865672,0.887052341597796,Glycine_max,high_confidence_IR
GLYMA_10G189200,GLYMA_10G189200.intron4,GLYMA_10G189200|10:42233337-42233450:-,10,42233337,42233450,-,KRH34531,1,no,FLEP-seq;Iso-seq;ONT;ONT cDNA-seq,6,10,5,16,0.375,0.833333333333333,Glycine_max,high_confidence_IR
GLYMA_10G189700,GLYMA_10G189700.intron3,GLYMA_10G189700|10:42281173-42281306:+,10,42281173,42281306,+,KRH34538,1,yes,FLEP-seq;Iso-seq;ONT;ONT cDNA-seq,420,12,393,432,0.972222222222222,0.935714285714286,Glycine_max,high_confidence_IR
GLYMA_10G192300,GLYMA_10G192300.intron2,GLYMA_10G192300|10:42469056-42469221:+,10,42469056,42469221,+,KRH34574;KRH34575;KRH34576,3,no,FLEP-seq;Iso-seq;ONT;ONT cDNA-seq,580,514,409,1094,0.530164533820841,0.705172413793103,Glycine_max,high_confidence_IR
GLYMA_10G192800,GLYMA_10G192800.intron2,GLYMA_10G192800|10:42512070-42512701:+,10,42512070,42512701,+,KRH34583,1,no,FLEP-seq;Iso-seq;ONT;ONT cDNA-seq,34,8,25,42,0.80952380952381,0.735294117647059,Glycine_max,high_confidence_IR
GLYMA_10G194400,GLYMA_10G194400.intron5,GLYMA_10G194400|10:42644835-42646190:-,10,42644835,42646190,-,KRH34614,1,yes,FLEP-seq;Iso-seq;ONT;ONT cDNA-seq,748,15,537,763,0.980340760157274,0.717914438502674,Glycine_max,high_confidence_IR
GLYMA_10G196500,GLYMA_10G196500.intron1,GLYMA_10G196500|10:42797416-42797522:+,10,42797416,42797522,+,KRH34643,1,no,FLEP-seq;Iso-seq;ONT;ONT cDNA-seq,53,84,53,137,0.386861313868613,1,Glycine_max,high_confidence_IR
GLYMA_10G198300,GLYMA_10G198300.intron5,GLYMA_10G198300|10:42945937-42948199:-,10,42945937,42948199,-,KRH34678,1,yes,FLEP-seq;Iso-seq;ONT;ONT cDNA-seq,3681,2363,3222,6044,0.6090337524818,0.875305623471883,Glycine_max,high_confidence_IR
GLYMA_10G203100,GLYMA_10G203100.intron1,GLYMA_10G203100|10:43455286-43456737:+,10,43455286,43456737,+,KRH34744,1,no,FLEP-seq;Iso-seq;ONT;ONT cDNA-seq,40,31,40,71,0.563380281690141,1,Glycine_max,high_confidence_IR
GLYMA_10G203500,GLYMA_10G203500.intron1,GLYMA_10G203500|10:43477790-43478099:-,10,43477790,43478099,-,KRH34748,1,no,FLEP-seq;Iso-seq;ONT;ONT cDNA-seq,6,18,6,24,0.25,1,Glycine_max,high_confidence_IR
GLYMA_10G205600,GLYMA_10G205600.intron2,GLYMA_10G205600|10:43737141-43738546:+,10,43737141,43738546,+,KRH34780,1,no,FLEP-seq;Iso-seq;ONT;ONT cDNA-seq,41,128,29,169,0.242603550295858,0.707317073170732,Glycine_max,high_confidence_IR
GLYMA_10G206600,GLYMA_10G206600.intron1,GLYMA_10G206600|10:43829818-43830209:+,10,43829818,43830209,+,KRH34792;KRH34793,2,no,FLEP-seq;Iso-seq;ONT;ONT cDNA-seq,276,672,201,948,0.291139240506329,0.728260869565217,Glycine_max,high_confidence_IR
GLYMA_10G206800,GLYMA_10G206800.intron1,GLYMA_10G206800|10:43850514-43850754:+,10,43850514,43850754,+,KRH34795,1,no,FLEP-seq;Iso-seq;ONT;ONT cDNA-seq,9,6,9,15,0.6,1,Glycine_max,high_confidence_IR
GLYMA_10G207600,GLYMA_10G207600.intron1,GLYMA_10G207600|10:43930275-43933251:+,10,43930275,43933251,+,KRH34809,1,no,FLEP-seq;Iso-seq;ONT;ONT cDNA-seq,358,272,358,630,0.568253968253968,1,Glycine_max,high_confidence_IR
GLYMA_10G209600,GLYMA_10G209600.intron7,GLYMA_10G209600|10:44156917-44157009:-,10,44156917,44157009,-,KRH34851,1,yes,FLEP-seq;Iso-seq;ONT;ONT cDNA-seq,488,20,359,508,0.960629921259842,0.735655737704918,Glycine_max,high_confidence_IR
GLYMA_10G211000,GLYMA_10G211000.intron1,GLYMA_10G211000|10:44343860-44344010:+,10,44343860,44344010,+,KRH34875,1,yes,FLEP-seq;Iso-seq;ONT;ONT cDNA-seq,78,170,70,248,0.314516129032258,0.897435897435897,Glycine_max,high_confidence_IR
GLYMA_10G211800,GLYMA_10G211800.intron1,GLYMA_10G211800|10:44445458-44445801:+,10,44445458,44445801,+,KRH34886,1,no,FLEP-seq;Iso-seq;ONT;ONT cDNA-seq,15,8,15,23,0.652173913043478,1,Glycine_max,high_confidence_IR
GLYMA_10G212500,GLYMA_10G212500.intron9,GLYMA_10G212500|10:44501403-44501552:-,10,44501403,44501552,-,KRH34895,1,yes,FLEP-seq;Iso-seq;ONT;ONT cDNA-seq,1124,7,885,1131,0.993810786914235,0.787366548042705,Glycine_max,high_confidence_IR
GLYMA_10G213100,GLYMA_10G213100.intron1,GLYMA_10G213100|10:44556023-44556690:+,10,44556023,44556690,+,KRH34907,1,yes,FLEP-seq;Iso-seq;ONT;ONT cDNA-seq,37,5,26,42,0.880952380952381,0.702702702702703,Glycine_max,high_confidence_IR
GLYMA_10G214200,GLYMA_10G214200.intron3,GLYMA_10G214200|10:44641096-44642305:+,10,44641096,44642305,+,KRH34934;KRH34935;KRH34936;KRH34937,4,yes,FLEP-seq;Iso-seq;ONT;ONT cDNA-seq,577,1455,511,2032,0.283956692913386,0.885615251299827,Glycine_max,high_confidence_IR
GLYMA_10G217100,GLYMA_10G217100.intron1,GLYMA_10G217100|10:44862216-44862300:-,10,44862216,44862300,-,KRH34987,1,yes,FLEP-seq;Iso-seq;ONT;ONT cDNA-seq,25,9,25,34,0.735294117647059,1,Glycine_max,high_confidence_IR
GLYMA_10G218500,GLYMA_10G218500.intron1,GLYMA_10G218500|10:45051470-45052892:-,10,45051470,45052892,-,KRH35009,1,no,FLEP-seq;Iso-seq;ONT;ONT cDNA-seq,122,5,94,127,0.960629921259842,0.770491803278688,Glycine_max,high_confidence_IR
GLYMA_10G220100,GLYMA_10G220100.intron3,GLYMA_10G220100|10:45161394-45161511:+,10,45161394,45161511,+,KRH35042,1,yes,FLEP-seq;Iso-seq;ONT;ONT cDNA-seq,960,3259,699,4219,0.227542071580943,0.728125,Glycine_max,high_confidence_IR
GLYMA_10G221200,GLYMA_10G221200.intron1,GLYMA_10G221200|10:45260502-45260570:-,10,45260502,45260570,-,KRH35065,1,yes,FLEP-seq;Iso-seq;ONT;ONT cDNA-seq,512,7,458,519,0.986512524084778,0.89453125,Glycine_max,high_confidence_IR
GLYMA_10G222400,GLYMA_10G222400.intron2,GLYMA_10G222400|10:45366631-45366769:-,10,45366631,45366769,-,KRH35105,1,no,FLEP-seq;Iso-seq;ONT;ONT cDNA-seq,294,787,277,1081,0.271970397779834,0.942176870748299,Glycine_max,high_confidence_IR
GLYMA_10G228900,GLYMA_10G228900.intron1,GLYMA_10G228900|10:45902220-45903757:-,10,45902220,45903757,-,KRH35213,1,yes,FLEP-seq;Iso-seq;ONT;ONT cDNA-seq,8,29,8,37,0.216216216216216,1,Glycine_max,high_confidence_IR
GLYMA_10G233000,GLYMA_10G233000.intron1,GLYMA_10G233000|10:46233721-46233862:+,10,46233721,46233862,+,KRH35269,1,no,FLEP-seq;Iso-seq;ONT;ONT cDNA-seq,86,62,81,148,0.581081081081081,0.941860465116279,Glycine_max,high_confidence_IR
GLYMA_10G235900,GLYMA_10G235900.intron1,GLYMA_10G235900|10:46496668-46496772:-,10,46496668,46496772,-,KRH35313;KRH35314;KRH35315;KRH35316,4,yes,FLEP-seq;Iso-seq;ONT;ONT cDNA-seq,139,18,139,157,0.885350318471338,1,Glycine_max,high_confidence_IR
GLYMA_10G236900,GLYMA_10G236900.intron2,GLYMA_10G236900|10:46575303-46575679:+,10,46575303,46575679,+,KRH35337;KRH35338,2,yes,FLEP-seq;Iso-seq;ONT;ONT cDNA-seq,20,8,17,28,0.714285714285714,0.85,Glycine_max,high_confidence_IR
GLYMA_10G237200,GLYMA_10G237200.intron1,GLYMA_10G237200|10:46592308-46592562:+,10,46592308,46592562,+,KRH35344,1,no,FLEP-seq;Iso-seq;ONT;ONT cDNA-seq,79,131,79,210,0.376190476190476,1,Glycine_max,high_confidence_IR
GLYMA_10G237800,GLYMA_10G237800.intron1,GLYMA_10G237800|10:46622199-46622270:+,10,46622199,46622270,+,KRH35353,1,no,FLEP-seq;Iso-seq;ONT;ONT cDNA-seq,119,244,119,363,0.327823691460055,1,Glycine_max,high_confidence_IR
GLYMA_10G241400,GLYMA_10G241400.intron2,GLYMA_10G241400|10:47003009-47005386:+,10,47003009,47005386,+,KRH35410,1,yes,FLEP-seq;Iso-seq;ONT;ONT cDNA-seq,82,23,58,105,0.780952380952381,0.707317073170732,Glycine_max,high_confidence_IR
GLYMA_10G244700,GLYMA_10G244700.intron1,GLYMA_10G244700|10:47334756-47334860:-,10,47334756,47334860,-,KRH35471,1,no,FLEP-seq;Iso-seq;ONT;ONT cDNA-seq,29,9,29,38,0.763157894736842,1,Glycine_max,high_confidence_IR
GLYMA_10G244800,GLYMA_10G244800.intron2,GLYMA_10G244800|10:47347937-47349220:-,10,47347937,47349220,-,KRH35472,1,yes,FLEP-seq;Iso-seq;ONT;ONT cDNA-seq,698,86,638,784,0.89030612244898,0.91404011461318,Glycine_max,high_confidence_IR
GLYMA_10G254400,GLYMA_10G254400.intron4,GLYMA_10G254400|10:48159711-48160015:-,10,48159711,48160015,-,KRH35623,1,yes,FLEP-seq;Iso-seq;ONT;ONT cDNA-seq,388,17,325,405,0.958024691358025,0.837628865979381,Glycine_max,high_confidence_IR
GLYMA_10G256200,GLYMA_10G256200.intron1,GLYMA_10G256200|10:48308098-48308158:-,10,48308098,48308158,-,KRH35652,1,no,FLEP-seq;Iso-seq;ONT;ONT cDNA-seq,43,62,39,105,0.40952380952381,0.906976744186046,Glycine_max,high_confidence_IR
GLYMA_10G262100,GLYMA_10G262100.intron1,GLYMA_10G262100|10:48690513-48690654:-,10,48690513,48690654,-,KRH35738,1,no,FLEP-seq;Iso-seq;ONT;ONT cDNA-seq,286,849,237,1135,0.251982378854626,0.828671328671329,Glycine_max,high_confidence_IR
GLYMA_10G264600,GLYMA_10G264600.intron1,GLYMA_10G264600|10:48878598-48881542:-,10,48878598,48881542,-,KRH35786,1,no,FLEP-seq;Iso-seq;ONT;ONT cDNA-seq,202,686,150,888,0.227477477477477,0.742574257425743,Glycine_max,high_confidence_IR
GLYMA_10G268000,GLYMA_10G268000.intron2,GLYMA_10G268000|10:49067322-49067933:-,10,49067322,49067933,-,KRH35835,1,yes,FLEP-seq;Iso-seq;ONT;ONT cDNA-seq,472,119,406,591,0.798646362098139,0.860169491525424,Glycine_max,high_confidence_IR
GLYMA_10G272200,GLYMA_10G272200.intron4,GLYMA_10G272200|10:49435880-49435973:+,10,49435880,49435973,+,KRH35923,1,yes,FLEP-seq;Iso-seq;ONT;ONT cDNA-seq,1044,31,789,1075,0.971162790697674,0.755747126436782,Glycine_max,high_confidence_IR
GLYMA_10G274700,GLYMA_10G274700.intron2,GLYMA_10G274700|10:49773604-49773856:-,10,49773604,49773856,-,KRH35961,1,yes,FLEP-seq;Iso-seq;ONT;ONT cDNA-seq,200,60,181,260,0.769230769230769,0.905,Glycine_max,high_confidence_IR
GLYMA_10G275400,GLYMA_10G275400.intron1,GLYMA_10G275400|10:49825134-49825674:-,10,49825134,49825674,-,KRH35970,1,no,FLEP-seq;Iso-seq;ONT;ONT cDNA-seq,629,798,441,1427,0.440784863349685,0.701112877583466,Glycine_max,high_confidence_IR
GLYMA_10G276300,GLYMA_10G276300.intron7,GLYMA_10G276300|10:49876581-49877424:+,10,49876581,49877424,+,KRH35984,1,yes,FLEP-seq;Iso-seq;ONT;ONT cDNA-seq,1877,163,1425,2040,0.920098039215686,0.759190197123069,Glycine_max,high_confidence_IR
GLYMA_10G277500,GLYMA_10G277500.intron2,GLYMA_10G277500|10:49964743-49965450:+,10,49964743,49965450,+,KRH35997,1,no,FLEP-seq;Iso-seq;ONT;ONT cDNA-seq,74,6,70,80,0.925,0.945945945945946,Glycine_max,high_confidence_IR
GLYMA_10G278400,GLYMA_10G278400.intron2,GLYMA_10G278400|10:50037053-50037303:+,10,50037053,50037303,+,KRH36010,1,no,FLEP-seq;Iso-seq;ONT;ONT cDNA-seq,409,1586,387,1995,0.205012531328321,0.946210268948655,Glycine_max,high_confidence_IR
GLYMA_10G279700,GLYMA_10G279700.intron2,GLYMA_10G279700|10:50119958-50120043:-,10,50119958,50120043,-,KRH36032,1,yes,FLEP-seq;Iso-seq;ONT;ONT cDNA-seq,6,24,6,30,0.2,1,Glycine_max,high_confidence_IR
GLYMA_10G285400,GLYMA_10G285400.intron1,GLYMA_10G285400|10:50553763-50553862:+,10,50553763,50553862,+,KRH36133,1,no,FLEP-seq;Iso-seq;ONT;ONT cDNA-seq,8,9,8,17,0.470588235294118,1,Glycine_max,high_confidence_IR
GLYMA_10G289400,GLYMA_10G289400.intron1,GLYMA_10G289400|10:50781526-50782673:-,10,50781526,50782673,-,KRH36184,1,no,FLEP-seq;Iso-seq;ONT;ONT cDNA-seq,106,9,106,115,0.921739130434783,1,Glycine_max,high_confidence_IR
GLYMA_10G290500,GLYMA_10G290500.intron1,GLYMA_10G290500|10:50866123-50866311:-,10,50866123,50866311,-,KRH36202,1,yes,FLEP-seq;Iso-seq;ONT;ONT cDNA-seq,98,9,80,107,0.91588785046729,0.816326530612245,Glycine_max,high_confidence_IR
GLYMA_10G291900,GLYMA_10G291900.intron1,GLYMA_10G291900|10:50978812-50978881:+,10,50978812,50978881,+,KRH36223,1,no,FLEP-seq;Iso-seq;ONT;ONT cDNA-seq,611,1026,480,1637,0.373243738546121,0.785597381342062,Glycine_max,high_confidence_IR
GLYMA_10G292400,GLYMA_10G292400.intron2,GLYMA_10G292400|10:51033432-51033515:-,10,51033432,51033515,-,KRH36232,1,yes,FLEP-seq;Iso-seq;ONT;ONT cDNA-seq,843,128,642,971,0.868177136972194,0.761565836298932,Glycine_max,high_confidence_IR
GLYMA_10G294900,GLYMA_10G294900.intron1,GLYMA_10G294900|10:51192560-51193459:-,10,51192560,51193459,-,KRH36295,1,yes,FLEP-seq;Iso-seq;ONT;ONT cDNA-seq,878,54,878,932,0.94206008583691,1,Glycine_max,high_confidence_IR
GLYMA_10G295000,GLYMA_10G295000.intron1,GLYMA_10G295000|10:51197996-51198081:+,10,51197996,51198081,+,KRH36298,1,no,FLEP-seq;Iso-seq;ONT;ONT cDNA-seq,13,16,12,29,0.448275862068966,0.923076923076923,Glycine_max,high_confidence_IR
GLYMA_10G295800,GLYMA_10G295800.intron1,GLYMA_10G295800|10:51287260-51288015:+,10,51287260,51288015,+,KRH36316,1,no,FLEP-seq;Iso-seq;ONT;ONT cDNA-seq,92,56,82,148,0.621621621621622,0.891304347826087,Glycine_max,high_confidence_IR
GLYMA_11G000200,GLYMA_11G000200.intron5,GLYMA_11G000200|11:10821-10921:+,11,10821,10921,+,KRH27561,1,yes,FLEP-seq;Iso-seq;ONT;ONT cDNA-seq,3061,9,2674,3070,0.997068403908795,0.873570728520091,Glycine_max,high_confidence_IR
GLYMA_11G001800,GLYMA_11G001800.intron2,GLYMA_11G001800|11:93563-94034:-,11,93563,94034,-,KRH27579,1,no,FLEP-seq;Iso-seq;ONT;ONT cDNA-seq,88,23,67,111,0.792792792792793,0.761363636363636,Glycine_max,high_confidence_IR
GLYMA_11G004400,GLYMA_11G004400.intron1,GLYMA_11G004400|11:329835-330168:-,11,329835,330168,-,KRH27618,1,no,FLEP-seq;Iso-seq;ONT;ONT cDNA-seq,1903,29,1903,1932,0.984989648033126,1,Glycine_max,high_confidence_IR
GLYMA_11G004500,GLYMA_11G004500.intron4,GLYMA_11G004500|11:337184-338108:+,11,337184,338108,+,KRH27619,1,yes,FLEP-seq;Iso-seq;ONT;ONT cDNA-seq,125,169,89,294,0.425170068027211,0.712,Glycine_max,high_confidence_IR
GLYMA_11G006000,GLYMA_11G006000.intron2,GLYMA_11G006000|11:433779-433878:+,11,433779,433878,+,KRH27645;KRH27646,2,no,FLEP-seq;Iso-seq;ONT;ONT cDNA-seq,94,342,79,436,0.215596330275229,0.840425531914894,Glycine_max,high_confidence_IR
GLYMA_11G007600,GLYMA_11G007600.intron1,GLYMA_11G007600|11:526399-526465:+,11,526399,526465,+,KRH27669,1,no,FLEP-seq;Iso-seq;ONT;ONT cDNA-seq,22,55,20,77,0.285714285714286,0.909090909090909,Glycine_max,high_confidence_IR
GLYMA_11G009800,GLYMA_11G009800.intron1,GLYMA_11G009800|11:693306-694561:+,11,693306,694561,+,KRH27709,1,no,FLEP-seq;Iso-seq;ONT;ONT cDNA-seq,192,16,192,208,0.923076923076923,1,Glycine_max,high_confidence_IR
GLYMA_11G010100,GLYMA_11G010100.intron2,GLYMA_11G010100|11:717109-718123:+,11,717109,718123,+,KRH27712,1,yes,FLEP-seq;Iso-seq;ONT;ONT cDNA-seq,726,969,624,1695,0.428318584070796,0.859504132231405,Glycine_max,high_confidence_IR
GLYMA_11G014700,GLYMA_11G014700.intron2,GLYMA_11G014700|11:1019076-1020181:-,11,1019076,1020181,-,KRH27802,1,yes,FLEP-seq;Iso-seq;ONT;ONT cDNA-seq,1374,302,1083,1676,0.81980906921241,0.7882096069869,Glycine_max,high_confidence_IR
GLYMA_11G017700,GLYMA_11G017700.intron2,GLYMA_11G017700|11:1227344-1227821:+,11,1227344,1227821,+,KRH27843,1,no,FLEP-seq;Iso-seq;ONT;ONT cDNA-seq,319,579,275,898,0.355233853006682,0.862068965517241,Glycine_max,high_confidence_IR
GLYMA_11G017800,GLYMA_11G017800.intron4,GLYMA_11G017800|11:1232656-1234373:+,11,1232656,1234373,+,KRH27844;KRH27845,2,no,FLEP-seq;Iso-seq;ONT;ONT cDNA-seq,475,1314,401,1789,0.265511458915595,0.84421052631579,Glycine_max,high_confidence_IR
GLYMA_11G018900,GLYMA_11G018900.intron1,GLYMA_11G018900|11:1323408-1323544:+,11,1323408,1323544,+,KRH27858,1,no,FLEP-seq;Iso-seq;ONT;ONT cDNA-seq,3632,12,3632,3644,0.996706915477497,1,Glycine_max,high_confidence_IR
GLYMA_11G019700,GLYMA_11G019700.intron1,GLYMA_11G019700|11:1388926-1389138:-,11,1388926,1389138,-,KRH27867,1,no,FLEP-seq;Iso-seq;ONT;ONT cDNA-seq,25,55,23,80,0.3125,0.92,Glycine_max,high_confidence_IR
GLYMA_11G019800,GLYMA_11G019800.intron2,GLYMA_11G019800|11:1391938-1392604:-,11,1391938,1392604,-,KRH27868,1,no,FLEP-seq;Iso-seq;ONT;ONT cDNA-seq,135,309,124,444,0.304054054054054,0.918518518518519,Glycine_max,high_confidence_IR
GLYMA_11G022600,GLYMA_11G022600.intron1,GLYMA_11G022600|11:1624360-1624485:+,11,1624360,1624485,+,KRH27909,1,yes,FLEP-seq;Iso-seq;ONT;ONT cDNA-seq,88,105,81,193,0.455958549222798,0.920454545454545,Glycine_max,high_confidence_IR
GLYMA_11G023300,GLYMA_11G023300.intron10,GLYMA_11G023300|11:1671675-1672865:-,11,1671675,1672865,-,KRH27920,1,yes,FLEP-seq;Iso-seq;ONT;ONT cDNA-seq,1587,16,1192,1603,0.990018714909545,0.751102709514808,Glycine_max,high_confidence_IR
GLYMA_11G028200,GLYMA_11G028200.intron1,GLYMA_11G028200|11:2023906-2023983:+,11,2023906,2023983,+,KRH27993,1,no,FLEP-seq;Iso-seq;ONT;ONT cDNA-seq,510,444,397,954,0.534591194968553,0.77843137254902,Glycine_max,high_confidence_IR
GLYMA_11G028300,GLYMA_11G028300.intron1,GLYMA_11G028300|11:2028213-2028298:-,11,2028213,2028298,-,KRH27994,1,no,FLEP-seq;Iso-seq;ONT;ONT cDNA-seq,57,226,57,283,0.201413427561837,1,Glycine_max,high_confidence_IR
GLYMA_11G028600,GLYMA_11G028600.intron3,GLYMA_11G028600|11:2051133-2051408:+,11,2051133,2051408,+,KRH27998,1,yes,FLEP-seq;Iso-seq;ONT;ONT cDNA-seq,582,10,521,592,0.983108108108108,0.895189003436426,Glycine_max,high_confidence_IR
GLYMA_11G030000,GLYMA_11G030000.intron1,GLYMA_11G030000|11:2169103-2169358:-,11,2169103,2169358,-,KRH28026,1,no,FLEP-seq;Iso-seq;ONT;ONT cDNA-seq,47,79,43,126,0.373015873015873,0.914893617021277,Glycine_max,high_confidence_IR
GLYMA_11G037200,GLYMA_11G037200.intron1,GLYMA_11G037200|11:2686228-2686512:+,11,2686228,2686512,+,KRH28179,1,no,FLEP-seq;Iso-seq;ONT;ONT cDNA-seq,56,191,56,247,0.226720647773279,1,Glycine_max,high_confidence_IR
GLYMA_11G042800,GLYMA_11G042800.intron2,GLYMA_11G042800|11:3133194-3133424:-,11,3133194,3133424,-,KRH28283,1,yes,FLEP-seq;Iso-seq;ONT;ONT cDNA-seq,576,1322,405,1898,0.303477344573235,0.703125,Glycine_max,high_confidence_IR
GLYMA_11G046600,GLYMA_11G046600.intron1,GLYMA_11G046600|11:3493030-3493119:+,11,3493030,3493119,+,KRH28332,1,yes,FLEP-seq;Iso-seq;ONT;ONT cDNA-seq,52,15,37,67,0.776119402985075,0.711538461538462,Glycine_max,high_confidence_IR
GLYMA_11G050900,GLYMA_11G050900.intron3,GLYMA_11G050900|11:3802406-3804164:+,11,3802406,3804164,+,KRH28405,1,yes,FLEP-seq;Iso-seq;ONT;ONT cDNA-seq,1058,954,925,2012,0.525844930417495,0.874291115311909,Glycine_max,high_confidence_IR
GLYMA_11G052500,GLYMA_11G052500.intron3,GLYMA_11G052500|11:3955326-3955484:-,11,3955326,3955484,-,KRH28423,1,yes,FLEP-seq;Iso-seq;ONT;ONT cDNA-seq,211,5,177,216,0.976851851851852,0.838862559241706,Glycine_max,high_confidence_IR
GLYMA_11G053300,GLYMA_11G053300.intron5,GLYMA_11G053300|11:4006502-4006997:+,11,4006502,4006997,+,KRH28433,1,yes,FLEP-seq;Iso-seq;ONT;ONT cDNA-seq,8105,122,7505,8227,0.98517077914185,0.925971622455275,Glycine_max,high_confidence_IR
GLYMA_11G054300,GLYMA_11G054300.intron4,GLYMA_11G054300|11:4094640-4095352:-,11,4094640,4095352,-,KRH28448,1,yes,FLEP-seq;Iso-seq;ONT;ONT cDNA-seq,352,5,293,357,0.985994397759104,0.832386363636364,Glycine_max,high_confidence_IR
GLYMA_11G054500,GLYMA_11G054500.intron4,GLYMA_11G054500|11:4104931-4106366:-,11,4104931,4106366,-,KRH28450,1,yes,FLEP-seq;Iso-seq;ONT;ONT cDNA-seq,1342,78,1214,1420,0.945070422535211,0.904619970193741,Glycine_max,high_confidence_IR
GLYMA_11G055400,GLYMA_11G055400.intron1,GLYMA_11G055400|11:4184433-4188722:+,11,4184433,4188722,+,KRH28465,1,yes,FLEP-seq;Iso-seq;ONT;ONT cDNA-seq,88,15,83,103,0.854368932038835,0.943181818181818,Glycine_max,high_confidence_IR
GLYMA_11G058200,GLYMA_11G058200.intron1,GLYMA_11G058200|11:4390418-4390511:-,11,4390418,4390511,-,KRH28505,1,no,FLEP-seq;Iso-seq;ONT;ONT cDNA-seq,513,1063,513,1576,0.325507614213198,1,Glycine_max,high_confidence_IR
GLYMA_11G058800,GLYMA_11G058800.intron7,GLYMA_11G058800|11:4450990-4451107:+,11,4450990,4451107,+,KRH28517,1,yes,FLEP-seq;Iso-seq;ONT;ONT cDNA-seq,2443,8,1986,2451,0.996736026111791,0.812934916086779,Glycine_max,high_confidence_IR
GLYMA_11G059700,GLYMA_11G059700.intron5,GLYMA_11G059700|11:4516229-4517446:-,11,4516229,4517446,-,KRH28531,1,yes,FLEP-seq;Iso-seq;ONT;ONT cDNA-seq,527,97,459,624,0.844551282051282,0.870967741935484,Glycine_max,high_confidence_IR
GLYMA_11G061400,GLYMA_11G061400.intron1,GLYMA_11G061400|11:4595739-4596708:+,11,4595739,4596708,+,KRH28554,1,no,FLEP-seq;Iso-seq;ONT;ONT cDNA-seq,112,264,105,376,0.297872340425532,0.9375,Glycine_max,high_confidence_IR
GLYMA_11G066900,GLYMA_11G066900.intron2,GLYMA_11G066900|11:5017513-5017854:+,11,5017513,5017854,+,KRH28653,1,no,FLEP-seq;Iso-seq;ONT;ONT cDNA-seq,172,435,156,607,0.2833607907743,0.906976744186046,Glycine_max,high_confidence_IR
GLYMA_11G068200,GLYMA_11G068200.intron1,GLYMA_11G068200|11:5123561-5123643:-,11,5123561,5123643,-,KRH28671,1,no,FLEP-seq;Iso-seq;ONT;ONT cDNA-seq,135,5,106,140,0.964285714285714,0.785185185185185,Glycine_max,high_confidence_IR
GLYMA_11G068800,GLYMA_11G068800.intron1,GLYMA_11G068800|11:5176765-5177121:+,11,5176765,5177121,+,KRH28682,1,yes,FLEP-seq;Iso-seq;ONT;ONT cDNA-seq,113,9,113,122,0.926229508196721,1,Glycine_max,high_confidence_IR
GLYMA_11G071900,GLYMA_11G071900.intron10,GLYMA_11G071900|11:5366100-5367233:+,11,5366100,5367233,+,KRH28726,1,yes,FLEP-seq;Iso-seq;ONT;ONT cDNA-seq,75,8,56,83,0.903614457831325,0.746666666666667,Glycine_max,high_confidence_IR
GLYMA_11G073400,GLYMA_11G073400.intron1,GLYMA_11G073400|11:5482459-5482828:-,11,5482459,5482828,-,KRH28743,1,no,FLEP-seq;Iso-seq;ONT;ONT cDNA-seq,91,363,66,454,0.200440528634361,0.725274725274725,Glycine_max,high_confidence_IR
GLYMA_11G079900,GLYMA_11G079900.intron1,GLYMA_11G079900|11:5999617-6000025:+,11,5999617,6000025,+,KRH28839,1,yes,FLEP-seq;Iso-seq;ONT;ONT cDNA-seq,5,14,5,19,0.263157894736842,1,Glycine_max,high_confidence_IR
GLYMA_11G084000,GLYMA_11G084000.intron2,GLYMA_11G084000|11:6309197-6310319:-,11,6309197,6310319,-,KRH28894,1,yes,FLEP-seq;Iso-seq;ONT;ONT cDNA-seq,1249,162,1166,1411,0.885187810063785,0.933546837469976,Glycine_max,high_confidence_IR
GLYMA_11G090900,GLYMA_11G090900.intron11,GLYMA_11G090900|11:6878870-6879200:+,11,6878870,6879200,+,KRH28994,1,yes,FLEP-seq;Iso-seq;ONT;ONT cDNA-seq,4543,10,3475,4553,0.997803645947727,0.764913053048646,Glycine_max,high_confidence_IR
GLYMA_11G092600,GLYMA_11G092600.intron5,GLYMA_11G092600|11:7024412-7024511:-,11,7024412,7024511,-,KRH29029,1,yes,FLEP-seq;Iso-seq;ONT;ONT cDNA-seq,691,7,571,698,0.989971346704871,0.826338639652677,Glycine_max,high_confidence_IR
GLYMA_11G094800,GLYMA_11G094800.intron1,GLYMA_11G094800|11:7200269-7200731:+,11,7200269,7200731,+,KRH29060;KRH29061;KRH29062,3,no,FLEP-seq;Iso-seq;ONT;ONT cDNA-seq,27,23,27,50,0.54,1,Glycine_max,high_confidence_IR
GLYMA_11G097500,GLYMA_11G097500.intron5,GLYMA_11G097500|11:7445959-7447024:+,11,7445959,7447024,+,KRH29103,1,yes,FLEP-seq;Iso-seq;ONT;ONT cDNA-seq,5985,12,5574,5997,0.99799899949975,0.931328320802005,Glycine_max,high_confidence_IR
GLYMA_11G098100,GLYMA_11G098100.intron1,GLYMA_11G098100|11:7466164-7467114:+,11,7466164,7467114,+,KRH29111,1,no,FLEP-seq;Iso-seq;ONT;ONT cDNA-seq,82,40,82,122,0.672131147540984,1,Glycine_max,high_confidence_IR
GLYMA_11G102700,GLYMA_11G102700.intron2,GLYMA_11G102700|11:7802491-7802582:-,11,7802491,7802582,-,KRH29186;KRH29187,2,yes,FLEP-seq;Iso-seq;ONT;ONT cDNA-seq,207,164,188,371,0.557951482479784,0.908212560386473,Glycine_max,high_confidence_IR
GLYMA_11G104300,GLYMA_11G104300.intron3,GLYMA_11G104300|11:7913967-7915007:-,11,7913967,7915007,-,KRH29234,1,yes,FLEP-seq;Iso-seq;ONT;ONT cDNA-seq,549,6,525,555,0.989189189189189,0.956284153005464,Glycine_max,high_confidence_IR
GLYMA_11G106100,GLYMA_11G106100.intron3,GLYMA_11G106100|11:8077841-8077956:+,11,8077841,8077956,+,KRH29263;KRH29264,2,yes,FLEP-seq;Iso-seq;ONT;ONT cDNA-seq,264,128,190,392,0.673469387755102,0.71969696969697,Glycine_max,high_confidence_IR
GLYMA_11G110700,GLYMA_11G110700.intron2,GLYMA_11G110700|11:8448086-8449681:+,11,8448086,8449681,+,KRH29333;KRH29334,2,no,FLEP-seq;Iso-seq;ONT;ONT cDNA-seq,36,44,27,80,0.45,0.75,Glycine_max,high_confidence_IR
GLYMA_11G117400,GLYMA_11G117400.intron1,GLYMA_11G117400|11:8931150-8931422:-,11,8931150,8931422,-,KRH29452,1,no,FLEP-seq;Iso-seq;ONT;ONT cDNA-seq,2909,2582,2909,5491,0.529775997086141,1,Glycine_max,high_confidence_IR
GLYMA_11G117500,GLYMA_11G117500.intron1,GLYMA_11G117500|11:8933251-8933500:-,11,8933251,8933500,-,KRH29453,1,no,FLEP-seq;Iso-seq;ONT;ONT cDNA-seq,53,67,53,120,0.441666666666667,1,Glycine_max,high_confidence_IR
GLYMA_11G117600,GLYMA_11G117600.intron1,GLYMA_11G117600|11:8940806-8941085:-,11,8940806,8941085,-,KRH29454,1,no,FLEP-seq;Iso-seq;ONT;ONT cDNA-seq,20150,28296,20150,48446,0.415927011517979,1,Glycine_max,high_confidence_IR
GLYMA_11G119000,GLYMA_11G119000.intron3,GLYMA_11G119000|11:9042877-9042984:-,11,9042877,9042984,-,KRH29485,1,yes,FLEP-seq;Iso-seq;ONT;ONT cDNA-seq,8085,5,7010,8090,0.99938195302843,0.867037724180581,Glycine_max,high_confidence_IR
GLYMA_11G121700,GLYMA_11G121700.intron2,GLYMA_11G121700|11:9299840-9300412:+,11,9299840,9300412,+,KRH29529,1,yes,FLEP-seq;Iso-seq;ONT;ONT cDNA-seq,1949,3363,1679,5312,0.366905120481928,0.861467419189328,Glycine_max,high_confidence_IR
GLYMA_11G122800,GLYMA_11G122800.intron1,GLYMA_11G122800|11:9359004-9359288:-,11,9359004,9359288,-,KRH29542,1,no,FLEP-seq;Iso-seq;ONT;ONT cDNA-seq,206,61,206,267,0.771535580524345,1,Glycine_max,high_confidence_IR
GLYMA_11G124900,GLYMA_11G124900.intron4,GLYMA_11G124900|11:9489364-9489940:+,11,9489364,9489940,+,KRH29578,1,yes,FLEP-seq;Iso-seq;ONT;ONT cDNA-seq,631,24,446,655,0.963358778625954,0.706814580031696,Glycine_max,high_confidence_IR
GLYMA_11G133200,GLYMA_11G133200.intron3,GLYMA_11G133200|11:10184808-10185053:+,11,10184808,10185053,+,KRH29709,1,no,FLEP-seq;Iso-seq;ONT;ONT cDNA-seq,207,178,151,385,0.537662337662338,0.729468599033816,Glycine_max,high_confidence_IR
GLYMA_11G137900,GLYMA_11G137900.intron9,GLYMA_11G137900|11:10491532-10491632:-,11,10491532,10491632,-,KRH29769;KRH29770,2,no,FLEP-seq;Iso-seq;ONT;ONT cDNA-seq,5,19,5,24,0.208333333333333,1,Glycine_max,high_confidence_IR
GLYMA_11G139200,GLYMA_11G139200.intron2,GLYMA_11G139200|11:10605028-10605269:+,11,10605028,10605269,+,KRH29794;KRH29795;KRH29796,3,no,FLEP-seq;Iso-seq;ONT;ONT cDNA-seq,172,639,152,811,0.212083847102343,0.883720930232558,Glycine_max,high_confidence_IR
GLYMA_11G148000,GLYMA_11G148000.intron4,GLYMA_11G148000|11:11418112-11419438:-,11,11418112,11419438,-,KRH29945,1,yes,FLEP-seq;Iso-seq;ONT;ONT cDNA-seq,520,68,465,588,0.884353741496599,0.894230769230769,Glycine_max,high_confidence_IR
GLYMA_11G150100,GLYMA_11G150100.intron12,GLYMA_11G150100|11:11738908-11741375:+,11,11738908,11741375,+,KRH29970,1,yes,FLEP-seq;Iso-seq;ONT;ONT cDNA-seq,167,36,119,203,0.822660098522167,0.712574850299401,Glycine_max,high_confidence_IR
GLYMA_11G151800,GLYMA_11G151800.intron6,GLYMA_11G151800|11:12027640-12027829:-,11,12027640,12027829,-,KRH29988,1,no,FLEP-seq;Iso-seq;ONT;ONT cDNA-seq,1841,14,1400,1855,0.992452830188679,0.760456273764259,Glycine_max,high_confidence_IR
GLYMA_11G156300,GLYMA_11G156300.intron2,GLYMA_11G156300|11:13562578-13562682:-,11,13562578,13562682,-,KRH30069;KRH30070,2,yes,FLEP-seq;Iso-seq;ONT;ONT cDNA-seq,66,46,57,112,0.589285714285714,0.863636363636364,Glycine_max,high_confidence_IR
GLYMA_11G156900,GLYMA_11G156900.intron1,GLYMA_11G156900|11:13836218-13836651:-,11,13836218,13836651,-,KRH30079;KRH30080;KRH30081,3,no,FLEP-seq;Iso-seq;ONT;ONT cDNA-seq,5,9,5,14,0.357142857142857,1,Glycine_max,high_confidence_IR
GLYMA_11G164700,GLYMA_11G164700.intron4,GLYMA_11G164700|11:15650529-15652751:-,11,15650529,15652751,-,KRH30170,1,yes,FLEP-seq;Iso-seq;ONT;ONT cDNA-seq,22579,506,20486,23085,0.97808100498159,0.907303246379379,Glycine_max,high_confidence_IR
GLYMA_11G165100,GLYMA_11G165100.intron1,GLYMA_11G165100|11:15724300-15725889:-,11,15724300,15725889,-,KRH30177,1,no,FLEP-seq;Iso-seq;ONT;ONT cDNA-seq,56,41,56,97,0.577319587628866,1,Glycine_max,high_confidence_IR
GLYMA_11G166300,GLYMA_11G166300.intron1,GLYMA_11G166300|11:15984969-15987630:+,11,15984969,15987630,+,KRH30191,1,yes,FLEP-seq;Iso-seq;ONT;ONT cDNA-seq,18,23,18,41,0.439024390243902,1,Glycine_max,high_confidence_IR
GLYMA_11G173200,GLYMA_11G173200.intron1,GLYMA_11G173200|11:18838457-18839086:+,11,18838457,18839086,+,KRH30287,1,no,FLEP-seq;Iso-seq;ONT;ONT cDNA-seq,10,5,10,15,0.666666666666667,1,Glycine_max,high_confidence_IR
GLYMA_11G173300,GLYMA_11G173300.intron1,GLYMA_11G173300|11:18849378-18850030:+,11,18849378,18850030,+,KRH30288,1,no,FLEP-seq;Iso-seq;ONT;ONT cDNA-seq,9,7,9,16,0.5625,1,Glycine_max,high_confidence_IR
GLYMA_11G173800,GLYMA_11G173800.intron3,GLYMA_11G173800|11:18907394-18908140:-,11,18907394,18908140,-,KRH30293,1,no,FLEP-seq;Iso-seq;ONT;ONT cDNA-seq,35,58,28,93,0.376344086021505,0.8,Glycine_max,high_confidence_IR
GLYMA_11G179600,GLYMA_11G179600.intron1,GLYMA_11G179600|11:24522282-24526309:+,11,24522282,24526309,+,KRH30364,1,yes,FLEP-seq;Iso-seq;ONT;ONT cDNA-seq,6,6,6,12,0.5,1,Glycine_max,high_confidence_IR
GLYMA_11G183600,GLYMA_11G183600.intron1,GLYMA_11G183600|11:25136661-25136762:+,11,25136661,25136762,+,KRH30431,1,yes,FLEP-seq;Iso-seq;ONT;ONT cDNA-seq,1238,7,1238,1245,0.994377510040161,1,Glycine_max,high_confidence_IR
GLYMA_11G186500,GLYMA_11G186500.intron1,GLYMA_11G186500|11:25593339-25593907:+,11,25593339,25593907,+,KRH30477,1,no,FLEP-seq;Iso-seq;ONT;ONT cDNA-seq,46,15,46,61,0.754098360655738,1,Glycine_max,high_confidence_IR
GLYMA_11G189900,GLYMA_11G189900.intron1,GLYMA_11G189900|11:26243723-26243850:+,11,26243723,26243850,+,KRH30521,1,no,FLEP-seq;Iso-seq;ONT;ONT cDNA-seq,282,85,282,367,0.768392370572207,1,Glycine_max,high_confidence_IR
GLYMA_11G190200,GLYMA_11G190200.intron7,GLYMA_11G190200|11:26277341-26277667:-,11,26277341,26277667,-,KRH30524,1,yes,FLEP-seq;Iso-seq;ONT;ONT cDNA-seq,6788,41,5474,6829,0.993996192707571,0.806423099587507,Glycine_max,high_confidence_IR
GLYMA_11G195900,GLYMA_11G195900.intron8,GLYMA_11G195900|11:26970152-26970833:-,11,26970152,26970833,-,KRH30612,1,yes,FLEP-seq;Iso-seq;ONT;ONT cDNA-seq,1501,12,1256,1513,0.992068737607403,0.836775483011326,Glycine_max,high_confidence_IR
GLYMA_11G217500,GLYMA_11G217500.intron1,GLYMA_11G217500|11:31202847-31202930:-,11,31202847,31202930,-,KRH30958,1,no,FLEP-seq;Iso-seq;ONT;ONT cDNA-seq,502,59,502,561,0.894830659536542,1,Glycine_max,high_confidence_IR
GLYMA_11G220900,GLYMA_11G220900.intron1,GLYMA_11G220900|11:31613960-31614069:-,11,31613960,31614069,-,KRH31001,1,no,FLEP-seq;Iso-seq;ONT;ONT cDNA-seq,82,122,82,204,0.401960784313726,1,Glycine_max,high_confidence_IR
GLYMA_11G221400,GLYMA_11G221400.intron4,GLYMA_11G221400|11:31655310-31656145:-,11,31655310,31656145,-,KRH31008,1,yes,FLEP-seq;Iso-seq;ONT;ONT cDNA-seq,1082,89,1000,1171,0.92399658411614,0.924214417744917,Glycine_max,high_confidence_IR
GLYMA_11G223500,GLYMA_11G223500.intron2,GLYMA_11G223500|11:31849417-31849546:+,11,31849417,31849546,+,KRH31040,1,no,FLEP-seq;Iso-seq;ONT;ONT cDNA-seq,43,43,31,86,0.5,0.720930232558139,Glycine_max,high_confidence_IR
GLYMA_11G225600,GLYMA_11G225600.intron1,GLYMA_11G225600|11:32072234-32073075:+,11,32072234,32073075,+,KRH31069,1,no,FLEP-seq;Iso-seq;ONT;ONT cDNA-seq,102,172,102,274,0.372262773722628,1,Glycine_max,high_confidence_IR
GLYMA_11G227900,GLYMA_11G227900.intron4,GLYMA_11G227900|11:32302473-32303438:-,11,32302473,32303438,-,KRH31117,1,yes,FLEP-seq;Iso-seq;ONT;ONT cDNA-seq,4673,5,4295,4678,0.998931167165455,0.919109779584849,Glycine_max,high_confidence_IR
GLYMA_11G231800,GLYMA_11G231800.intron2,GLYMA_11G231800|11:32750090-32751193:-,11,32750090,32751193,-,KRH31173,1,no,FLEP-seq;Iso-seq;ONT;ONT cDNA-seq,209,771,150,980,0.213265306122449,0.717703349282297,Glycine_max,high_confidence_IR
GLYMA_11G234500,GLYMA_11G234500.intron7,GLYMA_11G234500|11:32969699-32969916:-,11,32969699,32969916,-,KRH31211,1,no,FLEP-seq;Iso-seq;ONT;ONT cDNA-seq,725,1102,623,1827,0.396825396825397,0.859310344827586,Glycine_max,high_confidence_IR
GLYMA_11G237400,GLYMA_11G237400.intron7,GLYMA_11G237400|11:33183824-33183908:-,11,33183824,33183908,-,KRH31254,1,yes,FLEP-seq;Iso-seq;ONT;ONT cDNA-seq,114,42,95,156,0.730769230769231,0.833333333333333,Glycine_max,high_confidence_IR
GLYMA_11G240300,GLYMA_11G240300.intron1,GLYMA_11G240300|11:33465638-33466467:+,11,33465638,33466467,+,KRH31293,1,yes,FLEP-seq;Iso-seq;ONT;ONT cDNA-seq,405,94,296,499,0.811623246492986,0.730864197530864,Glycine_max,high_confidence_IR
GLYMA_11G243700,GLYMA_11G243700.intron7,GLYMA_11G243700|11:33752334-33753128:-,11,33752334,33753128,-,KRH31351,1,yes,FLEP-seq;Iso-seq;ONT;ONT cDNA-seq,1453,96,1090,1549,0.938024531956101,0.750172057811425,Glycine_max,high_confidence_IR
GLYMA_11G243800,GLYMA_11G243800.intron12,GLYMA_11G243800|11:33765679-33765767:+,11,33765679,33765767,+,KRH31353,1,no,FLEP-seq;Iso-seq;ONT;ONT cDNA-seq,471,1363,385,1834,0.256815703380589,0.817409766454352,Glycine_max,high_confidence_IR
GLYMA_11G244200,GLYMA_11G244200.intron3,GLYMA_11G244200|11:33798528-33798837:+,11,33798528,33798837,+,KRH31361;KRH31362,2,no,FLEP-seq;Iso-seq;ONT;ONT cDNA-seq,9,8,7,17,0.529411764705882,0.777777777777778,Glycine_max,high_confidence_IR
GLYMA_11G245500,GLYMA_11G245500.intron6,GLYMA_11G245500|11:33895213-33895784:-,11,33895213,33895784,-,KRH31383,1,yes,FLEP-seq;Iso-seq;ONT;ONT cDNA-seq,309,11,229,320,0.965625,0.741100323624595,Glycine_max,high_confidence_IR
GLYMA_11G251200,GLYMA_11G251200.intron1,GLYMA_11G251200|11:34274047-34274617:+,11,34274047,34274617,+,KRH31490,1,no,FLEP-seq;Iso-seq;ONT;ONT cDNA-seq,6,5,6,11,0.545454545454545,1,Glycine_max,high_confidence_IR
GLYMA_11G251700,GLYMA_11G251700.intron1,GLYMA_11G251700|11:34310052-34310489:+,11,34310052,34310489,+,KRH31518,1,yes,FLEP-seq;Iso-seq;ONT;ONT cDNA-seq,12603,631,12391,13234,0.952319782378722,0.983178608267873,Glycine_max,high_confidence_IR
GLYMA_11G252400,GLYMA_11G252400.intron2,GLYMA_11G252400|11:34352643-34352732:+,11,34352643,34352732,+,KRH31531,1,no,FLEP-seq;Iso-seq;ONT;ONT cDNA-seq,70,7,67,77,0.909090909090909,0.957142857142857,Glycine_max,high_confidence_IR
GLYMA_11G257000,GLYMA_11G257000.intron1,GLYMA_11G257000|11:34747793-34748786:-,11,34747793,34748786,-,KRH31607,1,no,FLEP-seq;Iso-seq;ONT;ONT cDNA-seq,19,64,17,83,0.228915662650602,0.894736842105263,Glycine_max,high_confidence_IR
GLYMA_12G000300,GLYMA_12G000300.intron1,GLYMA_12G000300|12:19647-19725:+,12,19647,19725,+,KRH23726,1,no,FLEP-seq;Iso-seq;ONT;ONT cDNA-seq,49,81,49,130,0.376923076923077,1,Glycine_max,high_confidence_IR
GLYMA_12G002800,GLYMA_12G002800.intron6,GLYMA_12G002800|12:226177-226267:-,12,226177,226267,-,KRH23771,1,yes,FLEP-seq;Iso-seq;ONT;ONT cDNA-seq,1956,1309,1487,3265,0.599081163859112,0.760224948875256,Glycine_max,high_confidence_IR
GLYMA_12G003500,GLYMA_12G003500.intron1,GLYMA_12G003500|12:289018-289091:-,12,289018,289091,-,KRH23781;KRH23782,2,no,FLEP-seq;Iso-seq;ONT;ONT cDNA-seq,856,2400,692,3256,0.262899262899263,0.808411214953271,Glycine_max,high_confidence_IR
GLYMA_12G007600,GLYMA_12G007600.intron1,GLYMA_12G007600|12:561936-562234:-,12,561936,562234,-,KRH23861,1,yes,FLEP-seq;Iso-seq;ONT;ONT cDNA-seq,1053,1413,762,2466,0.427007299270073,0.723646723646724,Glycine_max,high_confidence_IR
GLYMA_12G008400,GLYMA_12G008400.intron1,GLYMA_12G008400|12:619159-619282:-,12,619159,619282,-,KRH23879,1,no,FLEP-seq;Iso-seq;ONT;ONT cDNA-seq,534,157,534,691,0.772793053545586,1,Glycine_max,high_confidence_IR
GLYMA_12G013900,GLYMA_12G013900.intron1,GLYMA_12G013900|12:1006030-1006127:+,12,1006030,1006127,+,KRH23970,1,no,FLEP-seq;Iso-seq;ONT;ONT cDNA-seq,35,14,35,49,0.714285714285714,1,Glycine_max,high_confidence_IR
GLYMA_12G014100,GLYMA_12G014100.intron2,GLYMA_12G014100|12:1021060-1021229:-,12,1021060,1021229,-,KRH23972,1,yes,FLEP-seq;Iso-seq;ONT;ONT cDNA-seq,529,81,437,610,0.867213114754098,0.826086956521739,Glycine_max,high_confidence_IR
GLYMA_12G019000,GLYMA_12G019000.intron3,GLYMA_12G019000|12:1336140-1336996:-,12,1336140,1336996,-,KRH24055;KRH24056,2,no,FLEP-seq;Iso-seq;ONT;ONT cDNA-seq,73,292,53,365,0.2,0.726027397260274,Glycine_max,high_confidence_IR
GLYMA_12G024400,GLYMA_12G024400.intron3,GLYMA_12G024400|12:1768987-1769086:-,12,1768987,1769086,-,KRH24146,1,yes,FLEP-seq;Iso-seq;ONT;ONT cDNA-seq,86,6,80,92,0.934782608695652,0.930232558139535,Glycine_max,high_confidence_IR
GLYMA_12G028600,GLYMA_12G028600.intron1,GLYMA_12G028600|12:2135329-2135415:-,12,2135329,2135415,-,KRH24215,1,no,FLEP-seq;Iso-seq;ONT;ONT cDNA-seq,111,254,111,365,0.304109589041096,1,Glycine_max,high_confidence_IR
GLYMA_12G028800,GLYMA_12G028800.intron2,GLYMA_12G028800|12:2151298-2151406:-,12,2151298,2151406,-,KRH24217;KRH24218,2,no,FLEP-seq;Iso-seq;ONT;ONT cDNA-seq,106,222,78,328,0.323170731707317,0.735849056603774,Glycine_max,high_confidence_IR
GLYMA_12G031000,GLYMA_12G031000.intron1,GLYMA_12G031000|12:2322288-2322363:+,12,2322288,2322363,+,KRH24285;KRH24286,2,no,FLEP-seq;Iso-seq;ONT;ONT cDNA-seq,131,480,103,611,0.214402618657938,0.786259541984733,Glycine_max,high_confidence_IR
GLYMA_12G033000,GLYMA_12G033000.intron1,GLYMA_12G033000|12:2495788-2497294:+,12,2495788,2497294,+,KRH24316,1,no,FLEP-seq;Iso-seq;ONT;ONT cDNA-seq,957,766,957,1723,0.555426581543819,1,Glycine_max,high_confidence_IR
GLYMA_12G037300,GLYMA_12G037300.intron1,GLYMA_12G037300|12:2703777-2703848:+,12,2703777,2703848,+,KRH24376,1,yes,FLEP-seq;Iso-seq;ONT;ONT cDNA-seq,69,66,63,135,0.511111111111111,0.91304347826087,Glycine_max,high_confidence_IR
GLYMA_12G047900,GLYMA_12G047900.intron7,GLYMA_12G047900|12:3477924-3478170:+,12,3477924,3478170,+,KRH24544,1,no,FLEP-seq;Iso-seq;ONT;ONT cDNA-seq,39,119,30,158,0.246835443037975,0.769230769230769,Glycine_max,high_confidence_IR
GLYMA_12G048600,GLYMA_12G048600.intron3,GLYMA_12G048600|12:3505822-3505912:-,12,3505822,3505912,-,KRH24553;KRH24555,2,yes,FLEP-seq;Iso-seq;ONT;ONT cDNA-seq,186,247,148,433,0.429561200923788,0.795698924731183,Glycine_max,high_confidence_IR
GLYMA_12G049900,GLYMA_12G049900.intron1,GLYMA_12G049900|12:3578279-3578349:+,12,3578279,3578349,+,KRH24576,1,no,FLEP-seq;Iso-seq;ONT;ONT cDNA-seq,12,42,10,54,0.222222222222222,0.833333333333333,Glycine_max,high_confidence_IR
GLYMA_12G050600,GLYMA_12G050600.intron1,GLYMA_12G050600|12:3635795-3636038:+,12,3635795,3636038,+,KRH24592,1,yes,FLEP-seq;Iso-seq;ONT;ONT cDNA-seq,214,285,177,499,0.428857715430862,0.827102803738318,Glycine_max,high_confidence_IR
GLYMA_12G061500,GLYMA_12G061500.intron2,GLYMA_12G061500|12:4490395-4490831:+,12,4490395,4490831,+,KRH24769,1,no,FLEP-seq;Iso-seq;ONT;ONT cDNA-seq,24,64,17,88,0.272727272727273,0.708333333333333,Glycine_max,high_confidence_IR
GLYMA_12G062100,GLYMA_12G062100.intron1,GLYMA_12G062100|12:4532419-4532505:-,12,4532419,4532505,-,KRH24776;KRH24777,2,yes,FLEP-seq;Iso-seq;ONT;ONT cDNA-seq,289,23,289,312,0.926282051282051,1,Glycine_max,high_confidence_IR
GLYMA_12G062700,GLYMA_12G062700.intron1,GLYMA_12G062700|12:4592275-4592406:+,12,4592275,4592406,+,KRH24786,1,yes,FLEP-seq;Iso-seq;ONT;ONT cDNA-seq,256,467,222,723,0.354080221300138,0.8671875,Glycine_max,high_confidence_IR
GLYMA_12G062800,GLYMA_12G062800.intron2,GLYMA_12G062800|12:4604931-4605166:+,12,4604931,4605166,+,KRH24788;KRH24789,2,no,FLEP-seq;Iso-seq;ONT;ONT cDNA-seq,108,272,96,380,0.284210526315789,0.888888888888889,Glycine_max,high_confidence_IR
GLYMA_12G066300,GLYMA_12G066300.intron2,GLYMA_12G066300|12:4875580-4877773:-,12,4875580,4877773,-,KRH24848,1,yes,FLEP-seq;Iso-seq;ONT;ONT cDNA-seq,127,32,127,159,0.79874213836478,1,Glycine_max,high_confidence_IR
GLYMA_12G067100,GLYMA_12G067100.intron1,GLYMA_12G067100|12:4920932-4922184:+,12,4920932,4922184,+,KRH24862,1,no,FLEP-seq;Iso-seq;ONT;ONT cDNA-seq,10,5,10,15,0.666666666666667,1,Glycine_max,high_confidence_IR
GLYMA_12G069100,GLYMA_12G069100.intron1,GLYMA_12G069100|12:5066511-5066591:-,12,5066511,5066591,-,KRH24890,1,yes,FLEP-seq;Iso-seq;ONT;ONT cDNA-seq,538,1265,484,1803,0.298391569606212,0.899628252788104,Glycine_max,high_confidence_IR
GLYMA_12G070700,GLYMA_12G070700.intron1,GLYMA_12G070700|12:5180788-5180885:+,12,5180788,5180885,+,KRH24910,1,no,FLEP-seq;Iso-seq;ONT;ONT cDNA-seq,10,29,7,39,0.256410256410256,0.7,Glycine_max,high_confidence_IR
GLYMA_12G078700,GLYMA_12G078700.intron1,GLYMA_12G078700|12:6139198-6139400:-,12,6139198,6139400,-,KRH25075,1,no,FLEP-seq;Iso-seq;ONT;ONT cDNA-seq,52,18,52,70,0.742857142857143,1,Glycine_max,high_confidence_IR
GLYMA_12G079400,GLYMA_12G079400.intron1,GLYMA_12G079400|12:6202203-6203692:-,12,6202203,6203692,-,KRH25083,1,no,FLEP-seq;Iso-seq;ONT;ONT cDNA-seq,646,1670,473,2316,0.278929188255613,0.732198142414861,Glycine_max,high_confidence_IR
GLYMA_12G081300,GLYMA_12G081300.intron5,GLYMA_12G081300|12:6425054-6425162:+,12,6425054,6425162,+,KRH25110,1,yes,FLEP-seq;Iso-seq;ONT;ONT cDNA-seq,1287,10,1148,1297,0.992289899768697,0.891996891996892,Glycine_max,high_confidence_IR
GLYMA_12G084500,GLYMA_12G084500.intron7,GLYMA_12G084500|12:6789987-6790915:-,12,6789987,6790915,-,KRH25157,1,yes,FLEP-seq;Iso-seq;ONT;ONT cDNA-seq,1100,9,843,1109,0.991884580703336,0.766363636363636,Glycine_max,high_confidence_IR
GLYMA_12G085300,GLYMA_12G085300.intron1,GLYMA_12G085300|12:6885047-6885157:-,12,6885047,6885157,-,KRH25166,1,no,FLEP-seq;Iso-seq;ONT;ONT cDNA-seq,18,70,18,88,0.204545454545455,1,Glycine_max,high_confidence_IR
GLYMA_12G091100,GLYMA_12G091100.intron1,GLYMA_12G091100|12:7452458-7452953:+,12,7452458,7452953,+,KRH25263,1,no,FLEP-seq;Iso-seq;ONT;ONT cDNA-seq,2367,13,2367,2380,0.99453781512605,1,Glycine_max,high_confidence_IR
GLYMA_12G092500,GLYMA_12G092500.intron1,GLYMA_12G092500|12:7578051-7579997:+,12,7578051,7579997,+,KRH25288,1,no,FLEP-seq;Iso-seq;ONT;ONT cDNA-seq,7,28,7,35,0.2,1,Glycine_max,high_confidence_IR
GLYMA_12G095900,GLYMA_12G095900.intron2,GLYMA_12G095900|12:8048802-8050275:+,12,8048802,8050275,+,KRH25337,1,no,FLEP-seq;Iso-seq;ONT;ONT cDNA-seq,201,729,170,930,0.216129032258065,0.845771144278607,Glycine_max,high_confidence_IR
GLYMA_12G099300,GLYMA_12G099300.intron4,GLYMA_12G099300|12:8615150-8615644:+,12,8615150,8615644,+,KRH25385,1,no,FLEP-seq;Iso-seq;ONT;ONT cDNA-seq,131,293,93,424,0.308962264150943,0.709923664122137,Glycine_max,high_confidence_IR
GLYMA_12G100300,GLYMA_12G100300.intron3,GLYMA_12G100300|12:8754096-8756210:+,12,8754096,8756210,+,KRH25403,1,yes,FLEP-seq;Iso-seq;ONT;ONT cDNA-seq,5034,11,4834,5045,0.997819623389495,0.960270162892332,Glycine_max,high_confidence_IR
GLYMA_12G104800,GLYMA_12G104800.intron1,GLYMA_12G104800|12:9504065-9504172:+,12,9504065,9504172,+,KRH25462,1,yes,FLEP-seq;Iso-seq;ONT;ONT cDNA-seq,318,42,262,360,0.883333333333333,0.823899371069182,Glycine_max,high_confidence_IR
GLYMA_12G105200,GLYMA_12G105200.intron1,GLYMA_12G105200|12:9535541-9535807:+,12,9535541,9535807,+,KRH25466,1,no,FLEP-seq;Iso-seq;ONT;ONT cDNA-seq,595,167,595,762,0.780839895013123,1,Glycine_max,high_confidence_IR
GLYMA_12G108600,GLYMA_12G108600.intron1,GLYMA_12G108600|12:9995094-9996543:-,12,9995094,9996543,-,KRH25513,1,no,FLEP-seq;Iso-seq;ONT;ONT cDNA-seq,15,27,15,42,0.357142857142857,1,Glycine_max,high_confidence_IR
GLYMA_12G113800,GLYMA_12G113800.intron3,GLYMA_12G113800|12:11166970-11167272:+,12,11166970,11167272,+,KRH25592,1,yes,FLEP-seq;Iso-seq;ONT;ONT cDNA-seq,681,11,654,692,0.984104046242775,0.960352422907489,Glycine_max,high_confidence_IR
GLYMA_12G117500,GLYMA_12G117500.intron3,GLYMA_12G117500|12:11899261-11900484:-,12,11899261,11900484,-,KRH25639,1,yes,FLEP-seq;Iso-seq;ONT;ONT cDNA-seq,171,494,158,665,0.257142857142857,0.923976608187134,Glycine_max,high_confidence_IR
GLYMA_12G122300,GLYMA_12G122300.intron3,GLYMA_12G122300|12:13315797-13315881:-,12,13315797,13315881,-,KRH25705;KRH25706,2,no,FLEP-seq;Iso-seq;ONT;ONT cDNA-seq,179,701,134,880,0.203409090909091,0.748603351955307,Glycine_max,high_confidence_IR
GLYMA_12G131700,GLYMA_12G131700.intron3,GLYMA_12G131700|12:14890307-14890399:-,12,14890307,14890399,-,KRH25820,1,yes,FLEP-seq;Iso-seq;ONT;ONT cDNA-seq,3865,108,3105,3973,0.972816511452303,0.803363518758085,Glycine_max,high_confidence_IR
GLYMA_12G132000,GLYMA_12G132000.intron1,GLYMA_12G132000|12:14920934-14921044:-,12,14920934,14921044,-,KRH25826,1,no,FLEP-seq;Iso-seq;ONT;ONT cDNA-seq,56,190,43,246,0.227642276422764,0.767857142857143,Glycine_max,high_confidence_IR
GLYMA_12G132400,GLYMA_12G132400.intron1,GLYMA_12G132400|12:14957957-14958067:-,12,14957957,14958067,-,KRH25830,1,no,FLEP-seq;Iso-seq;ONT;ONT cDNA-seq,212,729,212,941,0.22529224229543,1,Glycine_max,high_confidence_IR
GLYMA_12G135500,GLYMA_12G135500.intron6,GLYMA_12G135500|12:15834136-15834251:+,12,15834136,15834251,+,KRH25871,1,yes,FLEP-seq;Iso-seq;ONT;ONT cDNA-seq,301,36,224,337,0.893175074183976,0.744186046511628,Glycine_max,high_confidence_IR
GLYMA_12G137100,GLYMA_12G137100.intron6,GLYMA_12G137100|12:16303812-16304625:-,12,16303812,16304625,-,KRH25899,1,no,FLEP-seq;Iso-seq;ONT;ONT cDNA-seq,178,644,143,822,0.21654501216545,0.803370786516854,Glycine_max,high_confidence_IR
GLYMA_12G141700,GLYMA_12G141700.intron4,GLYMA_12G141700|12:17905841-17906038:+,12,17905841,17906038,+,KRH25952,1,no,FLEP-seq;Iso-seq;ONT;ONT cDNA-seq,51,84,39,135,0.377777777777778,0.764705882352941,Glycine_max,high_confidence_IR
GLYMA_12G142100,GLYMA_12G142100.intron2,GLYMA_12G142100|12:18035151-18035950:-,12,18035151,18035950,-,KRH25956;KRH25958,2,yes,FLEP-seq;Iso-seq;ONT;ONT cDNA-seq,24,9,20,33,0.727272727272727,0.833333333333333,Glycine_max,high_confidence_IR
GLYMA_12G147400,GLYMA_12G147400.intron3,GLYMA_12G147400|12:20546871-20547064:-,12,20546871,20547064,-,KRH26037,1,yes,FLEP-seq;Iso-seq;ONT;ONT cDNA-seq,760,8,576,768,0.989583333333333,0.757894736842105,Glycine_max,high_confidence_IR
GLYMA_12G152600,GLYMA_12G152600.intron5,GLYMA_12G152600|12:23086785-23090507:-,12,23086785,23090507,-,KRH26104,1,yes,FLEP-seq;Iso-seq;ONT;ONT cDNA-seq,391,63,351,454,0.861233480176211,0.89769820971867,Glycine_max,high_confidence_IR
GLYMA_12G159800,GLYMA_12G159800.intron1,GLYMA_12G159800|12:28362554-28363034:-,12,28362554,28363034,-,KRH26212,1,no,FLEP-seq;Iso-seq;ONT;ONT cDNA-seq,9,16,9,25,0.36,1,Glycine_max,high_confidence_IR
GLYMA_12G164700,GLYMA_12G164700.intron1,GLYMA_12G164700|12:31903367-31904392:-,12,31903367,31904392,-,KRH26274,1,yes,FLEP-seq;Iso-seq;ONT;ONT cDNA-seq,141,36,141,177,0.796610169491525,1,Glycine_max,high_confidence_IR
GLYMA_12G165300,GLYMA_12G165300.intron3,GLYMA_12G165300|12:31950601-31950793:+,12,31950601,31950793,+,KRH26286,1,yes,FLEP-seq;Iso-seq;ONT;ONT cDNA-seq,1990,25,1757,2015,0.987593052109181,0.882914572864322,Glycine_max,high_confidence_IR
GLYMA_12G166300,GLYMA_12G166300.intron1,GLYMA_12G166300|12:32066995-32067067:-,12,32066995,32067067,-,KRH26304,1,no,FLEP-seq;Iso-seq;ONT;ONT cDNA-seq,14,50,14,64,0.21875,1,Glycine_max,high_confidence_IR
GLYMA_12G167200,GLYMA_12G167200.intron1,GLYMA_12G167200|12:32160879-32161332:-,12,32160879,32161332,-,KRH26322,1,no,FLEP-seq;Iso-seq;ONT;ONT cDNA-seq,73,90,73,163,0.447852760736196,1,Glycine_max,high_confidence_IR
GLYMA_12G167700,GLYMA_12G167700.intron3,GLYMA_12G167700|12:32247169-32247379:+,12,32247169,32247379,+,KRH26328,1,yes,FLEP-seq;Iso-seq;ONT;ONT cDNA-seq,2486,143,2280,2629,0.945606694560669,0.917135961383749,Glycine_max,high_confidence_IR
GLYMA_12G183200,GLYMA_12G183200.intron4,GLYMA_12G183200|12:34407626-34408249:+,12,34407626,34408249,+,KRH26607,1,yes,FLEP-seq;Iso-seq;ONT;ONT cDNA-seq,148,257,115,405,0.365432098765432,0.777027027027027,Glycine_max,high_confidence_IR
GLYMA_12G185400,GLYMA_12G185400.intron4,GLYMA_12G185400|12:34646923-34647570:-,12,34646923,34647570,-,KRH26648,1,no,FLEP-seq;Iso-seq;ONT;ONT cDNA-seq,336,881,251,1217,0.276088742810189,0.74702380952381,Glycine_max,high_confidence_IR
GLYMA_12G194500,GLYMA_12G194500.intron4,GLYMA_12G194500|12:35639688-35641061:+,12,35639688,35641061,+,KRH26806,1,yes,FLEP-seq;Iso-seq;ONT;ONT cDNA-seq,1267,84,1151,1351,0.937823834196891,0.908445146014207,Glycine_max,high_confidence_IR
GLYMA_12G195000,GLYMA_12G195000.intron1,GLYMA_12G195000|12:35668466-35669069:-,12,35668466,35669069,-,KRH26816,1,no,FLEP-seq;Iso-seq;ONT;ONT cDNA-seq,147,247,147,394,0.373096446700508,1,Glycine_max,high_confidence_IR
GLYMA_12G198100,GLYMA_12G198100.intron1,GLYMA_12G198100|12:35949962-35950248:-,12,35949962,35950248,-,KRH26858;KRH26859;KRH26860;KRH26861,4,no,FLEP-seq;Iso-seq;ONT;ONT cDNA-seq,75,167,67,242,0.309917355371901,0.893333333333333,Glycine_max,high_confidence_IR
GLYMA_12G198600,GLYMA_12G198600.intron1,GLYMA_12G198600|12:35997918-35998040:+,12,35997918,35998040,+,KRH26867,1,yes,FLEP-seq;Iso-seq;ONT;ONT cDNA-seq,281,57,281,338,0.831360946745562,1,Glycine_max,high_confidence_IR
GLYMA_12G200900,GLYMA_12G200900.intron4,GLYMA_12G200900|12:36178412-36179426:+,12,36178412,36179426,+,KRH26895,1,yes,FLEP-seq;Iso-seq;ONT;ONT cDNA-seq,116,251,85,367,0.316076294277929,0.732758620689655,Glycine_max,high_confidence_IR
GLYMA_12G202000,GLYMA_12G202000.intron8,GLYMA_12G202000|12:36237862-36237950:-,12,36237862,36237950,-,KRH26912,1,no,FLEP-seq;Iso-seq;ONT;ONT cDNA-seq,5,10,4,15,0.333333333333333,0.8,Glycine_max,high_confidence_IR
GLYMA_12G213900,GLYMA_12G213900.intron1,GLYMA_12G213900|12:37311966-37312085:-,12,37311966,37312085,-,KRH27094,1,no,FLEP-seq;Iso-seq;ONT;ONT cDNA-seq,7,8,7,15,0.466666666666667,1,Glycine_max,high_confidence_IR
GLYMA_12G215300,GLYMA_12G215300.intron1,GLYMA_12G215300|12:37451010-37451590:-,12,37451010,37451590,-,KRH27117,1,no,FLEP-seq;Iso-seq;ONT;ONT cDNA-seq,210,283,210,493,0.425963488843813,1,Glycine_max,high_confidence_IR
GLYMA_12G218900,GLYMA_12G218900.intron1,GLYMA_12G218900|12:37840760-37840858:+,12,37840760,37840858,+,KRH27167,1,no,FLEP-seq;Iso-seq;ONT;ONT cDNA-seq,691,625,691,1316,0.525075987841945,1,Glycine_max,high_confidence_IR
GLYMA_12G221500,GLYMA_12G221500.intron3,GLYMA_12G221500|12:38084211-38084324:-,12,38084211,38084324,-,KRH27200,1,yes,FLEP-seq;Iso-seq;ONT;ONT cDNA-seq,4083,162,3771,4245,0.961837455830389,0.923585598824394,Glycine_max,high_confidence_IR
GLYMA_12G224600,GLYMA_12G224600.intron4,GLYMA_12G224600|12:38413103-38413234:+,12,38413103,38413234,+,KRH27245;KRH27246;KRH27247;KRH27248,4,yes,FLEP-seq;Iso-seq;ONT;ONT cDNA-seq,501,649,358,1150,0.435652173913044,0.714570858283433,Glycine_max,high_confidence_IR
GLYMA_12G226200,GLYMA_12G226200.intron3,GLYMA_12G226200|12:38577934-38578135:-,12,38577934,38578135,-,KRH27272;KRH27273,2,yes,FLEP-seq;Iso-seq;ONT;ONT cDNA-seq,135,377,99,512,0.263671875,0.733333333333333,Glycine_max,high_confidence_IR
GLYMA_12G226400,GLYMA_12G226400.intron4,GLYMA_12G226400|12:38614490-38615408:-,12,38614490,38615408,-,KRH27278,1,yes,FLEP-seq;Iso-seq;ONT;ONT cDNA-seq,593,5,471,598,0.991638795986622,0.794266441821248,Glycine_max,high_confidence_IR
GLYMA_12G227400,GLYMA_12G227400.intron6,GLYMA_12G227400|12:38724570-38724766:-,12,38724570,38724766,-,KRH27298,1,yes,FLEP-seq;Iso-seq;ONT;ONT cDNA-seq,641,6,455,647,0.990726429675425,0.709828393135725,Glycine_max,high_confidence_IR
GLYMA_12G228100,GLYMA_12G228100.intron2,GLYMA_12G228100|12:38800438-38801414:-,12,38800438,38801414,-,KRH27314,1,no,FLEP-seq;Iso-seq;ONT;ONT cDNA-seq,21,68,18,89,0.235955056179775,0.857142857142857,Glycine_max,high_confidence_IR
GLYMA_12G235700,GLYMA_12G235700.intron2,GLYMA_12G235700|12:39468961-39469078:+,12,39468961,39469078,+,KRH27447;KRH27448,2,yes,FLEP-seq;Iso-seq;ONT;ONT cDNA-seq,209,121,187,330,0.633333333333333,0.894736842105263,Glycine_max,high_confidence_IR
GLYMA_12G237100,GLYMA_12G237100.intron2,GLYMA_12G237100|12:39599048-39599269:+,12,39599048,39599269,+,KRH27477,1,no,FLEP-seq;Iso-seq;ONT;ONT cDNA-seq,9,33,8,42,0.214285714285714,0.888888888888889,Glycine_max,high_confidence_IR
GLYMA_12G241000,GLYMA_12G241000.intron1,GLYMA_12G241000|12:39955078-39956296:-,12,39955078,39956296,-,KRH27529,1,no,FLEP-seq;Iso-seq;ONT;ONT cDNA-seq,170,87,170,257,0.66147859922179,1,Glycine_max,high_confidence_IR
GLYMA_12G241800,GLYMA_12G241800.intron1,GLYMA_12G241800|12:40011240-40011306:+,12,40011240,40011306,+,KRH27544,1,yes,FLEP-seq;Iso-seq;ONT;ONT cDNA-seq,515,2049,448,2564,0.200858034321373,0.869902912621359,Glycine_max,high_confidence_IR
GLYMA_12G242200,GLYMA_12G242200.intron1,GLYMA_12G242200|12:40052022-40052106:+,12,40052022,40052106,+,KRH27549;KRH27550,2,no,FLEP-seq;Iso-seq;ONT;ONT cDNA-seq,263,531,202,794,0.331234256926952,0.768060836501901,Glycine_max,high_confidence_IR
GLYMA_13G000800,GLYMA_13G000800.intron9,GLYMA_13G000800|13:219004-226665:-,13,219004,226665,-,KRH17561,1,yes,FLEP-seq;Iso-seq;ONT;ONT cDNA-seq,972,104,730,1076,0.903345724907063,0.751028806584362,Glycine_max,high_confidence_IR
GLYMA_13G003400,GLYMA_13G003400.intron8,GLYMA_13G003400|13:942720-944011:+,13,942720,944011,+,KRH17615;KRH17616,2,yes,FLEP-seq;Iso-seq;ONT;ONT cDNA-seq,570,54,450,624,0.913461538461538,0.789473684210526,Glycine_max,high_confidence_IR
GLYMA_13G007000,GLYMA_13G007000.intron1,GLYMA_13G007000|13:1961110-1961463:-,13,1961110,1961463,-,KRH17673,1,no,FLEP-seq;Iso-seq;ONT;ONT cDNA-seq,350,74,350,424,0.825471698113208,1,Glycine_max,high_confidence_IR
GLYMA_13G007100,GLYMA_13G007100.intron1,GLYMA_13G007100|13:1962559-1962634:-,13,1962559,1962634,-,KRH17674,1,no,FLEP-seq;Iso-seq;ONT;ONT cDNA-seq,218,188,218,406,0.536945812807882,1,Glycine_max,high_confidence_IR
GLYMA_13G023900,GLYMA_13G023900.intron1,GLYMA_13G023900|13:4176399-4177375:-,13,4176399,4177375,-,KRH17875,1,no,FLEP-seq;Iso-seq;ONT;ONT cDNA-seq,273,51,226,324,0.842592592592593,0.827838827838828,Glycine_max,high_confidence_IR
GLYMA_13G025300,GLYMA_13G025300.intron1,GLYMA_13G025300|13:4821777-4821871:-,13,4821777,4821871,-,KRH17889,1,yes,FLEP-seq;Iso-seq;ONT;ONT cDNA-seq,15,5,13,20,0.75,0.866666666666667,Glycine_max,high_confidence_IR
GLYMA_13G026900,GLYMA_13G026900.intron2,GLYMA_13G026900|13:6076501-6076784:-,13,6076501,6076784,-,KRH17918,1,no,FLEP-seq;Iso-seq;ONT;ONT cDNA-seq,273,470,203,743,0.36742934051144,0.743589743589744,Glycine_max,high_confidence_IR
GLYMA_13G028200,GLYMA_13G028200.intron1,GLYMA_13G028200|13:7358448-7358501:+,13,7358448,7358501,+,KRH17937,1,no,FLEP-seq;Iso-seq;ONT;ONT cDNA-seq,798103,10,798103,798113,0.999987470445914,1,Glycine_max,high_confidence_IR
GLYMA_13G029600,GLYMA_13G029600.intron1,GLYMA_13G029600|13:8859135-8859282:-,13,8859135,8859282,-,KRH17953,1,no,FLEP-seq;Iso-seq;ONT;ONT cDNA-seq,210,155,210,365,0.575342465753425,1,Glycine_max,high_confidence_IR
GLYMA_13G030100,GLYMA_13G030100.intron1,GLYMA_13G030100|13:9599873-9599979:+,13,9599873,9599979,+,KRH17962;KRH17963,2,no,FLEP-seq;Iso-seq;ONT;ONT cDNA-seq,993,30,961,1023,0.970674486803519,0.967774420946626,Glycine_max,high_confidence_IR
GLYMA_13G031600,GLYMA_13G031600.intron1,GLYMA_13G031600|13:10248416-10249090:+,13,10248416,10249090,+,KRH17991,1,yes,FLEP-seq;Iso-seq;ONT;ONT cDNA-seq,770,14,654,784,0.982142857142857,0.849350649350649,Glycine_max,high_confidence_IR
GLYMA_13G032700,GLYMA_13G032700.intron1,GLYMA_13G032700|13:10461963-10462159:+,13,10461963,10462159,+,KRH18013,1,no,FLEP-seq;Iso-seq;ONT;ONT cDNA-seq,152,543,152,695,0.218705035971223,1,Glycine_max,high_confidence_IR
GLYMA_13G033500,GLYMA_13G033500.intron2,GLYMA_13G033500|13:10560494-10561829:-,13,10560494,10561829,-,KRH18026,1,yes,FLEP-seq;Iso-seq;ONT;ONT cDNA-seq,122,29,86,151,0.80794701986755,0.704918032786885,Glycine_max,high_confidence_IR
GLYMA_13G037400,GLYMA_13G037400.intron2,GLYMA_13G037400|13:11677697-11678303:+,13,11677697,11678303,+,KRH18100,1,no,FLEP-seq;Iso-seq;ONT;ONT cDNA-seq,27,33,24,60,0.45,0.888888888888889,Glycine_max,high_confidence_IR
GLYMA_13G041200,GLYMA_13G041200.intron1,GLYMA_13G041200|13:13163515-13163586:+,13,13163515,13163586,+,KRH18148;KRH18149,2,yes,FLEP-seq;Iso-seq;ONT;ONT cDNA-seq,639,200,525,839,0.761620977353993,0.821596244131455,Glycine_max,high_confidence_IR
GLYMA_13G043700,GLYMA_13G043700.intron1,GLYMA_13G043700|13:13704016-13704511:+,13,13704016,13704511,+,KRH18190;KRH18191,2,yes,FLEP-seq;Iso-seq;ONT;ONT cDNA-seq,97,15,85,112,0.866071428571429,0.876288659793814,Glycine_max,high_confidence_IR
GLYMA_13G044200,GLYMA_13G044200.intron4,GLYMA_13G044200|13:13769471-13769834:-,13,13769471,13769834,-,KRH18208,1,yes,FLEP-seq;Iso-seq;ONT;ONT cDNA-seq,25,5,24,30,0.833333333333333,0.96,Glycine_max,high_confidence_IR
GLYMA_13G044600,GLYMA_13G044600.intron5,GLYMA_13G044600|13:13836325-13836417:+,13,13836325,13836417,+,KRH18214,1,yes,FLEP-seq;Iso-seq;ONT;ONT cDNA-seq,329,54,243,383,0.859007832898172,0.738601823708207,Glycine_max,high_confidence_IR
GLYMA_13G044800,GLYMA_13G044800.intron1,GLYMA_13G044800|13:13851253-13852623:-,13,13851253,13852623,-,KRH18216,1,no,FLEP-seq;Iso-seq;ONT;ONT cDNA-seq,195,578,191,773,0.252263906856404,0.979487179487179,Glycine_max,high_confidence_IR
GLYMA_13G052000,GLYMA_13G052000.intron1,GLYMA_13G052000|13:14889128-14890356:+,13,14889128,14890356,+,KRH18330,1,no,FLEP-seq;Iso-seq;ONT;ONT cDNA-seq,152,504,130,656,0.231707317073171,0.855263157894737,Glycine_max,high_confidence_IR
GLYMA_13G052500,GLYMA_13G052500.intron1,GLYMA_13G052500|13:14947284-14947530:-,13,14947284,14947530,-,KRH18336,1,no,FLEP-seq;Iso-seq;ONT;ONT cDNA-seq,74,136,74,210,0.352380952380952,1,Glycine_max,high_confidence_IR
GLYMA_13G053600,GLYMA_13G053600.intron1,GLYMA_13G053600|13:15090852-15090944:+,13,15090852,15090944,+,KRH18356;KRH18357,2,no,FLEP-seq;Iso-seq;ONT;ONT cDNA-seq,98,326,98,424,0.231132075471698,1,Glycine_max,high_confidence_IR
GLYMA_13G054400,GLYMA_13G054400.intron1,GLYMA_13G054400|13:15166137-15166229:-,13,15166137,15166229,-,KRH18365,1,no,FLEP-seq;Iso-seq;ONT;ONT cDNA-seq,450,1751,450,2201,0.2044525215811,1,Glycine_max,high_confidence_IR
GLYMA_13G058200,GLYMA_13G058200.intron1,GLYMA_13G058200|13:15576938-15577120:+,13,15576938,15577120,+,KRH18409,1,no,FLEP-seq;Iso-seq;ONT;ONT cDNA-seq,6,7,6,13,0.461538461538462,1,Glycine_max,high_confidence_IR
GLYMA_13G059400,GLYMA_13G059400.intron3,GLYMA_13G059400|13:15684996-15686495:+,13,15684996,15686495,+,KRH18431,1,yes,FLEP-seq;Iso-seq;ONT;ONT cDNA-seq,665,37,523,702,0.947293447293447,0.786466165413534,Glycine_max,high_confidence_IR
GLYMA_13G060300,GLYMA_13G060300.intron6,GLYMA_13G060300|13:15763885-15763975:+,13,15763885,15763975,+,KRH18442,1,yes,FLEP-seq;Iso-seq;ONT;ONT cDNA-seq,13,10,13,23,0.565217391304348,1,Glycine_max,high_confidence_IR
GLYMA_13G060400,GLYMA_13G060400.intron3,GLYMA_13G060400|13:15775744-15775852:+,13,15775744,15775852,+,KRH18446,1,yes,FLEP-seq;Iso-seq;ONT;ONT cDNA-seq,1944,13,1628,1957,0.993357179356157,0.837448559670782,Glycine_max,high_confidence_IR
GLYMA_13G062000,GLYMA_13G062000.intron1,GLYMA_13G062000|13:15955129-15955236:-,13,15955129,15955236,-,KRH18465,1,no,FLEP-seq;Iso-seq;ONT;ONT cDNA-seq,29,32,28,61,0.475409836065574,0.96551724137931,Glycine_max,high_confidence_IR
GLYMA_13G063100,GLYMA_13G063100.intron1,GLYMA_13G063100|13:16117806-16118462:-,13,16117806,16118462,-,KRH18477,1,no,FLEP-seq;Iso-seq;ONT;ONT cDNA-seq,30,7,30,37,0.810810810810811,1,Glycine_max,high_confidence_IR
GLYMA_13G067100,GLYMA_13G067100.intron1,GLYMA_13G067100|13:16679336-16679560:-,13,16679336,16679560,-,RCW19070,1,no,FLEP-seq;Iso-seq;ONT;ONT cDNA-seq,79,20,79,99,0.797979797979798,1,Glycine_max,high_confidence_IR
GLYMA_13G070200,GLYMA_13G070200.intron3,GLYMA_13G070200|13:17035438-17036627:-,13,17035438,17036627,-,KRH18592;KRH18593,2,yes,FLEP-seq;Iso-seq;ONT;ONT cDNA-seq,816,42,603,858,0.951048951048951,0.738970588235294,Glycine_max,high_confidence_IR
GLYMA_13G072700,GLYMA_13G072700.intron8,GLYMA_13G072700|13:17410157-17410260:-,13,17410157,17410260,-,KRH18628,1,yes,FLEP-seq;Iso-seq;ONT;ONT cDNA-seq,1220,39,964,1259,0.969023034154091,0.790163934426229,Glycine_max,high_confidence_IR
GLYMA_13G076100,GLYMA_13G076100.intron1,GLYMA_13G076100|13:18013748-18013910:+,13,18013748,18013910,+,KRH18684,1,no,FLEP-seq;Iso-seq;ONT;ONT cDNA-seq,25,30,25,55,0.454545454545455,1,Glycine_max,high_confidence_IR
GLYMA_13G079900,GLYMA_13G079900.intron11,GLYMA_13G079900|13:18635684-18637546:-,13,18635684,18637546,-,KRH18735,1,yes,FLEP-seq;Iso-seq;ONT;ONT cDNA-seq,419,5,313,424,0.988207547169811,0.747016706443914,Glycine_max,high_confidence_IR
GLYMA_13G080500,GLYMA_13G080500.intron3,GLYMA_13G080500|13:18711179-18711968:-,13,18711179,18711968,-,KRH18758,1,yes,FLEP-seq;Iso-seq;ONT;ONT cDNA-seq,389,11,370,400,0.9725,0.951156812339332,Glycine_max,high_confidence_IR
GLYMA_13G081500,GLYMA_13G081500.intron4,GLYMA_13G081500|13:19043693-19043795:+,13,19043693,19043795,+,KRH18773,1,yes,FLEP-seq;Iso-seq;ONT;ONT cDNA-seq,1490,35,1267,1525,0.977049180327869,0.850335570469799,Glycine_max,high_confidence_IR
GLYMA_13G085200,GLYMA_13G085200.intron1,GLYMA_13G085200|13:19668058-19668843:+,13,19668058,19668843,+,KRH18839,1,no,FLEP-seq;Iso-seq;ONT;ONT cDNA-seq,102,34,102,136,0.75,1,Glycine_max,high_confidence_IR
GLYMA_13G086800,GLYMA_13G086800.intron1,GLYMA_13G086800|13:19879955-19880122:+,13,19879955,19880122,+,KRH18863,1,no,FLEP-seq;Iso-seq;ONT;ONT cDNA-seq,43,19,43,62,0.693548387096774,1,Glycine_max,high_confidence_IR
GLYMA_13G092500,GLYMA_13G092500.intron2,GLYMA_13G092500|13:20720917-20721081:+,13,20720917,20721081,+,KRH18961,1,yes,FLEP-seq;Iso-seq;ONT;ONT cDNA-seq,861,67,760,928,0.927801724137931,0.882694541231127,Glycine_max,high_confidence_IR
GLYMA_13G095400,GLYMA_13G095400.intron2,GLYMA_13G095400|13:21027790-21027967:+,13,21027790,21027967,+,KRH19008,1,yes,FLEP-seq;Iso-seq;ONT;ONT cDNA-seq,663,61,563,724,0.915745856353591,0.849170437405732,Glycine_max,high_confidence_IR
GLYMA_13G096400,GLYMA_13G096400.intron4,GLYMA_13G096400|13:21132672-21133906:+,13,21132672,21133906,+,KRH19025,1,yes,FLEP-seq;Iso-seq;ONT;ONT cDNA-seq,2623,104,2293,2727,0.961862852951962,0.874189858940145,Glycine_max,high_confidence_IR
GLYMA_13G097900,GLYMA_13G097900.intron7,GLYMA_13G097900|13:21322204-21323234:+,13,21322204,21323234,+,KRH19045,1,no,FLEP-seq;Iso-seq;ONT;ONT cDNA-seq,34,111,26,145,0.23448275862069,0.764705882352941,Glycine_max,high_confidence_IR
GLYMA_13G098900,GLYMA_13G098900.intron1,GLYMA_13G098900|13:21405338-21405584:+,13,21405338,21405584,+,KRH19055,1,no,FLEP-seq;Iso-seq;ONT;ONT cDNA-seq,102,284,102,386,0.264248704663212,1,Glycine_max,high_confidence_IR
GLYMA_13G099400,GLYMA_13G099400.intron2,GLYMA_13G099400|13:21443005-21443146:+,13,21443005,21443146,+,KRH19062,1,no,FLEP-seq;Iso-seq;ONT;ONT cDNA-seq,51,197,41,248,0.205645161290323,0.803921568627451,Glycine_max,high_confidence_IR
GLYMA_13G099700,GLYMA_13G099700.intron4,GLYMA_13G099700|13:21510573-21511204:-,13,21510573,21511204,-,KRH19072,1,yes,FLEP-seq;Iso-seq;ONT;ONT cDNA-seq,800,43,660,843,0.948991696322657,0.825,Glycine_max,high_confidence_IR
GLYMA_13G101800,GLYMA_13G101800.intron2,GLYMA_13G101800|13:21718212-21718769:+,13,21718212,21718769,+,KRH19117;KRH19118,2,no,FLEP-seq;Iso-seq;ONT;ONT cDNA-seq,10,12,9,22,0.454545454545455,0.9,Glycine_max,high_confidence_IR
GLYMA_13G102700,GLYMA_13G102700.intron1,GLYMA_13G102700|13:21774906-21775089:-,13,21774906,21775089,-,KRH19130,1,no,FLEP-seq;Iso-seq;ONT;ONT cDNA-seq,24,77,24,101,0.237623762376238,1,Glycine_max,high_confidence_IR
GLYMA_13G104000,GLYMA_13G104000.intron6,GLYMA_13G104000|13:21871348-21871987:+,13,21871348,21871987,+,KRH19155,1,yes,FLEP-seq;Iso-seq;ONT;ONT cDNA-seq,292,5,220,297,0.983164983164983,0.753424657534247,Glycine_max,high_confidence_IR
GLYMA_13G105300,GLYMA_13G105300.intron2,GLYMA_13G105300|13:21976939-21977034:-,13,21976939,21977034,-,KRH19192;KRH19193;KRH19196;KRH19197,4,yes,FLEP-seq;Iso-seq;ONT;ONT cDNA-seq,845,508,717,1353,0.624538063562454,0.848520710059172,Glycine_max,high_confidence_IR
GLYMA_13G107300,GLYMA_13G107300.intron1,GLYMA_13G107300|13:22175735-22177459:+,13,22175735,22177459,+,KRH19247,1,no,FLEP-seq;Iso-seq;ONT;ONT cDNA-seq,323,696,323,1019,0.316977428851816,1,Glycine_max,high_confidence_IR
GLYMA_13G107500,GLYMA_13G107500.intron4,GLYMA_13G107500|13:22202181-22203279:-,13,22202181,22203279,-,KRH19249,1,yes,FLEP-seq;Iso-seq;ONT;ONT cDNA-seq,1011,19,779,1030,0.981553398058252,0.770524233432245,Glycine_max,high_confidence_IR
GLYMA_13G108700,GLYMA_13G108700.intron1,GLYMA_13G108700|13:22288673-22288746:-,13,22288673,22288746,-,KRH19269,1,no,FLEP-seq;Iso-seq;ONT;ONT cDNA-seq,36,43,36,79,0.455696202531646,1,Glycine_max,high_confidence_IR
GLYMA_13G111600,GLYMA_13G111600.intron1,GLYMA_13G111600|13:22511443-22511504:-,13,22511443,22511504,-,KRH19339,1,no,FLEP-seq;Iso-seq;ONT;ONT cDNA-seq,3091,6593,3091,9684,0.319186286658406,1,Glycine_max,high_confidence_IR
GLYMA_13G112100,GLYMA_13G112100.intron2,GLYMA_13G112100|13:22548288-22549001:+,13,22548288,22549001,+,KRH19349,1,yes,FLEP-seq;Iso-seq;ONT;ONT cDNA-seq,1983,35,1593,2018,0.982656095143707,0.803328290468986,Glycine_max,high_confidence_IR
GLYMA_13G116100,GLYMA_13G116100.intron1,GLYMA_13G116100|13:22961931-22963048:+,13,22961931,22963048,+,KRH19421,1,yes,FLEP-seq;Iso-seq;ONT;ONT cDNA-seq,2560,40,2407,2600,0.984615384615385,0.940234375,Glycine_max,high_confidence_IR
GLYMA_13G117100,GLYMA_13G117100.intron3,GLYMA_13G117100|13:23037680-23037795:+,13,23037680,23037795,+,KRH19442,1,yes,FLEP-seq;Iso-seq;ONT;ONT cDNA-seq,204,44,187,248,0.82258064516129,0.916666666666667,Glycine_max,high_confidence_IR
GLYMA_13G117300,GLYMA_13G117300.intron1,GLYMA_13G117300|13:23046648-23046954:-,13,23046648,23046954,-,KRH19446,1,no,FLEP-seq;Iso-seq;ONT;ONT cDNA-seq,183,668,183,851,0.215041128084606,1,Glycine_max,high_confidence_IR
GLYMA_13G117700,GLYMA_13G117700.intron1,GLYMA_13G117700|13:23082974-23083201:-,13,23082974,23083201,-,KRH19452,1,yes,FLEP-seq;Iso-seq;ONT;ONT cDNA-seq,5902,11,5902,5913,0.998139692203619,1,Glycine_max,high_confidence_IR
GLYMA_13G118400,GLYMA_13G118400.intron7,GLYMA_13G118400|13:23115058-23115642:-,13,23115058,23115642,-,KRH19467;KRH19468;KRH19469;KRH19473;KRH19474;KRH19475,6,yes,FLEP-seq;Iso-seq;ONT;ONT cDNA-seq,65,63,52,128,0.5078125,0.8,Glycine_max,high_confidence_IR
GLYMA_13G119600,GLYMA_13G119600.intron1,GLYMA_13G119600|13:23223649-23224438:-,13,23223649,23224438,-,KRH19499,1,yes,FLEP-seq;Iso-seq;ONT;ONT cDNA-seq,158,579,142,737,0.21438263229308,0.89873417721519,Glycine_max,high_confidence_IR
GLYMA_13G124100,GLYMA_13G124100.intron1,GLYMA_13G124100|13:23733648-23735572:+,13,23733648,23735572,+,KRH19565,1,yes,FLEP-seq;Iso-seq;ONT;ONT cDNA-seq,17,35,17,52,0.326923076923077,1,Glycine_max,high_confidence_IR
GLYMA_13G127700,GLYMA_13G127700.intron1,GLYMA_13G127700|13:24076430-24077208:+,13,24076430,24077208,+,KRH19637,1,yes,FLEP-seq;Iso-seq;ONT;ONT cDNA-seq,8,9,6,17,0.470588235294118,0.75,Glycine_max,high_confidence_IR
GLYMA_13G129300,GLYMA_13G129300.intron1,GLYMA_13G129300|13:24220344-24221282:+,13,24220344,24221282,+,KRH19670,1,yes,FLEP-seq;Iso-seq;ONT;ONT cDNA-seq,132,515,106,647,0.204018547140649,0.803030303030303,Glycine_max,high_confidence_IR
GLYMA_13G131200,GLYMA_13G131200.intron1,GLYMA_13G131200|13:24391428-24391497:+,13,24391428,24391497,+,KRH19706,1,no,FLEP-seq;Iso-seq;ONT;ONT cDNA-seq,613,330,453,943,0.650053022269353,0.738988580750408,Glycine_max,high_confidence_IR
GLYMA_13G135800,GLYMA_13G135800.intron2,GLYMA_13G135800|13:24822244-24822468:-,13,24822244,24822468,-,KRH19781;KRH19782,2,no,FLEP-seq;Iso-seq;ONT;ONT cDNA-seq,560,849,463,1409,0.397444996451384,0.826785714285714,Glycine_max,high_confidence_IR
GLYMA_13G137500,GLYMA_13G137500.intron1,GLYMA_13G137500|13:25029508-25029583:-,13,25029508,25029583,-,KRH19825;KRH19826,2,no,FLEP-seq;Iso-seq;ONT;ONT cDNA-seq,205,708,189,913,0.224534501642935,0.921951219512195,Glycine_max,high_confidence_IR
GLYMA_13G141000,GLYMA_13G141000.intron5,GLYMA_13G141000|13:25377499-25377990:-,13,25377499,25377990,-,KRH19878;KRH19879;KRH19880,3,no,FLEP-seq;Iso-seq;ONT;ONT cDNA-seq,41,139,35,180,0.227777777777778,0.853658536585366,Glycine_max,high_confidence_IR
GLYMA_13G141100,GLYMA_13G141100.intron3,GLYMA_13G141100|13:25388252-25390457:-,13,25388252,25390457,-,KRH19881,1,yes,FLEP-seq;Iso-seq;ONT;ONT cDNA-seq,4131,513,3695,4644,0.88953488372093,0.894456548051319,Glycine_max,high_confidence_IR
GLYMA_13G146800,GLYMA_13G146800.intron3,GLYMA_13G146800|13:25987148-25988797:+,13,25987148,25988797,+,KRH19964,1,yes,FLEP-seq;Iso-seq;ONT;ONT cDNA-seq,306,55,288,361,0.847645429362881,0.941176470588235,Glycine_max,high_confidence_IR
GLYMA_13G147400,GLYMA_13G147400.intron1,GLYMA_13G147400|13:26071199-26071302:-,13,26071199,26071302,-,KRH19973,1,no,FLEP-seq;Iso-seq;ONT;ONT cDNA-seq,232,117,196,349,0.664756446991404,0.844827586206897,Glycine_max,high_confidence_IR
GLYMA_13G147800,GLYMA_13G147800.intron4,GLYMA_13G147800|13:26126892-26127410:-,13,26126892,26127410,-,KRH19978,1,yes,FLEP-seq;Iso-seq;ONT;ONT cDNA-seq,237,5,208,242,0.979338842975207,0.877637130801688,Glycine_max,high_confidence_IR
GLYMA_13G148000,GLYMA_13G148000.intron2,GLYMA_13G148000|13:26147000-26147127:-,13,26147000,26147127,-,KRH19983,1,yes,FLEP-seq;Iso-seq;ONT;ONT cDNA-seq,84,313,83,397,0.211586901763224,0.988095238095238,Glycine_max,high_confidence_IR
GLYMA_13G149100,GLYMA_13G149100.intron11,GLYMA_13G149100|13:26271202-26271394:+,13,26271202,26271394,+,KRH20001,1,yes,FLEP-seq;Iso-seq;ONT;ONT cDNA-seq,5059,30,3776,5089,0.99410493220672,0.746392567701127,Glycine_max,high_confidence_IR
GLYMA_13G150600,GLYMA_13G150600.intron5,GLYMA_13G150600|13:26414136-26414202:+,13,26414136,26414202,+,KRH20020,1,yes,FLEP-seq;Iso-seq;ONT;ONT cDNA-seq,536,20,377,556,0.964028776978417,0.703358208955224,Glycine_max,high_confidence_IR
GLYMA_13G150900,GLYMA_13G150900.intron7,GLYMA_13G150900|13:26461740-26462515:+,13,26461740,26462515,+,KRH20024,1,yes,FLEP-seq;Iso-seq;ONT;ONT cDNA-seq,1075,43,875,1118,0.961538461538462,0.813953488372093,Glycine_max,high_confidence_IR
GLYMA_13G151200,GLYMA_13G151200.intron1,GLYMA_13G151200|13:26538786-26540462:+,13,26538786,26540462,+,KRH20029,1,no,FLEP-seq;Iso-seq;ONT;ONT cDNA-seq,597,1101,597,1698,0.351590106007067,1,Glycine_max,high_confidence_IR
GLYMA_13G152400,GLYMA_13G152400.intron6,GLYMA_13G152400|13:26702352-26702881:-,13,26702352,26702881,-,KRH20043,1,yes,FLEP-seq;Iso-seq;ONT;ONT cDNA-seq,554,11,505,565,0.980530973451327,0.911552346570397,Glycine_max,high_confidence_IR
GLYMA_13G157200,GLYMA_13G157200.intron1,GLYMA_13G157200|13:27226895-27226974:-,13,27226895,27226974,-,KRH20115,1,no,FLEP-seq;Iso-seq;ONT;ONT cDNA-seq,10,20,10,30,0.333333333333333,1,Glycine_max,high_confidence_IR
GLYMA_13G158700,GLYMA_13G158700.intron10,GLYMA_13G158700|13:27391309-27391563:+,13,27391309,27391563,+,KRH20135,1,yes,FLEP-seq;Iso-seq;ONT;ONT cDNA-seq,733,5,543,738,0.993224932249323,0.740791268758527,Glycine_max,high_confidence_IR
GLYMA_13G160600,GLYMA_13G160600.intron4,GLYMA_13G160600|13:27625869-27626909:-,13,27625869,27626909,-,KRH20160,1,yes,FLEP-seq;Iso-seq;ONT;ONT cDNA-seq,511,60,454,571,0.89492119089317,0.888454011741683,Glycine_max,high_confidence_IR
GLYMA_13G161700,GLYMA_13G161700.intron6,GLYMA_13G161700|13:27735329-27735936:+,13,27735329,27735936,+,KRH20182,1,yes,FLEP-seq;Iso-seq;ONT;ONT cDNA-seq,1453,15,1122,1468,0.989782016348774,0.772195457673778,Glycine_max,high_confidence_IR
GLYMA_13G162300,GLYMA_13G162300.intron2,GLYMA_13G162300|13:27775261-27777316:-,13,27775261,27777316,-,KRH20191,1,no,FLEP-seq;Iso-seq;ONT;ONT cDNA-seq,189,122,176,311,0.607717041800643,0.931216931216931,Glycine_max,high_confidence_IR
GLYMA_13G167300,GLYMA_13G167300.intron5,GLYMA_13G167300|13:28188626-28189472:+,13,28188626,28189472,+,KRH20274,1,yes,FLEP-seq;Iso-seq;ONT;ONT cDNA-seq,6857,553,5451,7410,0.925371120107962,0.794954061542949,Glycine_max,high_confidence_IR
GLYMA_13G167500,GLYMA_13G167500.intron1,GLYMA_13G167500|13:28199494-28200162:-,13,28199494,28200162,-,KRH20278,1,no,FLEP-seq;Iso-seq;ONT;ONT cDNA-seq,144,436,112,580,0.248275862068966,0.777777777777778,Glycine_max,high_confidence_IR
GLYMA_13G169500,GLYMA_13G169500.intron3,GLYMA_13G169500|13:28351115-28354928:-,13,28351115,28354928,-,KRH20311,1,no,FLEP-seq;Iso-seq;ONT;ONT cDNA-seq,309,900,273,1209,0.255583126550869,0.883495145631068,Glycine_max,high_confidence_IR
GLYMA_13G178000,GLYMA_13G178000.intron2,GLYMA_13G178000|13:29185617-29186862:-,13,29185617,29186862,-,KRH20422,1,yes,FLEP-seq;Iso-seq;ONT;ONT cDNA-seq,184,173,145,357,0.515406162464986,0.78804347826087,Glycine_max,high_confidence_IR
GLYMA_13G182800,GLYMA_13G182800.intron2,GLYMA_13G182800|13:29588816-29589336:-,13,29588816,29589336,-,KRH20498,1,no,FLEP-seq;Iso-seq;ONT;ONT cDNA-seq,23,77,21,100,0.23,0.91304347826087,Glycine_max,high_confidence_IR
GLYMA_13G187200,GLYMA_13G187200.intron8,GLYMA_13G187200|13:30107690-30108665:+,13,30107690,30108665,+,KRH20583,1,yes,FLEP-seq;Iso-seq;ONT;ONT cDNA-seq,417,815,297,1232,0.338474025974026,0.712230215827338,Glycine_max,high_confidence_IR
GLYMA_13G190500,GLYMA_13G190500.intron1,GLYMA_13G190500|13:30414412-30414661:-,13,30414412,30414661,-,KRH20630,1,no,FLEP-seq;Iso-seq;ONT;ONT cDNA-seq,229,236,229,465,0.49247311827957,1,Glycine_max,high_confidence_IR
GLYMA_13G191700,GLYMA_13G191700.intron1,GLYMA_13G191700|13:30498348-30498859:-,13,30498348,30498859,-,KRH20647;KRH20648,2,yes,FLEP-seq;Iso-seq;ONT;ONT cDNA-seq,125,294,100,419,0.298329355608592,0.8,Glycine_max,high_confidence_IR
GLYMA_13G191900,GLYMA_13G191900.intron1,GLYMA_13G191900|13:30512660-30513075:-,13,30512660,30513075,-,KRH20656,1,no,FLEP-seq;Iso-seq;ONT;ONT cDNA-seq,212,213,165,425,0.498823529411765,0.778301886792453,Glycine_max,high_confidence_IR
GLYMA_13G198000,GLYMA_13G198000.intron1,GLYMA_13G198000|13:31189186-31190216:-,13,31189186,31190216,-,KRH20748,1,no,FLEP-seq;Iso-seq;ONT;ONT cDNA-seq,618,122,618,740,0.835135135135135,1,Glycine_max,high_confidence_IR
GLYMA_13G200800,GLYMA_13G200800.intron2,GLYMA_13G200800|13:31439770-31441590:+,13,31439770,31441590,+,KRH20792;KRH20793,2,yes,FLEP-seq;Iso-seq;ONT;ONT cDNA-seq,917,70,675,987,0.929078014184397,0.736095965103599,Glycine_max,high_confidence_IR
GLYMA_13G212600,GLYMA_13G212600.intron1,GLYMA_13G212600|13:32620099-32620265:+,13,32620099,32620265,+,KRH20962,1,no,FLEP-seq;Iso-seq;ONT;ONT cDNA-seq,316,881,222,1197,0.263993316624896,0.70253164556962,Glycine_max,high_confidence_IR
GLYMA_13G217800,GLYMA_13G217800.intron10,GLYMA_13G217800|13:33096723-33096905:+,13,33096723,33096905,+,KRH21063,1,no,FLEP-seq;Iso-seq;ONT;ONT cDNA-seq,49,177,39,226,0.216814159292035,0.795918367346939,Glycine_max,high_confidence_IR
GLYMA_13G223300,GLYMA_13G223300.intron6,GLYMA_13G223300|13:33612001-33614787:-,13,33612001,33614787,-,KRH21149,1,yes,FLEP-seq;Iso-seq;ONT;ONT cDNA-seq,301,14,284,315,0.955555555555556,0.943521594684385,Glycine_max,high_confidence_IR
GLYMA_13G232200,GLYMA_13G232200.intron4,GLYMA_13G232200|13:34346752-34347440:+,13,34346752,34347440,+,KRH21314,1,yes,FLEP-seq;Iso-seq;ONT;ONT cDNA-seq,222,71,202,293,0.757679180887372,0.90990990990991,Glycine_max,high_confidence_IR
GLYMA_13G232600,GLYMA_13G232600.intron7,GLYMA_13G232600|13:34360535-34361420:-,13,34360535,34361420,-,KRH21318,1,yes,FLEP-seq;Iso-seq;ONT;ONT cDNA-seq,540,396,495,936,0.576923076923077,0.916666666666667,Glycine_max,high_confidence_IR
GLYMA_13G233300,GLYMA_13G233300.intron1,GLYMA_13G233300|13:34409184-34409269:+,13,34409184,34409269,+,KRH21331,1,no,FLEP-seq;Iso-seq;ONT;ONT cDNA-seq,29,116,25,145,0.2,0.862068965517241,Glycine_max,high_confidence_IR
GLYMA_13G233400,GLYMA_13G233400.intron1,GLYMA_13G233400|13:34416610-34416938:+,13,34416610,34416938,+,KRH21332,1,no,FLEP-seq;Iso-seq;ONT;ONT cDNA-seq,28,73,24,101,0.277227722772277,0.857142857142857,Glycine_max,high_confidence_IR
GLYMA_13G237100,GLYMA_13G237100.intron1,GLYMA_13G237100|13:34745856-34745926:-,13,34745856,34745926,-,KRH21396,1,no,FLEP-seq;Iso-seq;ONT;ONT cDNA-seq,27,5,27,32,0.84375,1,Glycine_max,high_confidence_IR
GLYMA_13G237400,GLYMA_13G237400.intron1,GLYMA_13G237400|13:34762732-34764088:-,13,34762732,34764088,-,KRH21401,1,no,FLEP-seq;Iso-seq;ONT;ONT cDNA-seq,49,125,49,174,0.281609195402299,1,Glycine_max,high_confidence_IR
GLYMA_13G242600,GLYMA_13G242600.intron1,GLYMA_13G242600|13:35214717-35214919:-,13,35214717,35214919,-,KRH21503,1,no,FLEP-seq;Iso-seq;ONT;ONT cDNA-seq,38,35,38,73,0.520547945205479,1,Glycine_max,high_confidence_IR
GLYMA_13G247300,GLYMA_13G247300.intron1,GLYMA_13G247300|13:35582540-35582676:+,13,35582540,35582676,+,KRH21586;KRH21587,2,yes,FLEP-seq;Iso-seq;ONT;ONT cDNA-seq,14,53,13,67,0.208955223880597,0.928571428571429,Glycine_max,high_confidence_IR
GLYMA_13G247400,GLYMA_13G247400.intron1,GLYMA_13G247400|13:35591889-35591985:-,13,35591889,35591985,-,KRH21590,1,yes,FLEP-seq;Iso-seq;ONT;ONT cDNA-seq,18,67,15,85,0.211764705882353,0.833333333333333,Glycine_max,high_confidence_IR
GLYMA_13G250600,GLYMA_13G250600.intron1,GLYMA_13G250600|13:35805648-35805767:+,13,35805648,35805767,+,KRH21642,1,no,FLEP-seq;Iso-seq;ONT;ONT cDNA-seq,133,14,133,147,0.904761904761905,1,Glycine_max,high_confidence_IR
GLYMA_13G251300,GLYMA_13G251300.intron1,GLYMA_13G251300|13:35845340-35845444:+,13,35845340,35845444,+,KRH21650,1,no,FLEP-seq;Iso-seq;ONT;ONT cDNA-seq,59,217,53,276,0.213768115942029,0.898305084745763,Glycine_max,high_confidence_IR
GLYMA_13G253500,GLYMA_13G253500.intron1,GLYMA_13G253500|13:35966783-35966901:-,13,35966783,35966901,-,KRH21680,1,yes,FLEP-seq;Iso-seq;ONT;ONT cDNA-seq,12,21,12,33,0.363636363636364,1,Glycine_max,high_confidence_IR
GLYMA_13G256000,GLYMA_13G256000.intron3,GLYMA_13G256000|13:36151165-36151332:-,13,36151165,36151332,-,KRH21734,1,yes,FLEP-seq;Iso-seq;ONT;ONT cDNA-seq,1227,59,1166,1286,0.954121306376361,0.950285248573757,Glycine_max,high_confidence_IR
GLYMA_13G259300,GLYMA_13G259300.intron5,GLYMA_13G259300|13:36367826-36367955:-,13,36367826,36367955,-,KRH21796,1,yes,FLEP-seq;Iso-seq;ONT;ONT cDNA-seq,2849,12,2060,2861,0.99580566235582,0.723060723060723,Glycine_max,high_confidence_IR
GLYMA_13G262100,GLYMA_13G262100.intron3,GLYMA_13G262100|13:36587177-36587496:-,13,36587177,36587496,-,KRH21837,1,no,FLEP-seq;Iso-seq;ONT;ONT cDNA-seq,49,152,46,201,0.243781094527363,0.938775510204082,Glycine_max,high_confidence_IR
GLYMA_13G263600,GLYMA_13G263600.intron4,GLYMA_13G263600|13:36689222-36689969:+,13,36689222,36689969,+,KRH21856,1,no,FLEP-seq;Iso-seq;ONT;ONT cDNA-seq,554,874,411,1428,0.387955182072829,0.74187725631769,Glycine_max,high_confidence_IR
GLYMA_13G266800,GLYMA_13G266800.intron1,GLYMA_13G266800|13:36993999-36994367:-,13,36993999,36994367,-,KRH21918,1,no,FLEP-seq;Iso-seq;ONT;ONT cDNA-seq,13,51,13,64,0.203125,1,Glycine_max,high_confidence_IR
GLYMA_13G266900,GLYMA_13G266900.intron1,GLYMA_13G266900|13:36997277-36997540:-,13,36997277,36997540,-,KRH21919,1,no,FLEP-seq;Iso-seq;ONT;ONT cDNA-seq,15,25,15,40,0.375,1,Glycine_max,high_confidence_IR
GLYMA_13G269900,GLYMA_13G269900.intron4,GLYMA_13G269900|13:37193948-37194041:+,13,37193948,37194041,+,KRH21966;KRH21967;KRH21968,3,yes,FLEP-seq;Iso-seq;ONT;ONT cDNA-seq,223,45,163,268,0.832089552238806,0.730941704035874,Glycine_max,high_confidence_IR
GLYMA_13G272500,GLYMA_13G272500.intron2,GLYMA_13G272500|13:37447785-37448926:-,13,37447785,37448926,-,KRH22013,1,yes,FLEP-seq;Iso-seq;ONT;ONT cDNA-seq,360,20,313,380,0.947368421052632,0.869444444444444,Glycine_max,high_confidence_IR
GLYMA_13G273600,GLYMA_13G273600.intron1,GLYMA_13G273600|13:37530022-37530473:-,13,37530022,37530473,-,KRH22032,1,no,FLEP-seq;Iso-seq;ONT;ONT cDNA-seq,11,27,11,38,0.289473684210526,1,Glycine_max,high_confidence_IR
GLYMA_13G275800,GLYMA_13G275800.intron2,GLYMA_13G275800|13:37722091-37722200:+,13,37722091,37722200,+,RCW19110,1,no,FLEP-seq;Iso-seq;ONT;ONT cDNA-seq,211,59,208,270,0.781481481481481,0.985781990521327,Glycine_max,high_confidence_IR
GLYMA_13G276500,GLYMA_13G276500.intron7,GLYMA_13G276500|13:37796130-37796224:-,13,37796130,37796224,-,KRH22076,1,yes,FLEP-seq;Iso-seq;ONT;ONT cDNA-seq,2201,9,2007,2210,0.995927601809955,0.911858246251704,Glycine_max,high_confidence_IR
GLYMA_13G277000,GLYMA_13G277000.intron1,GLYMA_13G277000|13:37849973-37850185:+,13,37849973,37850185,+,KRH22089;KRH22090,2,yes,FLEP-seq;Iso-seq;ONT;ONT cDNA-seq,910,5,910,915,0.994535519125683,1,Glycine_max,high_confidence_IR
GLYMA_13G278200,GLYMA_13G278200.intron1,GLYMA_13G278200|13:37931852-37931991:-,13,37931852,37931991,-,KRH22109,1,no,FLEP-seq;Iso-seq;ONT;ONT cDNA-seq,545,161,472,706,0.771954674220963,0.86605504587156,Glycine_max,high_confidence_IR
GLYMA_13G278900,GLYMA_13G278900.intron1,GLYMA_13G278900|13:37999568-38000379:+,13,37999568,38000379,+,KRH22125;KRH22126,2,yes,FLEP-seq;Iso-seq;ONT;ONT cDNA-seq,206,123,198,329,0.626139817629179,0.961165048543689,Glycine_max,high_confidence_IR
GLYMA_13G283400,GLYMA_13G283400.intron2,GLYMA_13G283400|13:38476470-38477215:-,13,38476470,38477215,-,KRH22180,1,no,FLEP-seq;Iso-seq;ONT;ONT cDNA-seq,93,336,67,429,0.216783216783217,0.720430107526882,Glycine_max,high_confidence_IR
GLYMA_13G283900,GLYMA_13G283900.intron1,GLYMA_13G283900|13:38494181-38495055:-,13,38494181,38495055,-,KRH22185,1,yes,FLEP-seq;Iso-seq;ONT;ONT cDNA-seq,198,18,167,216,0.916666666666667,0.843434343434343,Glycine_max,high_confidence_IR
GLYMA_13G286300,GLYMA_13G286300.intron1,GLYMA_13G286300|13:38697477-38698014:+,13,38697477,38698014,+,KRH22223,1,no,FLEP-seq;Iso-seq;ONT;ONT cDNA-seq,232,143,232,375,0.618666666666667,1,Glycine_max,high_confidence_IR
GLYMA_13G295000,GLYMA_13G295000.intron4,GLYMA_13G295000|13:39431831-39432260:-,13,39431831,39432260,-,KRH22361,1,yes,FLEP-seq;Iso-seq;ONT;ONT cDNA-seq,730,18,711,748,0.975935828877005,0.973972602739726,Glycine_max,high_confidence_IR
GLYMA_13G296400,GLYMA_13G296400.intron7,GLYMA_13G296400|13:39548022-39549708:-,13,39548022,39549708,-,KRH22378,1,yes,FLEP-seq;Iso-seq;ONT;ONT cDNA-seq,778,7,578,785,0.991082802547771,0.74293059125964,Glycine_max,high_confidence_IR
GLYMA_13G303600,GLYMA_13G303600.intron1,GLYMA_13G303600|13:40063180-40066138:+,13,40063180,40066138,+,KRH22486,1,yes,FLEP-seq;Iso-seq;ONT;ONT cDNA-seq,5760,141,5107,5901,0.976105744789019,0.886631944444444,Glycine_max,high_confidence_IR
GLYMA_13G310400,GLYMA_13G310400.intron2,GLYMA_13G310400|13:40591443-40592124:+,13,40591443,40592124,+,KRH22588,1,no,FLEP-seq;Iso-seq;ONT;ONT cDNA-seq,193,764,181,957,0.201671891327064,0.937823834196891,Glycine_max,high_confidence_IR
GLYMA_13G311700,GLYMA_13G311700.intron2,GLYMA_13G311700|13:40702547-40704122:+,13,40702547,40704122,+,KRH22615,1,yes,FLEP-seq;Iso-seq;ONT;ONT cDNA-seq,747,63,541,810,0.922222222222222,0.724230254350736,Glycine_max,high_confidence_IR
GLYMA_13G314500,GLYMA_13G314500.intron1,GLYMA_13G314500|13:40990631-40990905:-,13,40990631,40990905,-,KRH22651,1,yes,FLEP-seq;Iso-seq;ONT;ONT cDNA-seq,2538,288,2148,2826,0.898089171974522,0.846335697399527,Glycine_max,high_confidence_IR
GLYMA_13G314600,GLYMA_13G314600.intron2,GLYMA_13G314600|13:40994539-40995947:-,13,40994539,40995947,-,KRH22654,1,yes,FLEP-seq;Iso-seq;ONT;ONT cDNA-seq,217,12,203,229,0.947598253275109,0.935483870967742,Glycine_max,high_confidence_IR
GLYMA_13G315300,GLYMA_13G315300.intron1,GLYMA_13G315300|13:41044030-41044105:-,13,41044030,41044105,-,KRH22662,1,no,FLEP-seq;Iso-seq;ONT;ONT cDNA-seq,141,204,132,345,0.408695652173913,0.936170212765957,Glycine_max,high_confidence_IR
GLYMA_13G325200,GLYMA_13G325200.intron3,GLYMA_13G325200|13:42039197-42039311:+,13,42039197,42039311,+,KRH22880,1,no,FLEP-seq;Iso-seq;ONT;ONT cDNA-seq,289,920,224,1209,0.23904052936311,0.775086505190311,Glycine_max,high_confidence_IR
GLYMA_13G328200,GLYMA_13G328200.intron2,GLYMA_13G328200|13:42288616-42288810:-,13,42288616,42288810,-,KRH22931,1,yes,FLEP-seq;Iso-seq;ONT;ONT cDNA-seq,1909,2004,1841,3913,0.487860976233069,0.964379256155055,Glycine_max,high_confidence_IR
GLYMA_13G328900,GLYMA_13G328900.intron1,GLYMA_13G328900|13:42344310-42345815:+,13,42344310,42345815,+,KRH22942,1,no,FLEP-seq;Iso-seq;ONT;ONT cDNA-seq,58,38,49,96,0.604166666666667,0.844827586206897,Glycine_max,high_confidence_IR
GLYMA_13G330000,GLYMA_13G330000.intron1,GLYMA_13G330000|13:42456435-42456539:+,13,42456435,42456539,+,KRH22961,1,yes,FLEP-seq;Iso-seq;ONT;ONT cDNA-seq,80,299,56,379,0.211081794195251,0.7,Glycine_max,high_confidence_IR
GLYMA_13G337900,GLYMA_13G337900.intron4,GLYMA_13G337900|13:43069433-43069546:-,13,43069433,43069546,-,KRH23098,1,no,FLEP-seq;Iso-seq;ONT;ONT cDNA-seq,401,829,294,1230,0.326016260162602,0.733167082294264,Glycine_max,high_confidence_IR
GLYMA_13G340200,GLYMA_13G340200.intron4,GLYMA_13G340200|13:43221329-43221863:-,13,43221329,43221863,-,KRH23134;KRH23135,2,yes,FLEP-seq;Iso-seq;ONT;ONT cDNA-seq,1073,59,977,1132,0.947879858657244,0.910531220876048,Glycine_max,high_confidence_IR
GLYMA_13G340800,GLYMA_13G340800.intron1,GLYMA_13G340800|13:43274640-43275721:+,13,43274640,43275721,+,KRH23146,1,no,FLEP-seq;Iso-seq;ONT;ONT cDNA-seq,70,126,70,196,0.357142857142857,1,Glycine_max,high_confidence_IR
GLYMA_13G344300,GLYMA_13G344300.intron2,GLYMA_13G344300|13:43532621-43533294:+,13,43532621,43533294,+,KRH23210,1,no,FLEP-seq;Iso-seq;ONT;ONT cDNA-seq,6,20,6,26,0.230769230769231,1,Glycine_max,high_confidence_IR
GLYMA_13G350600,GLYMA_13G350600.intron2,GLYMA_13G350600|13:44002969-44003360:-,13,44002969,44003360,-,KRH23323,1,no,FLEP-seq;Iso-seq;ONT;ONT cDNA-seq,171,175,122,346,0.494219653179191,0.713450292397661,Glycine_max,high_confidence_IR
GLYMA_13G355100,GLYMA_13G355100.intron1,GLYMA_13G355100|13:44380893-44381237:-,13,44380893,44381237,-,KRH23406;KRH23407,2,no,FLEP-seq;Iso-seq;ONT;ONT cDNA-seq,11,35,11,46,0.239130434782609,1,Glycine_max,high_confidence_IR
GLYMA_13G357700,GLYMA_13G357700.intron6,GLYMA_13G357700|13:44548834-44549093:+,13,44548834,44549093,+,KRH23443,1,no,FLEP-seq;Iso-seq;ONT;ONT cDNA-seq,753,39,577,792,0.950757575757576,0.766268260292165,Glycine_max,high_confidence_IR
GLYMA_13G359500,GLYMA_13G359500.intron4,GLYMA_13G359500|13:44676178-44676315:+,13,44676178,44676315,+,KRH23475,1,yes,FLEP-seq;Iso-seq;ONT;ONT cDNA-seq,1724,7,1571,1731,0.995956094742923,0.911252900232019,Glycine_max,high_confidence_IR
GLYMA_13G359600,GLYMA_13G359600.intron1,GLYMA_13G359600|13:44680533-44680680:+,13,44680533,44680680,+,KRH23476;KRH23477,2,no,FLEP-seq;Iso-seq;ONT;ONT cDNA-seq,46,50,46,96,0.479166666666667,1,Glycine_max,high_confidence_IR
GLYMA_13G361300,GLYMA_13G361300.intron1,GLYMA_13G361300|13:44826969-44827071:+,13,44826969,44827071,+,KRH23509;KRH23510,2,no,FLEP-seq;Iso-seq;ONT;ONT cDNA-seq,73,220,73,293,0.249146757679181,1,Glycine_max,high_confidence_IR
GLYMA_13G365500,GLYMA_13G365500.intron1,GLYMA_13G365500|13:45159442-45164603:+,13,45159442,45164603,+,KRH23580,1,yes,FLEP-seq;Iso-seq;ONT;ONT cDNA-seq,1410,19,1337,1429,0.986703988803359,0.94822695035461,Glycine_max,high_confidence_IR
GLYMA_13G366400,GLYMA_13G366400.intron1,GLYMA_13G366400|13:45224628-45224731:-,13,45224628,45224731,-,KRH23592,1,no,FLEP-seq;Iso-seq;ONT;ONT cDNA-seq,58,176,58,234,0.247863247863248,1,Glycine_max,high_confidence_IR
GLYMA_13G367000,GLYMA_13G367000.intron7,GLYMA_13G367000|13:45259793-45260611:+,13,45259793,45260611,+,KRH23600,1,yes,FLEP-seq;Iso-seq;ONT;ONT cDNA-seq,4017,149,3326,4166,0.964234277484397,0.827981080408265,Glycine_max,high_confidence_IR
GLYMA_13G367100,GLYMA_13G367100.intron3,GLYMA_13G367100|13:45264038-45265190:+,13,45264038,45265190,+,KRH23601,1,no,FLEP-seq;Iso-seq;ONT;ONT cDNA-seq,645,1628,535,2273,0.28376594808623,0.829457364341085,Glycine_max,high_confidence_IR
GLYMA_13G367400,GLYMA_13G367400.intron4,GLYMA_13G367400|13:45304462-45304542:-,13,45304462,45304542,-,KRH23608,1,no,FLEP-seq;Iso-seq;ONT;ONT cDNA-seq,955,2283,789,3238,0.294935145151328,0.826178010471204,Glycine_max,high_confidence_IR
GLYMA_13G371200,GLYMA_13G371200.intron1,GLYMA_13G371200|13:45637816-45637920:-,13,45637816,45637920,-,KRH23682,1,yes,FLEP-seq;Iso-seq;ONT;ONT cDNA-seq,146,71,115,217,0.672811059907834,0.787671232876712,Glycine_max,high_confidence_IR
GLYMA_14G000700,GLYMA_14G000700.intron1,GLYMA_14G000700|14:103048-103125:+,14,103048,103125,+,KRH14006,1,no,FLEP-seq;Iso-seq;ONT;ONT cDNA-seq,1417,46,1417,1463,0.968557758031442,1,Glycine_max,high_confidence_IR
GLYMA_14G003300,GLYMA_14G003300.intron1,GLYMA_14G003300|14:312521-314611:+,14,312521,314611,+,KRH14047,1,yes,FLEP-seq;Iso-seq;ONT;ONT cDNA-seq,1280,63,1119,1343,0.953090096798213,0.87421875,Glycine_max,high_confidence_IR
GLYMA_14G006800,GLYMA_14G006800.intron3,GLYMA_14G006800|14:537465-538158:+,14,537465,538158,+,KRH14102;KRH14103,2,no,FLEP-seq;Iso-seq;ONT;ONT cDNA-seq,108,386,76,494,0.218623481781377,0.703703703703704,Glycine_max,high_confidence_IR
GLYMA_14G009300,GLYMA_14G009300.intron4,GLYMA_14G009300|14:730294-730490:-,14,730294,730490,-,RCW19033,1,no,FLEP-seq;Iso-seq;ONT;ONT cDNA-seq,2110,11,1647,2121,0.994813767090995,0.780568720379147,Glycine_max,high_confidence_IR
GLYMA_14G010200,GLYMA_14G010200.intron1,GLYMA_14G010200|14:788518-789181:+,14,788518,789181,+,KRH14167,1,no,FLEP-seq;Iso-seq;ONT;ONT cDNA-seq,290,836,220,1126,0.257548845470693,0.758620689655172,Glycine_max,high_confidence_IR
GLYMA_14G011300,GLYMA_14G011300.intron4,GLYMA_14G011300|14:862798-865200:+,14,862798,865200,+,KRH14193,1,yes,FLEP-seq;Iso-seq;ONT;ONT cDNA-seq,442,72,342,514,0.859922178988327,0.773755656108597,Glycine_max,high_confidence_IR
GLYMA_14G012100,GLYMA_14G012100.intron1,GLYMA_14G012100|14:914657-915643:+,14,914657,915643,+,KRH14201,1,no,FLEP-seq;Iso-seq;ONT;ONT cDNA-seq,58,189,45,247,0.234817813765182,0.775862068965517,Glycine_max,high_confidence_IR
GLYMA_14G021200,GLYMA_14G021200.intron2,GLYMA_14G021200|14:1492100-1492625:-,14,1492100,1492625,-,KRH14352,1,no,FLEP-seq;Iso-seq;ONT;ONT cDNA-seq,1295,256,1121,1551,0.834945196647324,0.865637065637066,Glycine_max,high_confidence_IR
GLYMA_14G024700,GLYMA_14G024700.intron1,GLYMA_14G024700|14:1781136-1781279:+,14,1781136,1781279,+,KRH14424,1,yes,FLEP-seq;Iso-seq;ONT;ONT cDNA-seq,532,100,424,632,0.841772151898734,0.796992481203007,Glycine_max,high_confidence_IR
GLYMA_14G027300,GLYMA_14G027300.intron5,GLYMA_14G027300|14:1976507-1977358:+,14,1976507,1977358,+,KRH14462,1,yes,FLEP-seq;Iso-seq;ONT;ONT cDNA-seq,327,58,254,385,0.849350649350649,0.776758409785933,Glycine_max,high_confidence_IR
GLYMA_14G029800,GLYMA_14G029800.intron1,GLYMA_14G029800|14:2165561-2165804:-,14,2165561,2165804,-,KRH14501,1,no,FLEP-seq;Iso-seq;ONT;ONT cDNA-seq,50,107,50,157,0.318471337579618,1,Glycine_max,high_confidence_IR
GLYMA_14G036200,GLYMA_14G036200.intron1,GLYMA_14G036200|14:2700860-2701218:+,14,2700860,2701218,+,KRH14599,1,no,FLEP-seq;Iso-seq;ONT;ONT cDNA-seq,16,36,16,52,0.307692307692308,1,Glycine_max,high_confidence_IR
GLYMA_14G039800,GLYMA_14G039800.intron1,GLYMA_14G039800|14:2973039-2973188:-,14,2973039,2973188,-,KRH14655,1,no,FLEP-seq;Iso-seq;ONT;ONT cDNA-seq,1293,130,1293,1423,0.908643710470836,1,Glycine_max,high_confidence_IR
GLYMA_14G041000,GLYMA_14G041000.intron1,GLYMA_14G041000|14:3084223-3085135:-,14,3084223,3085135,-,KRH14677,1,no,FLEP-seq;Iso-seq;ONT;ONT cDNA-seq,36,141,34,177,0.203389830508475,0.944444444444444,Glycine_max,high_confidence_IR
GLYMA_14G042800,GLYMA_14G042800.intron1,GLYMA_14G042800|14:3269544-3269692:+,14,3269544,3269692,+,KRH14698,1,no,FLEP-seq;Iso-seq;ONT;ONT cDNA-seq,47,140,36,187,0.251336898395722,0.765957446808511,Glycine_max,high_confidence_IR
GLYMA_14G054900,GLYMA_14G054900.intron7,GLYMA_14G054900|14:4379920-4380899:+,14,4379920,4380899,+,KRH14887,1,yes,FLEP-seq;Iso-seq;ONT;ONT cDNA-seq,468,219,400,687,0.681222707423581,0.854700854700855,Glycine_max,high_confidence_IR
GLYMA_14G062200,GLYMA_14G062200.intron1,GLYMA_14G062200|14:5073052-5073245:-,14,5073052,5073245,-,KRH14994,1,no,FLEP-seq;Iso-seq;ONT;ONT cDNA-seq,1259,17,1154,1276,0.986677115987461,0.916600476568705,Glycine_max,high_confidence_IR
GLYMA_14G066400,GLYMA_14G066400.intron4,GLYMA_14G066400|14:5469894-5470476:-,14,5469894,5470476,-,KRH15069,1,yes,FLEP-seq;Iso-seq;ONT;ONT cDNA-seq,3906,78,3128,3984,0.980421686746988,0.800819252432156,Glycine_max,high_confidence_IR
GLYMA_14G067900,GLYMA_14G067900.intron1,GLYMA_14G067900|14:5681416-5681519:-,14,5681416,5681519,-,KRH15088,1,no,FLEP-seq;Iso-seq;ONT;ONT cDNA-seq,464,381,464,845,0.549112426035503,1,Glycine_max,high_confidence_IR
GLYMA_14G070200,GLYMA_14G070200.intron2,GLYMA_14G070200|14:5899907-5900091:+,14,5899907,5900091,+,KRH15127,1,yes,FLEP-seq;Iso-seq;ONT;ONT cDNA-seq,433,57,364,490,0.883673469387755,0.840646651270208,Glycine_max,high_confidence_IR
GLYMA_14G071100,GLYMA_14G071100.intron5,GLYMA_14G071100|14:5976160-5976260:-,14,5976160,5976260,-,KRH15140,1,yes,FLEP-seq;Iso-seq;ONT;ONT cDNA-seq,466,63,396,529,0.880907372400756,0.849785407725322,Glycine_max,high_confidence_IR
GLYMA_14G072200,GLYMA_14G072200.intron1,GLYMA_14G072200|14:6063213-6063307:-,14,6063213,6063307,-,KRH15164,1,no,FLEP-seq;Iso-seq;ONT;ONT cDNA-seq,173,625,132,798,0.216791979949875,0.763005780346821,Glycine_max,high_confidence_IR
GLYMA_14G074500,GLYMA_14G074500.intron2,GLYMA_14G074500|14:6234783-6235226:-,14,6234783,6235226,-,KRH15206,1,yes,FLEP-seq;Iso-seq;ONT;ONT cDNA-seq,46,7,36,53,0.867924528301887,0.782608695652174,Glycine_max,high_confidence_IR
GLYMA_14G075900,GLYMA_14G075900.intron4,GLYMA_14G075900|14:6362613-6362976:-,14,6362613,6362976,-,KRH15226,1,yes,FLEP-seq;Iso-seq;ONT;ONT cDNA-seq,3399,1697,3226,5096,0.666993720565149,0.949102677258017,Glycine_max,high_confidence_IR
GLYMA_14G081600,GLYMA_14G081600.intron6,GLYMA_14G081600|14:7068192-7068335:+,14,7068192,7068335,+,KRH15339,1,yes,FLEP-seq;Iso-seq;ONT;ONT cDNA-seq,3141,15,2668,3156,0.995247148288973,0.849411015600127,Glycine_max,high_confidence_IR
GLYMA_14G082200,GLYMA_14G082200.intron6,GLYMA_14G082200|14:7103795-7104462:+,14,7103795,7104462,+,KRH15348,1,yes,FLEP-seq;Iso-seq;ONT;ONT cDNA-seq,1083,124,894,1207,0.897265948632974,0.825484764542936,Glycine_max,high_confidence_IR
GLYMA_14G087600,GLYMA_14G087600.intron1,GLYMA_14G087600|14:7852092-7853567:-,14,7852092,7853567,-,KRH15433,1,no,FLEP-seq;Iso-seq;ONT;ONT cDNA-seq,586,851,478,1437,0.407794015309673,0.815699658703072,Glycine_max,high_confidence_IR
GLYMA_14G090000,GLYMA_14G090000.intron3,GLYMA_14G090000|14:8186516-8186655:-,14,8186516,8186655,-,KRH15466,1,yes,FLEP-seq;Iso-seq;ONT;ONT cDNA-seq,1665,35,1350,1700,0.979411764705882,0.810810810810811,Glycine_max,high_confidence_IR
GLYMA_14G090400,GLYMA_14G090400.intron8,GLYMA_14G090400|14:8253694-8253780:+,14,8253694,8253780,+,KRH15471,1,yes,FLEP-seq;Iso-seq;ONT;ONT cDNA-seq,1516,245,1237,1761,0.860874503123225,0.815963060686016,Glycine_max,high_confidence_IR
GLYMA_14G095400,GLYMA_14G095400.intron1,GLYMA_14G095400|14:8879053-8879118:-,14,8879053,8879118,-,KRH15549,1,yes,FLEP-seq;Iso-seq;ONT;ONT cDNA-seq,1036,12,1036,1048,0.988549618320611,1,Glycine_max,high_confidence_IR
GLYMA_14G099000,GLYMA_14G099000.intron1,GLYMA_14G099000|14:9510619-9510686:-,14,9510619,9510686,-,KRH15608,1,no,FLEP-seq;Iso-seq;ONT;ONT cDNA-seq,124,227,97,351,0.353276353276353,0.782258064516129,Glycine_max,high_confidence_IR
GLYMA_14G103000,GLYMA_14G103000.intron10,GLYMA_14G103000|14:10303790-10304289:-,14,10303790,10304289,-,KRH15665;KRH15666;KRH15667;KRH15668;KRH15669;KRH15670;KRH15671;KRH15672;KRH15673,9,yes,FLEP-seq;Iso-seq;ONT;ONT cDNA-seq,331,105,248,436,0.759174311926605,0.749244712990937,Glycine_max,high_confidence_IR
GLYMA_14G103500,GLYMA_14G103500.intron3,GLYMA_14G103500|14:10435282-10446891:+,14,10435282,10446891,+,KRH15678,1,no,FLEP-seq;Iso-seq;ONT;ONT cDNA-seq,163,137,147,300,0.543333333333333,0.901840490797546,Glycine_max,high_confidence_IR
GLYMA_14G103600,GLYMA_14G103600.intron2,GLYMA_14G103600|14:10447345-10447632:+,14,10447345,10447632,+,KRH15679,1,no,FLEP-seq;Iso-seq;ONT;ONT cDNA-seq,227,77,194,304,0.746710526315789,0.854625550660793,Glycine_max,high_confidence_IR
GLYMA_14G105500,GLYMA_14G105500.intron3,GLYMA_14G105500|14:10876424-10878564:-,14,10876424,10878564,-,KRH15704,1,no,FLEP-seq;Iso-seq;ONT;ONT cDNA-seq,107,293,84,400,0.2675,0.785046728971963,Glycine_max,high_confidence_IR
GLYMA_14G109000,GLYMA_14G109000.intron1,GLYMA_14G109000|14:12022266-12022970:-,14,12022266,12022970,-,KRH15753;KRH15754;KRH15755,3,no,FLEP-seq;Iso-seq;ONT;ONT cDNA-seq,291,230,223,521,0.558541266794626,0.766323024054983,Glycine_max,high_confidence_IR
GLYMA_14G120700,GLYMA_14G120700.intron2,GLYMA_14G120700|14:17136128-17136267:-,14,17136128,17136267,-,KRH15939,1,no,FLEP-seq;Iso-seq;ONT;ONT cDNA-seq,18,18,18,36,0.5,1,Glycine_max,high_confidence_IR
GLYMA_14G122200,GLYMA_14G122200.intron4,GLYMA_14G122200|14:17804107-17805506:-,14,17804107,17805506,-,KRH15956,1,yes,FLEP-seq;Iso-seq;ONT;ONT cDNA-seq,318,53,272,371,0.857142857142857,0.855345911949686,Glycine_max,high_confidence_IR
GLYMA_14G132800,GLYMA_14G132800.intron4,GLYMA_14G132800|14:22785062-22786071:-,14,22785062,22786071,-,KRH16106;KRH16107,2,no,FLEP-seq;Iso-seq;ONT;ONT cDNA-seq,34,24,26,58,0.586206896551724,0.764705882352941,Glycine_max,high_confidence_IR
GLYMA_14G133700,GLYMA_14G133700.intron2,GLYMA_14G133700|14:23230536-23231539:+,14,23230536,23231539,+,KRH16119;KRH16120;KRH16123,3,yes,FLEP-seq;Iso-seq;ONT;ONT cDNA-seq,754,87,656,841,0.896551724137931,0.870026525198939,Glycine_max,high_confidence_IR
GLYMA_14G134900,GLYMA_14G134900.intron1,GLYMA_14G134900|14:23567881-23567973:+,14,23567881,23567973,+,KRH16139,1,no,FLEP-seq;Iso-seq;ONT;ONT cDNA-seq,121,7,121,128,0.9453125,1,Glycine_max,high_confidence_IR
GLYMA_14G139100,GLYMA_14G139100.intron1,GLYMA_14G139100|14:26624509-26624588:+,14,26624509,26624588,+,KRH16189,1,no,FLEP-seq;Iso-seq;ONT;ONT cDNA-seq,5,6,5,11,0.454545454545455,1,Glycine_max,high_confidence_IR
GLYMA_14G141800,GLYMA_14G141800.intron2,GLYMA_14G141800|14:28566846-28567450:+,14,28566846,28567450,+,KRH16227;KRH16228;KRH16229,3,no,FLEP-seq;Iso-seq;ONT;ONT cDNA-seq,176,559,170,735,0.239455782312925,0.965909090909091,Glycine_max,high_confidence_IR
GLYMA_14G150200,GLYMA_14G150200.intron3,GLYMA_14G150200|14:32450866-32452018:-,14,32450866,32452018,-,KRH16343,1,yes,FLEP-seq;Iso-seq;ONT;ONT cDNA-seq,503,77,445,580,0.867241379310345,0.884691848906561,Glycine_max,high_confidence_IR
GLYMA_14G150600,GLYMA_14G150600.intron1,GLYMA_14G150600|14:32537185-32537695:-,14,32537185,32537695,-,KRH16353;KRH16355,2,no,FLEP-seq;Iso-seq;ONT;ONT cDNA-seq,234,443,176,677,0.345642540620384,0.752136752136752,Glycine_max,high_confidence_IR
GLYMA_14G153400,GLYMA_14G153400.intron2,GLYMA_14G153400|14:33361904-33362071:+,14,33361904,33362071,+,KRH16399,1,no,FLEP-seq;Iso-seq;ONT;ONT cDNA-seq,15,10,11,25,0.6,0.733333333333333,Glycine_max,high_confidence_IR
GLYMA_14G154400,GLYMA_14G154400.intron1,GLYMA_14G154400|14:33570809-33570938:+,14,33570809,33570938,+,KRH16413,1,no,FLEP-seq;Iso-seq;ONT;ONT cDNA-seq,189,6,189,195,0.969230769230769,1,Glycine_max,high_confidence_IR
GLYMA_14G154300,GLYMA_14G154300.intron1,GLYMA_14G154300|14:33571749-33572530:-,14,33571749,33572530,-,KRH16414,1,no,FLEP-seq;Iso-seq;ONT;ONT cDNA-seq,41,142,41,183,0.224043715846995,1,Glycine_max,high_confidence_IR
GLYMA_14G158300,GLYMA_14G158300.intron1,GLYMA_14G158300|14:35024953-35025473:-,14,35024953,35025473,-,KRH16475;KRH16476,2,no,FLEP-seq;Iso-seq;ONT;ONT cDNA-seq,88,217,73,305,0.288524590163934,0.829545454545455,Glycine_max,high_confidence_IR
GLYMA_14G164600,GLYMA_14G164600.intron11,GLYMA_14G164600|14:40560196-40560283:+,14,40560196,40560283,+,KRH16599;KRH16600,2,yes,FLEP-seq;Iso-seq;ONT;ONT cDNA-seq,377,31,281,408,0.924019607843137,0.745358090185676,Glycine_max,high_confidence_IR
GLYMA_14G166900,GLYMA_14G166900.intron1,GLYMA_14G166900|14:41257744-41258336:-,14,41257744,41258336,-,KRH16628,1,no,FLEP-seq;Iso-seq;ONT;ONT cDNA-seq,191,464,191,655,0.291603053435115,1,Glycine_max,high_confidence_IR
GLYMA_14G168000,GLYMA_14G168000.intron1,GLYMA_14G168000|14:41656222-41657883:+,14,41656222,41657883,+,KRH16648,1,no,FLEP-seq;Iso-seq;ONT;ONT cDNA-seq,88,216,81,304,0.289473684210526,0.920454545454545,Glycine_max,high_confidence_IR
GLYMA_14G168800,GLYMA_14G168800.intron1,GLYMA_14G168800|14:41801282-41801378:+,14,41801282,41801378,+,KRH16661,1,no,FLEP-seq;Iso-seq;ONT;ONT cDNA-seq,451,570,451,1021,0.441723800195886,1,Glycine_max,high_confidence_IR
GLYMA_14G177900,GLYMA_14G177900.intron1,GLYMA_14G177900|14:43783140-43783251:+,14,43783140,43783251,+,KRH16790,1,yes,FLEP-seq;Iso-seq;ONT;ONT cDNA-seq,76,6,76,82,0.926829268292683,1,Glycine_max,high_confidence_IR
GLYMA_14G181400,GLYMA_14G181400.intron3,GLYMA_14G181400|14:44427214-44428122:-,14,44427214,44428122,-,KRH16842,1,no,FLEP-seq;Iso-seq;ONT;ONT cDNA-seq,293,18,212,311,0.942122186495177,0.723549488054608,Glycine_max,high_confidence_IR
GLYMA_14G181500,GLYMA_14G181500.intron1,GLYMA_14G181500|14:44433196-44433309:-,14,44433196,44433309,-,KRH16843,1,no,FLEP-seq;Iso-seq;ONT;ONT cDNA-seq,6,5,6,11,0.545454545454545,1,Glycine_max,high_confidence_IR
GLYMA_14G183300,GLYMA_14G183300.intron1,GLYMA_14G183300|14:44687013-44687172:+,14,44687013,44687172,+,KRH16875;KRH16876,2,no,FLEP-seq;Iso-seq;ONT;ONT cDNA-seq,22,85,22,107,0.205607476635514,1,Glycine_max,high_confidence_IR
GLYMA_14G183500,GLYMA_14G183500.intron2,GLYMA_14G183500|14:44707100-44708619:-,14,44707100,44708619,-,KRH16878,1,yes,FLEP-seq;Iso-seq;ONT;ONT cDNA-seq,42,144,34,186,0.225806451612903,0.80952380952381,Glycine_max,high_confidence_IR
GLYMA_14G185200,GLYMA_14G185200.intron1,GLYMA_14G185200|14:44893797-44894073:+,14,44893797,44894073,+,KRH16910,1,no,FLEP-seq;Iso-seq;ONT;ONT cDNA-seq,6,12,6,18,0.333333333333333,1,Glycine_max,high_confidence_IR
GLYMA_14G185800,GLYMA_14G185800.intron1,GLYMA_14G185800|14:44998106-44999038:-,14,44998106,44999038,-,KRH16918,1,no,FLEP-seq;Iso-seq;ONT;ONT cDNA-seq,61,32,57,93,0.655913978494624,0.934426229508197,Glycine_max,high_confidence_IR
GLYMA_14G186000,GLYMA_14G186000.intron1,GLYMA_14G186000|14:45011917-45012605:-,14,45011917,45012605,-,KRH16920,1,no,FLEP-seq;Iso-seq;ONT;ONT cDNA-seq,6,17,6,23,0.260869565217391,1,Glycine_max,high_confidence_IR
GLYMA_14G186800,GLYMA_14G186800.intron2,GLYMA_14G186800|14:45127046-45127129:-,14,45127046,45127129,-,KRH16931,1,yes,FLEP-seq;Iso-seq;ONT;ONT cDNA-seq,207,19,182,226,0.915929203539823,0.879227053140097,Glycine_max,high_confidence_IR
GLYMA_14G189600,GLYMA_14G189600.intron2,GLYMA_14G189600|14:45451982-45452529:+,14,45451982,45452529,+,KRH16974,1,no,FLEP-seq;Iso-seq;ONT;ONT cDNA-seq,71,49,65,120,0.591666666666667,0.915492957746479,Glycine_max,high_confidence_IR
GLYMA_14G191300,GLYMA_14G191300.intron3,GLYMA_14G191300|14:45600188-45600295:-,14,45600188,45600295,-,KRH17001;KRH17002,2,yes,FLEP-seq;Iso-seq;ONT;ONT cDNA-seq,256,7,184,263,0.973384030418251,0.71875,Glycine_max,high_confidence_IR
GLYMA_14G192300,GLYMA_14G192300.intron1,GLYMA_14G192300|14:45695567-45695720:+,14,45695567,45695720,+,KRH17017,1,no,FLEP-seq;Iso-seq;ONT;ONT cDNA-seq,28,70,28,98,0.285714285714286,1,Glycine_max,high_confidence_IR
GLYMA_14G193700,GLYMA_14G193700.intron1,GLYMA_14G193700|14:45846081-45846283:+,14,45846081,45846283,+,KRH17036;KRH17037,2,yes,FLEP-seq;Iso-seq;ONT;ONT cDNA-seq,949,1340,949,2289,0.414591524683268,1,Glycine_max,high_confidence_IR
GLYMA_14G203100,GLYMA_14G203100.intron3,GLYMA_14G203100|14:46804027-46805627:-,14,46804027,46805627,-,KRH17164,1,yes,FLEP-seq;Iso-seq;ONT;ONT cDNA-seq,54,50,48,104,0.519230769230769,0.888888888888889,Glycine_max,high_confidence_IR
GLYMA_14G209700,GLYMA_14G209700.intron2,GLYMA_14G209700|14:47498873-47499893:-,14,47498873,47499893,-,KRH17267,1,no,FLEP-seq;Iso-seq;ONT;ONT cDNA-seq,1430,35,1196,1465,0.976109215017065,0.836363636363636,Glycine_max,high_confidence_IR
GLYMA_14G210200,GLYMA_14G210200.intron5,GLYMA_14G210200|14:47540621-47542756:-,14,47540621,47542756,-,KRH17276;KRH17277,2,yes,FLEP-seq;Iso-seq;ONT;ONT cDNA-seq,438,30,369,468,0.935897435897436,0.842465753424658,Glycine_max,high_confidence_IR
GLYMA_14G210600,GLYMA_14G210600.intron4,GLYMA_14G210600|14:47559648-47560016:-,14,47559648,47560016,-,KRH17281,1,yes,FLEP-seq;Iso-seq;ONT;ONT cDNA-seq,355,76,262,431,0.823665893271462,0.738028169014085,Glycine_max,high_confidence_IR
GLYMA_14G210900,GLYMA_14G210900.intron1,GLYMA_14G210900|14:47588919-47589078:+,14,47588919,47589078,+,KRH17284,1,no,FLEP-seq;Iso-seq;ONT;ONT cDNA-seq,460,973,326,1433,0.321004884856943,0.708695652173913,Glycine_max,high_confidence_IR
GLYMA_14G211700,GLYMA_14G211700.intron12,GLYMA_14G211700|14:47656612-47657118:-,14,47656612,47657118,-,KRH17297,1,yes,FLEP-seq;Iso-seq;ONT;ONT cDNA-seq,1427,115,1170,1542,0.925421530479896,0.819901892081289,Glycine_max,high_confidence_IR
GLYMA_14G215700,GLYMA_14G215700.intron2,GLYMA_14G215700|14:48022126-48022225:-,14,48022126,48022225,-,KRH17368,1,yes,FLEP-seq;Iso-seq;ONT;ONT cDNA-seq,516,46,427,562,0.918149466192171,0.827519379844961,Glycine_max,high_confidence_IR
GLYMA_14G216100,GLYMA_14G216100.intron5,GLYMA_14G216100|14:48041828-48041990:-,14,48041828,48041990,-,KRH17379,1,yes,FLEP-seq;Iso-seq;ONT;ONT cDNA-seq,301,13,254,314,0.95859872611465,0.843853820598007,Glycine_max,high_confidence_IR
GLYMA_14G218200,GLYMA_14G218200.intron2,GLYMA_14G218200|14:48347590-48347704:-,14,48347590,48347704,-,KRH17413,1,no,FLEP-seq;Iso-seq;ONT;ONT cDNA-seq,1099,3374,773,4473,0.245696400625978,0.70336669699727,Glycine_max,high_confidence_IR
GLYMA_14G220400,GLYMA_14G220400.intron1,GLYMA_14G220400|14:48541384-48542231:-,14,48541384,48542231,-,KRH17453,1,no,FLEP-seq;Iso-seq;ONT;ONT cDNA-seq,1103,944,1017,2047,0.538837322911578,0.922030825022665,Glycine_max,high_confidence_IR
GLYMA_14G223000,GLYMA_14G223000.intron7,GLYMA_14G223000|14:48812555-48812678:-,14,48812555,48812678,-,KRH17494,1,yes,FLEP-seq;Iso-seq;ONT;ONT cDNA-seq,2556,122,1834,2678,0.954443614637789,0.717527386541471,Glycine_max,high_confidence_IR
GLYMA_14G224400,GLYMA_14G224400.intron2,GLYMA_14G224400|14:48975329-48976279:+,14,48975329,48976279,+,KRH17552,1,no,FLEP-seq;Iso-seq;ONT;ONT cDNA-seq,185,9,184,194,0.95360824742268,0.994594594594595,Glycine_max,high_confidence_IR
GLYMA_15G001000,GLYMA_15G001000.intron1,GLYMA_15G001000|15:116507-116591:+,15,116507,116591,+,KRH09606,1,no,FLEP-seq;Iso-seq;ONT;ONT cDNA-seq,67,60,67,127,0.52755905511811,1,Glycine_max,high_confidence_IR
GLYMA_15G005700,GLYMA_15G005700.intron1,GLYMA_15G005700|15:497225-497344:+,15,497225,497344,+,KRH09695,1,no,FLEP-seq;Iso-seq;ONT;ONT cDNA-seq,5,6,5,11,0.454545454545455,1,Glycine_max,high_confidence_IR
GLYMA_15G009900,GLYMA_15G009900.intron1,GLYMA_15G009900|15:760898-762628:-,15,760898,762628,-,KRH09757,1,yes,FLEP-seq;Iso-seq;ONT;ONT cDNA-seq,20,8,20,28,0.714285714285714,1,Glycine_max,high_confidence_IR
GLYMA_15G010200,GLYMA_15G010200.intron1,GLYMA_15G010200|15:786635-786802:-,15,786635,786802,-,KRH09762;KRH09763,2,no,FLEP-seq;Iso-seq;ONT;ONT cDNA-seq,11,7,11,18,0.611111111111111,1,Glycine_max,high_confidence_IR
GLYMA_15G010900,GLYMA_15G010900.intron4,GLYMA_15G010900|15:830131-831225:-,15,830131,831225,-,KRH09782,1,yes,FLEP-seq;Iso-seq;ONT;ONT cDNA-seq,2326,11,2177,2337,0.995293110825845,0.935941530524506,Glycine_max,high_confidence_IR
GLYMA_15G011700,GLYMA_15G011700.intron3,GLYMA_15G011700|15:901437-901564:-,15,901437,901564,-,KRH09794,1,yes,FLEP-seq;Iso-seq;ONT;ONT cDNA-seq,625,6,441,631,0.990491283676704,0.7056,Glycine_max,high_confidence_IR
GLYMA_15G011800,GLYMA_15G011800.intron21,GLYMA_15G011800|15:909736-909924:+,15,909736,909924,+,KRH09795,1,no,FLEP-seq;Iso-seq;ONT;ONT cDNA-seq,6,8,6,14,0.428571428571429,1,Glycine_max,high_confidence_IR
GLYMA_15G016100,GLYMA_15G016100.intron1,GLYMA_15G016100|15:1264009-1264093:-,15,1264009,1264093,-,KRH09880,1,no,FLEP-seq;Iso-seq;ONT;ONT cDNA-seq,75,244,75,319,0.235109717868339,1,Glycine_max,high_confidence_IR
GLYMA_15G020600,GLYMA_15G020600.intron2,GLYMA_15G020600|15:1598011-1598110:+,15,1598011,1598110,+,KRH09951;KRH09952,2,no,FLEP-seq;Iso-seq;ONT;ONT cDNA-seq,6,21,6,27,0.222222222222222,1,Glycine_max,high_confidence_IR
GLYMA_15G023600,GLYMA_15G023600.intron2,GLYMA_15G023600|15:1874616-1874775:-,15,1874616,1874775,-,KRH10003,1,yes,FLEP-seq;Iso-seq;ONT;ONT cDNA-seq,1235,344,1177,1579,0.78214059531349,0.953036437246964,Glycine_max,high_confidence_IR
GLYMA_15G025300,GLYMA_15G025300.intron1,GLYMA_15G025300|15:2043416-2046747:+,15,2043416,2046747,+,KRH10032,1,yes,FLEP-seq;Iso-seq;ONT;ONT cDNA-seq,617,455,468,1072,0.575559701492537,0.758508914100486,Glycine_max,high_confidence_IR
GLYMA_15G031800,GLYMA_15G031800.intron1,GLYMA_15G031800|15:2560593-2561287:+,15,2560593,2561287,+,KRH10163,1,no,FLEP-seq;Iso-seq;ONT;ONT cDNA-seq,205,372,205,577,0.35528596187175,1,Glycine_max,high_confidence_IR
GLYMA_15G032100,GLYMA_15G032100.intron1,GLYMA_15G032100|15:2583870-2584148:-,15,2583870,2584148,-,KRH10167,1,no,FLEP-seq;Iso-seq;ONT;ONT cDNA-seq,79,299,79,378,0.208994708994709,1,Glycine_max,high_confidence_IR
GLYMA_15G034200,GLYMA_15G034200.intron3,GLYMA_15G034200|15:2728465-2728992:+,15,2728465,2728992,+,KRH10201,1,no,FLEP-seq;Iso-seq;ONT;ONT cDNA-seq,278,266,206,544,0.511029411764706,0.741007194244604,Glycine_max,high_confidence_IR
GLYMA_15G037800,GLYMA_15G037800.intron1,GLYMA_15G037800|15:2985106-2985294:-,15,2985106,2985294,-,KRH10253;KRH10254;KRH10255;KRH10256,4,no,FLEP-seq;Iso-seq;ONT;ONT cDNA-seq,15,59,14,74,0.202702702702703,0.933333333333333,Glycine_max,high_confidence_IR
GLYMA_15G038600,GLYMA_15G038600.intron6,GLYMA_15G038600|15:3039895-3040091:-,15,3039895,3040091,-,KRH10267,1,no,FLEP-seq;Iso-seq;ONT;ONT cDNA-seq,464,394,360,858,0.540792540792541,0.775862068965517,Glycine_max,high_confidence_IR
GLYMA_15G038800,GLYMA_15G038800.intron1,GLYMA_15G038800|15:3059978-3060156:+,15,3059978,3060156,+,KRH10272,1,no,FLEP-seq;Iso-seq;ONT;ONT cDNA-seq,77,16,77,93,0.827956989247312,1,Glycine_max,high_confidence_IR
GLYMA_15G043800,GLYMA_15G043800.intron3,GLYMA_15G043800|15:3451603-3451887:-,15,3451603,3451887,-,KRH10353,1,no,FLEP-seq;Iso-seq;ONT;ONT cDNA-seq,170,588,136,758,0.224274406332454,0.8,Glycine_max,high_confidence_IR
GLYMA_15G047600,GLYMA_15G047600.intron5,GLYMA_15G047600|15:3763137-3763940:-,15,3763137,3763940,-,KRH10445,1,yes,FLEP-seq;Iso-seq;ONT;ONT cDNA-seq,407,159,319,566,0.719081272084806,0.783783783783784,Glycine_max,high_confidence_IR
GLYMA_15G051200,GLYMA_15G051200.intron2,GLYMA_15G051200|15:4026284-4026628:-,15,4026284,4026628,-,KRH10496,1,yes,FLEP-seq;Iso-seq;ONT;ONT cDNA-seq,555,11,489,566,0.980565371024735,0.881081081081081,Glycine_max,high_confidence_IR
GLYMA_15G053700,GLYMA_15G053700.intron1,GLYMA_15G053700|15:4225379-4226892:+,15,4225379,4226892,+,KRH10543,1,yes,FLEP-seq;Iso-seq;ONT;ONT cDNA-seq,642,23,486,665,0.965413533834587,0.757009345794392,Glycine_max,high_confidence_IR
GLYMA_15G054100,GLYMA_15G054100.intron4,GLYMA_15G054100|15:4254239-4254364:-,15,4254239,4254364,-,KRH10554;KRH10555,2,yes,FLEP-seq;Iso-seq;ONT;ONT cDNA-seq,199,9,155,208,0.956730769230769,0.778894472361809,Glycine_max,high_confidence_IR
GLYMA_15G056500,GLYMA_15G056500.intron1,GLYMA_15G056500|15:4397662-4397879:+,15,4397662,4397879,+,KRH10586,1,no,FLEP-seq;Iso-seq;ONT;ONT cDNA-seq,279,485,208,764,0.365183246073298,0.745519713261649,Glycine_max,high_confidence_IR
GLYMA_15G061400,GLYMA_15G061400.intron1,GLYMA_15G061400|15:4731747-4731834:+,15,4731747,4731834,+,KRH10664,1,yes,FLEP-seq;Iso-seq;ONT;ONT cDNA-seq,43,43,35,86,0.5,0.813953488372093,Glycine_max,high_confidence_IR
GLYMA_15G063000,GLYMA_15G063000.intron3,GLYMA_15G063000|15:4827028-4827141:-,15,4827028,4827141,-,KRH10685,1,no,FLEP-seq;Iso-seq;ONT;ONT cDNA-seq,274,939,212,1213,0.225886232481451,0.773722627737226,Glycine_max,high_confidence_IR
GLYMA_15G063500,GLYMA_15G063500.intron3,GLYMA_15G063500|15:4851972-4852740:-,15,4851972,4852740,-,KRH10691,1,yes,FLEP-seq;Iso-seq;ONT;ONT cDNA-seq,20,62,19,82,0.24390243902439,0.95,Glycine_max,high_confidence_IR
GLYMA_15G065200,GLYMA_15G065200.intron3,GLYMA_15G065200|15:4962129-4962261:-,15,4962129,4962261,-,KRH10714,1,yes,FLEP-seq;Iso-seq;ONT;ONT cDNA-seq,468,21,391,489,0.957055214723926,0.835470085470085,Glycine_max,high_confidence_IR
GLYMA_15G065300,GLYMA_15G065300.intron1,GLYMA_15G065300|15:4969057-4969184:-,15,4969057,4969184,-,KRH10716,1,no,FLEP-seq;Iso-seq;ONT;ONT cDNA-seq,7,8,7,15,0.466666666666667,1,Glycine_max,high_confidence_IR
GLYMA_15G066100,GLYMA_15G066100.intron4,GLYMA_15G066100|15:5021694-5022810:+,15,5021694,5022810,+,KRH10727,1,yes,FLEP-seq;Iso-seq;ONT;ONT cDNA-seq,252,8,201,260,0.969230769230769,0.797619047619048,Glycine_max,high_confidence_IR
GLYMA_15G066600,GLYMA_15G066600.intron1,GLYMA_15G066600|15:5071830-5071930:+,15,5071830,5071930,+,KRH10736,1,no,FLEP-seq;Iso-seq;ONT;ONT cDNA-seq,17,63,14,80,0.2125,0.823529411764706,Glycine_max,high_confidence_IR
GLYMA_15G071300,GLYMA_15G071300.intron3,GLYMA_15G071300|15:5467391-5467723:+,15,5467391,5467723,+,KRH10825,1,yes,FLEP-seq;Iso-seq;ONT;ONT cDNA-seq,13831,12,12790,13843,0.999133135880951,0.92473429253127,Glycine_max,high_confidence_IR
GLYMA_15G074400,GLYMA_15G074400.intron1,GLYMA_15G074400|15:5693677-5694243:-,15,5693677,5694243,-,KRH10883,1,no,FLEP-seq;Iso-seq;ONT;ONT cDNA-seq,30,65,30,95,0.315789473684211,1,Glycine_max,high_confidence_IR
GLYMA_15G076400,GLYMA_15G076400.intron1,GLYMA_15G076400|15:5887241-5887311:+,15,5887241,5887311,+,KRH10916,1,yes,FLEP-seq;Iso-seq;ONT;ONT cDNA-seq,6,6,6,12,0.5,1,Glycine_max,high_confidence_IR
GLYMA_15G093700,GLYMA_15G093700.intron1,GLYMA_15G093700|15:7281295-7281598:+,15,7281295,7281598,+,KRH11184,1,no,FLEP-seq;Iso-seq;ONT;ONT cDNA-seq,23,82,21,105,0.219047619047619,0.91304347826087,Glycine_max,high_confidence_IR
GLYMA_15G113600,GLYMA_15G113600.intron1,GLYMA_15G113600|15:8960135-8960256:+,15,8960135,8960256,+,RCW19008,1,no,FLEP-seq;Iso-seq;ONT;ONT cDNA-seq,181,14,181,195,0.928205128205128,1,Glycine_max,high_confidence_IR
GLYMA_15G123400,GLYMA_15G123400.intron3,GLYMA_15G123400|15:9805311-9805867:-,15,9805311,9805867,-,KRH11677,1,no,FLEP-seq;Iso-seq;ONT;ONT cDNA-seq,756,507,629,1263,0.598574821852732,0.832010582010582,Glycine_max,high_confidence_IR
GLYMA_15G128300,GLYMA_15G128300.intron1,GLYMA_15G128300|15:10233036-10234148:+,15,10233036,10234148,+,KRH11757,1,no,FLEP-seq;Iso-seq;ONT;ONT cDNA-seq,431,88,431,519,0.830443159922929,1,Glycine_max,high_confidence_IR
GLYMA_15G129900,GLYMA_15G129900.intron2,GLYMA_15G129900|15:10433271-10433903:-,15,10433271,10433903,-,KRH11779;KRH11780,2,yes,FLEP-seq;Iso-seq;ONT;ONT cDNA-seq,370,17,267,387,0.956072351421189,0.721621621621622,Glycine_max,high_confidence_IR
GLYMA_15G130700,GLYMA_15G130700.intron1,GLYMA_15G130700|15:10512647-10513989:-,15,10512647,10513989,-,KRH11791,1,no,FLEP-seq;Iso-seq;ONT;ONT cDNA-seq,8,8,8,16,0.5,1,Glycine_max,high_confidence_IR
GLYMA_15G131600,GLYMA_15G131600.intron2,GLYMA_15G131600|15:10577355-10577543:+,15,10577355,10577543,+,KRH11803,1,yes,FLEP-seq;Iso-seq;ONT;ONT cDNA-seq,23,19,19,42,0.547619047619048,0.826086956521739,Glycine_max,high_confidence_IR
GLYMA_15G133600,GLYMA_15G133600.intron3,GLYMA_15G133600|15:10740718-10740801:-,15,10740718,10740801,-,KRH11837,1,yes,FLEP-seq;Iso-seq;ONT;ONT cDNA-seq,166,6,120,172,0.965116279069767,0.72289156626506,Glycine_max,high_confidence_IR
GLYMA_15G135600,GLYMA_15G135600.intron3,GLYMA_15G135600|15:10921993-10922326:-,15,10921993,10922326,-,KRH11862,1,yes,FLEP-seq;Iso-seq;ONT;ONT cDNA-seq,190,142,139,332,0.572289156626506,0.731578947368421,Glycine_max,high_confidence_IR
GLYMA_15G138800,GLYMA_15G138800.intron3,GLYMA_15G138800|15:11306947-11307014:-,15,11306947,11307014,-,KRH11913;KRH11914;KRH11915,3,no,FLEP-seq;Iso-seq;ONT;ONT cDNA-seq,197,207,158,404,0.487623762376238,0.802030456852792,Glycine_max,high_confidence_IR
GLYMA_15G147300,GLYMA_15G147300.intron1,GLYMA_15G147300|15:12147904-12147993:+,15,12147904,12147993,+,KRH12043;KRH12044,2,no,FLEP-seq;Iso-seq;ONT;ONT cDNA-seq,136,41,127,177,0.768361581920904,0.933823529411765,Glycine_max,high_confidence_IR
GLYMA_15G153600,GLYMA_15G153600.intron1,GLYMA_15G153600|15:12749039-12749158:+,15,12749039,12749158,+,KRH12119;KRH12120;KRH12121;KRH12122,4,no,FLEP-seq;Iso-seq;ONT;ONT cDNA-seq,245,46,245,291,0.84192439862543,1,Glycine_max,high_confidence_IR
GLYMA_15G158100,GLYMA_15G158100.intron1,GLYMA_15G158100|15:13246543-13246621:-,15,13246543,13246621,-,KRH12189,1,no,FLEP-seq;Iso-seq;ONT;ONT cDNA-seq,178,516,171,694,0.256484149855908,0.960674157303371,Glycine_max,high_confidence_IR
GLYMA_15G159400,GLYMA_15G159400.intron1,GLYMA_15G159400|15:13460176-13460281:-,15,13460176,13460281,-,KRH12210,1,no,FLEP-seq;Iso-seq;ONT;ONT cDNA-seq,117,8,117,125,0.936,1,Glycine_max,high_confidence_IR
GLYMA_15G161500,GLYMA_15G161500.intron1,GLYMA_15G161500|15:13776276-13776379:+,15,13776276,13776379,+,KRH12241,1,no,FLEP-seq;Iso-seq;ONT;ONT cDNA-seq,149,60,149,209,0.712918660287081,1,Glycine_max,high_confidence_IR
GLYMA_15G161600,GLYMA_15G161600.intron1,GLYMA_15G161600|15:13802812-13802916:+,15,13802812,13802916,+,KRH12242,1,no,FLEP-seq;Iso-seq;ONT;ONT cDNA-seq,41,48,41,89,0.460674157303371,1,Glycine_max,high_confidence_IR
GLYMA_15G162300,GLYMA_15G162300.intron2,GLYMA_15G162300|15:13851901-13852004:-,15,13851901,13852004,-,KRH12252,1,yes,FLEP-seq;Iso-seq;ONT;ONT cDNA-seq,457,7,404,464,0.984913793103448,0.884026258205689,Glycine_max,high_confidence_IR
GLYMA_15G162800,GLYMA_15G162800.intron1,GLYMA_15G162800|15:13966974-13967579:+,15,13966974,13967579,+,KRH12257,1,no,FLEP-seq;Iso-seq;ONT;ONT cDNA-seq,8,10,8,18,0.444444444444444,1,Glycine_max,high_confidence_IR
GLYMA_15G164200,GLYMA_15G164200.intron1,GLYMA_15G164200|15:14214228-14214351:+,15,14214228,14214351,+,KRH12289,1,no,FLEP-seq;Iso-seq;ONT;ONT cDNA-seq,41,5,41,46,0.891304347826087,1,Glycine_max,high_confidence_IR
GLYMA_15G165700,GLYMA_15G165700.intron1,GLYMA_15G165700|15:14405553-14407652:+,15,14405553,14407652,+,KRH12313,1,yes,FLEP-seq;Iso-seq;ONT;ONT cDNA-seq,1195,6,1144,1201,0.995004163197336,0.957322175732218,Glycine_max,high_confidence_IR
GLYMA_15G172600,GLYMA_15G172600.intron8,GLYMA_15G172600|15:15796396-15796941:-,15,15796396,15796941,-,KRH12459;KRH12460,2,yes,FLEP-seq;Iso-seq;ONT;ONT cDNA-seq,923,62,701,985,0.937055837563452,0.759479956663055,Glycine_max,high_confidence_IR
GLYMA_15G174300,GLYMA_15G174300.intron5,GLYMA_15G174300|15:16189291-16189424:+,15,16189291,16189424,+,KRH12488,1,no,FLEP-seq;Iso-seq;ONT;ONT cDNA-seq,27,105,19,132,0.204545454545455,0.703703703703704,Glycine_max,high_confidence_IR
GLYMA_15G179400,GLYMA_15G179400.intron3,GLYMA_15G179400|15:17209248-17210075:-,15,17209248,17210075,-,KRH12567,1,yes,FLEP-seq;Iso-seq;ONT;ONT cDNA-seq,2439,212,2138,2651,0.920030177291588,0.876588765887659,Glycine_max,high_confidence_IR
GLYMA_15G179600,GLYMA_15G179600.intron3,GLYMA_15G179600|15:17294435-17294579:+,15,17294435,17294579,+,KRH12570,1,yes,FLEP-seq;Iso-seq;ONT;ONT cDNA-seq,12537,412,10187,12949,0.96818287126419,0.812554837680466,Glycine_max,high_confidence_IR
GLYMA_15G186300,GLYMA_15G186300.intron5,GLYMA_15G186300|15:19148606-19149723:+,15,19148606,19149723,+,KRH12665,1,yes,FLEP-seq;Iso-seq;ONT;ONT cDNA-seq,264,21,248,285,0.926315789473684,0.939393939393939,Glycine_max,high_confidence_IR
GLYMA_15G196500,GLYMA_15G196500.intron1,GLYMA_15G196500|15:22679190-22683854:+,15,22679190,22683854,+,KRH12820,1,no,FLEP-seq;Iso-seq;ONT;ONT cDNA-seq,149,12,105,161,0.925465838509317,0.704697986577181,Glycine_max,high_confidence_IR
GLYMA_15G199100,GLYMA_15G199100.intron1,GLYMA_15G199100|15:23663005-23666477:-,15,23663005,23666477,-,KRH12848,1,no,FLEP-seq;Iso-seq;ONT;ONT cDNA-seq,102,7,102,109,0.935779816513762,1,Glycine_max,high_confidence_IR
GLYMA_15G202400,GLYMA_15G202400.intron1,GLYMA_15G202400|15:25546412-25547558:-,15,25546412,25547558,-,KRH12891,1,no,FLEP-seq;Iso-seq;ONT;ONT cDNA-seq,151,18,151,169,0.893491124260355,1,Glycine_max,high_confidence_IR
GLYMA_15G204300,GLYMA_15G204300.intron2,GLYMA_15G204300|15:26955948-26956368:+,15,26955948,26956368,+,KRH12914,1,yes,FLEP-seq;Iso-seq;ONT;ONT cDNA-seq,8,23,7,31,0.258064516129032,0.875,Glycine_max,high_confidence_IR
GLYMA_15G209900,GLYMA_15G209900.intron2,GLYMA_15G209900|15:32142828-32143344:-,15,32142828,32143344,-,KRH12990,1,no,FLEP-seq;Iso-seq;ONT;ONT cDNA-seq,402,190,384,592,0.679054054054054,0.955223880597015,Glycine_max,high_confidence_IR
GLYMA_15G211700,GLYMA_15G211700.intron1,GLYMA_15G211700|15:32833889-32834685:+,15,32833889,32834685,+,KRH13024,1,no,FLEP-seq;Iso-seq;ONT;ONT cDNA-seq,23,20,23,43,0.534883720930233,1,Glycine_max,high_confidence_IR
GLYMA_15G214100,GLYMA_15G214100.intron1,GLYMA_15G214100|15:34282441-34282526:+,15,34282441,34282526,+,KRH13071,1,no,FLEP-seq;Iso-seq;ONT;ONT cDNA-seq,126,206,126,332,0.379518072289157,1,Glycine_max,high_confidence_IR
GLYMA_15G217200,GLYMA_15G217200.intron1,GLYMA_15G217200|15:35853989-35854078:+,15,35853989,35854078,+,KRH13116,1,no,FLEP-seq;Iso-seq;ONT;ONT cDNA-seq,6,5,6,11,0.545454545454545,1,Glycine_max,high_confidence_IR
GLYMA_15G221700,GLYMA_15G221700.intron1,GLYMA_15G221700|15:40075840-40075922:-,15,40075840,40075922,-,KRH13194;KRH13195,2,yes,FLEP-seq;Iso-seq;ONT;ONT cDNA-seq,927,120,927,1047,0.885386819484241,1,Glycine_max,high_confidence_IR
GLYMA_15G227600,GLYMA_15G227600.intron5,GLYMA_15G227600|15:42049756-42049917:-,15,42049756,42049917,-,KRH13276,1,yes,FLEP-seq;Iso-seq;ONT;ONT cDNA-seq,12773,12,10131,12785,0.999061400078217,0.793157441478118,Glycine_max,high_confidence_IR
GLYMA_15G228600,GLYMA_15G228600.intron1,GLYMA_15G228600|15:42695943-42696138:+,15,42695943,42696138,+,KRH13288;KRH13289;KRH13290;KRH13291,4,no,FLEP-seq;Iso-seq;ONT;ONT cDNA-seq,41,156,41,197,0.208121827411168,1,Glycine_max,high_confidence_IR
GLYMA_15G229400,GLYMA_15G229400.intron2,GLYMA_15G229400|15:43041059-43041477:-,15,43041059,43041477,-,KRH13301,1,no,FLEP-seq;Iso-seq;ONT;ONT cDNA-seq,722,69,526,791,0.912768647281922,0.728531855955679,Glycine_max,high_confidence_IR
GLYMA_15G232600,GLYMA_15G232600.intron3,GLYMA_15G232600|15:43721367-43721471:+,15,43721367,43721471,+,KRH13342;KRH13343;KRH13344;KRH13345;KRH13346;KRH13347,6,no,FLEP-seq;Iso-seq;ONT;ONT cDNA-seq,50,117,41,167,0.29940119760479,0.82,Glycine_max,high_confidence_IR
GLYMA_15G236400,GLYMA_15G236400.intron1,GLYMA_15G236400|15:44538940-44539054:+,15,44538940,44539054,+,KRH13394,1,no,FLEP-seq;Iso-seq;ONT;ONT cDNA-seq,131,417,119,548,0.239051094890511,0.908396946564885,Glycine_max,high_confidence_IR
GLYMA_15G240300,GLYMA_15G240300.intron1,GLYMA_15G240300|15:45520380-45520474:-,15,45520380,45520474,-,KRH13453,1,no,FLEP-seq;Iso-seq;ONT;ONT cDNA-seq,190,5,190,195,0.974358974358974,1,Glycine_max,high_confidence_IR
GLYMA_15G242900,GLYMA_15G242900.intron1,GLYMA_15G242900|15:46406369-46408249:-,15,46406369,46408249,-,KRH13487;KRH13488,2,no,FLEP-seq;Iso-seq;ONT;ONT cDNA-seq,489,273,368,762,0.641732283464567,0.752556237218814,Glycine_max,high_confidence_IR
GLYMA_15G244100,GLYMA_15G244100.intron1,GLYMA_15G244100|15:46526024-46527584:-,15,46526024,46527584,-,KRH13505,1,no,FLEP-seq;Iso-seq;ONT;ONT cDNA-seq,29,104,27,133,0.218045112781955,0.931034482758621,Glycine_max,high_confidence_IR
GLYMA_15G246100,GLYMA_15G246100.intron4,GLYMA_15G246100|15:46885798-46885895:-,15,46885798,46885895,-,KRH13527,1,yes,FLEP-seq;Iso-seq;ONT;ONT cDNA-seq,651,725,492,1376,0.473110465116279,0.755760368663594,Glycine_max,high_confidence_IR
GLYMA_15G250400,GLYMA_15G250400.intron1,GLYMA_15G250400|15:47843862-47844432:-,15,47843862,47844432,-,KRH13603,1,yes,FLEP-seq;Iso-seq;ONT;ONT cDNA-seq,181,8,156,189,0.957671957671958,0.861878453038674,Glycine_max,high_confidence_IR
GLYMA_15G253100,GLYMA_15G253100.intron6,GLYMA_15G253100|15:48151385-48154283:+,15,48151385,48154283,+,KRH13637,1,yes,FLEP-seq;Iso-seq;ONT;ONT cDNA-seq,983,32,741,1015,0.968472906403941,0.75381485249237,Glycine_max,high_confidence_IR
GLYMA_15G254200,GLYMA_15G254200.intron1,GLYMA_15G254200|15:48315681-48316547:+,15,48315681,48316547,+,KRH13651,1,no,FLEP-seq;Iso-seq;ONT;ONT cDNA-seq,33,10,33,43,0.767441860465116,1,Glycine_max,high_confidence_IR
GLYMA_15G258500,GLYMA_15G258500.intron2,GLYMA_15G258500|15:48956370-48956877:+,15,48956370,48956877,+,KRH13710,1,yes,FLEP-seq;Iso-seq;ONT;ONT cDNA-seq,171,559,147,730,0.234246575342466,0.859649122807018,Glycine_max,high_confidence_IR
GLYMA_15G260300,GLYMA_15G260300.intron12,GLYMA_15G260300|15:49287038-49287699:+,15,49287038,49287699,+,KRH13732,1,yes,FLEP-seq;Iso-seq;ONT;ONT cDNA-seq,3815,148,3139,3963,0.962654554630331,0.822804718217562,Glycine_max,high_confidence_IR
GLYMA_15G273000,GLYMA_15G273000.intron4,GLYMA_15G273000|15:51049170-51052276:-,15,51049170,51052276,-,KRH13923,1,no,FLEP-seq;Iso-seq;ONT;ONT cDNA-seq,510,1767,395,2277,0.223978919631094,0.774509803921569,Glycine_max,high_confidence_IR
GLYMA_16G000800,GLYMA_16G000800.intron3,GLYMA_16G000800|16:65305-65559:+,16,65305,65559,+,KRH06032,1,no,FLEP-seq;Iso-seq;ONT;ONT cDNA-seq,97,63,71,160,0.60625,0.731958762886598,Glycine_max,high_confidence_IR
GLYMA_16G002400,GLYMA_16G002400.intron9,GLYMA_16G002400|16:131408-132648:+,16,131408,132648,+,KRH06056,1,yes,FLEP-seq;Iso-seq;ONT;ONT cDNA-seq,1711,110,1333,1821,0.939593629873696,0.779076563413209,Glycine_max,high_confidence_IR
GLYMA_16G002600,GLYMA_16G002600.intron1,GLYMA_16G002600|16:140521-140599:-,16,140521,140599,-,KRH06059,1,yes,FLEP-seq;Iso-seq;ONT;ONT cDNA-seq,39,104,39,143,0.272727272727273,1,Glycine_max,high_confidence_IR
GLYMA_16G004700,GLYMA_16G004700.intron1,GLYMA_16G004700|16:264105-264194:-,16,264105,264194,-,KRH06098;KRH06099;KRH06100;KRH06101;KRH06102,5,no,FLEP-seq;Iso-seq;ONT;ONT cDNA-seq,43,90,42,133,0.323308270676692,0.976744186046512,Glycine_max,high_confidence_IR
GLYMA_16G006400,GLYMA_16G006400.intron2,GLYMA_16G006400|16:518682-518822:-,16,518682,518822,-,KRH06153,1,yes,FLEP-seq;Iso-seq;ONT;ONT cDNA-seq,260,27,203,287,0.905923344947735,0.780769230769231,Glycine_max,high_confidence_IR
GLYMA_16G007300,GLYMA_16G007300.intron4,GLYMA_16G007300|16:601233-602182:+,16,601233,602182,+,KRH06178,1,no,FLEP-seq;Iso-seq;ONT;ONT cDNA-seq,1072,33,936,1105,0.970135746606335,0.873134328358209,Glycine_max,high_confidence_IR
GLYMA_16G007600,GLYMA_16G007600.intron4,GLYMA_16G007600|16:636334-636456:-,16,636334,636456,-,KRH06182;KRH06183;KRH06184,3,yes,FLEP-seq;Iso-seq;ONT;ONT cDNA-seq,5,9,4,14,0.357142857142857,0.8,Glycine_max,high_confidence_IR
GLYMA_16G007700,GLYMA_16G007700.intron1,GLYMA_16G007700|16:652372-652453:+,16,652372,652453,+,KRH06187,1,yes,FLEP-seq;Iso-seq;ONT;ONT cDNA-seq,2626,9,2626,2635,0.996584440227704,1,Glycine_max,high_confidence_IR
GLYMA_16G011100,GLYMA_16G011100.intron9,GLYMA_16G011100|16:961444-962921:-,16,961444,962921,-,KRH06235;KRH06236,2,yes,FLEP-seq;Iso-seq;ONT;ONT cDNA-seq,853,212,609,1065,0.80093896713615,0.713950762016413,Glycine_max,high_confidence_IR
GLYMA_16G017100,GLYMA_16G017100.intron1,GLYMA_16G017100|16:1485546-1485785:-,16,1485546,1485785,-,KRH06331;KRH06332;KRH06333,3,yes,FLEP-seq;Iso-seq;ONT;ONT cDNA-seq,30,120,30,150,0.2,1,Glycine_max,high_confidence_IR
GLYMA_16G029100,GLYMA_16G029100.intron4,GLYMA_16G029100|16:2791767-2792129:+,16,2791767,2792129,+,KRH06538,1,no,FLEP-seq;Iso-seq;ONT;ONT cDNA-seq,14,54,12,68,0.205882352941176,0.857142857142857,Glycine_max,high_confidence_IR
GLYMA_16G030800,GLYMA_16G030800.intron1,GLYMA_16G030800|16:2928182-2928352:-,16,2928182,2928352,-,KRH06562,1,no,FLEP-seq;Iso-seq;ONT;ONT cDNA-seq,72,6,72,78,0.923076923076923,1,Glycine_max,high_confidence_IR
GLYMA_16G036900,GLYMA_16G036900.intron3,GLYMA_16G036900|16:3507925-3508635:-,16,3507925,3508635,-,KRH06647,1,no,FLEP-seq;Iso-seq;ONT;ONT cDNA-seq,39,12,35,51,0.764705882352941,0.897435897435897,Glycine_max,high_confidence_IR
GLYMA_16G037400,GLYMA_16G037400.intron1,GLYMA_16G037400|16:3541580-3541666:+,16,3541580,3541666,+,KRH06653,1,no,FLEP-seq;Iso-seq;ONT;ONT cDNA-seq,10,6,10,16,0.625,1,Glycine_max,high_confidence_IR
GLYMA_16G038800,GLYMA_16G038800.intron1,GLYMA_16G038800|16:3653196-3653326:+,16,3653196,3653326,+,KRH06675,1,yes,FLEP-seq;Iso-seq;ONT;ONT cDNA-seq,1155,251,947,1406,0.821479374110953,0.81991341991342,Glycine_max,high_confidence_IR
GLYMA_16G040200,GLYMA_16G040200.intron3,GLYMA_16G040200|16:3773675-3773857:+,16,3773675,3773857,+,KRH06694,1,no,FLEP-seq;Iso-seq;ONT;ONT cDNA-seq,126,99,92,225,0.56,0.73015873015873,Glycine_max,high_confidence_IR
GLYMA_16G047100,GLYMA_16G047100.intron4,GLYMA_16G047100|16:4469847-4470061:+,16,4469847,4470061,+,KRH06807;KRH06808;KRH06809;KRH06810;KRH06811,5,no,FLEP-seq;Iso-seq;ONT;ONT cDNA-seq,387,592,280,979,0.395301327885598,0.723514211886305,Glycine_max,high_confidence_IR
GLYMA_16G052000,GLYMA_16G052000.intron2,GLYMA_16G052000|16:5012652-5013016:-,16,5012652,5013016,-,KRH06886;KRH06887,2,no,FLEP-seq;Iso-seq;ONT;ONT cDNA-seq,809,2053,648,2862,0.282669461914745,0.800988875154512,Glycine_max,high_confidence_IR
GLYMA_16G055500,GLYMA_16G055500.intron1,GLYMA_16G055500|16:5444922-5445054:+,16,5444922,5445054,+,KRH06931,1,no,FLEP-seq;Iso-seq;ONT;ONT cDNA-seq,27,11,27,38,0.710526315789474,1,Glycine_max,high_confidence_IR
GLYMA_16G059700,GLYMA_16G059700.intron1,GLYMA_16G059700|16:5828014-5828322:-,16,5828014,5828322,-,KRH06986,1,yes,FLEP-seq;Iso-seq;ONT;ONT cDNA-seq,13,19,11,32,0.40625,0.846153846153846,Glycine_max,high_confidence_IR
GLYMA_16G063400,GLYMA_16G063400.intron2,GLYMA_16G063400|16:6238338-6238695:-,16,6238338,6238695,-,KRH07041,1,yes,FLEP-seq;Iso-seq;ONT;ONT cDNA-seq,55,11,46,66,0.833333333333333,0.836363636363636,Glycine_max,high_confidence_IR
GLYMA_16G064900,GLYMA_16G064900.intron1,GLYMA_16G064900|16:6400514-6400648:-,16,6400514,6400648,-,KRH07060,1,no,FLEP-seq;Iso-seq;ONT;ONT cDNA-seq,29,77,29,106,0.273584905660377,1,Glycine_max,high_confidence_IR
GLYMA_16G065400,GLYMA_16G065400.intron1,GLYMA_16G065400|16:6461644-6461778:-,16,6461644,6461778,-,KRH07065,1,no,FLEP-seq;Iso-seq;ONT;ONT cDNA-seq,10,39,10,49,0.204081632653061,1,Glycine_max,high_confidence_IR
GLYMA_16G067600,GLYMA_16G067600.intron1,GLYMA_16G067600|16:6688503-6688595:-,16,6688503,6688595,-,KRH07091,1,no,FLEP-seq;Iso-seq;ONT;ONT cDNA-seq,22,58,22,80,0.275,1,Glycine_max,high_confidence_IR
GLYMA_16G073500,GLYMA_16G073500.intron2,GLYMA_16G073500|16:7415186-7416003:+,16,7415186,7416003,+,KRH07193,1,no,FLEP-seq;Iso-seq;ONT;ONT cDNA-seq,39,128,30,167,0.233532934131737,0.769230769230769,Glycine_max,high_confidence_IR
GLYMA_16G081500,GLYMA_16G081500.intron1,GLYMA_16G081500|16:8792300-8792388:-,16,8792300,8792388,-,KRH07325,1,no,FLEP-seq;Iso-seq;ONT;ONT cDNA-seq,34,55,34,89,0.382022471910112,1,Glycine_max,high_confidence_IR
GLYMA_16G088400,GLYMA_16G088400.intron1,GLYMA_16G088400|16:11226925-11228682:+,16,11226925,11228682,+,KRH07429,1,no,FLEP-seq;Iso-seq;ONT;ONT cDNA-seq,896,850,896,1746,0.513172966781214,1,Glycine_max,high_confidence_IR
GLYMA_16G090000,GLYMA_16G090000.intron2,GLYMA_16G090000|16:12382060-12382143:+,16,12382060,12382143,+,KRH07451,1,yes,FLEP-seq;Iso-seq;ONT;ONT cDNA-seq,572,8,421,580,0.986206896551724,0.736013986013986,Glycine_max,high_confidence_IR
GLYMA_16G091200,GLYMA_16G091200.intron4,GLYMA_16G091200|16:14040770-14047174:-,16,14040770,14047174,-,KRH07463;KRH07464,2,yes,FLEP-seq;Iso-seq;ONT;ONT cDNA-seq,1112,146,954,1258,0.883942766295707,0.857913669064748,Glycine_max,high_confidence_IR
GLYMA_16G101900,GLYMA_16G101900.intron1,GLYMA_16G101900|16:20520993-20521111:-,16,20520993,20521111,-,KRH07656,1,no,FLEP-seq;Iso-seq;ONT;ONT cDNA-seq,12,8,12,20,0.6,1,Glycine_max,high_confidence_IR
GLYMA_16G103400,GLYMA_16G103400.intron1,GLYMA_16G103400|16:20921860-20924752:+,16,20921860,20924752,+,KRH07673,1,yes,FLEP-seq;Iso-seq;ONT;ONT cDNA-seq,136,245,101,381,0.356955380577428,0.742647058823529,Glycine_max,high_confidence_IR
GLYMA_16G109300,GLYMA_16G109300.intron4,GLYMA_16G109300|16:23420723-23420845:-,16,23420723,23420845,-,KRH07768,1,yes,FLEP-seq;Iso-seq;ONT;ONT cDNA-seq,134,407,101,541,0.247689463955638,0.753731343283582,Glycine_max,high_confidence_IR
GLYMA_16G111800,GLYMA_16G111800.intron2,GLYMA_16G111800|16:24728103-24729401:-,16,24728103,24729401,-,KRH07805,1,no,FLEP-seq;Iso-seq;ONT;ONT cDNA-seq,5,16,4,21,0.238095238095238,0.8,Glycine_max,high_confidence_IR
GLYMA_16G116300,GLYMA_16G116300.intron5,GLYMA_16G116300|16:25905955-25906221:-,16,25905955,25906221,-,KRH07881,1,yes,FLEP-seq;Iso-seq;ONT;ONT cDNA-seq,10302,39,9151,10341,0.996228604583696,0.8882741215298,Glycine_max,high_confidence_IR
GLYMA_16G117900,GLYMA_16G117900.intron1,GLYMA_16G117900|16:26317326-26317799:-,16,26317326,26317799,-,KRH07908,1,no,FLEP-seq;Iso-seq;ONT;ONT cDNA-seq,223,125,223,348,0.640804597701149,1,Glycine_max,high_confidence_IR
GLYMA_16G118000,GLYMA_16G118000.intron1,GLYMA_16G118000|16:26321369-26321454:-,16,26321369,26321454,-,KRH07909,1,no,FLEP-seq;Iso-seq;ONT;ONT cDNA-seq,249,5,243,254,0.980314960629921,0.975903614457831,Glycine_max,high_confidence_IR
GLYMA_16G121800,GLYMA_16G121800.intron1,GLYMA_16G121800|16:27019702-27019793:+,16,27019702,27019793,+,KRH07977,1,no,FLEP-seq;Iso-seq;ONT;ONT cDNA-seq,21,7,21,28,0.75,1,Glycine_max,high_confidence_IR
GLYMA_16G123000,GLYMA_16G123000.intron3,GLYMA_16G123000|16:27218231-27218851:+,16,27218231,27218851,+,KRH07998,1,yes,FLEP-seq;Iso-seq;ONT;ONT cDNA-seq,1027,18,943,1045,0.982775119617225,0.918208373904576,Glycine_max,high_confidence_IR
GLYMA_16G127800,GLYMA_16G127800.intron1,GLYMA_16G127800|16:27984661-27985167:+,16,27984661,27985167,+,KRH08067,1,no,FLEP-seq;Iso-seq;ONT;ONT cDNA-seq,205,55,205,260,0.788461538461538,1,Glycine_max,high_confidence_IR
GLYMA_16G130400,GLYMA_16G130400.intron1,GLYMA_16G130400|16:28392634-28392705:-,16,28392634,28392705,-,KRH08102,1,no,FLEP-seq;Iso-seq;ONT;ONT cDNA-seq,84,32,84,116,0.724137931034483,1,Glycine_max,high_confidence_IR
GLYMA_16G132500,GLYMA_16G132500.intron2,GLYMA_16G132500|16:28903223-28904552:+,16,28903223,28904552,+,KRH08142,1,yes,FLEP-seq;Iso-seq;ONT;ONT cDNA-seq,538,112,446,650,0.827692307692308,0.828996282527881,Glycine_max,high_confidence_IR
GLYMA_16G138300,GLYMA_16G138300.intron5,GLYMA_16G138300|16:29533360-29533483:-,16,29533360,29533483,-,KRH08251;KRH08252;KRH08253;KRH08254,4,yes,FLEP-seq;Iso-seq;ONT;ONT cDNA-seq,462,242,331,704,0.65625,0.716450216450216,Glycine_max,high_confidence_IR
GLYMA_16G140200,GLYMA_16G140200.intron9,GLYMA_16G140200|16:29759028-29759466:-,16,29759028,29759466,-,KRH08283,1,yes,FLEP-seq;Iso-seq;ONT;ONT cDNA-seq,1551,5,1272,1556,0.996786632390745,0.820116054158607,Glycine_max,high_confidence_IR
GLYMA_16G142100,GLYMA_16G142100.intron1,GLYMA_16G142100|16:30045773-30048862:+,16,30045773,30048862,+,KRH08320,1,no,FLEP-seq;Iso-seq;ONT;ONT cDNA-seq,375,681,375,1056,0.355113636363636,1,Glycine_max,high_confidence_IR
GLYMA_16G145300,GLYMA_16G145300.intron4,GLYMA_16G145300|16:30605826-30605926:+,16,30605826,30605926,+,KRH08378,1,yes,FLEP-seq;Iso-seq;ONT;ONT cDNA-seq,2721,9,2213,2730,0.996703296703297,0.813303932377802,Glycine_max,high_confidence_IR
GLYMA_16G147800,GLYMA_16G147800.intron9,GLYMA_16G147800|16:30862271-30862342:+,16,30862271,30862342,+,KRH08413;KRH08414;KRH08415,3,no,FLEP-seq;Iso-seq;ONT;ONT cDNA-seq,625,588,477,1213,0.51525144270404,0.7632,Glycine_max,high_confidence_IR
GLYMA_16G148000,GLYMA_16G148000.intron1,GLYMA_16G148000|16:30874503-30874593:-,16,30874503,30874593,-,KRH08420,1,no,FLEP-seq;Iso-seq;ONT;ONT cDNA-seq,7,22,7,29,0.241379310344828,1,Glycine_max,high_confidence_IR
GLYMA_16G149000,GLYMA_16G149000.intron1,GLYMA_16G149000|16:30969051-30969821:+,16,30969051,30969821,+,KRH08430,1,no,FLEP-seq;Iso-seq;ONT;ONT cDNA-seq,24,48,23,72,0.333333333333333,0.958333333333333,Glycine_max,high_confidence_IR
GLYMA_16G151500,GLYMA_16G151500.intron2,GLYMA_16G151500|16:31199824-31200435:+,16,31199824,31200435,+,KRH08465,1,no,FLEP-seq;Iso-seq;ONT;ONT cDNA-seq,30,37,23,67,0.447761194029851,0.766666666666667,Glycine_max,high_confidence_IR
GLYMA_16G156300,GLYMA_16G156300.intron4,GLYMA_16G156300|16:31649377-31649466:+,16,31649377,31649466,+,KRH08550,1,yes,FLEP-seq;Iso-seq;ONT;ONT cDNA-seq,165,8,140,173,0.953757225433526,0.848484848484849,Glycine_max,high_confidence_IR
GLYMA_16G159300,GLYMA_16G159300.intron1,GLYMA_16G159300|16:31906067-31906242:+,16,31906067,31906242,+,KRH08588,1,no,FLEP-seq;Iso-seq;ONT;ONT cDNA-seq,147,13,109,160,0.91875,0.741496598639456,Glycine_max,high_confidence_IR
GLYMA_16G163500,GLYMA_16G163500.intron1,GLYMA_16G163500|16:32259818-32259974:-,16,32259818,32259974,-,KRH08643,1,no,FLEP-seq;Iso-seq;ONT;ONT cDNA-seq,625,7,570,632,0.988924050632911,0.912,Glycine_max,high_confidence_IR
GLYMA_16G164400,GLYMA_16G164400.intron3,GLYMA_16G164400|16:32321321-32323050:-,16,32321321,32323050,-,KRH08652,1,yes,FLEP-seq;Iso-seq;ONT;ONT cDNA-seq,6188,6,6098,6194,0.99903132063287,0.985455720749838,Glycine_max,high_confidence_IR
GLYMA_16G165300,GLYMA_16G165300.intron3,GLYMA_16G165300|16:32447760-32447986:-,16,32447760,32447986,-,KRH08670,1,no,FLEP-seq;Iso-seq;ONT;ONT cDNA-seq,14,7,10,21,0.666666666666667,0.714285714285714,Glycine_max,high_confidence_IR
GLYMA_16G166500,GLYMA_16G166500.intron2,GLYMA_16G166500|16:32582453-32584436:+,16,32582453,32584436,+,KRH08686,1,yes,FLEP-seq;Iso-seq;ONT;ONT cDNA-seq,184,16,136,200,0.92,0.739130434782609,Glycine_max,high_confidence_IR
GLYMA_16G167600,GLYMA_16G167600.intron1,GLYMA_16G167600|16:32733445-32734476:-,16,32733445,32734476,-,KRH08699,1,no,FLEP-seq;Iso-seq;ONT;ONT cDNA-seq,413,1109,413,1522,0.271353482260184,1,Glycine_max,high_confidence_IR
GLYMA_16G169700,GLYMA_16G169700.intron1,GLYMA_16G169700|16:32973528-32975150:+,16,32973528,32975150,+,KRH08727,1,no,FLEP-seq;Iso-seq;ONT;ONT cDNA-seq,122,31,122,153,0.797385620915033,1,Glycine_max,high_confidence_IR
GLYMA_16G170200,GLYMA_16G170200.intron1,GLYMA_16G170200|16:33048597-33050874:-,16,33048597,33050874,-,KRH08732,1,no,FLEP-seq;Iso-seq;ONT;ONT cDNA-seq,100,343,84,443,0.225733634311512,0.84,Glycine_max,high_confidence_IR
GLYMA_16G171400,GLYMA_16G171400.intron1,GLYMA_16G171400|16:33189731-33189934:+,16,33189731,33189934,+,KRH08745,1,no,FLEP-seq;Iso-seq;ONT;ONT cDNA-seq,54,41,54,95,0.568421052631579,1,Glycine_max,high_confidence_IR
GLYMA_16G176600,GLYMA_16G176600.intron1,GLYMA_16G176600|16:33785829-33786563:+,16,33785829,33786563,+,KRH08821,1,no,FLEP-seq;Iso-seq;ONT;ONT cDNA-seq,71,18,71,89,0.797752808988764,1,Glycine_max,high_confidence_IR
GLYMA_16G178900,GLYMA_16G178900.intron9,GLYMA_16G178900|16:33958404-33959614:+,16,33958404,33959614,+,KRH08860,1,yes,FLEP-seq;Iso-seq;ONT;ONT cDNA-seq,639,83,463,722,0.885041551246537,0.724569640062598,Glycine_max,high_confidence_IR
GLYMA_16G179300,GLYMA_16G179300.intron1,GLYMA_16G179300|16:33994336-33994524:+,16,33994336,33994524,+,KRH08864;KRH08865,2,yes,FLEP-seq;Iso-seq;ONT;ONT cDNA-seq,754,14,754,768,0.981770833333333,1,Glycine_max,high_confidence_IR
GLYMA_16G179700,GLYMA_16G179700.intron3,GLYMA_16G179700|16:34019237-34019310:+,16,34019237,34019310,+,KRH08878,1,no,FLEP-seq;Iso-seq;ONT;ONT cDNA-seq,68,62,63,130,0.523076923076923,0.926470588235294,Glycine_max,high_confidence_IR
GLYMA_16G186100,GLYMA_16G186100.intron1,GLYMA_16G186100|16:34772002-34772799:-,16,34772002,34772799,-,KRH08982,1,no,FLEP-seq;Iso-seq;ONT;ONT cDNA-seq,206,33,145,239,0.861924686192469,0.703883495145631,Glycine_max,high_confidence_IR
GLYMA_16G195400,GLYMA_16G195400.intron4,GLYMA_16G195400|16:35710624-35711762:+,16,35710624,35711762,+,KRH09090;KRH09091,2,yes,FLEP-seq;Iso-seq;ONT;ONT cDNA-seq,1111,907,960,2018,0.550545094152626,0.864086408640864,Glycine_max,high_confidence_IR
GLYMA_16G197500,GLYMA_16G197500.intron1,GLYMA_16G197500|16:35879525-35880193:+,16,35879525,35880193,+,KRH09120,1,no,FLEP-seq;Iso-seq;ONT;ONT cDNA-seq,50,149,40,199,0.251256281407035,0.8,Glycine_max,high_confidence_IR
GLYMA_16G198600,GLYMA_16G198600.intron3,GLYMA_16G198600|16:35959713-35959947:+,16,35959713,35959947,+,KRH09140,1,yes,FLEP-seq;Iso-seq;ONT;ONT cDNA-seq,2197,147,1852,2344,0.937286689419795,0.84296768320437,Glycine_max,high_confidence_IR
GLYMA_16G200200,GLYMA_16G200200.intron12,GLYMA_16G200200|16:36133713-36133794:+,16,36133713,36133794,+,KRH09159,1,yes,FLEP-seq;Iso-seq;ONT;ONT cDNA-seq,430,13,340,443,0.970654627539503,0.790697674418605,Glycine_max,high_confidence_IR
GLYMA_16G200500,GLYMA_16G200500.intron6,GLYMA_16G200500|16:36164500-36165569:-,16,36164500,36165569,-,KRH09163;KRH09164,2,yes,FLEP-seq;Iso-seq;ONT;ONT cDNA-seq,979,71,730,1050,0.932380952380952,0.745658835546476,Glycine_max,high_confidence_IR
GLYMA_16G204200,GLYMA_16G204200.intron1,GLYMA_16G204200|16:36522742-36522834:-,16,36522742,36522834,-,KRH09225,1,yes,FLEP-seq;Iso-seq;ONT;ONT cDNA-seq,65,10,65,75,0.866666666666667,1,Glycine_max,high_confidence_IR
GLYMA_16G204400,GLYMA_16G204400.intron1,GLYMA_16G204400|16:36534423-36536260:+,16,36534423,36536260,+,KRH09229,1,no,FLEP-seq;Iso-seq;ONT;ONT cDNA-seq,373,8,324,381,0.979002624671916,0.868632707774799,Glycine_max,high_confidence_IR
GLYMA_16G209500,GLYMA_16G209500.intron2,GLYMA_16G209500|16:36886467-36890113:+,16,36886467,36890113,+,KRH09313,1,yes,FLEP-seq;Iso-seq;ONT;ONT cDNA-seq,34,45,28,79,0.430379746835443,0.823529411764706,Glycine_max,high_confidence_IR
GLYMA_16G214900,GLYMA_16G214900.intron1,GLYMA_16G214900|16:37246805-37246999:-,16,37246805,37246999,-,KRH09421;KRH09422;KRH09423;KRH09426,4,yes,FLEP-seq;Iso-seq;ONT;ONT cDNA-seq,40,83,35,123,0.32520325203252,0.875,Glycine_max,high_confidence_IR
GLYMA_16G217200,GLYMA_16G217200.intron13,GLYMA_16G217200|16:37415182-37415352:-,16,37415182,37415352,-,KRH09470,1,yes,FLEP-seq;Iso-seq;ONT;ONT cDNA-seq,22,81,18,103,0.213592233009709,0.818181818181818,Glycine_max,high_confidence_IR
GLYMA_17G009100,GLYMA_17G009100.intron4,GLYMA_17G009100|17:741700-742563:+,17,741700,742563,+,KRH02001,1,yes,FLEP-seq;Iso-seq;ONT;ONT cDNA-seq,3321,55,3023,3376,0.983708530805687,0.910267991568805,Glycine_max,high_confidence_IR
GLYMA_17G010900,GLYMA_17G010900.intron2,GLYMA_17G010900|17:884543-884620:-,17,884543,884620,-,KRH02028,1,no,FLEP-seq;Iso-seq;ONT;ONT cDNA-seq,8,7,6,15,0.533333333333333,0.75,Glycine_max,high_confidence_IR
GLYMA_17G012400,GLYMA_17G012400.intron2,GLYMA_17G012400|17:961938-962024:-,17,961938,962024,-,KRH02050,1,no,FLEP-seq;Iso-seq;ONT;ONT cDNA-seq,99,151,95,250,0.396,0.95959595959596,Glycine_max,high_confidence_IR
GLYMA_17G015900,GLYMA_17G015900.intron2,GLYMA_17G015900|17:1186590-1186964:-,17,1186590,1186964,-,KRH02100,1,yes,FLEP-seq;Iso-seq;ONT;ONT cDNA-seq,198,144,142,342,0.578947368421053,0.717171717171717,Glycine_max,high_confidence_IR
GLYMA_17G018700,GLYMA_17G018700.intron1,GLYMA_17G018700|17:1401917-1402067:+,17,1401917,1402067,+,KRH02139,1,no,FLEP-seq;Iso-seq;ONT;ONT cDNA-seq,91,89,91,180,0.505555555555556,1,Glycine_max,high_confidence_IR
GLYMA_17G020000,GLYMA_17G020000.intron1,GLYMA_17G020000|17:1493000-1493134:+,17,1493000,1493134,+,KRH02154,1,no,FLEP-seq;Iso-seq;ONT;ONT cDNA-seq,69,155,69,224,0.308035714285714,1,Glycine_max,high_confidence_IR
GLYMA_17G020700,GLYMA_17G020700.intron1,GLYMA_17G020700|17:1534997-1535080:+,17,1534997,1535080,+,KRH02162,1,no,FLEP-seq;Iso-seq;ONT;ONT cDNA-seq,371,734,271,1105,0.335746606334842,0.730458221024259,Glycine_max,high_confidence_IR
GLYMA_17G021700,GLYMA_17G021700.intron5,GLYMA_17G021700|17:1585671-1588438:+,17,1585671,1588438,+,KRH02172,1,no,FLEP-seq;Iso-seq;ONT;ONT cDNA-seq,836,2260,729,3096,0.270025839793282,0.87200956937799,Glycine_max,high_confidence_IR
GLYMA_17G026100,GLYMA_17G026100.intron2,GLYMA_17G026100|17:1922737-1922840:-,17,1922737,1922840,-,KRH02249,1,no,FLEP-seq;Iso-seq;ONT;ONT cDNA-seq,283,282,221,565,0.500884955752212,0.780918727915194,Glycine_max,high_confidence_IR
GLYMA_17G029900,GLYMA_17G029900.intron1,GLYMA_17G029900|17:2201996-2202112:-,17,2201996,2202112,-,KRH02304,1,no,FLEP-seq;Iso-seq;ONT;ONT cDNA-seq,15,36,13,51,0.294117647058824,0.866666666666667,Glycine_max,high_confidence_IR
GLYMA_17G034500,GLYMA_17G034500.intron1,GLYMA_17G034500|17:2519168-2519807:+,17,2519168,2519807,+,KRH02370,1,no,FLEP-seq;Iso-seq;ONT;ONT cDNA-seq,140,359,127,499,0.280561122244489,0.907142857142857,Glycine_max,high_confidence_IR
GLYMA_17G035700,GLYMA_17G035700.intron1,GLYMA_17G035700|17:2625490-2625743:+,17,2625490,2625743,+,KRH02387,1,yes,FLEP-seq;Iso-seq;ONT;ONT cDNA-seq,764,770,665,1534,0.498044328552803,0.870418848167539,Glycine_max,high_confidence_IR
GLYMA_17G038200,GLYMA_17G038200.intron1,GLYMA_17G038200|17:2821254-2821496:+,17,2821254,2821496,+,KRH02427,1,no,FLEP-seq;Iso-seq;ONT;ONT cDNA-seq,243,111,243,354,0.686440677966102,1,Glycine_max,high_confidence_IR
GLYMA_17G043600,GLYMA_17G043600.intron1,GLYMA_17G043600|17:3236995-3237970:+,17,3236995,3237970,+,KRH02519;KRH02520;KRH02521;KRH02522,4,no,FLEP-seq;Iso-seq;ONT;ONT cDNA-seq,158,157,132,315,0.501587301587302,0.835443037974684,Glycine_max,high_confidence_IR
GLYMA_17G045500,GLYMA_17G045500.intron2,GLYMA_17G045500|17:3381390-3381477:-,17,3381390,3381477,-,KRH02552,1,yes,FLEP-seq;Iso-seq;ONT;ONT cDNA-seq,7337,14,6702,7351,0.998095497211264,0.913452364726728,Glycine_max,high_confidence_IR
GLYMA_17G048400,GLYMA_17G048400.intron3,GLYMA_17G048400|17:3669927-3670017:+,17,3669927,3670017,+,KRH02598,1,no,FLEP-seq;Iso-seq;ONT;ONT cDNA-seq,8,27,6,35,0.228571428571429,0.75,Glycine_max,high_confidence_IR
GLYMA_17G048500,GLYMA_17G048500.intron2,GLYMA_17G048500|17:3672937-3673056:-,17,3672937,3673056,-,KRH02599,1,no,FLEP-seq;Iso-seq;ONT;ONT cDNA-seq,168,18,156,186,0.903225806451613,0.928571428571429,Glycine_max,high_confidence_IR
GLYMA_17G051400,GLYMA_17G051400.intron2,GLYMA_17G051400|17:3907155-3907420:+,17,3907155,3907420,+,KRH02651;KRH02652,2,yes,FLEP-seq;Iso-seq;ONT;ONT cDNA-seq,539,15,524,554,0.972924187725632,0.972170686456401,Glycine_max,high_confidence_IR
GLYMA_17G055100,GLYMA_17G055100.intron3,GLYMA_17G055100|17:4189193-4189317:-,17,4189193,4189317,-,KRH02715,1,yes,FLEP-seq;Iso-seq;ONT;ONT cDNA-seq,86,28,66,114,0.754385964912281,0.767441860465116,Glycine_max,high_confidence_IR
GLYMA_17G055600,GLYMA_17G055600.intron1,GLYMA_17G055600|17:4224115-4224190:-,17,4224115,4224190,-,KRH02722,1,no,FLEP-seq;Iso-seq;ONT;ONT cDNA-seq,5,5,5,10,0.5,1,Glycine_max,high_confidence_IR
GLYMA_17G056400,GLYMA_17G056400.intron2,GLYMA_17G056400|17:4283331-4283511:+,17,4283331,4283511,+,KRH02733,1,yes,FLEP-seq;Iso-seq;ONT;ONT cDNA-seq,302,60,273,362,0.834254143646409,0.903973509933775,Glycine_max,high_confidence_IR
GLYMA_17G056700,GLYMA_17G056700.intron4,GLYMA_17G056700|17:4299375-4299454:+,17,4299375,4299454,+,KRH02739,1,no,FLEP-seq;Iso-seq;ONT;ONT cDNA-seq,107,400,79,507,0.211045364891519,0.738317757009346,Glycine_max,high_confidence_IR
GLYMA_17G059200,GLYMA_17G059200.intron1,GLYMA_17G059200|17:4497861-4497943:-,17,4497861,4497943,-,KRH02781,1,no,FLEP-seq;Iso-seq;ONT;ONT cDNA-seq,22,43,17,65,0.338461538461538,0.772727272727273,Glycine_max,high_confidence_IR
GLYMA_17G061900,GLYMA_17G061900.intron11,GLYMA_17G061900|17:4730430-4730546:-,17,4730430,4730546,-,KRH02847,1,yes,FLEP-seq;Iso-seq;ONT;ONT cDNA-seq,464,7,345,471,0.985138004246285,0.743534482758621,Glycine_max,high_confidence_IR
GLYMA_17G067200,GLYMA_17G067200.intron3,GLYMA_17G067200|17:5204678-5204929:+,17,5204678,5204929,+,KRH02923,1,no,FLEP-seq;Iso-seq;ONT;ONT cDNA-seq,139,402,107,541,0.256931608133087,0.76978417266187,Glycine_max,high_confidence_IR
GLYMA_17G068500,GLYMA_17G068500.intron1,GLYMA_17G068500|17:5349144-5349342:+,17,5349144,5349342,+,KRH02949,1,no,FLEP-seq;Iso-seq;ONT;ONT cDNA-seq,123,133,114,256,0.48046875,0.926829268292683,Glycine_max,high_confidence_IR
GLYMA_17G068700,GLYMA_17G068700.intron2,GLYMA_17G068700|17:5358857-5359112:-,17,5358857,5359112,-,KRH02951,1,yes,FLEP-seq;Iso-seq;ONT;ONT cDNA-seq,153,11,115,164,0.932926829268293,0.751633986928105,Glycine_max,high_confidence_IR
GLYMA_17G068800,GLYMA_17G068800.intron1,GLYMA_17G068800|17:5368153-5368310:-,17,5368153,5368310,-,KRH02953,1,yes,FLEP-seq;Iso-seq;ONT;ONT cDNA-seq,215,97,215,312,0.689102564102564,1,Glycine_max,high_confidence_IR
GLYMA_17G069200,GLYMA_17G069200.intron4,GLYMA_17G069200|17:5429945-5430261:+,17,5429945,5430261,+,RCW18911,1,no,FLEP-seq;Iso-seq;ONT;ONT cDNA-seq,2938,16,2554,2954,0.994583615436696,0.86929884275017,Glycine_max,high_confidence_IR
GLYMA_17G072300,GLYMA_17G072300.intron5,GLYMA_17G072300|17:5657509-5658185:-,17,5657509,5658185,-,KRH03027,1,yes,FLEP-seq;Iso-seq;ONT;ONT cDNA-seq,2081,17,1704,2098,0.991897044804576,0.818837097549255,Glycine_max,high_confidence_IR
GLYMA_17G072600,GLYMA_17G072600.intron1,GLYMA_17G072600|17:5675951-5676034:+,17,5675951,5676034,+,KRH03031,1,no,FLEP-seq;Iso-seq;ONT;ONT cDNA-seq,30,19,21,49,0.612244897959184,0.7,Glycine_max,high_confidence_IR
GLYMA_17G074200,GLYMA_17G074200.intron8,GLYMA_17G074200|17:5808053-5808803:-,17,5808053,5808803,-,KRH03059,1,yes,FLEP-seq;Iso-seq;ONT;ONT cDNA-seq,1113,128,869,1241,0.896857373086221,0.780772686433064,Glycine_max,high_confidence_IR
GLYMA_17G075000,GLYMA_17G075000.intron1,GLYMA_17G075000|17:5885921-5886032:-,17,5885921,5886032,-,KRH03070,1,no,FLEP-seq;Iso-seq;ONT;ONT cDNA-seq,28,22,28,50,0.56,1,Glycine_max,high_confidence_IR
GLYMA_17G075700,GLYMA_17G075700.intron9,GLYMA_17G075700|17:5928298-5928466:-,17,5928298,5928466,-,KRH03081,1,no,FLEP-seq;Iso-seq;ONT;ONT cDNA-seq,32,9,26,41,0.780487804878049,0.8125,Glycine_max,high_confidence_IR
GLYMA_17G078900,GLYMA_17G078900.intron2,GLYMA_17G078900|17:6142456-6142643:-,17,6142456,6142643,-,KRH03139,1,no,FLEP-seq;Iso-seq;ONT;ONT cDNA-seq,221,670,163,891,0.248035914702581,0.737556561085973,Glycine_max,high_confidence_IR
GLYMA_17G079800,GLYMA_17G079800.intron1,GLYMA_17G079800|17:6176090-6176186:-,17,6176090,6176186,-,KRH03149,1,no,FLEP-seq;Iso-seq;ONT;ONT cDNA-seq,7,9,7,16,0.4375,1,Glycine_max,high_confidence_IR
GLYMA_17G084300,GLYMA_17G084300.intron2,GLYMA_17G084300|17:6522976-6523078:-,17,6522976,6523078,-,KRH03215,1,yes,FLEP-seq;Iso-seq;ONT;ONT cDNA-seq,1237,24,1151,1261,0.980967486122125,0.930476960388036,Glycine_max,high_confidence_IR
GLYMA_17G088900,GLYMA_17G088900.intron3,GLYMA_17G088900|17:6902952-6903981:+,17,6902952,6903981,+,KRH03284,1,yes,FLEP-seq;Iso-seq;ONT;ONT cDNA-seq,6395,165,6157,6560,0.97484756097561,0.96278342455043,Glycine_max,high_confidence_IR
GLYMA_17G092200,GLYMA_17G092200.intron1,GLYMA_17G092200|17:7171838-7171910:-,17,7171838,7171910,-,KRH03341,1,yes,FLEP-seq;Iso-seq;ONT;ONT cDNA-seq,1710,92,1710,1802,0.948945615982242,1,Glycine_max,high_confidence_IR
GLYMA_17G092800,GLYMA_17G092800.intron2,GLYMA_17G092800|17:7254861-7255015:-,17,7254861,7255015,-,KRH03354,1,yes,FLEP-seq;Iso-seq;ONT;ONT cDNA-seq,669,34,594,703,0.951635846372688,0.887892376681614,Glycine_max,high_confidence_IR
GLYMA_17G101800,GLYMA_17G101800.intron4,GLYMA_17G101800|17:7998982-8000496:-,17,7998982,8000496,-,KRH03504,1,yes,FLEP-seq;Iso-seq;ONT;ONT cDNA-seq,1177,601,1107,1778,0.661979752530934,0.940526762956669,Glycine_max,high_confidence_IR
GLYMA_17G104800,GLYMA_17G104800.intron6,GLYMA_17G104800|17:8244132-8245175:+,17,8244132,8245175,+,KRH03554,1,yes,FLEP-seq;Iso-seq;ONT;ONT cDNA-seq,1039,2436,889,3475,0.298992805755396,0.85563041385948,Glycine_max,high_confidence_IR
GLYMA_17G105300,GLYMA_17G105300.intron1,GLYMA_17G105300|17:8270165-8270246:+,17,8270165,8270246,+,KRH03562,1,no,FLEP-seq;Iso-seq;ONT;ONT cDNA-seq,2064,7753,2064,9817,0.210247529795253,1,Glycine_max,high_confidence_IR
GLYMA_17G107300,GLYMA_17G107300.intron1,GLYMA_17G107300|17:8424845-8424925:+,17,8424845,8424925,+,KRH03588,1,yes,FLEP-seq;Iso-seq;ONT;ONT cDNA-seq,134,5,125,139,0.964028776978417,0.932835820895522,Glycine_max,high_confidence_IR
GLYMA_17G107400,GLYMA_17G107400.intron14,GLYMA_17G107400|17:8429535-8431160:-,17,8429535,8431160,-,KRH03589,1,yes,FLEP-seq;Iso-seq;ONT;ONT cDNA-seq,900,13,658,913,0.985761226725082,0.731111111111111,Glycine_max,high_confidence_IR
GLYMA_17G109100,GLYMA_17G109100.intron2,GLYMA_17G109100|17:8548458-8550651:+,17,8548458,8550651,+,KRH03615,1,no,FLEP-seq;Iso-seq;ONT;ONT cDNA-seq,219,252,206,471,0.464968152866242,0.940639269406393,Glycine_max,high_confidence_IR
GLYMA_17G109400,GLYMA_17G109400.intron8,GLYMA_17G109400|17:8571753-8571961:+,17,8571753,8571961,+,KRH03622,1,yes,FLEP-seq;Iso-seq;ONT;ONT cDNA-seq,11095,67,8142,11162,0.99399749148898,0.733844073907165,Glycine_max,high_confidence_IR
GLYMA_17G114000,GLYMA_17G114000.intron2,GLYMA_17G114000|17:9035605-9036038:-,17,9035605,9036038,-,KRH03690,1,no,FLEP-seq;Iso-seq;ONT;ONT cDNA-seq,294,857,208,1151,0.255430060816681,0.707482993197279,Glycine_max,high_confidence_IR
GLYMA_17G115700,GLYMA_17G115700.intron3,GLYMA_17G115700|17:9148996-9149139:-,17,9148996,9149139,-,KRH03709,1,no,FLEP-seq;Iso-seq;ONT;ONT cDNA-seq,69,149,64,218,0.31651376146789,0.927536231884058,Glycine_max,high_confidence_IR
GLYMA_17G118000,GLYMA_17G118000.intron2,GLYMA_17G118000|17:9292542-9293374:+,17,9292542,9293374,+,KRH03739;KRH03740,2,yes,FLEP-seq;Iso-seq;ONT;ONT cDNA-seq,72,19,69,91,0.791208791208791,0.958333333333333,Glycine_max,high_confidence_IR
GLYMA_17G124600,GLYMA_17G124600.intron1,GLYMA_17G124600|17:9944460-9944983:+,17,9944460,9944983,+,KRH03859,1,no,FLEP-seq;Iso-seq;ONT;ONT cDNA-seq,71,21,71,92,0.771739130434783,1,Glycine_max,high_confidence_IR
GLYMA_17G126300,GLYMA_17G126300.intron1,GLYMA_17G126300|17:10060116-10060503:+,17,10060116,10060503,+,KRH03890,1,yes,FLEP-seq;Iso-seq;ONT;ONT cDNA-seq,18,21,14,39,0.461538461538462,0.777777777777778,Glycine_max,high_confidence_IR
GLYMA_17G127700,GLYMA_17G127700.intron2,GLYMA_17G127700|17:10207887-10208131:+,17,10207887,10208131,+,KRH03912,1,no,FLEP-seq;Iso-seq;ONT;ONT cDNA-seq,19,65,14,84,0.226190476190476,0.736842105263158,Glycine_max,high_confidence_IR
GLYMA_17G132700,GLYMA_17G132700.intron2,GLYMA_17G132700|17:10685218-10690224:+,17,10685218,10690224,+,KRH03998,1,yes,FLEP-seq;Iso-seq;ONT;ONT cDNA-seq,335,848,259,1183,0.283178360101437,0.773134328358209,Glycine_max,high_confidence_IR
GLYMA_17G134700,GLYMA_17G134700.intron6,GLYMA_17G134700|17:10845984-10846726:+,17,10845984,10846726,+,KRH04021,1,yes,FLEP-seq;Iso-seq;ONT;ONT cDNA-seq,1433,59,1058,1492,0.960455764075067,0.73831123517097,Glycine_max,high_confidence_IR
GLYMA_17G135000,GLYMA_17G135000.intron1,GLYMA_17G135000|17:10861739-10862595:+,17,10861739,10862595,+,KRH04024,1,no,FLEP-seq;Iso-seq;ONT;ONT cDNA-seq,67,178,61,245,0.273469387755102,0.91044776119403,Glycine_max,high_confidence_IR
GLYMA_17G135900,GLYMA_17G135900.intron1,GLYMA_17G135900|17:10963220-10963752:+,17,10963220,10963752,+,KRH04042,1,no,FLEP-seq;Iso-seq;ONT;ONT cDNA-seq,21,42,21,63,0.333333333333333,1,Glycine_max,high_confidence_IR
GLYMA_17G146700,GLYMA_17G146700.intron1,GLYMA_17G146700|17:12107165-12108446:+,17,12107165,12108446,+,KRH04212,1,yes,FLEP-seq;Iso-seq;ONT;ONT cDNA-seq,11,43,11,54,0.203703703703704,1,Glycine_max,high_confidence_IR
GLYMA_17G148700,GLYMA_17G148700.intron3,GLYMA_17G148700|17:12317341-12317743:-,17,12317341,12317743,-,KRH04238,1,no,FLEP-seq;Iso-seq;ONT;ONT cDNA-seq,5,12,4,17,0.294117647058824,0.8,Glycine_max,high_confidence_IR
GLYMA_17G153900,GLYMA_17G153900.intron1,GLYMA_17G153900|17:12921152-12921328:-,17,12921152,12921328,-,KRH04318,1,no,FLEP-seq;Iso-seq;ONT;ONT cDNA-seq,132,11,132,143,0.923076923076923,1,Glycine_max,high_confidence_IR
GLYMA_17G161100,GLYMA_17G161100.intron2,GLYMA_17G161100|17:14002195-14003053:-,17,14002195,14003053,-,KRH04428,1,yes,FLEP-seq;Iso-seq;ONT;ONT cDNA-seq,567,21,478,588,0.964285714285714,0.843033509700176,Glycine_max,high_confidence_IR
GLYMA_17G161900,GLYMA_17G161900.intron3,GLYMA_17G161900|17:14151780-14152094:-,17,14151780,14152094,-,KRH04449,1,yes,FLEP-seq;Iso-seq;ONT;ONT cDNA-seq,1016,34,837,1050,0.967619047619048,0.823818897637795,Glycine_max,high_confidence_IR
GLYMA_17G163200,GLYMA_17G163200.intron4,GLYMA_17G163200|17:14530026-14531976:-,17,14530026,14531976,-,KRH04464,1,yes,FLEP-seq;Iso-seq;ONT;ONT cDNA-seq,1363,14,1303,1377,0.989832970225127,0.955979457079971,Glycine_max,high_confidence_IR
GLYMA_17G163300,GLYMA_17G163300.intron1,GLYMA_17G163300|17:14586685-14587057:-,17,14586685,14587057,-,KRH04466,1,no,FLEP-seq;Iso-seq;ONT;ONT cDNA-seq,7,18,7,25,0.28,1,Glycine_max,high_confidence_IR
GLYMA_17G163400,GLYMA_17G163400.intron1,GLYMA_17G163400|17:14589152-14589347:+,17,14589152,14589347,+,KRH04467,1,no,FLEP-seq;Iso-seq;ONT;ONT cDNA-seq,301,1088,301,1389,0.216702663786897,1,Glycine_max,high_confidence_IR
GLYMA_17G163800,GLYMA_17G163800.intron3,GLYMA_17G163800|17:14623215-14623899:-,17,14623215,14623899,-,KRH04472,1,no,FLEP-seq;Iso-seq;ONT;ONT cDNA-seq,366,353,291,719,0.50904033379694,0.795081967213115,Glycine_max,high_confidence_IR
GLYMA_17G171000,GLYMA_17G171000.intron1,GLYMA_17G171000|17:16169663-16169789:-,17,16169663,16169789,-,KRH04577,1,no,FLEP-seq;Iso-seq;ONT;ONT cDNA-seq,48,51,48,99,0.484848484848485,1,Glycine_max,high_confidence_IR
GLYMA_17G171100,GLYMA_17G171100.intron5,GLYMA_17G171100|17:16173586-16174676:-,17,16173586,16174676,-,KRH04578,1,yes,FLEP-seq;Iso-seq;ONT;ONT cDNA-seq,11975,1364,11440,13339,0.897743459029912,0.955323590814196,Glycine_max,high_confidence_IR
GLYMA_17G185000,GLYMA_17G185000.intron2,GLYMA_17G185000|17:23533404-23533955:+,17,23533404,23533955,+,KRH04757,1,no,FLEP-seq;Iso-seq;ONT;ONT cDNA-seq,1455,3444,1279,4899,0.296999387630129,0.879037800687285,Glycine_max,high_confidence_IR
GLYMA_17G187600,GLYMA_17G187600.intron1,GLYMA_17G187600|17:24169682-24169717:+,17,24169682,24169717,+,KRH04800,1,yes,FLEP-seq;Iso-seq;ONT;ONT cDNA-seq,26873,15120,26873,41993,0.639939989998333,1,Glycine_max,high_confidence_IR
GLYMA_17G188500,GLYMA_17G188500.intron3,GLYMA_17G188500|17:24486806-24490844:-,17,24486806,24490844,-,KRH04811,1,yes,FLEP-seq;Iso-seq;ONT;ONT cDNA-seq,27,5,20,32,0.84375,0.740740740740741,Glycine_max,high_confidence_IR
GLYMA_17G189500,GLYMA_17G189500.intron2,GLYMA_17G189500|17:25968321-25969398:-,17,25968321,25969398,-,KRH04821,1,yes,FLEP-seq;Iso-seq;ONT;ONT cDNA-seq,510,559,391,1069,0.477081384471469,0.766666666666667,Glycine_max,high_confidence_IR
GLYMA_17G190600,GLYMA_17G190600.intron1,GLYMA_17G190600|17:26719585-26719677:+,17,26719585,26719677,+,KRH04834,1,no,FLEP-seq;Iso-seq;ONT;ONT cDNA-seq,10,10,10,20,0.5,1,Glycine_max,high_confidence_IR
GLYMA_17G192700,GLYMA_17G192700.intron6,GLYMA_17G192700|17:27919230-27926202:-,17,27919230,27926202,-,KRH04871;KRH04872,2,yes,FLEP-seq;Iso-seq;ONT;ONT cDNA-seq,1000,305,819,1305,0.766283524904215,0.819,Glycine_max,high_confidence_IR
GLYMA_17G194600,GLYMA_17G194600.intron1,GLYMA_17G194600|17:29227889-29235529:+,17,29227889,29235529,+,KRH04899,1,yes,FLEP-seq;Iso-seq;ONT;ONT cDNA-seq,13,17,11,30,0.433333333333333,0.846153846153846,Glycine_max,high_confidence_IR
GLYMA_17G197700,GLYMA_17G197700.intron1,GLYMA_17G197700|17:31249681-31250066:-,17,31249681,31250066,-,KRH04949,1,no,FLEP-seq;Iso-seq;ONT;ONT cDNA-seq,572,1368,572,1940,0.294845360824742,1,Glycine_max,high_confidence_IR
GLYMA_17G198800,GLYMA_17G198800.intron1,GLYMA_17G198800|17:31480908-31481024:-,17,31480908,31481024,-,KRH04963,1,no,FLEP-seq;Iso-seq;ONT;ONT cDNA-seq,1422,157,1400,1579,0.900569981000633,0.984528832630098,Glycine_max,high_confidence_IR
GLYMA_17G201600,GLYMA_17G201600.intron4,GLYMA_17G201600|17:32067113-32067467:+,17,32067113,32067467,+,KRH05008,1,yes,FLEP-seq;Iso-seq;ONT;ONT cDNA-seq,999,307,894,1306,0.764931087289433,0.894894894894895,Glycine_max,high_confidence_IR
GLYMA_17G203800,GLYMA_17G203800.intron1,GLYMA_17G203800|17:32606709-32606810:+,17,32606709,32606810,+,KRH05037,1,yes,FLEP-seq;Iso-seq;ONT;ONT cDNA-seq,39,13,33,52,0.75,0.846153846153846,Glycine_max,high_confidence_IR
GLYMA_17G205000,GLYMA_17G205000.intron6,GLYMA_17G205000|17:33317553-33318434:-,17,33317553,33318434,-,KRH05068,1,yes,FLEP-seq;Iso-seq;ONT;ONT cDNA-seq,801,129,633,930,0.861290322580645,0.790262172284644,Glycine_max,high_confidence_IR
GLYMA_17G208300,GLYMA_17G208300.intron1,GLYMA_17G208300|17:34163099-34163630:-,17,34163099,34163630,-,KRH05110,1,no,FLEP-seq;Iso-seq;ONT;ONT cDNA-seq,109,114,109,223,0.488789237668161,1,Glycine_max,high_confidence_IR
GLYMA_17G209200,GLYMA_17G209200.intron1,GLYMA_17G209200|17:34377260-34377345:+,17,34377260,34377345,+,KRH05129,1,no,FLEP-seq;Iso-seq;ONT;ONT cDNA-seq,1232,576,1232,1808,0.68141592920354,1,Glycine_max,high_confidence_IR
GLYMA_17G214700,GLYMA_17G214700.intron1,GLYMA_17G214700|17:36055912-36055999:+,17,36055912,36055999,+,KRH05233,1,no,FLEP-seq;Iso-seq;ONT;ONT cDNA-seq,30,116,30,146,0.205479452054795,1,Glycine_max,high_confidence_IR
GLYMA_17G215000,GLYMA_17G215000.intron1,GLYMA_17G215000|17:36083385-36083472:+,17,36083385,36083472,+,KRH05239,1,no,FLEP-seq;Iso-seq;ONT;ONT cDNA-seq,24,18,24,42,0.571428571428571,1,Glycine_max,high_confidence_IR
GLYMA_17G215800,GLYMA_17G215800.intron2,GLYMA_17G215800|17:36330854-36334004:+,17,36330854,36334004,+,KRH05251;KRH05252,2,yes,FLEP-seq;Iso-seq;ONT;ONT cDNA-seq,385,12,281,397,0.969773299748111,0.72987012987013,Glycine_max,high_confidence_IR
GLYMA_17G221800,GLYMA_17G221800.intron1,GLYMA_17G221800|17:37425177-37426182:-,17,37425177,37426182,-,KRH05342,1,no,FLEP-seq;Iso-seq;ONT;ONT cDNA-seq,118,328,112,446,0.26457399103139,0.949152542372881,Glycine_max,high_confidence_IR
GLYMA_17G222300,GLYMA_17G222300.intron3,GLYMA_17G222300|17:37513487-37513787:+,17,37513487,37513787,+,KRH05350,1,no,FLEP-seq;Iso-seq;ONT;ONT cDNA-seq,59,19,47,78,0.756410256410256,0.796610169491525,Glycine_max,high_confidence_IR
GLYMA_17G222400,GLYMA_17G222400.intron10,GLYMA_17G222400|17:37522174-37528722:+,17,37522174,37528722,+,KRH05360,1,yes,FLEP-seq;Iso-seq;ONT;ONT cDNA-seq,1709,10,1315,1719,0.994182664339732,0.769455822118198,Glycine_max,high_confidence_IR
GLYMA_17G226300,GLYMA_17G226300.intron4,GLYMA_17G226300|17:38074213-38074579:+,17,38074213,38074579,+,KRH05417,1,no,FLEP-seq;Iso-seq;ONT;ONT cDNA-seq,235,24,186,259,0.907335907335907,0.791489361702128,Glycine_max,high_confidence_IR
GLYMA_17G229400,GLYMA_17G229400.intron7,GLYMA_17G229400|17:38440039-38440687:-,17,38440039,38440687,-,KRH05477;KRH05478;KRH05479,3,yes,FLEP-seq;Iso-seq;ONT;ONT cDNA-seq,951,59,835,1010,0.941584158415842,0.878023133543638,Glycine_max,high_confidence_IR
GLYMA_17G231100,GLYMA_17G231100.intron1,GLYMA_17G231100|17:38614238-38616514:-,17,38614238,38616514,-,KRH05512,1,no,FLEP-seq;Iso-seq;ONT;ONT cDNA-seq,43,166,43,209,0.205741626794258,1,Glycine_max,high_confidence_IR
GLYMA_17G235300,GLYMA_17G235300.intron1,GLYMA_17G235300|17:39047996-39048091:+,17,39047996,39048091,+,KRH05591,1,yes,FLEP-seq;Iso-seq;ONT;ONT cDNA-seq,457,1253,371,1710,0.267251461988304,0.811816192560175,Glycine_max,high_confidence_IR
GLYMA_17G236300,GLYMA_17G236300.intron1,GLYMA_17G236300|17:39140998-39141887:+,17,39140998,39141887,+,RCW18939,1,no,FLEP-seq;Iso-seq;ONT;ONT cDNA-seq,58,10,58,68,0.852941176470588,1,Glycine_max,high_confidence_IR
GLYMA_17G236700,GLYMA_17G236700.intron1,GLYMA_17G236700|17:39190396-39191751:+,17,39190396,39191751,+,KRH05608,1,no,FLEP-seq;Iso-seq;ONT;ONT cDNA-seq,344,706,244,1050,0.327619047619048,0.709302325581395,Glycine_max,high_confidence_IR
GLYMA_17G241800,GLYMA_17G241800.intron4,GLYMA_17G241800|17:39746368-39746481:+,17,39746368,39746481,+,KRH05678,1,yes,FLEP-seq;Iso-seq;ONT;ONT cDNA-seq,871,42,741,913,0.953997809419496,0.850746268656716,Glycine_max,high_confidence_IR
GLYMA_17G242900,GLYMA_17G242900.intron2,GLYMA_17G242900|17:39882948-39883594:-,17,39882948,39883594,-,KRH05693,1,yes,FLEP-seq;Iso-seq;ONT;ONT cDNA-seq,237,32,194,269,0.881040892193309,0.818565400843882,Glycine_max,high_confidence_IR
GLYMA_17G244900,GLYMA_17G244900.intron6,GLYMA_17G244900|17:40031345-40031913:-,17,40031345,40031913,-,KRH05724,1,yes,FLEP-seq;Iso-seq;ONT;ONT cDNA-seq,262,24,223,286,0.916083916083916,0.851145038167939,Glycine_max,high_confidence_IR
GLYMA_17G251000,GLYMA_17G251000.intron1,GLYMA_17G251000|17:40584821-40584941:+,17,40584821,40584941,+,KRH05830,1,yes,FLEP-seq;Iso-seq;ONT;ONT cDNA-seq,2219,37,2219,2256,0.983599290780142,1,Glycine_max,high_confidence_IR
GLYMA_17G251700,GLYMA_17G251700.intron2,GLYMA_17G251700|17:40626805-40627109:-,17,40626805,40627109,-,KRH05841,1,no,FLEP-seq;Iso-seq;ONT;ONT cDNA-seq,66,97,56,163,0.404907975460123,0.848484848484849,Glycine_max,high_confidence_IR
GLYMA_17G252200,GLYMA_17G252200.intron2,GLYMA_17G252200|17:40656716-40656897:-,17,40656716,40656897,-,KRH05847,1,yes,FLEP-seq;Iso-seq;ONT;ONT cDNA-seq,64,6,61,70,0.914285714285714,0.953125,Glycine_max,high_confidence_IR
GLYMA_17G252900,GLYMA_17G252900.intron3,GLYMA_17G252900|17:40704298-40704399:+,17,40704298,40704399,+,KRH05858,1,yes,FLEP-seq;Iso-seq;ONT;ONT cDNA-seq,265,6,196,271,0.977859778597786,0.739622641509434,Glycine_max,high_confidence_IR
GLYMA_17G254900,GLYMA_17G254900.intron3,GLYMA_17G254900|17:40880082-40880293:+,17,40880082,40880293,+,KRH05899,1,yes,FLEP-seq;Iso-seq;ONT;ONT cDNA-seq,14828,22,14374,14850,0.998518518518518,0.96938224979768,Glycine_max,high_confidence_IR
GLYMA_17G257900,GLYMA_17G257900.intron1,GLYMA_17G257900|17:41194356-41194473:+,17,41194356,41194473,+,KRH05944;KRH05945,2,no,FLEP-seq;Iso-seq;ONT;ONT cDNA-seq,1583,4755,1442,6338,0.249763332281477,0.910928616550853,Glycine_max,high_confidence_IR
GLYMA_17G258800,GLYMA_17G258800.intron1,GLYMA_17G258800|17:41294291-41294807:+,17,41294291,41294807,+,KRH05965,1,no,FLEP-seq;Iso-seq;ONT;ONT cDNA-seq,68,21,68,89,0.764044943820225,1,Glycine_max,high_confidence_IR
GLYMA_17G259300,GLYMA_17G259300.intron1,GLYMA_17G259300|17:41345546-41346405:-,17,41345546,41346405,-,KRH05972,1,yes,FLEP-seq;Iso-seq;ONT;ONT cDNA-seq,995,482,930,1477,0.673662830060934,0.934673366834171,Glycine_max,high_confidence_IR
GLYMA_18G002300,GLYMA_18G002300.intron1,GLYMA_18G002300|18:200064-200180:-,18,200064,200180,-,KRG97349;KRG97350,2,yes,FLEP-seq;Iso-seq;ONT;ONT cDNA-seq,407,1408,288,1815,0.224242424242424,0.707616707616708,Glycine_max,high_confidence_IR
GLYMA_18G003000,GLYMA_18G003000.intron2,GLYMA_18G003000|18:255843-255923:-,18,255843,255923,-,KRG97358,1,yes,FLEP-seq;Iso-seq;ONT;ONT cDNA-seq,1084,18,1005,1102,0.983666061705989,0.927121771217712,Glycine_max,high_confidence_IR
GLYMA_18G005500,GLYMA_18G005500.intron1,GLYMA_18G005500|18:426143-426289:+,18,426143,426289,+,KRG97399,1,no,FLEP-seq;Iso-seq;ONT;ONT cDNA-seq,217,232,217,449,0.483296213808463,1,Glycine_max,high_confidence_IR
GLYMA_18G007400,GLYMA_18G007400.intron1,GLYMA_18G007400|18:558401-559773:-,18,558401,559773,-,KRG97431,1,yes,FLEP-seq;Iso-seq;ONT;ONT cDNA-seq,43,11,37,54,0.796296296296296,0.86046511627907,Glycine_max,high_confidence_IR
GLYMA_18G007700,GLYMA_18G007700.intron2,GLYMA_18G007700|18:570439-570526:-,18,570439,570526,-,KRG97439,1,no,FLEP-seq;Iso-seq;ONT;ONT cDNA-seq,537,725,456,1262,0.425515055467512,0.849162011173184,Glycine_max,high_confidence_IR
GLYMA_18G008600,GLYMA_18G008600.intron1,GLYMA_18G008600|18:622867-623221:+,18,622867,623221,+,KRG97450;KRG97451,2,no,FLEP-seq;Iso-seq;ONT;ONT cDNA-seq,45,162,36,207,0.217391304347826,0.8,Glycine_max,high_confidence_IR
GLYMA_18G008900,GLYMA_18G008900.intron4,GLYMA_18G008900|18:645309-646468:-,18,645309,646468,-,KRG97455,1,no,FLEP-seq;Iso-seq;ONT;ONT cDNA-seq,148,128,113,276,0.536231884057971,0.763513513513513,Glycine_max,high_confidence_IR
GLYMA_18G009100,GLYMA_18G009100.intron1,GLYMA_18G009100|18:663026-663085:+,18,663026,663085,+,KRG97458,1,yes,FLEP-seq;Iso-seq;ONT;ONT cDNA-seq,1168,336,1056,1504,0.776595744680851,0.904109589041096,Glycine_max,high_confidence_IR
GLYMA_18G009500,GLYMA_18G009500.intron1,GLYMA_18G009500|18:684259-685071:-,18,684259,685071,-,KRG97463,1,no,FLEP-seq;Iso-seq;ONT;ONT cDNA-seq,103,68,103,171,0.60233918128655,1,Glycine_max,high_confidence_IR
GLYMA_18G011100,GLYMA_18G011100.intron2,GLYMA_18G011100|18:785871-785960:+,18,785871,785960,+,KRG97491,1,yes,FLEP-seq;Iso-seq;ONT;ONT cDNA-seq,751,105,538,856,0.877336448598131,0.716378162450067,Glycine_max,high_confidence_IR
GLYMA_18G021300,GLYMA_18G021300.intron1,GLYMA_18G021300|18:1563098-1563902:+,18,1563098,1563902,+,KRG97647,1,no,FLEP-seq;Iso-seq;ONT;ONT cDNA-seq,245,807,245,1052,0.232889733840304,1,Glycine_max,high_confidence_IR
GLYMA_18G025700,GLYMA_18G025700.intron1,GLYMA_18G025700|18:1911499-1911590:+,18,1911499,1911590,+,KRG97706,1,yes,FLEP-seq;Iso-seq;ONT;ONT cDNA-seq,1293,98,1293,1391,0.929547088425593,1,Glycine_max,high_confidence_IR
GLYMA_18G030100,GLYMA_18G030100.intron8,GLYMA_18G030100|18:2311731-2313449:+,18,2311731,2313449,+,KRG97776,1,yes,FLEP-seq;Iso-seq;ONT;ONT cDNA-seq,1115,66,824,1181,0.944115156646909,0.739013452914798,Glycine_max,high_confidence_IR
GLYMA_18G035300,GLYMA_18G035300.intron5,GLYMA_18G035300|18:2756106-2757451:+,18,2756106,2757451,+,KRG97860,1,yes,FLEP-seq;Iso-seq;ONT;ONT cDNA-seq,1600,31,1368,1631,0.980993255671367,0.855,Glycine_max,high_confidence_IR
GLYMA_18G040300,GLYMA_18G040300.intron1,GLYMA_18G040300|18:3321652-3322166:+,18,3321652,3322166,+,KRG97936,1,no,FLEP-seq;Iso-seq;ONT;ONT cDNA-seq,46,21,46,67,0.686567164179104,1,Glycine_max,high_confidence_IR
GLYMA_18G040500,GLYMA_18G040500.intron2,GLYMA_18G040500|18:3331257-3331416:-,18,3331257,3331416,-,KRG97939,1,no,FLEP-seq;Iso-seq;ONT;ONT cDNA-seq,196,666,138,862,0.22737819025522,0.704081632653061,Glycine_max,high_confidence_IR
GLYMA_18G050500,GLYMA_18G050500.intron1,GLYMA_18G050500|18:4360513-4361512:+,18,4360513,4361512,+,KRG98101,1,no,FLEP-seq;Iso-seq;ONT;ONT cDNA-seq,75,9,75,84,0.892857142857143,1,Glycine_max,high_confidence_IR
GLYMA_18G051100,GLYMA_18G051100.intron3,GLYMA_18G051100|18:4424102-4425747:+,18,4424102,4425747,+,KRG98111,1,yes,FLEP-seq;Iso-seq;ONT;ONT cDNA-seq,149,51,105,200,0.745,0.704697986577181,Glycine_max,high_confidence_IR
GLYMA_18G058300,GLYMA_18G058300.intron1,GLYMA_18G058300|18:5136496-5138073:-,18,5136496,5138073,-,KRG98222,1,no,FLEP-seq;Iso-seq;ONT;ONT cDNA-seq,37,15,37,52,0.711538461538462,1,Glycine_max,high_confidence_IR
GLYMA_18G059300,GLYMA_18G059300.intron3,GLYMA_18G059300|18:5270186-5270286:+,18,5270186,5270286,+,KRG98241,1,yes,FLEP-seq;Iso-seq;ONT;ONT cDNA-seq,747,47,682,794,0.94080604534005,0.912985274431058,Glycine_max,high_confidence_IR
GLYMA_18G059900,GLYMA_18G059900.intron1,GLYMA_18G059900|18:5309855-5310115:+,18,5309855,5310115,+,KRG98248,1,yes,FLEP-seq;Iso-seq;ONT;ONT cDNA-seq,898,266,668,1164,0.771477663230241,0.743875278396437,Glycine_max,high_confidence_IR
GLYMA_18G060000,GLYMA_18G060000.intron1,GLYMA_18G060000|18:5338791-5338892:+,18,5338791,5338892,+,KRG98249,1,no,FLEP-seq;Iso-seq;ONT;ONT cDNA-seq,307,11,291,318,0.965408805031447,0.947882736156352,Glycine_max,high_confidence_IR
GLYMA_18G061800,GLYMA_18G061800.intron6,GLYMA_18G061800|18:5612847-5613682:-,18,5612847,5613682,-,KRG98275,1,yes,FLEP-seq;Iso-seq;ONT;ONT cDNA-seq,224,30,188,254,0.881889763779528,0.839285714285714,Glycine_max,high_confidence_IR
GLYMA_18G065900,GLYMA_18G065900.intron1,GLYMA_18G065900|18:6029160-6029439:-,18,6029160,6029439,-,KRG98326,1,yes,FLEP-seq;Iso-seq;ONT;ONT cDNA-seq,15,22,15,37,0.405405405405405,1,Glycine_max,high_confidence_IR
GLYMA_18G067600,GLYMA_18G067600.intron1,GLYMA_18G067600|18:6273556-6274437:+,18,6273556,6274437,+,KRG98351,1,no,FLEP-seq;Iso-seq;ONT;ONT cDNA-seq,30,31,30,61,0.491803278688525,1,Glycine_max,high_confidence_IR
GLYMA_18G072700,GLYMA_18G072700.intron1,GLYMA_18G072700|18:6858566-6858685:-,18,6858566,6858685,-,KRG98421,1,yes,FLEP-seq;Iso-seq;ONT;ONT cDNA-seq,1831,31,1831,1862,0.983351235230934,1,Glycine_max,high_confidence_IR
GLYMA_18G073600,GLYMA_18G073600.intron2,GLYMA_18G073600|18:6992891-6993293:-,18,6992891,6993293,-,KRG98434,1,yes,FLEP-seq;Iso-seq;ONT;ONT cDNA-seq,223,26,185,249,0.895582329317269,0.829596412556054,Glycine_max,high_confidence_IR
GLYMA_18G078600,GLYMA_18G078600.intron2,GLYMA_18G078600|18:7539053-7539169:+,18,7539053,7539169,+,KRG98522,1,no,FLEP-seq;Iso-seq;ONT;ONT cDNA-seq,665,797,580,1462,0.454856361149111,0.87218045112782,Glycine_max,high_confidence_IR
GLYMA_18G078800,GLYMA_18G078800.intron2,GLYMA_18G078800|18:7553429-7554112:+,18,7553429,7554112,+,KRG98524,1,no,FLEP-seq;Iso-seq;ONT;ONT cDNA-seq,100,166,90,266,0.37593984962406,0.9,Glycine_max,high_confidence_IR
GLYMA_18G080200,GLYMA_18G080200.intron2,GLYMA_18G080200|18:7686174-7686260:+,18,7686174,7686260,+,KRG98545,1,yes,FLEP-seq;Iso-seq;ONT;ONT cDNA-seq,1001,7,897,1008,0.993055555555556,0.896103896103896,Glycine_max,high_confidence_IR
GLYMA_18G081700,GLYMA_18G081700.intron2,GLYMA_18G081700|18:7920815-7922052:+,18,7920815,7922052,+,KRG98573;KRG98574,2,yes,FLEP-seq;Iso-seq;ONT;ONT cDNA-seq,429,587,408,1016,0.422244094488189,0.951048951048951,Glycine_max,high_confidence_IR
GLYMA_18G086200,GLYMA_18G086200.intron1,GLYMA_18G086200|18:8528762-8529226:+,18,8528762,8529226,+,KRG98632,1,no,FLEP-seq;Iso-seq;ONT;ONT cDNA-seq,707,74,707,781,0.905249679897567,1,Glycine_max,high_confidence_IR
GLYMA_18G091500,GLYMA_18G091500.intron5,GLYMA_18G091500|18:9149113-9150004:+,18,9149113,9150004,+,KRG98698,1,yes,FLEP-seq;Iso-seq;ONT;ONT cDNA-seq,7995,221,6972,8216,0.973101265822785,0.872045028142589,Glycine_max,high_confidence_IR
GLYMA_18G092500,GLYMA_18G092500.intron5,GLYMA_18G092500|18:9300272-9300507:+,18,9300272,9300507,+,KRG98709,1,no,FLEP-seq;Iso-seq;ONT;ONT cDNA-seq,825,2657,751,3482,0.236932797242964,0.91030303030303,Glycine_max,high_confidence_IR
GLYMA_18G092500,GLYMA_18G092500.intron6,GLYMA_18G092500|18:9300607-9301177:+,18,9300607,9301177,+,KRG98709,1,no,FLEP-seq;Iso-seq;ONT;ONT cDNA-seq,1080,2843,986,3923,0.275299515676778,0.912962962962963,Glycine_max,high_confidence_IR
GLYMA_18G098900,GLYMA_18G098900.intron2,GLYMA_18G098900|18:10304417-10304576:+,18,10304417,10304576,+,KRG98801,1,yes,FLEP-seq;Iso-seq;ONT;ONT cDNA-seq,1759,679,1734,2438,0.72149302707137,0.985787379192723,Glycine_max,high_confidence_IR
GLYMA_18G101400,GLYMA_18G101400.intron3,GLYMA_18G101400|18:10752417-10759521:-,18,10752417,10759521,-,KRG98829,1,yes,FLEP-seq;Iso-seq;ONT;ONT cDNA-seq,55,5,48,60,0.916666666666667,0.872727272727273,Glycine_max,high_confidence_IR
GLYMA_18G103700,GLYMA_18G103700.intron2,GLYMA_18G103700|18:11310505-11311384:+,18,11310505,11311384,+,KRG98869,1,no,FLEP-seq;Iso-seq;ONT;ONT cDNA-seq,240,320,223,560,0.428571428571429,0.929166666666667,Glycine_max,high_confidence_IR
GLYMA_18G106300,GLYMA_18G106300.intron2,GLYMA_18G106300|18:11901124-11901212:-,18,11901124,11901212,-,KRG98909;KRG98910,2,yes,FLEP-seq;Iso-seq;ONT;ONT cDNA-seq,1068,28,974,1096,0.974452554744526,0.911985018726592,Glycine_max,high_confidence_IR
GLYMA_18G106400,GLYMA_18G106400.intron2,GLYMA_18G106400|18:11916908-11917328:-,18,11916908,11917328,-,KRG98911,1,yes,FLEP-seq;Iso-seq;ONT;ONT cDNA-seq,862,1822,845,2684,0.321162444113264,0.980278422273782,Glycine_max,high_confidence_IR
GLYMA_18G107500,GLYMA_18G107500.intron1,GLYMA_18G107500|18:12118324-12118690:+,18,12118324,12118690,+,KRG98924,1,no,FLEP-seq;Iso-seq;ONT;ONT cDNA-seq,51,15,51,66,0.772727272727273,1,Glycine_max,high_confidence_IR
GLYMA_18G109000,GLYMA_18G109000.intron2,GLYMA_18G109000|18:12546421-12547196:+,18,12546421,12547196,+,KRG98943,1,yes,FLEP-seq;Iso-seq;ONT;ONT cDNA-seq,19,11,14,30,0.633333333333333,0.736842105263158,Glycine_max,high_confidence_IR
GLYMA_18G109600,GLYMA_18G109600.intron2,GLYMA_18G109600|18:12689581-12690674:-,18,12689581,12690674,-,KRG98953,1,no,FLEP-seq;Iso-seq;ONT;ONT cDNA-seq,283,138,243,421,0.672209026128266,0.858657243816254,Glycine_max,high_confidence_IR
GLYMA_18G111600,GLYMA_18G111600.intron5,GLYMA_18G111600|18:13237752-13237874:-,18,13237752,13237874,-,KRG98981,1,yes,FLEP-seq;Iso-seq;ONT;ONT cDNA-seq,388,27,275,415,0.934939759036145,0.708762886597938,Glycine_max,high_confidence_IR
GLYMA_18G112100,GLYMA_18G112100.intron1,GLYMA_18G112100|18:13320827-13321004:+,18,13320827,13321004,+,KRG98988,1,no,FLEP-seq;Iso-seq;ONT;ONT cDNA-seq,355,6,355,361,0.983379501385042,1,Glycine_max,high_confidence_IR
GLYMA_18G112500,GLYMA_18G112500.intron2,GLYMA_18G112500|18:13382449-13382532:-,18,13382449,13382532,-,KRG98992,1,no,FLEP-seq;Iso-seq;ONT;ONT cDNA-seq,40,142,39,182,0.21978021978022,0.975,Glycine_max,high_confidence_IR
GLYMA_18G116300,GLYMA_18G116300.intron6,GLYMA_18G116300|18:14230545-14231245:+,18,14230545,14231245,+,KRG99036,1,no,FLEP-seq;Iso-seq;ONT;ONT cDNA-seq,415,545,341,960,0.432291666666667,0.821686746987952,Glycine_max,high_confidence_IR
GLYMA_18G122100,GLYMA_18G122100.intron1,GLYMA_18G122100|18:15469286-15470178:-,18,15469286,15470178,-,KRG99115,1,no,FLEP-seq;Iso-seq;ONT;ONT cDNA-seq,448,1202,448,1650,0.271515151515152,1,Glycine_max,high_confidence_IR
GLYMA_18G124100,GLYMA_18G124100.intron2,GLYMA_18G124100|18:16147273-16147361:-,18,16147273,16147361,-,KRG99138;KRG99139,2,no,FLEP-seq;Iso-seq;ONT;ONT cDNA-seq,10,14,7,24,0.416666666666667,0.7,Glycine_max,high_confidence_IR
GLYMA_18G125600,GLYMA_18G125600.intron3,GLYMA_18G125600|18:16422323-16422405:-,18,16422323,16422405,-,KRG99161;KRG99162,2,no,FLEP-seq;Iso-seq;ONT;ONT cDNA-seq,172,535,126,707,0.243281471004243,0.732558139534884,Glycine_max,high_confidence_IR
GLYMA_18G127700,GLYMA_18G127700.intron1,GLYMA_18G127700|18:17153240-17153525:+,18,17153240,17153525,+,KRG99188,1,no,FLEP-seq;Iso-seq;ONT;ONT cDNA-seq,12,39,9,51,0.235294117647059,0.75,Glycine_max,high_confidence_IR
GLYMA_18G130300,GLYMA_18G130300.intron1,GLYMA_18G130300|18:18041987-18042076:+,18,18041987,18042076,+,KRG99215,1,no,FLEP-seq;Iso-seq;ONT;ONT cDNA-seq,58,49,47,107,0.542056074766355,0.810344827586207,Glycine_max,high_confidence_IR
GLYMA_18G130800,GLYMA_18G130800.intron1,GLYMA_18G130800|18:18203711-18203812:-,18,18203711,18203812,-,KRG99223,1,no,FLEP-seq;Iso-seq;ONT;ONT cDNA-seq,36,26,36,62,0.580645161290323,1,Glycine_max,high_confidence_IR
GLYMA_18G133800,GLYMA_18G133800.intron3,GLYMA_18G133800|18:19110315-19111861:-,18,19110315,19111861,-,KRG99264,1,yes,FLEP-seq;Iso-seq;ONT;ONT cDNA-seq,1268,39,1246,1307,0.970160673297628,0.982649842271293,Glycine_max,high_confidence_IR
GLYMA_18G134800,GLYMA_18G134800.intron1,GLYMA_18G134800|18:19354791-19354970:+,18,19354791,19354970,+,KRG99296,1,no,FLEP-seq;Iso-seq;ONT;ONT cDNA-seq,54,20,54,74,0.72972972972973,1,Glycine_max,high_confidence_IR
GLYMA_18G135800,GLYMA_18G135800.intron6,GLYMA_18G135800|18:19817218-19817581:-,18,19817218,19817581,-,KRG99307,1,no,FLEP-seq;Iso-seq;ONT;ONT cDNA-seq,100,235,74,335,0.298507462686567,0.74,Glycine_max,high_confidence_IR
GLYMA_18G137400,GLYMA_18G137400.intron1,GLYMA_18G137400|18:20198776-20199012:-,18,20198776,20199012,-,KRG99328,1,no,FLEP-seq;Iso-seq;ONT;ONT cDNA-seq,51,10,51,61,0.836065573770492,1,Glycine_max,high_confidence_IR
GLYMA_18G140300,GLYMA_18G140300.intron2,GLYMA_18G140300|18:21205581-21206161:-,18,21205581,21206161,-,KRG99371;KRG99372,2,yes,FLEP-seq;Iso-seq;ONT;ONT cDNA-seq,586,7,517,593,0.988195615514334,0.882252559726962,Glycine_max,high_confidence_IR
GLYMA_18G140500,GLYMA_18G140500.intron1,GLYMA_18G140500|18:21220092-21220203:-,18,21220092,21220203,-,KRG99379,1,no,FLEP-seq;Iso-seq;ONT;ONT cDNA-seq,61,156,45,217,0.28110599078341,0.737704918032787,Glycine_max,high_confidence_IR
GLYMA_18G141400,GLYMA_18G141400.intron1,GLYMA_18G141400|18:21908397-21908494:-,18,21908397,21908494,-,KRG99389,1,no,FLEP-seq;Iso-seq;ONT;ONT cDNA-seq,36,5,36,41,0.878048780487805,1,Glycine_max,high_confidence_IR
GLYMA_18G143400,GLYMA_18G143400.intron2,GLYMA_18G143400|18:22900921-22901272:+,18,22900921,22901272,+,KRG99418,1,no,FLEP-seq;Iso-seq;ONT;ONT cDNA-seq,41,135,41,176,0.232954545454545,1,Glycine_max,high_confidence_IR
GLYMA_18G145300,GLYMA_18G145300.intron1,GLYMA_18G145300|18:23654450-23654530:+,18,23654450,23654530,+,KRG99445,1,no,FLEP-seq;Iso-seq;ONT;ONT cDNA-seq,102,346,79,448,0.227678571428571,0.774509803921569,Glycine_max,high_confidence_IR
GLYMA_18G155000,GLYMA_18G155000.intron2,GLYMA_18G155000|18:32217345-32217441:+,18,32217345,32217441,+,KRG99577;KRG99578,2,yes,FLEP-seq;Iso-seq;ONT;ONT cDNA-seq,59,8,49,67,0.880597014925373,0.830508474576271,Glycine_max,high_confidence_IR
GLYMA_18G160500,GLYMA_18G160500.intron1,GLYMA_18G160500|18:36652928-36655059:+,18,36652928,36655059,+,KRG99650,1,yes,FLEP-seq;Iso-seq;ONT;ONT cDNA-seq,171,19,163,190,0.9,0.953216374269006,Glycine_max,high_confidence_IR
GLYMA_18G172100,GLYMA_18G172100.intron4,GLYMA_18G172100|18:40785295-40786702:+,18,40785295,40786702,+,KRG99807,1,yes,FLEP-seq;Iso-seq;ONT;ONT cDNA-seq,3225,37,2986,3262,0.9886572654813,0.925891472868217,Glycine_max,high_confidence_IR
GLYMA_18G172600,GLYMA_18G172600.intron3,GLYMA_18G172600|18:40896875-40898774:-,18,40896875,40898774,-,KRG99813,1,yes,FLEP-seq;Iso-seq;ONT;ONT cDNA-seq,449,6,324,455,0.986813186813187,0.721603563474387,Glycine_max,high_confidence_IR
GLYMA_18G176700,GLYMA_18G176700.intron3,GLYMA_18G176700|18:42147922-42149512:-,18,42147922,42149512,-,KRG99873;KRG99874;KRG99875,3,yes,FLEP-seq;Iso-seq;ONT;ONT cDNA-seq,313,9,263,322,0.972049689440994,0.840255591054313,Glycine_max,high_confidence_IR
GLYMA_18G180200,GLYMA_18G180200.intron1,GLYMA_18G180200|18:43411180-43411404:+,18,43411180,43411404,+,RCW18869,1,no,FLEP-seq;Iso-seq;ONT;ONT cDNA-seq,22,32,22,54,0.407407407407407,1,Glycine_max,high_confidence_IR
GLYMA_18G189200,GLYMA_18G189200.intron1,GLYMA_18G189200|18:45658932-45659508:-,18,45658932,45659508,-,KRH00059,1,no,FLEP-seq;Iso-seq;ONT;ONT cDNA-seq,48,12,48,60,0.8,1,Glycine_max,high_confidence_IR
GLYMA_18G197300,GLYMA_18G197300.intron1,GLYMA_18G197300|18:47330425-47330625:-,18,47330425,47330625,-,KRH00165,1,no,FLEP-seq;Iso-seq;ONT;ONT cDNA-seq,295,18,295,313,0.942492012779553,1,Glycine_max,high_confidence_IR
GLYMA_18G198800,GLYMA_18G198800.intron2,GLYMA_18G198800|18:47705468-47705622:-,18,47705468,47705622,-,KRH00186,1,no,FLEP-seq;Iso-seq;ONT;ONT cDNA-seq,20,62,16,82,0.24390243902439,0.8,Glycine_max,high_confidence_IR
GLYMA_18G202100,GLYMA_18G202100.intron1,GLYMA_18G202100|18:48265957-48266458:-,18,48265957,48266458,-,RCW18877,1,no,FLEP-seq;Iso-seq;ONT;ONT cDNA-seq,226,134,168,360,0.627777777777778,0.743362831858407,Glycine_max,high_confidence_IR
GLYMA_18G205300,GLYMA_18G205300.intron1,GLYMA_18G205300|18:48908746-48909753:-,18,48908746,48909753,-,KRH00309,1,yes,FLEP-seq;Iso-seq;ONT;ONT cDNA-seq,24,53,18,77,0.311688311688312,0.75,Glycine_max,high_confidence_IR
GLYMA_18G206400,GLYMA_18G206400.intron1,GLYMA_18G206400|18:49016306-49018445:+,18,49016306,49018445,+,KRH00325,1,yes,FLEP-seq;Iso-seq;ONT;ONT cDNA-seq,107,105,107,212,0.504716981132076,1,Glycine_max,high_confidence_IR
GLYMA_18G206800,GLYMA_18G206800.intron1,GLYMA_18G206800|18:49056105-49056262:-,18,49056105,49056262,-,KRH00330,1,no,FLEP-seq;Iso-seq;ONT;ONT cDNA-seq,21,44,21,65,0.323076923076923,1,Glycine_max,high_confidence_IR
GLYMA_18G210000,GLYMA_18G210000.intron1,GLYMA_18G210000|18:49538980-49539246:+,18,49538980,49539246,+,KRH00383,1,no,FLEP-seq;Iso-seq;ONT;ONT cDNA-seq,27,43,27,70,0.385714285714286,1,Glycine_max,high_confidence_IR
GLYMA_18G215000,GLYMA_18G215000.intron7,GLYMA_18G215000|18:50201788-50203748:-,18,50201788,50203748,-,KRH00465,1,yes,FLEP-seq;Iso-seq;ONT;ONT cDNA-seq,3387,8,3068,3395,0.997643593519882,0.905816356657809,Glycine_max,high_confidence_IR
GLYMA_18G216600,GLYMA_18G216600.intron4,GLYMA_18G216600|18:50356190-50356411:-,18,50356190,50356411,-,KRH00497,1,yes,FLEP-seq;Iso-seq;ONT;ONT cDNA-seq,80,141,71,221,0.361990950226244,0.8875,Glycine_max,high_confidence_IR
GLYMA_18G225300,GLYMA_18G225300.intron1,GLYMA_18G225300|18:51349996-51350256:+,18,51349996,51350256,+,KRH00634,1,no,FLEP-seq;Iso-seq;ONT;ONT cDNA-seq,85,37,85,122,0.69672131147541,1,Glycine_max,high_confidence_IR
GLYMA_18G236300,GLYMA_18G236300.intron3,GLYMA_18G236300|18:52472647-52474429:-,18,52472647,52474429,-,KRH00827,1,no,FLEP-seq;Iso-seq;ONT;ONT cDNA-seq,1840,1146,1659,2986,0.616208975217682,0.901630434782609,Glycine_max,high_confidence_IR
GLYMA_18G236300,GLYMA_18G236300.intron2,GLYMA_18G236300|18:52474484-52475056:-,18,52474484,52475056,-,KRH00827,1,no,FLEP-seq;Iso-seq;ONT;ONT cDNA-seq,798,2215,693,3013,0.264852306671092,0.868421052631579,Glycine_max,high_confidence_IR
GLYMA_18G236800,GLYMA_18G236800.intron4,GLYMA_18G236800|18:52565543-52565862:-,18,52565543,52565862,-,KRH00833,1,yes,FLEP-seq;Iso-seq;ONT;ONT cDNA-seq,423,11,376,434,0.974654377880184,0.888888888888889,Glycine_max,high_confidence_IR
GLYMA_18G239200,GLYMA_18G239200.intron14,GLYMA_18G239200|18:52807753-52808332:+,18,52807753,52808332,+,KRH00871,1,no,FLEP-seq;Iso-seq;ONT;ONT cDNA-seq,206,651,148,857,0.240373395565928,0.718446601941748,Glycine_max,high_confidence_IR
GLYMA_18G248600,GLYMA_18G248600.intron3,GLYMA_18G248600|18:53555431-53556911:+,18,53555431,53556911,+,KRH01020,1,yes,FLEP-seq;Iso-seq;ONT;ONT cDNA-seq,500,6,460,506,0.988142292490119,0.92,Glycine_max,high_confidence_IR
GLYMA_18G248900,GLYMA_18G248900.intron1,GLYMA_18G248900|18:53562714-53562919:+,18,53562714,53562919,+,KRH01023,1,no,FLEP-seq;Iso-seq;ONT;ONT cDNA-seq,46,144,37,190,0.242105263157895,0.804347826086957,Glycine_max,high_confidence_IR
GLYMA_18G249400,GLYMA_18G249400.intron1,GLYMA_18G249400|18:53579000-53579874:+,18,53579000,53579874,+,KRH01029,1,yes,FLEP-seq;Iso-seq;ONT;ONT cDNA-seq,179,44,161,223,0.802690582959641,0.899441340782123,Glycine_max,high_confidence_IR
GLYMA_18G253000,GLYMA_18G253000.intron4,GLYMA_18G253000|18:53942049-53942135:-,18,53942049,53942135,-,KRH01083;KRH01084,2,yes,FLEP-seq;Iso-seq;ONT;ONT cDNA-seq,1853,358,1538,2211,0.838082315694256,0.830005396654074,Glycine_max,high_confidence_IR
GLYMA_18G254500,GLYMA_18G254500.intron1,GLYMA_18G254500|18:54082933-54083136:-,18,54082933,54083136,-,KRH01110,1,no,FLEP-seq;Iso-seq;ONT;ONT cDNA-seq,12,32,12,44,0.272727272727273,1,Glycine_max,high_confidence_IR
GLYMA_18G258700,GLYMA_18G258700.intron1,GLYMA_18G258700|18:54417541-54418920:-,18,54417541,54418920,-,KRH01162,1,no,FLEP-seq;Iso-seq;ONT;ONT cDNA-seq,60,165,60,225,0.266666666666667,1,Glycine_max,high_confidence_IR
GLYMA_18G259100,GLYMA_18G259100.intron2,GLYMA_18G259100|18:54463008-54463152:+,18,54463008,54463152,+,KRH01168;KRH01169,2,yes,FLEP-seq;Iso-seq;ONT;ONT cDNA-seq,217,314,195,531,0.408662900188324,0.898617511520737,Glycine_max,high_confidence_IR
GLYMA_18G260700,GLYMA_18G260700.intron1,GLYMA_18G260700|18:54660847-54660977:+,18,54660847,54660977,+,KRH01191,1,yes,FLEP-seq;Iso-seq;ONT;ONT cDNA-seq,1419,85,1419,1504,0.943484042553192,1,Glycine_max,high_confidence_IR
GLYMA_18G263900,GLYMA_18G263900.intron3,GLYMA_18G263900|18:54909926-54911544:-,18,54909926,54911544,-,KRH01241,1,yes,FLEP-seq;Iso-seq;ONT;ONT cDNA-seq,2448,115,2094,2563,0.955130706203668,0.855392156862745,Glycine_max,high_confidence_IR
GLYMA_18G269300,GLYMA_18G269300.intron1,GLYMA_18G269300|18:55306631-55306706:-,18,55306631,55306706,-,KRH01325,1,no,FLEP-seq;Iso-seq;ONT;ONT cDNA-seq,82,55,82,137,0.598540145985402,1,Glycine_max,high_confidence_IR
GLYMA_18G269500,GLYMA_18G269500.intron2,GLYMA_18G269500|18:55324257-55324448:+,18,55324257,55324448,+,KRH01328,1,yes,FLEP-seq;Iso-seq;ONT;ONT cDNA-seq,801,36,691,837,0.956989247311828,0.862671660424469,Glycine_max,high_confidence_IR
GLYMA_18G270500,GLYMA_18G270500.intron1,GLYMA_18G270500|18:55406396-55408849:+,18,55406396,55408849,+,KRH01342,1,no,FLEP-seq;Iso-seq;ONT;ONT cDNA-seq,10,13,10,23,0.434782608695652,1,Glycine_max,high_confidence_IR
GLYMA_18G271500,GLYMA_18G271500.intron1,GLYMA_18G271500|18:55480480-55480623:+,18,55480480,55480623,+,KRH01353,1,yes,FLEP-seq;Iso-seq;ONT;ONT cDNA-seq,202,8,149,210,0.961904761904762,0.737623762376238,Glycine_max,high_confidence_IR
GLYMA_18G272400,GLYMA_18G272400.intron2,GLYMA_18G272400|18:55551863-55552080:-,18,55551863,55552080,-,KRH01365,1,no,FLEP-seq;Iso-seq;ONT;ONT cDNA-seq,164,76,154,240,0.683333333333333,0.939024390243902,Glycine_max,high_confidence_IR
GLYMA_18G272700,GLYMA_18G272700.intron1,GLYMA_18G272700|18:55564785-55564860:-,18,55564785,55564860,-,KRH01369,1,no,FLEP-seq;Iso-seq;ONT;ONT cDNA-seq,56,191,56,247,0.226720647773279,1,Glycine_max,high_confidence_IR
GLYMA_18G272800,GLYMA_18G272800.intron1,GLYMA_18G272800|18:55571353-55571434:-,18,55571353,55571434,-,KRH01371,1,no,FLEP-seq;Iso-seq;ONT;ONT cDNA-seq,124,416,124,540,0.22962962962963,1,Glycine_max,high_confidence_IR
GLYMA_18G273000,GLYMA_18G273000.intron6,GLYMA_18G273000|18:55578348-55580501:-,18,55578348,55580501,-,KRH01372,1,no,FLEP-seq;Iso-seq;ONT;ONT cDNA-seq,17,7,14,24,0.708333333333333,0.823529411764706,Glycine_max,high_confidence_IR
GLYMA_18G274400,GLYMA_18G274400.intron2,GLYMA_18G274400|18:55685528-55686178:-,18,55685528,55686178,-,KRH01399,1,no,FLEP-seq;Iso-seq;ONT;ONT cDNA-seq,96,15,89,111,0.864864864864865,0.927083333333333,Glycine_max,high_confidence_IR
GLYMA_18G274800,GLYMA_18G274800.intron1,GLYMA_18G274800|18:55709013-55709144:-,18,55709013,55709144,-,KRH01408,1,yes,FLEP-seq;Iso-seq;ONT;ONT cDNA-seq,337,31,337,368,0.915760869565217,1,Glycine_max,high_confidence_IR
GLYMA_18G275900,GLYMA_18G275900.intron1,GLYMA_18G275900|18:55809702-55809908:-,18,55809702,55809908,-,KRH01425,1,yes,FLEP-seq;Iso-seq;ONT;ONT cDNA-seq,198,7,198,205,0.965853658536585,1,Glycine_max,high_confidence_IR
GLYMA_18G277500,GLYMA_18G277500.intron1,GLYMA_18G277500|18:55924216-55924372:-,18,55924216,55924372,-,KRH01447,1,no,FLEP-seq;Iso-seq;ONT;ONT cDNA-seq,253,11,253,264,0.958333333333333,1,Glycine_max,high_confidence_IR
GLYMA_18G278100,GLYMA_18G278100.intron1,GLYMA_18G278100|18:55966613-55966684:-,18,55966613,55966684,-,KRH01454,1,yes,FLEP-seq;Iso-seq;ONT;ONT cDNA-seq,2564,125,2448,2689,0.953514317590182,0.954758190327613,Glycine_max,high_confidence_IR
GLYMA_18G278900,GLYMA_18G278900.intron1,GLYMA_18G278900|18:56020808-56021776:-,18,56020808,56021776,-,KRH01467,1,no,FLEP-seq;Iso-seq;ONT;ONT cDNA-seq,483,13,426,496,0.973790322580645,0.881987577639752,Glycine_max,high_confidence_IR
GLYMA_18G279000,GLYMA_18G279000.intron3,GLYMA_18G279000|18:56026961-56028027:-,18,56026961,56028027,-,KRH01468,1,no,FLEP-seq;Iso-seq;ONT;ONT cDNA-seq,422,478,341,900,0.468888888888889,0.808056872037915,Glycine_max,high_confidence_IR
GLYMA_18G280200,GLYMA_18G280200.intron4,GLYMA_18G280200|18:56105503-56106082:+,18,56105503,56106082,+,KRH01486,1,yes,FLEP-seq;Iso-seq;ONT;ONT cDNA-seq,367,19,282,386,0.950777202072539,0.768392370572207,Glycine_max,high_confidence_IR
GLYMA_18G281500,GLYMA_18G281500.intron1,GLYMA_18G281500|18:56239762-56240339:-,18,56239762,56240339,-,KRH01505,1,no,FLEP-seq;Iso-seq;ONT;ONT cDNA-seq,115,311,107,426,0.269953051643192,0.930434782608696,Glycine_max,high_confidence_IR
GLYMA_18G281600,GLYMA_18G281600.intron1,GLYMA_18G281600|18:56250285-56252462:-,18,56250285,56252462,-,RCW18896,1,no,FLEP-seq;Iso-seq;ONT;ONT cDNA-seq,97,171,80,268,0.361940298507463,0.824742268041237,Glycine_max,high_confidence_IR
GLYMA_18G283800,GLYMA_18G283800.intron13,GLYMA_18G283800|18:56450345-56451478:+,18,56450345,56451478,+,KRH01543,1,yes,FLEP-seq;Iso-seq;ONT;ONT cDNA-seq,636,618,459,1254,0.507177033492823,0.721698113207547,Glycine_max,high_confidence_IR
GLYMA_18G284400,GLYMA_18G284400.intron3,GLYMA_18G284400|18:56503678-56504209:+,18,56503678,56504209,+,KRH01555,1,yes,FLEP-seq;Iso-seq;ONT;ONT cDNA-seq,129,98,91,227,0.568281938325991,0.705426356589147,Glycine_max,high_confidence_IR
GLYMA_18G286700,GLYMA_18G286700.intron2,GLYMA_18G286700|18:56692591-56692848:+,18,56692591,56692848,+,KRH01591,1,no,FLEP-seq;Iso-seq;ONT;ONT cDNA-seq,7,27,5,34,0.205882352941176,0.714285714285714,Glycine_max,high_confidence_IR
GLYMA_18G286900,GLYMA_18G286900.intron1,GLYMA_18G286900|18:56705207-56705527:+,18,56705207,56705527,+,KRH01594,1,no,FLEP-seq;Iso-seq;ONT;ONT cDNA-seq,402,319,402,721,0.55755894590846,1,Glycine_max,high_confidence_IR
GLYMA_18G291200,GLYMA_18G291200.intron1,GLYMA_18G291200|18:56991953-56992198:+,18,56991953,56992198,+,KRH01664,1,no,FLEP-seq;Iso-seq;ONT;ONT cDNA-seq,102,98,102,200,0.51,1,Glycine_max,high_confidence_IR
GLYMA_18G299700,GLYMA_18G299700.intron3,GLYMA_18G299700|18:57756308-57756397:-,18,57756308,57756397,-,KRH01810,1,yes,FLEP-seq;Iso-seq;ONT;ONT cDNA-seq,11261,585,10369,11846,0.950616241769374,0.920788562294645,Glycine_max,high_confidence_IR
GLYMA_18G302100,GLYMA_18G302100.intron6,GLYMA_18G302100|18:57991210-57991300:+,18,57991210,57991300,+,KRH01843,1,yes,FLEP-seq;Iso-seq;ONT;ONT cDNA-seq,651,285,547,936,0.69551282051282,0.840245775729647,Glycine_max,high_confidence_IR
GLYMA_19G001600,GLYMA_19G001600.intron2,GLYMA_19G001600|19:119264-119709:+,19,119264,119709,+,KRG93179,1,yes,FLEP-seq;Iso-seq;ONT;ONT cDNA-seq,670,8,538,678,0.988200589970501,0.802985074626866,Glycine_max,high_confidence_IR
GLYMA_19G008200,GLYMA_19G008200.intron1,GLYMA_19G008200|19:812684-812749:-,19,812684,812749,-,KRG93304,1,yes,FLEP-seq;Iso-seq;ONT;ONT cDNA-seq,389,70,380,459,0.847494553376906,0.976863753213368,Glycine_max,high_confidence_IR
GLYMA_19G009700,GLYMA_19G009700.intron3,GLYMA_19G009700|19:910290-911144:-,19,910290,911144,-,KRG93332,1,no,FLEP-seq;Iso-seq;ONT;ONT cDNA-seq,598,1137,504,1735,0.344668587896254,0.842809364548495,Glycine_max,high_confidence_IR
GLYMA_19G010600,GLYMA_19G010600.intron2,GLYMA_19G010600|19:1012837-1013598:-,19,1012837,1013598,-,KRG93345,1,no,FLEP-seq;Iso-seq;ONT;ONT cDNA-seq,68,64,57,132,0.515151515151515,0.838235294117647,Glycine_max,high_confidence_IR
GLYMA_19G012300,GLYMA_19G012300.intron2,GLYMA_19G012300|19:1171446-1172507:-,19,1171446,1172507,-,KRG93379;KRG93380;KRG93381;KRG93382,4,yes,FLEP-seq;Iso-seq;ONT;ONT cDNA-seq,1556,214,1370,1770,0.87909604519774,0.880462724935733,Glycine_max,high_confidence_IR
GLYMA_19G012400,GLYMA_19G012400.intron1,GLYMA_19G012400|19:1191895-1192899:+,19,1191895,1192899,+,KRG93388,1,no,FLEP-seq;Iso-seq;ONT;ONT cDNA-seq,107,30,107,137,0.781021897810219,1,Glycine_max,high_confidence_IR
GLYMA_19G013800,GLYMA_19G013800.intron2,GLYMA_19G013800|19:1297147-1297695:-,19,1297147,1297695,-,KRG93406,1,yes,FLEP-seq;Iso-seq;ONT;ONT cDNA-seq,4254,97,3899,4351,0.977706274419674,0.916549130230371,Glycine_max,high_confidence_IR
GLYMA_19G022700,GLYMA_19G022700.intron4,GLYMA_19G022700|19:2592003-2592088:-,19,2592003,2592088,-,KRG93534,1,no,FLEP-seq;Iso-seq;ONT;ONT cDNA-seq,175,146,126,321,0.545171339563863,0.72,Glycine_max,high_confidence_IR
GLYMA_19G024100,GLYMA_19G024100.intron1,GLYMA_19G024100|19:2772679-2773338:+,19,2772679,2773338,+,KRG93554,1,no,FLEP-seq;Iso-seq;ONT;ONT cDNA-seq,20,7,20,27,0.740740740740741,1,Glycine_max,high_confidence_IR
GLYMA_19G033200,GLYMA_19G033200.intron7,GLYMA_19G033200|19:4299823-4299933:+,19,4299823,4299933,+,KRG93680,1,yes,FLEP-seq;Iso-seq;ONT;ONT cDNA-seq,813,152,590,965,0.842487046632124,0.725707257072571,Glycine_max,high_confidence_IR
GLYMA_19G033300,GLYMA_19G033300.intron2,GLYMA_19G033300|19:4305575-4306457:-,19,4305575,4306457,-,KRG93681,1,yes,FLEP-seq;Iso-seq;ONT;ONT cDNA-seq,116,15,86,131,0.885496183206107,0.741379310344828,Glycine_max,high_confidence_IR
GLYMA_19G041200,GLYMA_19G041200.intron2,GLYMA_19G041200|19:6003122-6003245:+,19,6003122,6003245,+,KRG93787,1,no,FLEP-seq;Iso-seq;ONT;ONT cDNA-seq,1876,61,1702,1937,0.968508002065049,0.90724946695096,Glycine_max,high_confidence_IR
GLYMA_19G046400,GLYMA_19G046400.intron1,GLYMA_19G046400|19:7141048-7141138:+,19,7141048,7141138,+,KRG93865,1,no,FLEP-seq;Iso-seq;ONT;ONT cDNA-seq,181,22,181,203,0.891625615763547,1,Glycine_max,high_confidence_IR
GLYMA_19G050600,GLYMA_19G050600.intron5,GLYMA_19G050600|19:8157276-8157368:-,19,8157276,8157368,-,KRG93934,1,yes,FLEP-seq;Iso-seq;ONT;ONT cDNA-seq,359,141,291,500,0.718,0.81058495821727,Glycine_max,high_confidence_IR
GLYMA_19G067100,GLYMA_19G067100.intron2,GLYMA_19G067100|19:18769804-18773985:+,19,18769804,18773985,+,KRG94197,1,yes,FLEP-seq;Iso-seq;ONT;ONT cDNA-seq,192,130,140,322,0.596273291925466,0.729166666666667,Glycine_max,high_confidence_IR
GLYMA_19G070700,GLYMA_19G070700.intron2,GLYMA_19G070700|19:23598931-23602569:+,19,23598931,23602569,+,KRG94241,1,yes,FLEP-seq;Iso-seq;ONT;ONT cDNA-seq,1257,73,1250,1330,0.945112781954887,0.994431185361973,Glycine_max,high_confidence_IR
GLYMA_19G073200,GLYMA_19G073200.intron3,GLYMA_19G073200|19:26262107-26262577:+,19,26262107,26262577,+,KRG94286,1,yes,FLEP-seq;Iso-seq;ONT;ONT cDNA-seq,48,6,34,54,0.888888888888889,0.708333333333333,Glycine_max,high_confidence_IR
GLYMA_19G079000,GLYMA_19G079000.intron1,GLYMA_19G079000|19:28411295-28411806:+,19,28411295,28411806,+,KRG94361,1,no,FLEP-seq;Iso-seq;ONT;ONT cDNA-seq,444,1476,444,1920,0.23125,1,Glycine_max,high_confidence_IR
GLYMA_19G079900,GLYMA_19G079900.intron1,GLYMA_19G079900|19:28951740-28952589:-,19,28951740,28952589,-,KRG94372,1,no,FLEP-seq;Iso-seq;ONT;ONT cDNA-seq,50,11,50,61,0.819672131147541,1,Glycine_max,high_confidence_IR
GLYMA_19G081300,GLYMA_19G081300.intron1,GLYMA_19G081300|19:29356213-29357694:-,19,29356213,29357694,-,KRG94388,1,no,FLEP-seq;Iso-seq;ONT;ONT cDNA-seq,137,21,125,158,0.867088607594937,0.912408759124088,Glycine_max,high_confidence_IR
GLYMA_19G099300,GLYMA_19G099300.intron1,GLYMA_19G099300|19:34577017-34577528:+,19,34577017,34577528,+,KRG94642,1,no,FLEP-seq;Iso-seq;ONT;ONT cDNA-seq,57,58,57,115,0.495652173913044,1,Glycine_max,high_confidence_IR
GLYMA_19G100200,GLYMA_19G100200.intron2,GLYMA_19G100200|19:34720657-34720742:-,19,34720657,34720742,-,KRG94665,1,no,FLEP-seq;Iso-seq;ONT;ONT cDNA-seq,848,2885,722,3733,0.227163139566033,0.851415094339623,Glycine_max,high_confidence_IR
GLYMA_19G104500,GLYMA_19G104500.intron1,GLYMA_19G104500|19:35391634-35391716:-,19,35391634,35391716,-,KRG94722,1,no,FLEP-seq;Iso-seq;ONT;ONT cDNA-seq,20,30,20,50,0.4,1,Glycine_max,high_confidence_IR
GLYMA_19G104600,GLYMA_19G104600.intron4,GLYMA_19G104600|19:35407579-35407792:-,19,35407579,35407792,-,KRG94723;KRG94724;KRG94725,3,no,FLEP-seq;Iso-seq;ONT;ONT cDNA-seq,125,328,89,453,0.275938189845475,0.712,Glycine_max,high_confidence_IR
GLYMA_19G110600,GLYMA_19G110600.intron4,GLYMA_19G110600|19:36451611-36451681:+,19,36451611,36451681,+,KRG94803,1,yes,FLEP-seq;Iso-seq;ONT;ONT cDNA-seq,145,20,106,165,0.878787878787879,0.731034482758621,Glycine_max,high_confidence_IR
GLYMA_19G116200,GLYMA_19G116200.intron1,GLYMA_19G116200|19:37159355-37159542:+,19,37159355,37159542,+,KRG94895,1,yes,FLEP-seq;Iso-seq;ONT;ONT cDNA-seq,431,119,407,550,0.783636363636364,0.944315545243619,Glycine_max,high_confidence_IR
GLYMA_19G117600,GLYMA_19G117600.intron3,GLYMA_19G117600|19:37379413-37382725:+,19,37379413,37382725,+,KRG94914,1,no,FLEP-seq;Iso-seq;ONT;ONT cDNA-seq,30,83,29,113,0.265486725663717,0.966666666666667,Glycine_max,high_confidence_IR
GLYMA_19G118000,GLYMA_19G118000.intron1,GLYMA_19G118000|19:37469599-37470668:+,19,37469599,37470668,+,KRG94921,1,no,FLEP-seq;Iso-seq;ONT;ONT cDNA-seq,51,129,51,180,0.283333333333333,1,Glycine_max,high_confidence_IR
GLYMA_19G118300,GLYMA_19G118300.intron1,GLYMA_19G118300|19:37512121-37512209:-,19,37512121,37512209,-,KRG94924,1,no,FLEP-seq;Iso-seq;ONT;ONT cDNA-seq,175,154,175,329,0.531914893617021,1,Glycine_max,high_confidence_IR
GLYMA_19G122400,GLYMA_19G122400.intron1,GLYMA_19G122400|19:38065434-38065506:-,19,38065434,38065506,-,KRG94980,1,no,FLEP-seq;Iso-seq;ONT;ONT cDNA-seq,135,534,110,669,0.201793721973094,0.814814814814815,Glycine_max,high_confidence_IR
GLYMA_19G125100,GLYMA_19G125100.intron1,GLYMA_19G125100|19:38313108-38315278:+,19,38313108,38315278,+,KRG95026,1,yes,FLEP-seq;Iso-seq;ONT;ONT cDNA-seq,32,22,32,54,0.592592592592593,1,Glycine_max,high_confidence_IR
GLYMA_19G125700,GLYMA_19G125700.intron3,GLYMA_19G125700|19:38405015-38405396:+,19,38405015,38405396,+,KRG95039,1,no,FLEP-seq;Iso-seq;ONT;ONT cDNA-seq,169,369,119,538,0.314126394052045,0.70414201183432,Glycine_max,high_confidence_IR
GLYMA_19G126300,GLYMA_19G126300.intron2,GLYMA_19G126300|19:38461478-38461684:-,19,38461478,38461684,-,KRG95045,1,no,FLEP-seq;Iso-seq;ONT;ONT cDNA-seq,28,50,20,78,0.358974358974359,0.714285714285714,Glycine_max,high_confidence_IR
GLYMA_19G126700,GLYMA_19G126700.intron1,GLYMA_19G126700|19:38535073-38536137:+,19,38535073,38536137,+,KRG95049,1,yes,FLEP-seq;Iso-seq;ONT;ONT cDNA-seq,249,728,228,977,0.254861821903787,0.91566265060241,Glycine_max,high_confidence_IR
GLYMA_19G127400,GLYMA_19G127400.intron10,GLYMA_19G127400|19:38594601-38595712:-,19,38594601,38595712,-,KRG95061;KRG95062,2,yes,FLEP-seq;Iso-seq;ONT;ONT cDNA-seq,1554,39,1303,1593,0.975517890772128,0.838481338481338,Glycine_max,high_confidence_IR
GLYMA_19G128100,GLYMA_19G128100.intron8,GLYMA_19G128100|19:38730333-38730456:+,19,38730333,38730456,+,KRG95072,1,yes,FLEP-seq;Iso-seq;ONT;ONT cDNA-seq,1289,8,1028,1297,0.993831919814958,0.797517455391777,Glycine_max,high_confidence_IR
GLYMA_19G131200,GLYMA_19G131200.intron2,GLYMA_19G131200|19:39177130-39177689:-,19,39177130,39177689,-,KRG95116,1,no,FLEP-seq;Iso-seq;ONT;ONT cDNA-seq,385,1512,363,1897,0.202952029520295,0.942857142857143,Glycine_max,high_confidence_IR
GLYMA_19G131700,GLYMA_19G131700.intron2,GLYMA_19G131700|19:39221308-39223178:-,19,39221308,39223178,-,KRG95122,1,no,FLEP-seq;Iso-seq;ONT;ONT cDNA-seq,191,86,142,277,0.689530685920578,0.743455497382199,Glycine_max,high_confidence_IR
GLYMA_19G132100,GLYMA_19G132100.intron1,GLYMA_19G132100|19:39272588-39274936:+,19,39272588,39274936,+,KRG95126,1,no,FLEP-seq;Iso-seq;ONT;ONT cDNA-seq,130,9,130,139,0.935251798561151,1,Glycine_max,high_confidence_IR
GLYMA_19G132300,GLYMA_19G132300.intron4,GLYMA_19G132300|19:39296144-39296853:-,19,39296144,39296853,-,KRG95132,1,yes,FLEP-seq;Iso-seq;ONT;ONT cDNA-seq,1601,71,1446,1672,0.957535885167464,0.903185509056839,Glycine_max,high_confidence_IR
GLYMA_19G140200,GLYMA_19G140200.intron1,GLYMA_19G140200|19:40169730-40169881:-,19,40169730,40169881,-,KRG95269,1,no,FLEP-seq;Iso-seq;ONT;ONT cDNA-seq,61,81,61,142,0.429577464788732,1,Glycine_max,high_confidence_IR
GLYMA_19G142400,GLYMA_19G142400.intron2,GLYMA_19G142400|19:40340290-40341079:-,19,40340290,40341079,-,KRG95305,1,yes,FLEP-seq;Iso-seq;ONT;ONT cDNA-seq,1320,17,1174,1337,0.987284966342558,0.889393939393939,Glycine_max,high_confidence_IR
GLYMA_19G142600,GLYMA_19G142600.intron1,GLYMA_19G142600|19:40370009-40371476:+,19,40370009,40371476,+,KRG95308,1,no,FLEP-seq;Iso-seq;ONT;ONT cDNA-seq,59,142,59,201,0.293532338308458,1,Glycine_max,high_confidence_IR
GLYMA_19G149400,GLYMA_19G149400.intron5,GLYMA_19G149400|19:40970759-40972108:+,19,40970759,40972108,+,KRG95409,1,yes,FLEP-seq;Iso-seq;ONT;ONT cDNA-seq,411,19,313,430,0.955813953488372,0.761557177615572,Glycine_max,high_confidence_IR
GLYMA_19G159500,GLYMA_19G159500.intron1,GLYMA_19G159500|19:42030359-42031058:+,19,42030359,42031058,+,KRG95588;KRG95589,2,no,FLEP-seq;Iso-seq;ONT;ONT cDNA-seq,20,71,20,91,0.21978021978022,1,Glycine_max,high_confidence_IR
GLYMA_19G161000,GLYMA_19G161000.intron3,GLYMA_19G161000|19:42173405-42173558:-,19,42173405,42173558,-,KRG95614,1,yes,FLEP-seq;Iso-seq;ONT;ONT cDNA-seq,936,19,869,955,0.980104712041885,0.928418803418803,Glycine_max,high_confidence_IR
GLYMA_19G168200,GLYMA_19G168200.intron3,GLYMA_19G168200|19:42910257-42910669:+,19,42910257,42910669,+,KRG95734,1,yes,FLEP-seq;Iso-seq;ONT;ONT cDNA-seq,145,112,107,257,0.56420233463035,0.737931034482759,Glycine_max,high_confidence_IR
GLYMA_19G170400,GLYMA_19G170400.intron4,GLYMA_19G170400|19:43115143-43115478:-,19,43115143,43115478,-,KRG95781,1,yes,FLEP-seq;Iso-seq;ONT;ONT cDNA-seq,321,14,277,335,0.958208955223881,0.862928348909657,Glycine_max,high_confidence_IR
GLYMA_19G176300,GLYMA_19G176300.intron1,GLYMA_19G176300|19:43621398-43621467:-,19,43621398,43621467,-,KRG95889,1,no,FLEP-seq;Iso-seq;ONT;ONT cDNA-seq,89,339,71,428,0.207943925233645,0.797752808988764,Glycine_max,high_confidence_IR
GLYMA_19G179800,GLYMA_19G179800.intron1,GLYMA_19G179800|19:43867780-43867903:-,19,43867780,43867903,-,KRG95952,1,no,FLEP-seq;Iso-seq;ONT;ONT cDNA-seq,23,61,23,84,0.273809523809524,1,Glycine_max,high_confidence_IR
GLYMA_19G180400,GLYMA_19G180400.intron3,GLYMA_19G180400|19:43926168-43926293:+,19,43926168,43926293,+,KRG95965,1,yes,FLEP-seq;Iso-seq;ONT;ONT cDNA-seq,123,8,109,131,0.938931297709924,0.886178861788618,Glycine_max,high_confidence_IR
GLYMA_19G181000,GLYMA_19G181000.intron1,GLYMA_19G181000|19:43982713-43982853:+,19,43982713,43982853,+,KRG95974,1,yes,FLEP-seq;Iso-seq;ONT;ONT cDNA-seq,316,6,316,322,0.981366459627329,1,Glycine_max,high_confidence_IR
GLYMA_19G181900,GLYMA_19G181900.intron1,GLYMA_19G181900|19:44049278-44049385:-,19,44049278,44049385,-,KRG95987,1,no,FLEP-seq;Iso-seq;ONT;ONT cDNA-seq,272,264,239,536,0.507462686567164,0.878676470588235,Glycine_max,high_confidence_IR
GLYMA_19G183000,GLYMA_19G183000.intron1,GLYMA_19G183000|19:44166249-44166368:+,19,44166249,44166368,+,KRG96002,1,yes,FLEP-seq;Iso-seq;ONT;ONT cDNA-seq,50,30,44,80,0.625,0.88,Glycine_max,high_confidence_IR
GLYMA_19G188200,GLYMA_19G188200.intron1,GLYMA_19G188200|19:44649281-44649417:-,19,44649281,44649417,-,KRG96079,1,yes,FLEP-seq;Iso-seq;ONT;ONT cDNA-seq,60,15,57,75,0.8,0.95,Glycine_max,high_confidence_IR
GLYMA_19G188300,GLYMA_19G188300.intron7,GLYMA_19G188300|19:44657333-44657417:+,19,44657333,44657417,+,KRG96081,1,yes,FLEP-seq;Iso-seq;ONT;ONT cDNA-seq,1762,95,1459,1857,0.948842218632203,0.828036322360953,Glycine_max,high_confidence_IR
GLYMA_19G192300,GLYMA_19G192300.intron1,GLYMA_19G192300|19:44957475-44958211:-,19,44957475,44958211,-,KRG96146,1,no,FLEP-seq;Iso-seq;ONT;ONT cDNA-seq,123,478,123,601,0.204658901830283,1,Glycine_max,high_confidence_IR
GLYMA_19G194900,GLYMA_19G194900.intron1,GLYMA_19G194900|19:45228100-45228501:+,19,45228100,45228501,+,KRG96198,1,no,FLEP-seq;Iso-seq;ONT;ONT cDNA-seq,68,81,68,149,0.456375838926175,1,Glycine_max,high_confidence_IR
GLYMA_19G195600,GLYMA_19G195600.intron2,GLYMA_19G195600|19:45275068-45276705:-,19,45275068,45276705,-,KRG96206,1,no,FLEP-seq;Iso-seq;ONT;ONT cDNA-seq,90,150,83,240,0.375,0.922222222222222,Glycine_max,high_confidence_IR
GLYMA_19G196300,GLYMA_19G196300.intron1,GLYMA_19G196300|19:45342633-45342704:+,19,45342633,45342704,+,KRG96217,1,no,FLEP-seq;Iso-seq;ONT;ONT cDNA-seq,251,551,194,802,0.312967581047382,0.772908366533865,Glycine_max,high_confidence_IR
GLYMA_19G199100,GLYMA_19G199100.intron1,GLYMA_19G199100|19:45624232-45624669:-,19,45624232,45624669,-,KRG96254,1,yes,FLEP-seq;Iso-seq;ONT;ONT cDNA-seq,49,119,46,168,0.291666666666667,0.938775510204082,Glycine_max,high_confidence_IR
GLYMA_19G201000,GLYMA_19G201000.intron2,GLYMA_19G201000|19:45806094-45806224:-,19,45806094,45806224,-,KRG96284,1,no,FLEP-seq;Iso-seq;ONT;ONT cDNA-seq,557,608,476,1165,0.478111587982833,0.854578096947935,Glycine_max,high_confidence_IR
GLYMA_19G201200,GLYMA_19G201200.intron1,GLYMA_19G201200|19:45833737-45833877:+,19,45833737,45833877,+,KRG96286,1,no,FLEP-seq;Iso-seq;ONT;ONT cDNA-seq,17,19,17,36,0.472222222222222,1,Glycine_max,high_confidence_IR
GLYMA_19G201400,GLYMA_19G201400.intron6,GLYMA_19G201400|19:45859685-45860005:+,19,45859685,45860005,+,KRG96293,1,yes,FLEP-seq;Iso-seq;ONT;ONT cDNA-seq,27,59,20,86,0.313953488372093,0.740740740740741,Glycine_max,high_confidence_IR
GLYMA_19G203700,GLYMA_19G203700.intron1,GLYMA_19G203700|19:46012850-46012938:-,19,46012850,46012938,-,KRG96333,1,no,FLEP-seq;Iso-seq;ONT;ONT cDNA-seq,6,7,6,13,0.461538461538462,1,Glycine_max,high_confidence_IR
GLYMA_19G214400,GLYMA_19G214400.intron1,GLYMA_19G214400|19:46765195-46765297:-,19,46765195,46765297,-,KRG96496;KRG96497,2,no,FLEP-seq;Iso-seq;ONT;ONT cDNA-seq,58,6,58,64,0.90625,1,Glycine_max,high_confidence_IR
GLYMA_19G218200,GLYMA_19G218200.intron3,GLYMA_19G218200|19:47090446-47090847:+,19,47090446,47090847,+,KRG96553,1,no,FLEP-seq;Iso-seq;ONT;ONT cDNA-seq,620,1041,436,1661,0.373269114990969,0.703225806451613,Glycine_max,high_confidence_IR
GLYMA_19G218500,GLYMA_19G218500.intron14,GLYMA_19G218500|19:47107195-47107342:-,19,47107195,47107342,-,KRG96557,1,yes,FLEP-seq;Iso-seq;ONT;ONT cDNA-seq,332,511,264,843,0.393831553973903,0.795180722891566,Glycine_max,high_confidence_IR
GLYMA_19G221700,GLYMA_19G221700.intron4,GLYMA_19G221700|19:47352717-47352782:-,19,47352717,47352782,-,KRG96610,1,yes,FLEP-seq;Iso-seq;ONT;ONT cDNA-seq,127,15,92,142,0.894366197183099,0.724409448818898,Glycine_max,high_confidence_IR
GLYMA_19G224200,GLYMA_19G224200.intron2,GLYMA_19G224200|19:47637656-47638045:+,19,47637656,47638045,+,KRG96653;KRG96654,2,no,FLEP-seq;Iso-seq;ONT;ONT cDNA-seq,70,273,58,343,0.204081632653061,0.828571428571429,Glycine_max,high_confidence_IR
GLYMA_19G224800,GLYMA_19G224800.intron2,GLYMA_19G224800|19:47701990-47702132:+,19,47701990,47702132,+,KRG96664,1,no,FLEP-seq;Iso-seq;ONT;ONT cDNA-seq,1370,171,1349,1541,0.889033095392602,0.984671532846715,Glycine_max,high_confidence_IR
GLYMA_19G225300,GLYMA_19G225300.intron1,GLYMA_19G225300|19:47733378-47733802:+,19,47733378,47733802,+,KRG96669,1,no,FLEP-seq;Iso-seq;ONT;ONT cDNA-seq,65,8,65,73,0.89041095890411,1,Glycine_max,high_confidence_IR
GLYMA_19G225400,GLYMA_19G225400.intron3,GLYMA_19G225400|19:47741420-47741667:+,19,47741420,47741667,+,KRG96670;KRG96671;KRG96672,3,no,FLEP-seq;Iso-seq;ONT;ONT cDNA-seq,1242,200,1031,1442,0.86130374479889,0.830112721417069,Glycine_max,high_confidence_IR
GLYMA_19G227800,GLYMA_19G227800.intron2,GLYMA_19G227800|19:47912921-47913532:+,19,47912921,47913532,+,KRG96711,1,yes,FLEP-seq;Iso-seq;ONT;ONT cDNA-seq,2077,35,1968,2112,0.98342803030303,0.947520462205104,Glycine_max,high_confidence_IR
GLYMA_19G229700,GLYMA_19G229700.intron1,GLYMA_19G229700|19:48069582-48069695:+,19,48069582,48069695,+,KRG96740;KRG96741;KRG96742,3,no,FLEP-seq;Iso-seq;ONT;ONT cDNA-seq,1039,3342,829,4381,0.237160465647113,0.797882579403272,Glycine_max,high_confidence_IR
GLYMA_19G230200,GLYMA_19G230200.intron1,GLYMA_19G230200|19:48103548-48104046:+,19,48103548,48104046,+,KRG96747,1,yes,FLEP-seq;Iso-seq;ONT;ONT cDNA-seq,718,191,569,909,0.78987898789879,0.792479108635098,Glycine_max,high_confidence_IR
GLYMA_19G232400,GLYMA_19G232400.intron3,GLYMA_19G232400|19:48255830-48257081:-,19,48255830,48257081,-,KRG96780,1,yes,FLEP-seq;Iso-seq;ONT;ONT cDNA-seq,8036,24,7493,8060,0.997022332506203,0.932429069188651,Glycine_max,high_confidence_IR
GLYMA_19G240200,GLYMA_19G240200.intron4,GLYMA_19G240200|19:48813128-48813636:-,19,48813128,48813636,-,KRG96905,1,yes,FLEP-seq;Iso-seq;ONT;ONT cDNA-seq,743,65,673,808,0.919554455445545,0.90578734858681,Glycine_max,high_confidence_IR
GLYMA_19G243700,GLYMA_19G243700.intron2,GLYMA_19G243700|19:49118186-49118377:-,19,49118186,49118377,-,KRG96957,1,no,FLEP-seq;Iso-seq;ONT;ONT cDNA-seq,47,68,37,115,0.408695652173913,0.787234042553192,Glycine_max,high_confidence_IR
GLYMA_19G247700,GLYMA_19G247700.intron6,GLYMA_19G247700|19:49383781-49385117:+,19,49383781,49385117,+,KRG97036,1,yes,FLEP-seq;Iso-seq;ONT;ONT cDNA-seq,553,16,430,569,0.971880492091388,0.777576853526221,Glycine_max,high_confidence_IR
GLYMA_19G250700,GLYMA_19G250700.intron1,GLYMA_19G250700|19:49670143-49670234:+,19,49670143,49670234,+,KRG97080,1,no,FLEP-seq;Iso-seq;ONT;ONT cDNA-seq,216,848,216,1064,0.203007518796992,1,Glycine_max,high_confidence_IR
GLYMA_19G252100,GLYMA_19G252100.intron1,GLYMA_19G252100|19:49765825-49765898:+,19,49765825,49765898,+,KRG97102,1,yes,FLEP-seq;Iso-seq;ONT;ONT cDNA-seq,3428,14,3428,3442,0.995932597327135,1,Glycine_max,high_confidence_IR
GLYMA_19G255000,GLYMA_19G255000.intron1,GLYMA_19G255000|19:49968329-49968735:-,19,49968329,49968735,-,KRG97158,1,no,FLEP-seq;Iso-seq;ONT;ONT cDNA-seq,10,26,10,36,0.277777777777778,1,Glycine_max,high_confidence_IR
GLYMA_19G255100,GLYMA_19G255100.intron1,GLYMA_19G255100|19:49972122-49973997:+,19,49972122,49973997,+,KRG97159;KRG97160,2,yes,FLEP-seq;Iso-seq;ONT;ONT cDNA-seq,157,99,120,256,0.61328125,0.764331210191083,Glycine_max,high_confidence_IR
GLYMA_19G257300,GLYMA_19G257300.intron1,GLYMA_19G257300|19:50125042-50125473:-,19,50125042,50125473,-,KRG97207,1,no,FLEP-seq;Iso-seq;ONT;ONT cDNA-seq,17,62,17,79,0.215189873417722,1,Glycine_max,high_confidence_IR
GLYMA_19G262700,GLYMA_19G262700.intron1,GLYMA_19G262700|19:50544480-50544591:+,19,50544480,50544591,+,KRG97290,1,no,FLEP-seq;Iso-seq;ONT;ONT cDNA-seq,497,179,497,676,0.735207100591716,1,Glycine_max,high_confidence_IR
GLYMA_19G263600,GLYMA_19G263600.intron2,GLYMA_19G263600|19:50631872-50635300:+,19,50631872,50635300,+,KRG97306,1,yes,FLEP-seq;Iso-seq;ONT;ONT cDNA-seq,1690,24,1351,1714,0.985997666277713,0.799408284023669,Glycine_max,high_confidence_IR
GLYMA_19G264200,GLYMA_19G264200.intron3,GLYMA_19G264200|19:50732459-50732739:-,19,50732459,50732739,-,KRG97313,1,yes,FLEP-seq;Iso-seq;ONT;ONT cDNA-seq,784,24,711,808,0.97029702970297,0.906887755102041,Glycine_max,high_confidence_IR
GLYMA_02G000300,GLYMA_02G000300.intron3,GLYMA_02G000300|2:28134-28283:+,2,28134,28283,+,KRH69046,1,no,FLEP-seq;Iso-seq;ONT;ONT cDNA-seq,147,27,133,174,0.844827586206897,0.904761904761905,Glycine_max,high_confidence_IR
GLYMA_02G000800,GLYMA_02G000800.intron2,GLYMA_02G000800|2:90107-90310:+,2,90107,90310,+,KRH69051,1,no,FLEP-seq;Iso-seq;ONT;ONT cDNA-seq,195,318,163,513,0.380116959064327,0.835897435897436,Glycine_max,high_confidence_IR
GLYMA_02G005700,GLYMA_02G005700.intron3,GLYMA_02G005700|2:628691-628765:+,2,628691,628765,+,KRH69123,1,yes,FLEP-seq;Iso-seq;ONT;ONT cDNA-seq,338,83,284,421,0.802850356294537,0.840236686390533,Glycine_max,high_confidence_IR
GLYMA_02G007000,GLYMA_02G007000.intron2,GLYMA_02G007000|2:744382-744475:-,2,744382,744475,-,KRH69138,1,no,FLEP-seq;Iso-seq;ONT;ONT cDNA-seq,7,8,6,15,0.466666666666667,0.857142857142857,Glycine_max,high_confidence_IR
GLYMA_02G010200,GLYMA_02G010200.intron3,GLYMA_02G010200|2:979990-980490:+,2,979990,980490,+,KRH69183,1,yes,FLEP-seq;Iso-seq;ONT;ONT cDNA-seq,384,9,301,393,0.977099236641221,0.783854166666667,Glycine_max,high_confidence_IR
GLYMA_02G011700,GLYMA_02G011700.intron1,GLYMA_02G011700|2:1079076-1079208:-,2,1079076,1079208,-,KRH69209,1,no,FLEP-seq;Iso-seq;ONT;ONT cDNA-seq,178,50,178,228,0.780701754385965,1,Glycine_max,high_confidence_IR
GLYMA_02G019100,GLYMA_02G019100.intron1,GLYMA_02G019100|2:1683404-1683531:+,2,1683404,1683531,+,KRH69308,1,yes,FLEP-seq;Iso-seq;ONT;ONT cDNA-seq,811,943,633,1754,0.462371721778791,0.780517879161529,Glycine_max,high_confidence_IR
GLYMA_02G021500,GLYMA_02G021500.intron3,GLYMA_02G021500|2:1905660-1905729:-,2,1905660,1905729,-,KRH69356,1,no,FLEP-seq;Iso-seq;ONT;ONT cDNA-seq,183,250,144,433,0.422632794457275,0.786885245901639,Glycine_max,high_confidence_IR
GLYMA_02G023900,GLYMA_02G023900.intron1,GLYMA_02G023900|2:2142248-2142447:+,2,2142248,2142447,+,KRH69392,1,no,FLEP-seq;Iso-seq;ONT;ONT cDNA-seq,514,861,514,1375,0.373818181818182,1,Glycine_max,high_confidence_IR
GLYMA_02G024100,GLYMA_02G024100.intron2,GLYMA_02G024100|2:2146561-2149255:-,2,2146561,2149255,-,KRH69394,1,yes,FLEP-seq;Iso-seq;ONT;ONT cDNA-seq,31,5,30,36,0.861111111111111,0.967741935483871,Glycine_max,high_confidence_IR
GLYMA_02G032600,GLYMA_02G032600.intron6,GLYMA_02G032600|2:2983956-2984524:-,2,2983956,2984524,-,KRH69518,1,yes,FLEP-seq;Iso-seq;ONT;ONT cDNA-seq,106,9,89,115,0.921739130434783,0.839622641509434,Glycine_max,high_confidence_IR
GLYMA_02G038400,GLYMA_02G038400.intron1,GLYMA_02G038400|2:3577606-3577875:-,2,3577606,3577875,-,KRH69628,1,no,FLEP-seq;Iso-seq;ONT;ONT cDNA-seq,87,35,87,122,0.713114754098361,1,Glycine_max,high_confidence_IR
GLYMA_02G040000,GLYMA_02G040000.intron3,GLYMA_02G040000|2:3753684-3753985:+,2,3753684,3753985,+,KRH69649,1,yes,FLEP-seq;Iso-seq;ONT;ONT cDNA-seq,725,266,621,991,0.731584258324924,0.856551724137931,Glycine_max,high_confidence_IR
GLYMA_02G040800,GLYMA_02G040800.intron1,GLYMA_02G040800|2:3835433-3835835:-,2,3835433,3835835,-,KRH69659,1,no,FLEP-seq;Iso-seq;ONT;ONT cDNA-seq,234,44,234,278,0.841726618705036,1,Glycine_max,high_confidence_IR
GLYMA_02G041500,GLYMA_02G041500.intron7,GLYMA_02G041500|2:3907405-3907650:+,2,3907405,3907650,+,KRH69675,1,yes,FLEP-seq;Iso-seq;ONT;ONT cDNA-seq,1184,191,865,1375,0.861090909090909,0.730574324324324,Glycine_max,high_confidence_IR
GLYMA_02G044700,GLYMA_02G044700.intron3,GLYMA_02G044700|2:4137198-4139159:-,2,4137198,4139159,-,KRH69724,1,yes,FLEP-seq;Iso-seq;ONT;ONT cDNA-seq,1676,9,1515,1685,0.994658753709199,0.903937947494033,Glycine_max,high_confidence_IR
GLYMA_02G048400,GLYMA_02G048400.intron2,GLYMA_02G048400|2:4442233-4443630:-,2,4442233,4443630,-,KRH69783,1,yes,FLEP-seq;Iso-seq;ONT;ONT cDNA-seq,3490,165,3405,3655,0.954856361149111,0.975644699140401,Glycine_max,high_confidence_IR
GLYMA_02G051400,GLYMA_02G051400.intron4,GLYMA_02G051400|2:4657900-4658041:-,2,4657900,4658041,-,KRH69826,1,yes,FLEP-seq;Iso-seq;ONT;ONT cDNA-seq,213,11,158,224,0.950892857142857,0.741784037558685,Glycine_max,high_confidence_IR
GLYMA_02G051600,GLYMA_02G051600.intron2,GLYMA_02G051600|2:4680790-4681354:+,2,4680790,4681354,+,KRH69830;KRH69832;KRH69833,3,yes,FLEP-seq;Iso-seq;ONT;ONT cDNA-seq,112,11,87,123,0.910569105691057,0.776785714285714,Glycine_max,high_confidence_IR
GLYMA_02G055400,GLYMA_02G055400.intron4,GLYMA_02G055400|2:5003216-5003306:-,2,5003216,5003306,-,KRH69897,1,yes,FLEP-seq;Iso-seq;ONT;ONT cDNA-seq,1869,18,1509,1887,0.990461049284579,0.807383627608347,Glycine_max,high_confidence_IR
GLYMA_02G055800,GLYMA_02G055800.intron1,GLYMA_02G055800|2:5023819-5024326:+,2,5023819,5024326,+,KRH69902,1,no,FLEP-seq;Iso-seq;ONT;ONT cDNA-seq,14,9,14,23,0.608695652173913,1,Glycine_max,high_confidence_IR
GLYMA_02G059200,GLYMA_02G059200.intron1,GLYMA_02G059200|2:5330787-5333747:+,2,5330787,5333747,+,KRH69955,1,no,FLEP-seq;Iso-seq;ONT;ONT cDNA-seq,94,332,94,426,0.220657276995305,1,Glycine_max,high_confidence_IR
GLYMA_02G059800,GLYMA_02G059800.intron4,GLYMA_02G059800|2:5385089-5386371:-,2,5385089,5386371,-,KRH69963,1,no,FLEP-seq;Iso-seq;ONT;ONT cDNA-seq,2537,8,1995,2545,0.996856581532417,0.786361844698463,Glycine_max,high_confidence_IR
GLYMA_02G060200,GLYMA_02G060200.intron1,GLYMA_02G060200|2:5458861-5460720:-,2,5458861,5460720,-,RCW19508,1,no,FLEP-seq;Iso-seq;ONT;ONT cDNA-seq,525,16,525,541,0.970425138632163,1,Glycine_max,high_confidence_IR
GLYMA_02G061400,GLYMA_02G061400.intron4,GLYMA_02G061400|2:5565826-5566163:-,2,5565826,5566163,-,KRH69996,1,yes,FLEP-seq;Iso-seq;ONT;ONT cDNA-seq,88,6,63,94,0.936170212765957,0.715909090909091,Glycine_max,high_confidence_IR
GLYMA_02G063400,GLYMA_02G063400.intron2,GLYMA_02G063400|2:5688699-5689694:-,2,5688699,5689694,-,KRH70028,1,yes,FLEP-seq;Iso-seq;ONT;ONT cDNA-seq,54,35,52,89,0.606741573033708,0.962962962962963,Glycine_max,high_confidence_IR
GLYMA_02G070800,GLYMA_02G070800.intron1,GLYMA_02G070800|2:6237857-6238377:+,2,6237857,6238377,+,KRH70132,1,yes,FLEP-seq;Iso-seq;ONT;ONT cDNA-seq,6,12,6,18,0.333333333333333,1,Glycine_max,high_confidence_IR
GLYMA_02G073100,GLYMA_02G073100.intron1,GLYMA_02G073100|2:6395578-6395692:+,2,6395578,6395692,+,RCW19509;RCW19510;RCW19511,3,no,FLEP-seq;Iso-seq;ONT;ONT cDNA-seq,276,39,276,315,0.876190476190476,1,Glycine_max,high_confidence_IR
GLYMA_02G074400,GLYMA_02G074400.intron1,GLYMA_02G074400|2:6503102-6503209:+,2,6503102,6503209,+,KRH70196,1,no,FLEP-seq;Iso-seq;ONT;ONT cDNA-seq,47,58,47,105,0.447619047619048,1,Glycine_max,high_confidence_IR
GLYMA_02G078500,GLYMA_02G078500.intron5,GLYMA_02G078500|2:6769545-6770261:+,2,6769545,6770261,+,KRH70249;KRH70250,2,no,FLEP-seq;Iso-seq;ONT;ONT cDNA-seq,2262,4351,1980,6613,0.342053530923938,0.875331564986737,Glycine_max,high_confidence_IR
GLYMA_02G081100,GLYMA_02G081100.intron2,GLYMA_02G081100|2:7009215-7009322:-,2,7009215,7009322,-,KRH70287,1,yes,FLEP-seq;Iso-seq;ONT;ONT cDNA-seq,3008,17,2953,3025,0.994380165289256,0.981715425531915,Glycine_max,high_confidence_IR
GLYMA_02G081600,GLYMA_02G081600.intron1,GLYMA_02G081600|2:7054491-7055306:-,2,7054491,7055306,-,KRH70297,1,no,FLEP-seq;Iso-seq;ONT;ONT cDNA-seq,156,108,156,264,0.590909090909091,1,Glycine_max,high_confidence_IR
GLYMA_02G083800,GLYMA_02G083800.intron1,GLYMA_02G083800|2:7300464-7302159:-,2,7300464,7302159,-,KRH70328,1,no,FLEP-seq;Iso-seq;ONT;ONT cDNA-seq,114,426,98,540,0.211111111111111,0.859649122807018,Glycine_max,high_confidence_IR
GLYMA_02G084400,GLYMA_02G084400.intron2,GLYMA_02G084400|2:7355259-7355324:+,2,7355259,7355324,+,KRH70338,1,no,FLEP-seq;Iso-seq;ONT;ONT cDNA-seq,176,508,153,684,0.257309941520468,0.869318181818182,Glycine_max,high_confidence_IR
GLYMA_02G085800,GLYMA_02G085800.intron1,GLYMA_02G085800|2:7479829-7479989:-,2,7479829,7479989,-,KRH70358,1,no,FLEP-seq;Iso-seq;ONT;ONT cDNA-seq,195,728,195,923,0.211267605633803,1,Glycine_max,high_confidence_IR
GLYMA_02G086000,GLYMA_02G086000.intron5,GLYMA_02G086000|2:7491456-7492680:+,2,7491456,7492680,+,KRH70362,1,yes,FLEP-seq;Iso-seq;ONT;ONT cDNA-seq,2465,278,2270,2743,0.898651111921254,0.920892494929006,Glycine_max,high_confidence_IR
GLYMA_02G086600,GLYMA_02G086600.intron2,GLYMA_02G086600|2:7541694-7543352:-,2,7541694,7543352,-,KRH70368,1,yes,FLEP-seq;Iso-seq;ONT;ONT cDNA-seq,991,118,726,1109,0.893597835888188,0.732593340060545,Glycine_max,high_confidence_IR
GLYMA_02G095700,GLYMA_02G095700.intron3,GLYMA_02G095700|2:8620926-8621217:+,2,8620926,8621217,+,KRH70528,1,yes,FLEP-seq;Iso-seq;ONT;ONT cDNA-seq,345,26,299,371,0.929919137466307,0.866666666666667,Glycine_max,high_confidence_IR
GLYMA_02G097100,GLYMA_02G097100.intron3,GLYMA_02G097100|2:8722859-8723368:-,2,8722859,8723368,-,KRH70552,1,yes,FLEP-seq;Iso-seq;ONT;ONT cDNA-seq,15,24,13,39,0.384615384615385,0.866666666666667,Glycine_max,high_confidence_IR
GLYMA_02G102000,GLYMA_02G102000.intron1,GLYMA_02G102000|2:9671874-9673065:+,2,9671874,9673065,+,KRH70640,1,no,FLEP-seq;Iso-seq;ONT;ONT cDNA-seq,38,10,38,48,0.791666666666667,1,Glycine_max,high_confidence_IR
GLYMA_02G102600,GLYMA_02G102600.intron4,GLYMA_02G102600|2:9712457-9712534:-,2,9712457,9712534,-,KRH70649,1,no,FLEP-seq;Iso-seq;ONT;ONT cDNA-seq,135,311,101,446,0.302690582959641,0.748148148148148,Glycine_max,high_confidence_IR
GLYMA_02G106200,GLYMA_02G106200.intron1,GLYMA_02G106200|2:10129276-10129376:-,2,10129276,10129376,-,KRH70709,1,no,FLEP-seq;Iso-seq;ONT;ONT cDNA-seq,6,24,6,30,0.2,1,Glycine_max,high_confidence_IR
GLYMA_02G107800,GLYMA_02G107800.intron5,GLYMA_02G107800|2:10286010-10286868:-,2,10286010,10286868,-,KRH70730;KRH70731;KRH70732,3,yes,FLEP-seq;Iso-seq;ONT;ONT cDNA-seq,15,7,12,22,0.681818181818182,0.8,Glycine_max,high_confidence_IR
GLYMA_02G109200,GLYMA_02G109200.intron3,GLYMA_02G109200|2:10484963-10485735:-,2,10484963,10485735,-,KRH70755,1,yes,FLEP-seq;Iso-seq;ONT;ONT cDNA-seq,560,24,503,584,0.958904109589041,0.898214285714286,Glycine_max,high_confidence_IR
GLYMA_02G110000,GLYMA_02G110000.intron2,GLYMA_02G110000|2:10569270-10569394:+,2,10569270,10569394,+,KRH70776,1,no,FLEP-seq;Iso-seq;ONT;ONT cDNA-seq,20,27,16,47,0.425531914893617,0.8,Glycine_max,high_confidence_IR
GLYMA_02G117100,GLYMA_02G117100.intron5,GLYMA_02G117100|2:11401962-11402069:-,2,11401962,11402069,-,KRH70907,1,no,FLEP-seq;Iso-seq;ONT;ONT cDNA-seq,201,619,156,820,0.245121951219512,0.776119402985075,Glycine_max,high_confidence_IR
GLYMA_02G121300,GLYMA_02G121300.intron2,GLYMA_02G121300|2:12007908-12010772:-,2,12007908,12010772,-,KRH70968;KRH70969;KRH70970;KRH70971,4,no,FLEP-seq;Iso-seq;ONT;ONT cDNA-seq,531,701,461,1232,0.431006493506494,0.868173258003766,Glycine_max,high_confidence_IR
GLYMA_02G121800,GLYMA_02G121800.intron1,GLYMA_02G121800|2:12106385-12106476:+,2,12106385,12106476,+,KRH70976,1,yes,FLEP-seq;Iso-seq;ONT;ONT cDNA-seq,23,36,20,59,0.389830508474576,0.869565217391304,Glycine_max,high_confidence_IR
GLYMA_02G124600,GLYMA_02G124600.intron4,GLYMA_02G124600|2:12463546-12463991:+,2,12463546,12463991,+,KRH71022,1,no,FLEP-seq;Iso-seq;ONT;ONT cDNA-seq,854,1088,791,1942,0.439752832131823,0.926229508196721,Glycine_max,high_confidence_IR
GLYMA_02G130600,GLYMA_02G130600.intron5,GLYMA_02G130600|2:13410887-13410975:-,2,13410887,13410975,-,KRH71117,1,yes,FLEP-seq;Iso-seq;ONT;ONT cDNA-seq,120,15,90,135,0.888888888888889,0.75,Glycine_max,high_confidence_IR
GLYMA_02G131600,GLYMA_02G131600.intron1,GLYMA_02G131600|2:13578129-13579092:+,2,13578129,13579092,+,KRH71131,1,yes,FLEP-seq;Iso-seq;ONT;ONT cDNA-seq,16,7,13,23,0.695652173913043,0.8125,Glycine_max,high_confidence_IR
GLYMA_02G140100,GLYMA_02G140100.intron3,GLYMA_02G140100|2:14531763-14532967:+,2,14531763,14532967,+,KRH71305,1,yes,FLEP-seq;Iso-seq;ONT;ONT cDNA-seq,870,27,719,897,0.969899665551839,0.826436781609195,Glycine_max,high_confidence_IR
GLYMA_02G141400,GLYMA_02G141400.intron1,GLYMA_02G141400|2:14621414-14622036:+,2,14621414,14622036,+,KRH71325,1,no,FLEP-seq;Iso-seq;ONT;ONT cDNA-seq,1069,326,1069,1395,0.766308243727599,1,Glycine_max,high_confidence_IR
GLYMA_02G144900,GLYMA_02G144900.intron1,GLYMA_02G144900|2:14947693-14947831:-,2,14947693,14947831,-,KRH71382;KRH71383,2,no,FLEP-seq;Iso-seq;ONT;ONT cDNA-seq,127,204,127,331,0.38368580060423,1,Glycine_max,high_confidence_IR
GLYMA_02G146100,GLYMA_02G146100.intron1,GLYMA_02G146100|2:15081352-15081454:+,2,15081352,15081454,+,KRH71405,1,no,FLEP-seq;Iso-seq;ONT;ONT cDNA-seq,104,354,104,458,0.22707423580786,1,Glycine_max,high_confidence_IR
GLYMA_02G147000,GLYMA_02G147000.intron5,GLYMA_02G147000|2:15171273-15172278:-,2,15171273,15172278,-,KRH71420;KRH71421,2,yes,FLEP-seq;Iso-seq;ONT;ONT cDNA-seq,4288,293,3840,4581,0.936040165902641,0.895522388059702,Glycine_max,high_confidence_IR
GLYMA_02G148100,GLYMA_02G148100.intron1,GLYMA_02G148100|2:15278351-15278958:-,2,15278351,15278958,-,KRH71436,1,yes,FLEP-seq;Iso-seq;ONT;ONT cDNA-seq,79,14,79,93,0.849462365591398,1,Glycine_max,high_confidence_IR
GLYMA_02G150100,GLYMA_02G150100.intron4,GLYMA_02G150100|2:15428032-15428329:-,2,15428032,15428329,-,KRH71477,1,yes,FLEP-seq;Iso-seq;ONT;ONT cDNA-seq,686,32,639,718,0.955431754874652,0.931486880466472,Glycine_max,high_confidence_IR
GLYMA_02G153500,GLYMA_02G153500.intron1,GLYMA_02G153500|2:15762447-15764270:-,2,15762447,15764270,-,KRH71541,1,yes,FLEP-seq;Iso-seq;ONT;ONT cDNA-seq,16,58,15,74,0.216216216216216,0.9375,Glycine_max,high_confidence_IR
GLYMA_02G157700,GLYMA_02G157700.intron16,GLYMA_02G157700|2:17065156-17065376:-,2,17065156,17065376,-,KRH71593,1,yes,FLEP-seq;Iso-seq;ONT;ONT cDNA-seq,309,22,223,331,0.933534743202417,0.72168284789644,Glycine_max,high_confidence_IR
GLYMA_02G158400,GLYMA_02G158400.intron1,GLYMA_02G158400|2:17320088-17320239:+,2,17320088,17320239,+,KRH71610,1,no,FLEP-seq;Iso-seq;ONT;ONT cDNA-seq,220,22,220,242,0.909090909090909,1,Glycine_max,high_confidence_IR
GLYMA_02G159500,GLYMA_02G159500.intron4,GLYMA_02G159500|2:17749268-17755202:+,2,17749268,17755202,+,KRH71627;KRH71629,2,yes,FLEP-seq;Iso-seq;ONT;ONT cDNA-seq,520,54,378,574,0.905923344947735,0.726923076923077,Glycine_max,high_confidence_IR
GLYMA_02G168000,GLYMA_02G168000.intron3,GLYMA_02G168000|2:25884718-25885211:+,2,25884718,25885211,+,KRH71770,1,yes,FLEP-seq;Iso-seq;ONT;ONT cDNA-seq,1924,766,1491,2690,0.715241635687732,0.774948024948025,Glycine_max,high_confidence_IR
GLYMA_02G168100,GLYMA_02G168100.intron1,GLYMA_02G168100|2:25904075-25904437:-,2,25904075,25904437,-,KRH71771,1,yes,FLEP-seq;Iso-seq;ONT;ONT cDNA-seq,11,5,10,16,0.6875,0.909090909090909,Glycine_max,high_confidence_IR
GLYMA_02G170300,GLYMA_02G170300.intron1,GLYMA_02G170300|2:26380358-26380502:+,2,26380358,26380502,+,KRH71810,1,no,FLEP-seq;Iso-seq;ONT;ONT cDNA-seq,434,1161,340,1595,0.272100313479624,0.783410138248848,Glycine_max,high_confidence_IR
GLYMA_02G172300,GLYMA_02G172300.intron1,GLYMA_02G172300|2:27327488-27327588:-,2,27327488,27327588,-,KRH71841,1,no,FLEP-seq;Iso-seq;ONT;ONT cDNA-seq,38,66,38,104,0.365384615384615,1,Glycine_max,high_confidence_IR
GLYMA_02G174600,GLYMA_02G174600.intron1,GLYMA_02G174600|2:27957242-27957725:-,2,27957242,27957725,-,KRH71877,1,no,FLEP-seq;Iso-seq;ONT;ONT cDNA-seq,296,15,296,311,0.951768488745981,1,Glycine_max,high_confidence_IR
GLYMA_02G179400,GLYMA_02G179400.intron1,GLYMA_02G179400|2:30408494-30408638:-,2,30408494,30408638,-,KRH71936,1,no,FLEP-seq;Iso-seq;ONT;ONT cDNA-seq,9,12,9,21,0.428571428571429,1,Glycine_max,high_confidence_IR
GLYMA_02G184400,GLYMA_02G184400.intron1,GLYMA_02G184400|2:32185720-32186750:-,2,32185720,32186750,-,KRH72001,1,no,FLEP-seq;Iso-seq;ONT;ONT cDNA-seq,47,7,47,54,0.87037037037037,1,Glycine_max,high_confidence_IR
GLYMA_02G188000,GLYMA_02G188000.intron1,GLYMA_02G188000|2:34825809-34826408:+,2,34825809,34826408,+,KRH72048,1,no,FLEP-seq;Iso-seq;ONT;ONT cDNA-seq,45,78,45,123,0.365853658536585,1,Glycine_max,high_confidence_IR
GLYMA_02G188500,GLYMA_02G188500.intron1,GLYMA_02G188500|2:35064501-35065412:-,2,35064501,35065412,-,KRH72056,1,no,FLEP-seq;Iso-seq;ONT;ONT cDNA-seq,22,35,22,57,0.385964912280702,1,Glycine_max,high_confidence_IR
GLYMA_02G192600,GLYMA_02G192600.intron4,GLYMA_02G192600|2:36418181-36418592:-,2,36418181,36418592,-,KRH72123;KRH72124,2,yes,FLEP-seq;Iso-seq;ONT;ONT cDNA-seq,1230,70,880,1300,0.946153846153846,0.715447154471545,Glycine_max,high_confidence_IR
GLYMA_02G193700,GLYMA_02G193700.intron1,GLYMA_02G193700|2:36673142-36673342:+,2,36673142,36673342,+,KRH72142,1,no,FLEP-seq;Iso-seq;ONT;ONT cDNA-seq,428,1096,337,1524,0.280839895013123,0.787383177570093,Glycine_max,high_confidence_IR
GLYMA_02G195000,GLYMA_02G195000.intron1,GLYMA_02G195000|2:36852945-36854595:+,2,36852945,36854595,+,KRH72161;KRH72162;KRH72163;KRH72164;KRH72165,5,yes,FLEP-seq;Iso-seq;ONT;ONT cDNA-seq,471,829,455,1300,0.362307692307692,0.966029723991507,Glycine_max,high_confidence_IR
GLYMA_02G199300,GLYMA_02G199300.intron1,GLYMA_02G199300|2:38246209-38246588:+,2,38246209,38246588,+,KRH72226,1,no,FLEP-seq;Iso-seq;ONT;ONT cDNA-seq,100,12,100,112,0.892857142857143,1,Glycine_max,high_confidence_IR
GLYMA_02G200000,GLYMA_02G200000.intron1,GLYMA_02G200000|2:38337875-38337955:+,2,38337875,38337955,+,KRH72237,1,yes,FLEP-seq;Iso-seq;ONT;ONT cDNA-seq,216,13,216,229,0.943231441048035,1,Glycine_max,high_confidence_IR
GLYMA_02G202700,GLYMA_02G202700.intron3,GLYMA_02G202700|2:38778445-38778773:-,2,38778445,38778773,-,KRH72282,1,yes,FLEP-seq;Iso-seq;ONT;ONT cDNA-seq,593,1560,553,2153,0.275429633070135,0.932546374367622,Glycine_max,high_confidence_IR
GLYMA_02G206700,GLYMA_02G206700.intron3,GLYMA_02G206700|2:39169254-39171031:-,2,39169254,39171031,-,KRH72346,1,yes,FLEP-seq;Iso-seq;ONT;ONT cDNA-seq,1670,30,1554,1700,0.982352941176471,0.930538922155689,Glycine_max,high_confidence_IR
GLYMA_02G207000,GLYMA_02G207000.intron4,GLYMA_02G207000|2:39180473-39180596:-,2,39180473,39180596,-,KRH72351,1,yes,FLEP-seq;Iso-seq;ONT;ONT cDNA-seq,2933,258,2473,3191,0.919147602632404,0.843163995908626,Glycine_max,high_confidence_IR
GLYMA_02G207900,GLYMA_02G207900.intron5,GLYMA_02G207900|2:39271161-39272035:-,2,39271161,39272035,-,KRH72375,1,yes,FLEP-seq;Iso-seq;ONT;ONT cDNA-seq,246,5,229,251,0.9800796812749,0.930894308943089,Glycine_max,high_confidence_IR
GLYMA_02G210000,GLYMA_02G210000.intron3,GLYMA_02G210000|2:39521636-39527775:-,2,39521636,39527775,-,KRH72404,1,yes,FLEP-seq;Iso-seq;ONT;ONT cDNA-seq,189,27,176,216,0.875,0.931216931216931,Glycine_max,high_confidence_IR
GLYMA_02G216500,GLYMA_02G216500.intron2,GLYMA_02G216500|2:40331735-40334175:-,2,40331735,40334175,-,KRH72487,1,yes,FLEP-seq;Iso-seq;ONT;ONT cDNA-seq,472,23,432,495,0.953535353535354,0.915254237288136,Glycine_max,high_confidence_IR
GLYMA_02G219800,GLYMA_02G219800.intron1,GLYMA_02G219800|2:40784159-40784667:-,2,40784159,40784667,-,KRH72555,1,no,FLEP-seq;Iso-seq;ONT;ONT cDNA-seq,53,54,53,107,0.495327102803738,1,Glycine_max,high_confidence_IR
GLYMA_02G221600,GLYMA_02G221600.intron1,GLYMA_02G221600|2:40923504-40924040:+,2,40923504,40924040,+,KRH72587;KRH72588;KRH72589,3,no,FLEP-seq;Iso-seq;ONT;ONT cDNA-seq,14,34,12,48,0.291666666666667,0.857142857142857,Glycine_max,high_confidence_IR
GLYMA_02G226000,GLYMA_02G226000.intron1,GLYMA_02G226000|2:41297773-41297967:+,2,41297773,41297967,+,KRH72664,1,yes,FLEP-seq;Iso-seq;ONT;ONT cDNA-seq,12,6,12,18,0.666666666666667,1,Glycine_max,high_confidence_IR
GLYMA_02G231800,GLYMA_02G231800.intron3,GLYMA_02G231800|2:41897101-41899436:+,2,41897101,41899436,+,KRH72756,1,yes,FLEP-seq;Iso-seq;ONT;ONT cDNA-seq,995,24,749,1019,0.976447497546614,0.752763819095477,Glycine_max,high_confidence_IR
GLYMA_02G235400,GLYMA_02G235400.intron1,GLYMA_02G235400|2:42291991-42292446:+,2,42291991,42292446,+,KRH72816,1,no,FLEP-seq;Iso-seq;ONT;ONT cDNA-seq,249,31,249,280,0.889285714285714,1,Glycine_max,high_confidence_IR
GLYMA_02G237700,GLYMA_02G237700.intron1,GLYMA_02G237700|2:42603027-42604448:-,2,42603027,42604448,-,KRH72856,1,no,FLEP-seq;Iso-seq;ONT;ONT cDNA-seq,95,217,95,312,0.304487179487179,1,Glycine_max,high_confidence_IR
GLYMA_02G241900,GLYMA_02G241900.intron3,GLYMA_02G241900|2:43027592-43029735:-,2,43027592,43029735,-,KRH72940,1,no,FLEP-seq;Iso-seq;ONT;ONT cDNA-seq,636,2281,595,2917,0.218032224888584,0.935534591194969,Glycine_max,high_confidence_IR
GLYMA_02G246000,GLYMA_02G246000.intron5,GLYMA_02G246000|2:43411857-43412443:-,2,43411857,43412443,-,KRH73009,1,yes,FLEP-seq;Iso-seq;ONT;ONT cDNA-seq,94,122,82,216,0.435185185185185,0.872340425531915,Glycine_max,high_confidence_IR
GLYMA_02G252400,GLYMA_02G252400.intron2,GLYMA_02G252400|2:43946870-43946952:+,2,43946870,43946952,+,KRH73107,1,no,FLEP-seq;Iso-seq;ONT;ONT cDNA-seq,8,6,8,14,0.571428571428571,1,Glycine_max,high_confidence_IR
GLYMA_02G254400,GLYMA_02G254400.intron2,GLYMA_02G254400|2:44145346-44147287:-,2,44145346,44147287,-,KRH73147,1,yes,FLEP-seq;Iso-seq;ONT;ONT cDNA-seq,589,890,490,1479,0.398242055442867,0.831918505942275,Glycine_max,high_confidence_IR
GLYMA_02G255200,GLYMA_02G255200.intron1,GLYMA_02G255200|2:44226276-44226701:-,2,44226276,44226701,-,KRH73162,1,no,FLEP-seq;Iso-seq;ONT;ONT cDNA-seq,73,220,73,293,0.249146757679181,1,Glycine_max,high_confidence_IR
GLYMA_02G255500,GLYMA_02G255500.intron5,GLYMA_02G255500|2:44240726-44240814:-,2,44240726,44240814,-,KRH73166,1,yes,FLEP-seq;Iso-seq;ONT;ONT cDNA-seq,7031,105,6563,7136,0.985285874439462,0.933437633338074,Glycine_max,high_confidence_IR
GLYMA_02G256700,GLYMA_02G256700.intron2,GLYMA_02G256700|2:44310505-44311042:-,2,44310505,44311042,-,KRH73180;KRH73181,2,yes,FLEP-seq;Iso-seq;ONT;ONT cDNA-seq,804,2129,679,2933,0.274122059324923,0.84452736318408,Glycine_max,high_confidence_IR
GLYMA_02G256900,GLYMA_02G256900.intron3,GLYMA_02G256900|2:44346606-44349077:-,2,44346606,44349077,-,KRH73186,1,yes,FLEP-seq;Iso-seq;ONT;ONT cDNA-seq,20,9,19,29,0.689655172413793,0.95,Glycine_max,high_confidence_IR
GLYMA_02G259300,GLYMA_02G259300.intron3,GLYMA_02G259300|2:44633161-44633402:-,2,44633161,44633402,-,KRH73217,1,no,FLEP-seq;Iso-seq;ONT;ONT cDNA-seq,80,103,74,183,0.437158469945355,0.925,Glycine_max,high_confidence_IR
GLYMA_02G261200,GLYMA_02G261200.intron1,GLYMA_02G261200|2:44740672-44740810:-,2,44740672,44740810,-,KRH73239,1,no,FLEP-seq;Iso-seq;ONT;ONT cDNA-seq,80,60,80,140,0.571428571428571,1,Glycine_max,high_confidence_IR
GLYMA_02G263300,GLYMA_02G263300.intron6,GLYMA_02G263300|2:44894133-44894356:-,2,44894133,44894356,-,KRH73265,1,yes,FLEP-seq;Iso-seq;ONT;ONT cDNA-seq,75,39,58,114,0.657894736842105,0.773333333333333,Glycine_max,high_confidence_IR
GLYMA_02G267900,GLYMA_02G267900.intron5,GLYMA_02G267900|2:45251011-45251122:+,2,45251011,45251122,+,KRH73343,1,yes,FLEP-seq;Iso-seq;ONT;ONT cDNA-seq,894,188,814,1082,0.826247689463956,0.910514541387025,Glycine_max,high_confidence_IR
GLYMA_02G275000,GLYMA_02G275000.intron3,GLYMA_02G275000|2:45808932-45809035:+,2,45808932,45809035,+,KRH73470;KRH73471,2,yes,FLEP-seq;Iso-seq;ONT;ONT cDNA-seq,229,17,183,246,0.930894308943089,0.799126637554585,Glycine_max,high_confidence_IR
GLYMA_02G278200,GLYMA_02G278200.intron1,GLYMA_02G278200|2:46075829-46075935:+,2,46075829,46075935,+,KRH73526,1,no,FLEP-seq;Iso-seq;ONT;ONT cDNA-seq,6,12,6,18,0.333333333333333,1,Glycine_max,high_confidence_IR
GLYMA_02G278400,GLYMA_02G278400.intron1,GLYMA_02G278400|2:46095353-46095654:-,2,46095353,46095654,-,KRH73529,1,no,FLEP-seq;Iso-seq;ONT;ONT cDNA-seq,105,244,105,349,0.300859598853868,1,Glycine_max,high_confidence_IR
GLYMA_02G285700,GLYMA_02G285700.intron1,GLYMA_02G285700|2:46662364-46662919:+,2,46662364,46662919,+,KRH73637,1,no,FLEP-seq;Iso-seq;ONT;ONT cDNA-seq,62,26,62,88,0.704545454545455,1,Glycine_max,high_confidence_IR
GLYMA_02G286200,GLYMA_02G286200.intron1,GLYMA_02G286200|2:46706628-46707081:+,2,46706628,46707081,+,KRH73652,1,no,FLEP-seq;Iso-seq;ONT;ONT cDNA-seq,78,71,78,149,0.523489932885906,1,Glycine_max,high_confidence_IR
GLYMA_02G287600,GLYMA_02G287600.intron2,GLYMA_02G287600|2:46791759-46792873:+,2,46791759,46792873,+,RCW19540,1,yes,FLEP-seq;Iso-seq;ONT;ONT cDNA-seq,16,51,16,67,0.238805970149254,1,Glycine_max,high_confidence_IR
GLYMA_02G288300,GLYMA_02G288300.intron7,GLYMA_02G288300|2:46847456-46847603:-,2,46847456,46847603,-,KRH73700,1,no,FLEP-seq;Iso-seq;ONT;ONT cDNA-seq,108,280,85,388,0.278350515463918,0.787037037037037,Glycine_max,high_confidence_IR
GLYMA_02G291800,GLYMA_02G291800.intron3,GLYMA_02G291800|2:47113317-47113865:+,2,47113317,47113865,+,KRH73759,1,no,FLEP-seq;Iso-seq;ONT;ONT cDNA-seq,322,885,253,1207,0.266777133388567,0.785714285714286,Glycine_max,high_confidence_IR
GLYMA_02G293300,GLYMA_02G293300.intron2,GLYMA_02G293300|2:47200644-47201152:+,2,47200644,47201152,+,KRH73786,1,no,FLEP-seq;Iso-seq;ONT;ONT cDNA-seq,1471,444,1129,1915,0.768146214099217,0.7675050985724,Glycine_max,high_confidence_IR
GLYMA_02G299700,GLYMA_02G299700.intron1,GLYMA_02G299700|2:47654642-47654739:+,2,47654642,47654739,+,KRH73902,1,no,FLEP-seq;Iso-seq;ONT;ONT cDNA-seq,102,308,102,410,0.248780487804878,1,Glycine_max,high_confidence_IR
GLYMA_02G303800,GLYMA_02G303800.intron3,GLYMA_02G303800|2:47897874-47898400:-,2,47897874,47898400,-,KRH73963;KRH73964;KRH73965;KRH73966,4,yes,FLEP-seq;Iso-seq;ONT;ONT cDNA-seq,445,132,396,577,0.771230502599653,0.889887640449438,Glycine_max,high_confidence_IR
GLYMA_02G307400,GLYMA_02G307400.intron3,GLYMA_02G307400|2:48170211-48170452:-,2,48170211,48170452,-,KRH74035,1,yes,FLEP-seq;Iso-seq;ONT;ONT cDNA-seq,162,395,124,557,0.290843806104129,0.765432098765432,Glycine_max,high_confidence_IR
GLYMA_02G308900,GLYMA_02G308900.intron2,GLYMA_02G308900|2:48266287-48266405:-,2,48266287,48266405,-,KRH74058,1,no,FLEP-seq;Iso-seq;ONT;ONT cDNA-seq,575,1733,436,2308,0.249133448873484,0.758260869565217,Glycine_max,high_confidence_IR
GLYMA_02G311200,GLYMA_02G311200.intron5,GLYMA_02G311200|2:48462909-48463123:-,2,48462909,48463123,-,KRH74098,1,yes,FLEP-seq;Iso-seq;ONT;ONT cDNA-seq,2504,84,1904,2588,0.967542503863988,0.76038338658147,Glycine_max,high_confidence_IR
GLYMA_20G000500,GLYMA_20G000500.intron3,GLYMA_20G000500|20:43410-44151:-,20,43410,44151,-,KRG89092,1,yes,FLEP-seq;Iso-seq;ONT;ONT cDNA-seq,2366,784,2271,3150,0.751111111111111,0.959847844463229,Glycine_max,high_confidence_IR
GLYMA_20G003100,GLYMA_20G003100.intron2,GLYMA_20G003100|20:289215-291029:-,20,289215,291029,-,KRG89129;KRG89130,2,no,FLEP-seq;Iso-seq;ONT;ONT cDNA-seq,401,502,294,903,0.444075304540421,0.733167082294264,Glycine_max,high_confidence_IR
GLYMA_20G006500,GLYMA_20G006500.intron5,GLYMA_20G006500|20:632932-633091:-,20,632932,633091,-,KRG89177,1,yes,FLEP-seq;Iso-seq;ONT;ONT cDNA-seq,864,86,648,950,0.909473684210526,0.75,Glycine_max,high_confidence_IR
GLYMA_20G007700,GLYMA_20G007700.intron6,GLYMA_20G007700|20:707888-708592:-,20,707888,708592,-,KRG89190;KRG89191;KRG89194,3,yes,FLEP-seq;Iso-seq;ONT;ONT cDNA-seq,82,9,58,91,0.901098901098901,0.707317073170732,Glycine_max,high_confidence_IR
GLYMA_20G013600,GLYMA_20G013600.intron1,GLYMA_20G013600|20:1214478-1214951:+,20,1214478,1214951,+,KRG89283,1,no,FLEP-seq;Iso-seq;ONT;ONT cDNA-seq,448,1695,328,2143,0.209052729818012,0.732142857142857,Glycine_max,high_confidence_IR
GLYMA_20G019800,GLYMA_20G019800.intron7,GLYMA_20G019800|20:2055973-2056927:+,20,2055973,2056927,+,KRG89375,1,yes,FLEP-seq;Iso-seq;ONT;ONT cDNA-seq,118,225,86,343,0.34402332361516,0.728813559322034,Glycine_max,high_confidence_IR
GLYMA_20G020200,GLYMA_20G020200.intron3,GLYMA_20G020200|20:2076523-2076601:-,20,2076523,2076601,-,KRG89379,1,no,FLEP-seq;Iso-seq;ONT;ONT cDNA-seq,86,90,72,176,0.488636363636364,0.837209302325581,Glycine_max,high_confidence_IR
GLYMA_20G021200,GLYMA_20G021200.intron2,GLYMA_20G021200|20:2153146-2155459:-,20,2153146,2155459,-,KRG89396,1,yes,FLEP-seq;Iso-seq;ONT;ONT cDNA-seq,23,8,23,31,0.741935483870968,1,Glycine_max,high_confidence_IR
GLYMA_20G022700,GLYMA_20G022700.intron1,GLYMA_20G022700|20:2355174-2356466:-,20,2355174,2356466,-,KRG89419;KRG89420;KRG89421,3,yes,FLEP-seq;Iso-seq;ONT;ONT cDNA-seq,97,39,94,136,0.713235294117647,0.969072164948454,Glycine_max,high_confidence_IR
GLYMA_20G022900,GLYMA_20G022900.intron3,GLYMA_20G022900|20:2422275-2422452:-,20,2422275,2422452,-,KRG89433,1,yes,FLEP-seq;Iso-seq;ONT;ONT cDNA-seq,804,66,672,870,0.924137931034483,0.835820895522388,Glycine_max,high_confidence_IR
GLYMA_20G023100,GLYMA_20G023100.intron3,GLYMA_20G023100|20:2447937-2448381:+,20,2447937,2448381,+,KRG89438,1,no,FLEP-seq;Iso-seq;ONT;ONT cDNA-seq,41,164,34,205,0.2,0.829268292682927,Glycine_max,high_confidence_IR
GLYMA_20G023400,GLYMA_20G023400.intron2,GLYMA_20G023400|20:2498517-2498890:+,20,2498517,2498890,+,KRG89441,1,no,FLEP-seq;Iso-seq;ONT;ONT cDNA-seq,132,11,124,143,0.923076923076923,0.939393939393939,Glycine_max,high_confidence_IR
GLYMA_20G024400,GLYMA_20G024400.intron7,GLYMA_20G024400|20:2643690-2643772:-,20,2643690,2643772,-,KRG89460,1,yes,FLEP-seq;Iso-seq;ONT;ONT cDNA-seq,1757,209,1465,1966,0.893692777212614,0.833807626636312,Glycine_max,high_confidence_IR
GLYMA_20G025100,GLYMA_20G025100.intron5,GLYMA_20G025100|20:2723449-2723586:+,20,2723449,2723586,+,KRG89469,1,yes,FLEP-seq;Iso-seq;ONT;ONT cDNA-seq,4534,303,3964,4837,0.937357866446144,0.874283193647993,Glycine_max,high_confidence_IR
GLYMA_20G031500,GLYMA_20G031500.intron9,GLYMA_20G031500|20:3884673-3884746:+,20,3884673,3884746,+,KRG89556,1,no,FLEP-seq;Iso-seq;ONT;ONT cDNA-seq,8,10,6,18,0.444444444444444,0.75,Glycine_max,high_confidence_IR
GLYMA_20G034200,GLYMA_20G034200.intron1,GLYMA_20G034200|20:4732418-4732572:-,20,4732418,4732572,-,KRG89587,1,yes,FLEP-seq;Iso-seq;ONT;ONT cDNA-seq,67,35,67,102,0.656862745098039,1,Glycine_max,high_confidence_IR
GLYMA_20G037600,GLYMA_20G037600.intron1,GLYMA_20G037600|20:5784504-5784599:+,20,5784504,5784599,+,KRG89654,1,yes,FLEP-seq;Iso-seq;ONT;ONT cDNA-seq,115,7,115,122,0.942622950819672,1,Glycine_max,high_confidence_IR
GLYMA_20G038300,GLYMA_20G038300.intron2,GLYMA_20G038300|20:5968463-5968708:-,20,5968463,5968708,-,KRG89661,1,no,FLEP-seq;Iso-seq;ONT;ONT cDNA-seq,21,20,17,41,0.51219512195122,0.80952380952381,Glycine_max,high_confidence_IR
GLYMA_20G042000,GLYMA_20G042000.intron1,GLYMA_20G042000|20:7516758-7517542:+,20,7516758,7517542,+,KRG89701,1,no,FLEP-seq;Iso-seq;ONT;ONT cDNA-seq,37,51,37,88,0.420454545454545,1,Glycine_max,high_confidence_IR
GLYMA_20G045800,GLYMA_20G045800.intron1,GLYMA_20G045800|20:8518776-8519637:+,20,8518776,8519637,+,KRG89745,1,yes,FLEP-seq;Iso-seq;ONT;ONT cDNA-seq,163,98,163,261,0.624521072796935,1,Glycine_max,high_confidence_IR
GLYMA_20G047600,GLYMA_20G047600.intron1,GLYMA_20G047600|20:8978581-8980980:-,20,8978581,8980980,-,KRG89766,1,yes,FLEP-seq;Iso-seq;ONT;ONT cDNA-seq,28,94,25,122,0.229508196721311,0.892857142857143,Glycine_max,high_confidence_IR
GLYMA_20G050700,GLYMA_20G050700.intron1,GLYMA_20G050700|20:10734031-10734167:+,20,10734031,10734167,+,KRG89842;KRG89843,2,yes,FLEP-seq;Iso-seq;ONT;ONT cDNA-seq,152,39,152,191,0.795811518324607,1,Glycine_max,high_confidence_IR
GLYMA_20G056000,GLYMA_20G056000.intron1,GLYMA_20G056000|20:13733751-13733825:+,20,13733751,13733825,+,KRG89919,1,no,FLEP-seq;Iso-seq;ONT;ONT cDNA-seq,56,197,56,253,0.221343873517787,1,Glycine_max,high_confidence_IR
GLYMA_20G058100,GLYMA_20G058100.intron4,GLYMA_20G058100|20:17107884-17113427:-,20,17107884,17113427,-,KRG89962,1,yes,FLEP-seq;Iso-seq;ONT;ONT cDNA-seq,1692,47,1595,1739,0.972972972972973,0.942671394799054,Glycine_max,high_confidence_IR
GLYMA_20G062800,GLYMA_20G062800.intron3,GLYMA_20G062800|20:20213639-20214635:+,20,20213639,20214635,+,KRG90033,1,no,FLEP-seq;Iso-seq;ONT;ONT cDNA-seq,10,17,8,27,0.37037037037037,0.8,Glycine_max,high_confidence_IR
GLYMA_20G063200,GLYMA_20G063200.intron2,GLYMA_20G063200|20:20475190-20477220:-,20,20475190,20477220,-,KRG90037,1,yes,FLEP-seq;Iso-seq;ONT;ONT cDNA-seq,1467,49,1299,1516,0.967678100263852,0.885480572597137,Glycine_max,high_confidence_IR
GLYMA_20G064300,GLYMA_20G064300.intron1,GLYMA_20G064300|20:21770478-21770679:+,20,21770478,21770679,+,KRG90050,1,no,FLEP-seq;Iso-seq;ONT;ONT cDNA-seq,53,40,51,93,0.56989247311828,0.962264150943396,Glycine_max,high_confidence_IR
GLYMA_20G082800,GLYMA_20G082800.intron3,GLYMA_20G082800|20:31236884-31244297:-,20,31236884,31244297,-,KRG90316,1,yes,FLEP-seq;Iso-seq;ONT;ONT cDNA-seq,9951,1813,9781,11764,0.845885753145189,0.982916289820119,Glycine_max,high_confidence_IR
GLYMA_20G085700,GLYMA_20G085700.intron1,GLYMA_20G085700|20:31982019-31982308:-,20,31982019,31982308,-,KRG90356,1,no,FLEP-seq;Iso-seq;ONT;ONT cDNA-seq,151,12,151,163,0.926380368098159,1,Glycine_max,high_confidence_IR
GLYMA_20G086200,GLYMA_20G086200.intron1,GLYMA_20G086200|20:32076606-32079499:+,20,32076606,32079499,+,KRG90361,1,no,FLEP-seq;Iso-seq;ONT;ONT cDNA-seq,627,14,627,641,0.978159126365055,1,Glycine_max,high_confidence_IR
GLYMA_20G087000,GLYMA_20G087000.intron1,GLYMA_20G087000|20:32528808-32528993:+,20,32528808,32528993,+,RCW18739,1,no,FLEP-seq;Iso-seq;ONT;ONT cDNA-seq,149,8,129,157,0.949044585987261,0.865771812080537,Glycine_max,high_confidence_IR
GLYMA_20G087300,GLYMA_20G087300.intron1,GLYMA_20G087300|20:32682114-32682677:-,20,32682114,32682677,-,KRG90377,1,no,FLEP-seq;Iso-seq;ONT;ONT cDNA-seq,141,242,121,383,0.368146214099217,0.858156028368794,Glycine_max,high_confidence_IR
GLYMA_20G097400,GLYMA_20G097400.intron3,GLYMA_20G097400|20:34034687-34034840:+,20,34034687,34034840,+,KRG90533,1,no,FLEP-seq;Iso-seq;ONT;ONT cDNA-seq,153,53,135,206,0.742718446601942,0.882352941176471,Glycine_max,high_confidence_IR
GLYMA_20G097600,GLYMA_20G097600.intron1,GLYMA_20G097600|20:34075056-34075940:-,20,34075056,34075940,-,KRG90537,1,no,FLEP-seq;Iso-seq;ONT;ONT cDNA-seq,563,1124,563,1687,0.333728512151749,1,Glycine_max,high_confidence_IR
GLYMA_20G098100,GLYMA_20G098100.intron2,GLYMA_20G098100|20:34136551-34138480:-,20,34136551,34138480,-,KRG90543;KRG90544;KRG90545;KRG90546;KRG90547,5,no,FLEP-seq;Iso-seq;ONT;ONT cDNA-seq,157,572,150,729,0.215363511659808,0.955414012738854,Glycine_max,high_confidence_IR
GLYMA_20G106700,GLYMA_20G106700.intron2,GLYMA_20G106700|20:34927019-34927988:-,20,34927019,34927988,-,KRG90664,1,no,FLEP-seq;Iso-seq;ONT;ONT cDNA-seq,32,45,27,77,0.415584415584416,0.84375,Glycine_max,high_confidence_IR
GLYMA_20G107200,GLYMA_20G107200.intron6,GLYMA_20G107200|20:34988018-34988136:+,20,34988018,34988136,+,KRG90671,1,yes,FLEP-seq;Iso-seq;ONT;ONT cDNA-seq,34,6,29,40,0.85,0.852941176470588,Glycine_max,high_confidence_IR
GLYMA_20G108700,GLYMA_20G108700.intron1,GLYMA_20G108700|20:35114756-35114870:-,20,35114756,35114870,-,KRG90694,1,yes,FLEP-seq;Iso-seq;ONT;ONT cDNA-seq,1177,34,855,1211,0.971924029727498,0.72642310960068,Glycine_max,high_confidence_IR
GLYMA_20G114300,GLYMA_20G114300.intron1,GLYMA_20G114300|20:35603080-35603625:+,20,35603080,35603625,+,KRG90792;KRG90793;KRG90794,3,yes,FLEP-seq;Iso-seq;ONT;ONT cDNA-seq,760,1304,702,2064,0.368217054263566,0.923684210526316,Glycine_max,high_confidence_IR
GLYMA_20G118000,GLYMA_20G118000.intron12,GLYMA_20G118000|20:36089856-36091416:+,20,36089856,36091416,+,KRG90858,1,yes,FLEP-seq;Iso-seq;ONT;ONT cDNA-seq,846,171,617,1017,0.831858407079646,0.729314420803783,Glycine_max,high_confidence_IR
GLYMA_20G120600,GLYMA_20G120600.intron11,GLYMA_20G120600|20:36318858-36320681:-,20,36318858,36320681,-,KRG90900,1,yes,FLEP-seq;Iso-seq;ONT;ONT cDNA-seq,542,232,439,774,0.700258397932817,0.809963099630996,Glycine_max,high_confidence_IR
GLYMA_20G124700,GLYMA_20G124700.intron11,GLYMA_20G124700|20:36711194-36711392:+,20,36711194,36711392,+,KRG90961,1,yes,FLEP-seq;Iso-seq;ONT;ONT cDNA-seq,437,1335,312,1772,0.246613995485327,0.71395881006865,Glycine_max,high_confidence_IR
GLYMA_20G125400,GLYMA_20G125400.intron1,GLYMA_20G125400|20:36757916-36758629:+,20,36757916,36758629,+,KRG90974,1,no,FLEP-seq;Iso-seq;ONT;ONT cDNA-seq,219,22,219,241,0.908713692946058,1,Glycine_max,high_confidence_IR
GLYMA_20G127800,GLYMA_20G127800.intron8,GLYMA_20G127800|20:36964915-36967806:+,20,36964915,36967806,+,KRG91013,1,yes,FLEP-seq;Iso-seq;ONT;ONT cDNA-seq,6263,64,5043,6327,0.989884621463569,0.805205173239661,Glycine_max,high_confidence_IR
GLYMA_20G131500,GLYMA_20G131500.intron2,GLYMA_20G131500|20:37214095-37214396:-,20,37214095,37214396,-,KRG91074,1,no,FLEP-seq;Iso-seq;ONT;ONT cDNA-seq,1525,5964,1274,7489,0.2036319935906,0.835409836065574,Glycine_max,high_confidence_IR
GLYMA_20G131700,GLYMA_20G131700.intron1,GLYMA_20G131700|20:37235969-37236505:-,20,37235969,37236505,-,KRG91076,1,no,FLEP-seq;Iso-seq;ONT;ONT cDNA-seq,41,137,41,178,0.230337078651685,1,Glycine_max,high_confidence_IR
GLYMA_20G138400,GLYMA_20G138400.intron1,GLYMA_20G138400|20:37778575-37778613:-,20,37778575,37778613,-,KRG91174,1,yes,FLEP-seq;Iso-seq;ONT;ONT cDNA-seq,8,7,6,15,0.533333333333333,0.75,Glycine_max,high_confidence_IR
GLYMA_20G140300,GLYMA_20G140300.intron2,GLYMA_20G140300|20:37914392-37914462:+,20,37914392,37914462,+,KRG91214,1,no,FLEP-seq;Iso-seq;ONT;ONT cDNA-seq,104,187,85,291,0.357388316151203,0.817307692307692,Glycine_max,high_confidence_IR
GLYMA_20G140400,GLYMA_20G140400.intron6,GLYMA_20G140400|20:37920289-37920432:-,20,37920289,37920432,-,KRG91215,1,no,FLEP-seq;Iso-seq;ONT;ONT cDNA-seq,194,505,155,699,0.277539341917024,0.798969072164949,Glycine_max,high_confidence_IR
GLYMA_20G141600,GLYMA_20G141600.intron1,GLYMA_20G141600|20:38038131-38038358:+,20,38038131,38038358,+,KRG91231,1,yes,FLEP-seq;Iso-seq;ONT;ONT cDNA-seq,83968,11,83968,83979,0.999869014872766,1,Glycine_max,high_confidence_IR
GLYMA_20G142300,GLYMA_20G142300.intron1,GLYMA_20G142300|20:38099452-38099603:-,20,38099452,38099603,-,KRG91239,1,no,FLEP-seq;Iso-seq;ONT;ONT cDNA-seq,23,7,23,30,0.766666666666667,1,Glycine_max,high_confidence_IR
GLYMA_20G142400,GLYMA_20G142400.intron1,GLYMA_20G142400|20:38100120-38100396:-,20,38100120,38100396,-,KRG91240,1,no,FLEP-seq;Iso-seq;ONT;ONT cDNA-seq,71,49,71,120,0.591666666666667,1,Glycine_max,high_confidence_IR
GLYMA_20G142500,GLYMA_20G142500.intron5,GLYMA_20G142500|20:38106060-38106142:-,20,38106060,38106142,-,KRG91242,1,yes,FLEP-seq;Iso-seq;ONT;ONT cDNA-seq,370,32,261,402,0.920398009950249,0.705405405405405,Glycine_max,high_confidence_IR
GLYMA_20G143700,GLYMA_20G143700.intron1,GLYMA_20G143700|20:38229220-38229537:-,20,38229220,38229537,-,KRG91261,1,yes,FLEP-seq;Iso-seq;ONT;ONT cDNA-seq,246,35,246,281,0.875444839857651,1,Glycine_max,high_confidence_IR
GLYMA_20G143800,GLYMA_20G143800.intron4,GLYMA_20G143800|20:38242729-38246132:+,20,38242729,38246132,+,KRG91263,1,no,FLEP-seq;Iso-seq;ONT;ONT cDNA-seq,1007,271,798,1278,0.787949921752739,0.792452830188679,Glycine_max,high_confidence_IR
GLYMA_20G144500,GLYMA_20G144500.intron1,GLYMA_20G144500|20:38299424-38300746:-,20,38299424,38300746,-,KRG91270,1,no,FLEP-seq;Iso-seq;ONT;ONT cDNA-seq,53,7,53,60,0.883333333333333,1,Glycine_max,high_confidence_IR
GLYMA_20G148700,GLYMA_20G148700.intron1,GLYMA_20G148700|20:38742051-38742256:+,20,38742051,38742256,+,KRG91336,1,no,FLEP-seq;Iso-seq;ONT;ONT cDNA-seq,29,7,29,36,0.805555555555556,1,Glycine_max,high_confidence_IR
GLYMA_20G150300,GLYMA_20G150300.intron1,GLYMA_20G150300|20:38923063-38923602:+,20,38923063,38923602,+,KRG91367,1,no,FLEP-seq;Iso-seq;ONT;ONT cDNA-seq,51,10,51,61,0.836065573770492,1,Glycine_max,high_confidence_IR
GLYMA_20G154800,GLYMA_20G154800.intron1,GLYMA_20G154800|20:39367518-39367732:-,20,39367518,39367732,-,KRG91434,1,no,FLEP-seq;Iso-seq;ONT;ONT cDNA-seq,24,76,18,100,0.24,0.75,Glycine_max,high_confidence_IR
GLYMA_20G156200,GLYMA_20G156200.intron1,GLYMA_20G156200|20:39505860-39508538:+,20,39505860,39508538,+,KRG91453,1,yes,FLEP-seq;Iso-seq;ONT;ONT cDNA-seq,320,181,245,501,0.63872255489022,0.765625,Glycine_max,high_confidence_IR
GLYMA_20G160600,GLYMA_20G160600.intron1,GLYMA_20G160600|20:39884266-39884676:-,20,39884266,39884676,-,KRG91550,1,no,FLEP-seq;Iso-seq;ONT;ONT cDNA-seq,14,38,14,52,0.269230769230769,1,Glycine_max,high_confidence_IR
GLYMA_20G160800,GLYMA_20G160800.intron1,GLYMA_20G160800|20:39889549-39889899:-,20,39889549,39889899,-,KRG91552,1,no,FLEP-seq;Iso-seq;ONT;ONT cDNA-seq,13,21,11,34,0.382352941176471,0.846153846153846,Glycine_max,high_confidence_IR
GLYMA_20G167700,GLYMA_20G167700.intron4,GLYMA_20G167700|20:40552873-40553008:-,20,40552873,40553008,-,KRG91661,1,yes,FLEP-seq;Iso-seq;ONT;ONT cDNA-seq,6029,225,5660,6254,0.964023025263831,0.938795820202355,Glycine_max,high_confidence_IR
GLYMA_20G172400,GLYMA_20G172400.intron1,GLYMA_20G172400|20:41009086-41010250:+,20,41009086,41010250,+,KRG91753,1,no,FLEP-seq;Iso-seq;ONT;ONT cDNA-seq,445,1077,445,1522,0.292378449408673,1,Glycine_max,high_confidence_IR
GLYMA_20G173100,GLYMA_20G173100.intron9,GLYMA_20G173100|20:41067965-41068723:+,20,41067965,41068723,+,KRG91766,1,yes,FLEP-seq;Iso-seq;ONT;ONT cDNA-seq,1577,75,1348,1652,0.954600484261501,0.854787571337984,Glycine_max,high_confidence_IR
GLYMA_20G174600,GLYMA_20G174600.intron1,GLYMA_20G174600|20:41204827-41204952:-,20,41204827,41204952,-,KRG91791,1,yes,FLEP-seq;Iso-seq;ONT;ONT cDNA-seq,230,26,230,256,0.8984375,1,Glycine_max,high_confidence_IR
GLYMA_20G179500,GLYMA_20G179500.intron3,GLYMA_20G179500|20:41696523-41696757:+,20,41696523,41696757,+,KRG91893,1,yes,FLEP-seq;Iso-seq;ONT;ONT cDNA-seq,2406,199,1793,2605,0.923608445297505,0.745220282626766,Glycine_max,high_confidence_IR
GLYMA_20G179600,GLYMA_20G179600.intron1,GLYMA_20G179600|20:41719542-41719666:-,20,41719542,41719666,-,KRG91894;KRG91895;KRG91896,3,yes,FLEP-seq;Iso-seq;ONT;ONT cDNA-seq,837,27,800,864,0.96875,0.955794504181601,Glycine_max,high_confidence_IR
GLYMA_20G184000,GLYMA_20G184000.intron1,GLYMA_20G184000|20:42210051-42210472:-,20,42210051,42210472,-,KRG91985;KRG91986;KRG91987;KRG91988,4,yes,FLEP-seq;Iso-seq;ONT;ONT cDNA-seq,332,564,307,896,0.370535714285714,0.924698795180723,Glycine_max,high_confidence_IR
GLYMA_20G186900,GLYMA_20G186900.intron14,GLYMA_20G186900|20:42555463-42555548:+,20,42555463,42555548,+,KRG92034,1,no,FLEP-seq;Iso-seq;ONT;ONT cDNA-seq,7,16,6,23,0.304347826086957,0.857142857142857,Glycine_max,high_confidence_IR
GLYMA_20G189900,GLYMA_20G189900.intron1,GLYMA_20G189900|20:42864914-42867638:+,20,42864914,42867638,+,KRG92080,1,yes,FLEP-seq;Iso-seq;ONT;ONT cDNA-seq,692,12,646,704,0.982954545454545,0.933526011560694,Glycine_max,high_confidence_IR
GLYMA_20G192300,GLYMA_20G192300.intron1,GLYMA_20G192300|20:43099929-43100027:-,20,43099929,43100027,-,KRG92121,1,no,FLEP-seq;Iso-seq;ONT;ONT cDNA-seq,983,1273,718,2256,0.43572695035461,0.730417090539166,Glycine_max,high_confidence_IR
GLYMA_20G193700,GLYMA_20G193700.intron1,GLYMA_20G193700|20:43247315-43247409:-,20,43247315,43247409,-,KRG92147,1,no,FLEP-seq;Iso-seq;ONT;ONT cDNA-seq,27,57,27,84,0.321428571428571,1,Glycine_max,high_confidence_IR
GLYMA_20G195100,GLYMA_20G195100.intron2,GLYMA_20G195100|20:43355008-43355097:-,20,43355008,43355097,-,KRG92163,1,yes,FLEP-seq;Iso-seq;ONT;ONT cDNA-seq,63,5,46,68,0.926470588235294,0.73015873015873,Glycine_max,high_confidence_IR
GLYMA_20G195400,GLYMA_20G195400.intron1,GLYMA_20G195400|20:43374361-43374435:-,20,43374361,43374435,-,KRG92172,1,no,FLEP-seq;Iso-seq;ONT;ONT cDNA-seq,173,16,173,189,0.915343915343915,1,Glycine_max,high_confidence_IR
GLYMA_20G195800,GLYMA_20G195800.intron1,GLYMA_20G195800|20:43407591-43407721:-,20,43407591,43407721,-,KRG92179,1,no,FLEP-seq;Iso-seq;ONT;ONT cDNA-seq,23,23,23,46,0.5,1,Glycine_max,high_confidence_IR
GLYMA_20G198100,GLYMA_20G198100.intron6,GLYMA_20G198100|20:43550931-43552169:-,20,43550931,43552169,-,KRG92219;KRG92220;KRG92221;KRG92222;KRG92223;KRG92224;KRG92225,7,yes,FLEP-seq;Iso-seq;ONT;ONT cDNA-seq,948,773,781,1721,0.550842533410808,0.823839662447257,Glycine_max,high_confidence_IR
GLYMA_20G200200,GLYMA_20G200200.intron2,GLYMA_20G200200|20:43764589-43765299:-,20,43764589,43765299,-,KRG92257,1,yes,FLEP-seq;Iso-seq;ONT;ONT cDNA-seq,194,116,167,310,0.625806451612903,0.860824742268041,Glycine_max,high_confidence_IR
GLYMA_20G200900,GLYMA_20G200900.intron1,GLYMA_20G200900|20:43807279-43807387:-,20,43807279,43807387,-,KRG92269,1,no,FLEP-seq;Iso-seq;ONT;ONT cDNA-seq,13,11,13,24,0.541666666666667,1,Glycine_max,high_confidence_IR
GLYMA_20G204700,GLYMA_20G204700.intron1,GLYMA_20G204700|20:44169128-44170466:-,20,44169128,44170466,-,KRG92323;KRG92324,2,yes,FLEP-seq;Iso-seq;ONT;ONT cDNA-seq,37,69,37,106,0.349056603773585,1,Glycine_max,high_confidence_IR
GLYMA_20G206700,GLYMA_20G206700.intron1,GLYMA_20G206700|20:44348798-44350263:+,20,44348798,44350263,+,KRG92356,1,no,FLEP-seq;Iso-seq;ONT;ONT cDNA-seq,33,124,33,157,0.210191082802548,1,Glycine_max,high_confidence_IR
GLYMA_20G208100,GLYMA_20G208100.intron1,GLYMA_20G208100|20:44477602-44477699:-,20,44477602,44477699,-,KRG92388,1,no,FLEP-seq;Iso-seq;ONT;ONT cDNA-seq,161,433,161,594,0.271043771043771,1,Glycine_max,high_confidence_IR
GLYMA_20G213300,GLYMA_20G213300.intron4,GLYMA_20G213300|20:44980343-44980470:+,20,44980343,44980470,+,KRG92467,1,no,FLEP-seq;Iso-seq;ONT;ONT cDNA-seq,29,45,24,74,0.391891891891892,0.827586206896552,Glycine_max,high_confidence_IR
GLYMA_20G218000,GLYMA_20G218000.intron1,GLYMA_20G218000|20:45382559-45382635:-,20,45382559,45382635,-,KRG92545,1,no,FLEP-seq;Iso-seq;ONT;ONT cDNA-seq,31,59,31,90,0.344444444444444,1,Glycine_max,high_confidence_IR
GLYMA_20G218200,GLYMA_20G218200.intron3,GLYMA_20G218200|20:45397502-45397588:-,20,45397502,45397588,-,KRG92547,1,yes,FLEP-seq;Iso-seq;ONT;ONT cDNA-seq,4633,196,3949,4829,0.959411886518948,0.852363479387006,Glycine_max,high_confidence_IR
GLYMA_20G219000,GLYMA_20G219000.intron1,GLYMA_20G219000|20:45487438-45487572:-,20,45487438,45487572,-,KRG92566;KRG92567,2,no,FLEP-seq;Iso-seq;ONT;ONT cDNA-seq,14,49,11,63,0.222222222222222,0.785714285714286,Glycine_max,high_confidence_IR
GLYMA_20G222300,GLYMA_20G222300.intron3,GLYMA_20G222300|20:45709817-45709903:-,20,45709817,45709903,-,KRG92620,1,yes,FLEP-seq;Iso-seq;ONT;ONT cDNA-seq,224,10,194,234,0.957264957264957,0.866071428571429,Glycine_max,high_confidence_IR
GLYMA_20G223000,GLYMA_20G223000.intron3,GLYMA_20G223000|20:45757749-45758977:-,20,45757749,45758977,-,KRG92631;KRG92632,2,no,FLEP-seq;Iso-seq;ONT;ONT cDNA-seq,512,553,389,1065,0.48075117370892,0.759765625,Glycine_max,high_confidence_IR
GLYMA_20G225400,GLYMA_20G225400.intron5,GLYMA_20G225400|20:45970823-45971725:+,20,45970823,45971725,+,KRG92688,1,yes,FLEP-seq;Iso-seq;ONT;ONT cDNA-seq,423,7,361,430,0.983720930232558,0.853427895981087,Glycine_max,high_confidence_IR
GLYMA_20G229400,GLYMA_20G229400.intron4,GLYMA_20G229400|20:46367547-46367630:+,20,46367547,46367630,+,KRG92777;KRG92779,2,yes,FLEP-seq;Iso-seq;ONT;ONT cDNA-seq,204,180,179,384,0.53125,0.877450980392157,Glycine_max,high_confidence_IR
GLYMA_20G232300,GLYMA_20G232300.intron1,GLYMA_20G232300|20:46584199-46585395:+,20,46584199,46585395,+,KRG92826,1,yes,FLEP-seq;Iso-seq;ONT;ONT cDNA-seq,309,60,229,369,0.83739837398374,0.741100323624595,Glycine_max,high_confidence_IR
GLYMA_20G236300,GLYMA_20G236300.intron1,GLYMA_20G236300|20:46862791-46863285:-,20,46862791,46863285,-,KRG92896,1,no,FLEP-seq;Iso-seq;ONT;ONT cDNA-seq,23,53,23,76,0.302631578947368,1,Glycine_max,high_confidence_IR
GLYMA_20G237500,GLYMA_20G237500.intron2,GLYMA_20G237500|20:46940544-46940834:-,20,46940544,46940834,-,KRG92915,1,yes,FLEP-seq;Iso-seq;ONT;ONT cDNA-seq,5180,163,5071,5343,0.969492794310313,0.978957528957529,Glycine_max,high_confidence_IR
GLYMA_20G239200,GLYMA_20G239200.intron10,GLYMA_20G239200|20:47067630-47067802:-,20,47067630,47067802,-,KRG92950,1,yes,FLEP-seq;Iso-seq;ONT;ONT cDNA-seq,1620,6,1166,1626,0.996309963099631,0.719753086419753,Glycine_max,high_confidence_IR
GLYMA_20G241200,GLYMA_20G241200.intron1,GLYMA_20G241200|20:47230945-47231020:+,20,47230945,47231020,+,KRG92972,1,no,FLEP-seq;Iso-seq;ONT;ONT cDNA-seq,214,751,151,965,0.221761658031088,0.705607476635514,Glycine_max,high_confidence_IR
GLYMA_20G242400,GLYMA_20G242400.intron1,GLYMA_20G242400|20:47321099-47321195:-,20,47321099,47321195,-,KRG92990;KRG92991,2,no,FLEP-seq;Iso-seq;ONT;ONT cDNA-seq,365,1086,295,1451,0.251550654720882,0.808219178082192,Glycine_max,high_confidence_IR
GLYMA_20G244200,GLYMA_20G244200.intron6,GLYMA_20G244200|20:47439621-47439766:+,20,47439621,47439766,+,KRG93031,1,yes,FLEP-seq;Iso-seq;ONT;ONT cDNA-seq,2627,147,2181,2774,0.947007930785869,0.830224590787971,Glycine_max,high_confidence_IR
GLYMA_20G245200,GLYMA_20G245200.intron1,GLYMA_20G245200|20:47571009-47571107:+,20,47571009,47571107,+,KRG93044,1,no,FLEP-seq;Iso-seq;ONT;ONT cDNA-seq,10,8,10,18,0.555555555555556,1,Glycine_max,high_confidence_IR
GLYMA_20G246400,GLYMA_20G246400.intron3,GLYMA_20G246400|20:47651746-47653079:-,20,47651746,47653079,-,KRG93067,1,yes,FLEP-seq;Iso-seq;ONT;ONT cDNA-seq,989,154,728,1143,0.865266841644794,0.736097067745197,Glycine_max,high_confidence_IR
GLYMA_20G247400,GLYMA_20G247400.intron4,GLYMA_20G247400|20:47692117-47692233:+,20,47692117,47692233,+,KRG93083;KRG93084,2,no,FLEP-seq;Iso-seq;ONT;ONT cDNA-seq,13,45,12,58,0.224137931034483,0.923076923076923,Glycine_max,high_confidence_IR
GLYMA_20G247900,GLYMA_20G247900.intron1,GLYMA_20G247900|20:47733816-47733895:+,20,47733816,47733895,+,KRG93095,1,no,FLEP-seq;Iso-seq;ONT;ONT cDNA-seq,80,7,80,87,0.919540229885057,1,Glycine_max,high_confidence_IR
GLYMA_03G006500,GLYMA_03G006500.intron3,GLYMA_03G006500|3:589540-593659:+,3,589540,593659,+,KRH64958,1,yes,FLEP-seq;Iso-seq;ONT;ONT cDNA-seq,9,10,7,19,0.473684210526316,0.777777777777778,Glycine_max,high_confidence_IR
GLYMA_03G010700,GLYMA_03G010700.intron1,GLYMA_03G010700|3:1038463-1039150:+,3,1038463,1039150,+,KRH65059,1,no,FLEP-seq;Iso-seq;ONT;ONT cDNA-seq,202,392,190,594,0.34006734006734,0.940594059405941,Glycine_max,high_confidence_IR
GLYMA_03G016600,GLYMA_03G016600.intron9,GLYMA_03G016600|3:1630344-1631158:-,3,1630344,1631158,-,KRH65141;KRH65143;KRH65145,3,yes,FLEP-seq;Iso-seq;ONT;ONT cDNA-seq,278,14,196,292,0.952054794520548,0.705035971223022,Glycine_max,high_confidence_IR
GLYMA_03G019500,GLYMA_03G019500.intron6,GLYMA_03G019500|3:2005708-2005947:+,3,2005708,2005947,+,KRH65194,1,yes,FLEP-seq;Iso-seq;ONT;ONT cDNA-seq,286,39,231,325,0.88,0.807692307692308,Glycine_max,high_confidence_IR
GLYMA_03G027200,GLYMA_03G027200.intron1,GLYMA_03G027200|3:2997195-2997331:+,3,2997195,2997331,+,KRH65315,1,no,FLEP-seq;Iso-seq;ONT;ONT cDNA-seq,17,8,17,25,0.68,1,Glycine_max,high_confidence_IR
GLYMA_03G031800,GLYMA_03G031800.intron1,GLYMA_03G031800|3:3604262-3604348:-,3,3604262,3604348,-,KRH65379,1,yes,FLEP-seq;Iso-seq;ONT;ONT cDNA-seq,852,137,852,989,0.861476238624874,1,Glycine_max,high_confidence_IR
GLYMA_03G031900,GLYMA_03G031900.intron13,GLYMA_03G031900|3:3634509-3634849:-,3,3634509,3634849,-,KRH65381,1,no,FLEP-seq;Iso-seq;ONT;ONT cDNA-seq,583,121,476,704,0.828125,0.816466552315609,Glycine_max,high_confidence_IR
GLYMA_03G032100,GLYMA_03G032100.intron8,GLYMA_03G032100|3:3654632-3656284:-,3,3654632,3656284,-,KRH65383,1,yes,FLEP-seq;Iso-seq;ONT;ONT cDNA-seq,2665,12,2379,2677,0.995517370190512,0.892682926829268,Glycine_max,high_confidence_IR
GLYMA_03G032200,GLYMA_03G032200.intron1,GLYMA_03G032200|3:3665417-3665563:-,3,3665417,3665563,-,RCW19470;RCW19471;RCW19472;RCW19473,4,no,FLEP-seq;Iso-seq;ONT;ONT cDNA-seq,230,11,230,241,0.954356846473029,1,Glycine_max,high_confidence_IR
GLYMA_03G032700,GLYMA_03G032700.intron1,GLYMA_03G032700|3:3741106-3742032:-,3,3741106,3742032,-,KRH65397,1,no,FLEP-seq;Iso-seq;ONT;ONT cDNA-seq,38,25,38,63,0.603174603174603,1,Glycine_max,high_confidence_IR
GLYMA_03G033200,GLYMA_03G033200.intron1,GLYMA_03G033200|3:3848036-3849971:-,3,3848036,3849971,-,KRH65404,1,no,FLEP-seq;Iso-seq;ONT;ONT cDNA-seq,67,195,49,262,0.255725190839695,0.73134328358209,Glycine_max,high_confidence_IR
GLYMA_03G036500,GLYMA_03G036500.intron3,GLYMA_03G036500|3:4405638-4405757:+,3,4405638,4405757,+,KRH65446,1,yes,FLEP-seq;Iso-seq;ONT;ONT cDNA-seq,1831,105,1423,1936,0.945764462809917,0.777170944838886,Glycine_max,high_confidence_IR
GLYMA_03G037100,GLYMA_03G037100.intron1,GLYMA_03G037100|3:4541977-4542063:+,3,4541977,4542063,+,KRH65455,1,yes,FLEP-seq;Iso-seq;ONT;ONT cDNA-seq,61,11,61,72,0.847222222222222,1,Glycine_max,high_confidence_IR
GLYMA_03G039300,GLYMA_03G039300.intron1,GLYMA_03G039300|3:4893556-4893645:+,3,4893556,4893645,+,KRH65484,1,yes,FLEP-seq;Iso-seq;ONT;ONT cDNA-seq,707,8,707,715,0.988811188811189,1,Glycine_max,high_confidence_IR
GLYMA_03G041100,GLYMA_03G041100.intron1,GLYMA_03G041100|3:5194814-5194909:-,3,5194814,5194909,-,KRH65506,1,no,FLEP-seq;Iso-seq;ONT;ONT cDNA-seq,40,91,40,131,0.305343511450382,1,Glycine_max,high_confidence_IR
GLYMA_03G044400,GLYMA_03G044400.intron1,GLYMA_03G044400|3:5652168-5652392:-,3,5652168,5652392,-,KRH65548,1,no,FLEP-seq;Iso-seq;ONT;ONT cDNA-seq,285,93,285,378,0.753968253968254,1,Glycine_max,high_confidence_IR
GLYMA_03G057100,GLYMA_03G057100.intron2,GLYMA_03G057100|3:8004100-8004192:+,3,8004100,8004192,+,KRH65722,1,yes,FLEP-seq;Iso-seq;ONT;ONT cDNA-seq,1550,5,1454,1555,0.996784565916399,0.938064516129032,Glycine_max,high_confidence_IR
GLYMA_03G058800,GLYMA_03G058800.intron1,GLYMA_03G058800|3:8489954-8490062:-,3,8489954,8490062,-,KRH65747,1,no,FLEP-seq;Iso-seq;ONT;ONT cDNA-seq,533,1961,533,2494,0.213712910986367,1,Glycine_max,high_confidence_IR
GLYMA_03G059300,GLYMA_03G059300.intron3,GLYMA_03G059300|3:8609052-8609638:-,3,8609052,8609638,-,KRH65752,1,no,FLEP-seq;Iso-seq;ONT;ONT cDNA-seq,10,12,9,22,0.454545454545455,0.9,Glycine_max,high_confidence_IR
GLYMA_03G061300,GLYMA_03G061300.intron2,GLYMA_03G061300|3:9208900-9209402:+,3,9208900,9209402,+,KRH65787,1,yes,FLEP-seq;Iso-seq;ONT;ONT cDNA-seq,3005,29,2910,3034,0.990441661173369,0.968386023294509,Glycine_max,high_confidence_IR
GLYMA_03G064200,GLYMA_03G064200.intron2,GLYMA_03G064200|3:10555921-10556025:-,3,10555921,10556025,-,KRH65823,1,yes,FLEP-seq;Iso-seq;ONT;ONT cDNA-seq,477,29,335,506,0.942687747035573,0.70230607966457,Glycine_max,high_confidence_IR
GLYMA_03G065100,GLYMA_03G065100.intron1,GLYMA_03G065100|3:11411878-11412420:-,3,11411878,11412420,-,KRH65832,1,no,FLEP-seq;Iso-seq;ONT;ONT cDNA-seq,114,323,84,437,0.260869565217391,0.736842105263158,Glycine_max,high_confidence_IR
GLYMA_03G065300,GLYMA_03G065300.intron1,GLYMA_03G065300|3:11447517-11447601:-,3,11447517,11447601,-,KRH65834,1,no,FLEP-seq;Iso-seq;ONT;ONT cDNA-seq,136,61,136,197,0.690355329949239,1,Glycine_max,high_confidence_IR
GLYMA_03G066000,GLYMA_03G066000.intron2,GLYMA_03G066000|3:12113109-12114807:-,3,12113109,12114807,-,KRH65842,1,yes,FLEP-seq;Iso-seq;ONT;ONT cDNA-seq,523,14,396,537,0.973929236499069,0.75717017208413,Glycine_max,high_confidence_IR
GLYMA_03G066100,GLYMA_03G066100.intron1,GLYMA_03G066100|3:12717336-12719252:-,3,12717336,12719252,-,KRH65844,1,no,FLEP-seq;Iso-seq;ONT;ONT cDNA-seq,52,50,52,102,0.509803921568627,1,Glycine_max,high_confidence_IR
GLYMA_03G066700,GLYMA_03G066700.intron3,GLYMA_03G066700|3:13375950-13376021:-,3,13375950,13376021,-,KRH65857,1,no,FLEP-seq;Iso-seq;ONT;ONT cDNA-seq,209,513,157,722,0.289473684210526,0.751196172248804,Glycine_max,high_confidence_IR
GLYMA_03G069300,GLYMA_03G069300.intron1,GLYMA_03G069300|3:14504242-14504526:-,3,14504242,14504526,-,KRH65893,1,no,FLEP-seq;Iso-seq;ONT;ONT cDNA-seq,584,49,584,633,0.92259083728278,1,Glycine_max,high_confidence_IR
GLYMA_03G070400,GLYMA_03G070400.intron4,GLYMA_03G070400|3:16490069-16490935:-,3,16490069,16490935,-,KRH65919,1,yes,FLEP-seq;Iso-seq;ONT;ONT cDNA-seq,946,7,784,953,0.992654774396642,0.828752642706131,Glycine_max,high_confidence_IR
GLYMA_03G074700,GLYMA_03G074700.intron1,GLYMA_03G074700|3:18552818-18553575:-,3,18552818,18553575,-,KRH65980,1,yes,FLEP-seq;Iso-seq;ONT;ONT cDNA-seq,175,79,175,254,0.688976377952756,1,Glycine_max,high_confidence_IR
GLYMA_03G077300,GLYMA_03G077300.intron1,GLYMA_03G077300|3:19176405-19177609:-,3,19176405,19177609,-,KRH66022,1,no,FLEP-seq;Iso-seq;ONT;ONT cDNA-seq,96,383,96,479,0.200417536534447,1,Glycine_max,high_confidence_IR
GLYMA_03G079800,GLYMA_03G079800.intron3,GLYMA_03G079800|3:20393675-20394563:-,3,20393675,20394563,-,KRH66049,1,yes,FLEP-seq;Iso-seq;ONT;ONT cDNA-seq,530,13,418,543,0.976058931860037,0.788679245283019,Glycine_max,high_confidence_IR
GLYMA_03G081200,GLYMA_03G081200.intron4,GLYMA_03G081200|3:21875933-21876001:+,3,21875933,21876001,+,KRH66073,1,no,FLEP-seq;Iso-seq;ONT;ONT cDNA-seq,38,14,28,52,0.730769230769231,0.736842105263158,Glycine_max,high_confidence_IR
GLYMA_03G082400,GLYMA_03G082400.intron2,GLYMA_03G082400|3:22823289-22823608:+,3,22823289,22823608,+,KRH66098,1,no,FLEP-seq;Iso-seq;ONT;ONT cDNA-seq,32,32,23,64,0.5,0.71875,Glycine_max,high_confidence_IR
GLYMA_03G088200,GLYMA_03G088200.intron1,GLYMA_03G088200|3:26189692-26189826:+,3,26189692,26189826,+,KRH66179,1,no,FLEP-seq;Iso-seq;ONT;ONT cDNA-seq,44,59,37,103,0.427184466019417,0.840909090909091,Glycine_max,high_confidence_IR
GLYMA_03G092800,GLYMA_03G092800.intron3,GLYMA_03G092800|3:27509243-27511814:-,3,27509243,27511814,-,KRH66239,1,yes,FLEP-seq;Iso-seq;ONT;ONT cDNA-seq,525,22,500,547,0.959780621572212,0.952380952380952,Glycine_max,high_confidence_IR
GLYMA_03G100800,GLYMA_03G100800.intron8,GLYMA_03G100800|3:28987787-28988234:+,3,28987787,28988234,+,KRH66353,1,yes,FLEP-seq;Iso-seq;ONT;ONT cDNA-seq,2066,541,1735,2607,0.792481779823552,0.839787028073572,Glycine_max,high_confidence_IR
GLYMA_03G109000,GLYMA_03G109000.intron12,GLYMA_03G109000|3:30952752-30953417:-,3,30952752,30953417,-,KRH66474,1,yes,FLEP-seq;Iso-seq;ONT;ONT cDNA-seq,955,145,689,1100,0.868181818181818,0.721465968586387,Glycine_max,high_confidence_IR
GLYMA_03G116400,GLYMA_03G116400.intron1,GLYMA_03G116400|3:32509380-32509449:-,3,32509380,32509449,-,KRH66591,1,no,FLEP-seq;Iso-seq;ONT;ONT cDNA-seq,94,41,84,135,0.696296296296296,0.893617021276596,Glycine_max,high_confidence_IR
GLYMA_03G122300,GLYMA_03G122300.intron2,GLYMA_03G122300|3:33525942-33526078:-,3,33525942,33526078,-,KRH66690,1,no,FLEP-seq;Iso-seq;ONT;ONT cDNA-seq,916,1351,781,2267,0.404058226731363,0.852620087336245,Glycine_max,high_confidence_IR
GLYMA_03G123000,GLYMA_03G123000.intron2,GLYMA_03G123000|3:33578326-33579350:-,3,33578326,33579350,-,KRH66698,1,no,FLEP-seq;Iso-seq;ONT;ONT cDNA-seq,99,310,93,409,0.242053789731051,0.939393939393939,Glycine_max,high_confidence_IR
GLYMA_03G123400,GLYMA_03G123400.intron1,GLYMA_03G123400|3:33635119-33635715:-,3,33635119,33635715,-,KRH66705,1,yes,FLEP-seq;Iso-seq;ONT;ONT cDNA-seq,435,6,435,441,0.986394557823129,1,Glycine_max,high_confidence_IR
GLYMA_03G127600,GLYMA_03G127600.intron4,GLYMA_03G127600|3:34175661-34175818:-,3,34175661,34175818,-,KRH66769,1,yes,FLEP-seq;Iso-seq;ONT;ONT cDNA-seq,1173,273,914,1446,0.811203319502075,0.77919863597613,Glycine_max,high_confidence_IR
GLYMA_03G128200,GLYMA_03G128200.intron2,GLYMA_03G128200|3:34261307-34261464:+,3,34261307,34261464,+,KRH66777,1,yes,FLEP-seq;Iso-seq;ONT;ONT cDNA-seq,76,146,68,222,0.342342342342342,0.894736842105263,Glycine_max,high_confidence_IR
GLYMA_03G129000,GLYMA_03G129000.intron1,GLYMA_03G129000|3:34382957-34383046:+,3,34382957,34383046,+,KRH66794,1,no,FLEP-seq;Iso-seq;ONT;ONT cDNA-seq,13,11,13,24,0.541666666666667,1,Glycine_max,high_confidence_IR
GLYMA_03G131300,GLYMA_03G131300.intron1,GLYMA_03G131300|3:34643878-34644133:-,3,34643878,34644133,-,KRH66827,1,no,FLEP-seq;Iso-seq;ONT;ONT cDNA-seq,6,13,6,19,0.315789473684211,1,Glycine_max,high_confidence_IR
GLYMA_03G134700,GLYMA_03G134700.intron2,GLYMA_03G134700|3:35002558-35003097:+,3,35002558,35003097,+,KRH66893;KRH66894;KRH66895,3,no,FLEP-seq;Iso-seq;ONT;ONT cDNA-seq,612,1384,559,1996,0.306613226452906,0.913398692810457,Glycine_max,high_confidence_IR
GLYMA_03G135600,GLYMA_03G135600.intron1,GLYMA_03G135600|3:35110124-35110556:-,3,35110124,35110556,-,KRH66904,1,no,FLEP-seq;Iso-seq;ONT;ONT cDNA-seq,182,80,182,262,0.694656488549618,1,Glycine_max,high_confidence_IR
GLYMA_03G139100,GLYMA_03G139100.intron1,GLYMA_03G139100|3:35534498-35534842:-,3,35534498,35534842,-,KRH66979,1,no,FLEP-seq;Iso-seq;ONT;ONT cDNA-seq,56,74,56,130,0.430769230769231,1,Glycine_max,high_confidence_IR
GLYMA_03G141500,GLYMA_03G141500.intron2,GLYMA_03G141500|3:35748414-35749591:-,3,35748414,35749591,-,KRH67013;KRH67014;KRH67015;KRH67016,4,yes,FLEP-seq;Iso-seq;ONT;ONT cDNA-seq,19,9,14,28,0.678571428571429,0.736842105263158,Glycine_max,high_confidence_IR
GLYMA_03G141600,GLYMA_03G141600.intron1,GLYMA_03G141600|3:35758501-35759978:+,3,35758501,35759978,+,KRH67019,1,no,FLEP-seq;Iso-seq;ONT;ONT cDNA-seq,59,125,59,184,0.320652173913043,1,Glycine_max,high_confidence_IR
GLYMA_03G141800,GLYMA_03G141800.intron1,GLYMA_03G141800|3:35785417-35785511:+,3,35785417,35785511,+,KRH67023,1,no,FLEP-seq;Iso-seq;ONT;ONT cDNA-seq,115,270,115,385,0.298701298701299,1,Glycine_max,high_confidence_IR
GLYMA_03G147100,GLYMA_03G147100.intron1,GLYMA_03G147100|3:36270830-36271181:-,3,36270830,36271181,-,KRH67105,1,no,FLEP-seq;Iso-seq;ONT;ONT cDNA-seq,552,560,552,1112,0.496402877697842,1,Glycine_max,high_confidence_IR
GLYMA_03G152400,GLYMA_03G152400.intron2,GLYMA_03G152400|3:36748384-36750146:+,3,36748384,36750146,+,KRH67184,1,yes,FLEP-seq;Iso-seq;ONT;ONT cDNA-seq,148,11,133,159,0.930817610062893,0.898648648648649,Glycine_max,high_confidence_IR
GLYMA_03G154800,GLYMA_03G154800.intron3,GLYMA_03G154800|3:37021632-37023579:-,3,37021632,37023579,-,RCW19489,1,yes,FLEP-seq;Iso-seq;ONT;ONT cDNA-seq,4535,21,3905,4556,0.995390693590869,0.861080485115766,Glycine_max,high_confidence_IR
GLYMA_03G155200,GLYMA_03G155200.intron2,GLYMA_03G155200|3:37046364-37047659:+,3,37046364,37047659,+,KRH67229,1,yes,FLEP-seq;Iso-seq;ONT;ONT cDNA-seq,603,21,597,624,0.966346153846154,0.990049751243781,Glycine_max,high_confidence_IR
GLYMA_03G156200,GLYMA_03G156200.intron2,GLYMA_03G156200|3:37141707-37142845:+,3,37141707,37142845,+,KRH67240,1,no,FLEP-seq;Iso-seq;ONT;ONT cDNA-seq,5,7,4,12,0.416666666666667,0.8,Glycine_max,high_confidence_IR
GLYMA_03G157300,GLYMA_03G157300.intron1,GLYMA_03G157300|3:37268665-37269367:+,3,37268665,37269367,+,KRH67266;KRH67267,2,no,FLEP-seq;Iso-seq;ONT;ONT cDNA-seq,67,164,67,231,0.29004329004329,1,Glycine_max,high_confidence_IR
GLYMA_03G158000,GLYMA_03G158000.intron3,GLYMA_03G158000|3:37345375-37347613:-,3,37345375,37347613,-,KRH67277;KRH67278,2,yes,FLEP-seq;Iso-seq;ONT;ONT cDNA-seq,599,29,561,628,0.953821656050955,0.936560934891486,Glycine_max,high_confidence_IR
GLYMA_03G164000,GLYMA_03G164000.intron1,GLYMA_03G164000|3:37867759-37868027:+,3,37867759,37868027,+,KRH67396;KRH67397,2,no,FLEP-seq;Iso-seq;ONT;ONT cDNA-seq,67,20,67,87,0.770114942528736,1,Glycine_max,high_confidence_IR
GLYMA_03G168500,GLYMA_03G168500.intron2,GLYMA_03G168500|3:38280394-38280543:-,3,38280394,38280543,-,KRH67479,1,no,FLEP-seq;Iso-seq;ONT;ONT cDNA-seq,37,95,37,132,0.28030303030303,1,Glycine_max,high_confidence_IR
GLYMA_03G168700,GLYMA_03G168700.intron2,GLYMA_03G168700|3:38307400-38307506:-,3,38307400,38307506,-,KRH67485,1,yes,FLEP-seq;Iso-seq;ONT;ONT cDNA-seq,7626,14,6697,7640,0.998167539267016,0.878179910831366,Glycine_max,high_confidence_IR
GLYMA_03G169100,GLYMA_03G169100.intron4,GLYMA_03G169100|3:38336751-38336900:-,3,38336751,38336900,-,KRH67496,1,yes,FLEP-seq;Iso-seq;ONT;ONT cDNA-seq,91,19,75,110,0.827272727272727,0.824175824175824,Glycine_max,high_confidence_IR
GLYMA_03G169300,GLYMA_03G169300.intron7,GLYMA_03G169300|3:38355089-38355753:+,3,38355089,38355753,+,KRH67499;KRH67502,2,yes,FLEP-seq;Iso-seq;ONT;ONT cDNA-seq,440,491,333,931,0.472610096670247,0.756818181818182,Glycine_max,high_confidence_IR
GLYMA_03G171500,GLYMA_03G171500.intron1,GLYMA_03G171500|3:38601483-38601563:+,3,38601483,38601563,+,KRH67536,1,no,FLEP-seq;Iso-seq;ONT;ONT cDNA-seq,27,89,20,116,0.232758620689655,0.740740740740741,Glycine_max,high_confidence_IR
GLYMA_03G178000,GLYMA_03G178000.intron2,GLYMA_03G178000|3:39065625-39065741:-,3,39065625,39065741,-,KRH67643,1,yes,FLEP-seq;Iso-seq;ONT;ONT cDNA-seq,12525,61,12053,12586,0.995153344986493,0.962315369261477,Glycine_max,high_confidence_IR
GLYMA_03G179100,GLYMA_03G179100.intron1,GLYMA_03G179100|3:39139044-39139175:-,3,39139044,39139175,-,KRH67663,1,no,FLEP-seq;Iso-seq;ONT;ONT cDNA-seq,94,180,94,274,0.343065693430657,1,Glycine_max,high_confidence_IR
GLYMA_03G180100,GLYMA_03G180100.intron9,GLYMA_03G180100|3:39221970-39222922:+,3,39221970,39222922,+,KRH67678,1,yes,FLEP-seq;Iso-seq;ONT;ONT cDNA-seq,921,9,656,930,0.990322580645161,0.712269272529859,Glycine_max,high_confidence_IR
GLYMA_03G184100,GLYMA_03G184100.intron1,GLYMA_03G184100|3:39596739-39597426:-,3,39596739,39597426,-,KRH67735,1,no,FLEP-seq;Iso-seq;ONT;ONT cDNA-seq,9,32,9,41,0.219512195121951,1,Glycine_max,high_confidence_IR
GLYMA_03G188000,GLYMA_03G188000.intron1,GLYMA_03G188000|3:39933504-39933639:-,3,39933504,39933639,-,KRH67791,1,yes,FLEP-seq;Iso-seq;ONT;ONT cDNA-seq,45,8,43,53,0.849056603773585,0.955555555555556,Glycine_max,high_confidence_IR
GLYMA_03G190900,GLYMA_03G190900.intron9,GLYMA_03G190900|3:40172632-40173173:+,3,40172632,40173173,+,KRH67845,1,no,FLEP-seq;Iso-seq;ONT;ONT cDNA-seq,809,23,608,832,0.972355769230769,0.751545117428925,Glycine_max,high_confidence_IR
GLYMA_03G191100,GLYMA_03G191100.intron1,GLYMA_03G191100|3:40193600-40194307:+,3,40193600,40194307,+,KRH67848,1,no,FLEP-seq;Iso-seq;ONT;ONT cDNA-seq,86,81,86,167,0.514970059880239,1,Glycine_max,high_confidence_IR
GLYMA_03G199900,GLYMA_03G199900.intron1,GLYMA_03G199900|3:40880498-40882006:+,3,40880498,40882006,+,KRH67977,1,yes,FLEP-seq;Iso-seq;ONT;ONT cDNA-seq,16,21,15,37,0.432432432432432,0.9375,Glycine_max,high_confidence_IR
GLYMA_03G205800,GLYMA_03G205800.intron1,GLYMA_03G205800|3:41370831-41371693:-,3,41370831,41371693,-,KRH68063,1,no,FLEP-seq;Iso-seq;ONT;ONT cDNA-seq,62,231,62,293,0.21160409556314,1,Glycine_max,high_confidence_IR
GLYMA_03G206500,GLYMA_03G206500.intron1,GLYMA_03G206500|3:41409503-41409884:-,3,41409503,41409884,-,KRH68074,1,no,FLEP-seq;Iso-seq;ONT;ONT cDNA-seq,69,55,54,124,0.556451612903226,0.782608695652174,Glycine_max,high_confidence_IR
GLYMA_03G207400,GLYMA_03G207400.intron1,GLYMA_03G207400|3:41487264-41487753:-,3,41487264,41487753,-,KRH68085,1,no,FLEP-seq;Iso-seq;ONT;ONT cDNA-seq,8,15,8,23,0.347826086956522,1,Glycine_max,high_confidence_IR
GLYMA_03G207800,GLYMA_03G207800.intron1,GLYMA_03G207800|3:41509043-41509142:-,3,41509043,41509142,-,KRH68089,1,no,FLEP-seq;Iso-seq;ONT;ONT cDNA-seq,10,27,8,37,0.27027027027027,0.8,Glycine_max,high_confidence_IR
GLYMA_03G212100,GLYMA_03G212100.intron3,GLYMA_03G212100|3:41819768-41820208:+,3,41819768,41820208,+,KRH68155,1,yes,FLEP-seq;Iso-seq;ONT;ONT cDNA-seq,1226,59,926,1285,0.954085603112841,0.755301794453507,Glycine_max,high_confidence_IR
GLYMA_03G214800,GLYMA_03G214800.intron7,GLYMA_03G214800|3:41945967-41946393:-,3,41945967,41946393,-,KRH68194,1,yes,FLEP-seq;Iso-seq;ONT;ONT cDNA-seq,85,21,66,106,0.80188679245283,0.776470588235294,Glycine_max,high_confidence_IR
GLYMA_03G219600,GLYMA_03G219600.intron2,GLYMA_03G219600|3:42305004-42305877:-,3,42305004,42305877,-,KRH68263,1,yes,FLEP-seq;Iso-seq;ONT;ONT cDNA-seq,532,148,384,680,0.782352941176471,0.721804511278195,Glycine_max,high_confidence_IR
GLYMA_03G221200,GLYMA_03G221200.intron3,GLYMA_03G221200|3:42435381-42435785:+,3,42435381,42435785,+,KRH68290,1,no,FLEP-seq;Iso-seq;ONT;ONT cDNA-seq,481,608,341,1089,0.441689623507805,0.708939708939709,Glycine_max,high_confidence_IR
GLYMA_03G222600,GLYMA_03G222600.intron1,GLYMA_03G222600|3:42551022-42551117:+,3,42551022,42551117,+,KRH68312,1,no,FLEP-seq;Iso-seq;ONT;ONT cDNA-seq,20,31,20,51,0.392156862745098,1,Glycine_max,high_confidence_IR
GLYMA_03G224900,GLYMA_03G224900.intron1,GLYMA_03G224900|3:42723668-42723786:+,3,42723668,42723786,+,KRH68347,1,no,FLEP-seq;Iso-seq;ONT;ONT cDNA-seq,29,6,29,35,0.828571428571429,1,Glycine_max,high_confidence_IR
GLYMA_03G225600,GLYMA_03G225600.intron5,GLYMA_03G225600|3:42791048-42791256:-,3,42791048,42791256,-,KRH68358,1,no,FLEP-seq;Iso-seq;ONT;ONT cDNA-seq,151,90,106,241,0.62655601659751,0.701986754966887,Glycine_max,high_confidence_IR
GLYMA_03G228100,GLYMA_03G228100.intron3,GLYMA_03G228100|3:43025905-43026152:+,3,43025905,43026152,+,KRH68393,1,no,FLEP-seq;Iso-seq;ONT;ONT cDNA-seq,1381,474,1178,1855,0.744474393530997,0.853005068790731,Glycine_max,high_confidence_IR
GLYMA_03G232700,GLYMA_03G232700.intron3,GLYMA_03G232700|3:43369517-43369596:+,3,43369517,43369596,+,KRH68459;KRH68460,2,no,FLEP-seq;Iso-seq;ONT;ONT cDNA-seq,2871,5370,2314,8241,0.348380050964689,0.805990943921978,Glycine_max,high_confidence_IR
GLYMA_03G232900,GLYMA_03G232900.intron1,GLYMA_03G232900|3:43380914-43380984:+,3,43380914,43380984,+,KRH68462,1,no,FLEP-seq;Iso-seq;ONT;ONT cDNA-seq,86,120,86,206,0.41747572815534,1,Glycine_max,high_confidence_IR
GLYMA_03G234200,GLYMA_03G234200.intron3,GLYMA_03G234200|3:43478898-43479464:+,3,43478898,43479464,+,KRH68485,1,no,FLEP-seq;Iso-seq;ONT;ONT cDNA-seq,919,1617,703,2536,0.362381703470032,0.764961915125136,Glycine_max,high_confidence_IR
GLYMA_03G240000,GLYMA_03G240000.intron2,GLYMA_03G240000|3:43875650-43875913:+,3,43875650,43875913,+,KRH68590,1,yes,FLEP-seq;Iso-seq;ONT;ONT cDNA-seq,870,42,743,912,0.953947368421053,0.854022988505747,Glycine_max,high_confidence_IR
GLYMA_03G241300,GLYMA_03G241300.intron3,GLYMA_03G241300|3:43961614-43962287:+,3,43961614,43962287,+,KRH68613,1,yes,FLEP-seq;Iso-seq;ONT;ONT cDNA-seq,4111,12,3696,4123,0.997089497938394,0.899051325711506,Glycine_max,high_confidence_IR
GLYMA_03G241600,GLYMA_03G241600.intron1,GLYMA_03G241600|3:43982590-43984111:+,3,43982590,43984111,+,KRH68618,1,no,FLEP-seq;Iso-seq;ONT;ONT cDNA-seq,19,10,17,29,0.655172413793103,0.894736842105263,Glycine_max,high_confidence_IR
GLYMA_03G242700,GLYMA_03G242700.intron3,GLYMA_03G242700|3:44058836-44058901:-,3,44058836,44058901,-,KRH68642,1,yes,FLEP-seq;Iso-seq;ONT;ONT cDNA-seq,305,672,251,977,0.312180143295803,0.822950819672131,Glycine_max,high_confidence_IR
GLYMA_03G242900,GLYMA_03G242900.intron3,GLYMA_03G242900|3:44078038-44078582:+,3,44078038,44078582,+,KRH68648,1,yes,FLEP-seq;Iso-seq;ONT;ONT cDNA-seq,33927,73,28211,34000,0.997852941176471,0.831520617797035,Glycine_max,high_confidence_IR
GLYMA_03G244600,GLYMA_03G244600.intron1,GLYMA_03G244600|3:44208670-44208747:+,3,44208670,44208747,+,KRH68695,1,no,FLEP-seq;Iso-seq;ONT;ONT cDNA-seq,29,38,29,67,0.432835820895522,1,Glycine_max,high_confidence_IR
GLYMA_03G248300,GLYMA_03G248300.intron1,GLYMA_03G248300|3:44478194-44478446:-,3,44478194,44478446,-,KRH68753,1,yes,FLEP-seq;Iso-seq;ONT;ONT cDNA-seq,33,5,33,38,0.868421052631579,1,Glycine_max,high_confidence_IR
GLYMA_03G253100,GLYMA_03G253100.intron1,GLYMA_03G253100|3:44880871-44880960:+,3,44880871,44880960,+,KRH68827;KRH68828,2,no,FLEP-seq;Iso-seq;ONT;ONT cDNA-seq,70,162,70,232,0.301724137931034,1,Glycine_max,high_confidence_IR
GLYMA_03G254100,GLYMA_03G254100.intron2,GLYMA_03G254100|3:44936392-44937078:+,3,44936392,44937078,+,KRH68849,1,no,FLEP-seq;Iso-seq;ONT;ONT cDNA-seq,21,41,16,62,0.338709677419355,0.761904761904762,Glycine_max,high_confidence_IR
GLYMA_03G256600,GLYMA_03G256600.intron6,GLYMA_03G256600|3:45153098-45154195:+,3,45153098,45154195,+,KRH68896,1,yes,FLEP-seq;Iso-seq;ONT;ONT cDNA-seq,114,13,103,127,0.897637795275591,0.903508771929825,Glycine_max,high_confidence_IR
GLYMA_03G258800,GLYMA_03G258800.intron1,GLYMA_03G258800|3:45318631-45319149:+,3,45318631,45319149,+,KRH68931,1,yes,FLEP-seq;Iso-seq;ONT;ONT cDNA-seq,394,222,394,616,0.63961038961039,1,Glycine_max,high_confidence_IR
GLYMA_03G260400,GLYMA_03G260400.intron1,GLYMA_03G260400|3:45426190-45426310:+,3,45426190,45426310,+,KRH68954,1,no,FLEP-seq;Iso-seq;ONT;ONT cDNA-seq,56,149,56,205,0.273170731707317,1,Glycine_max,high_confidence_IR
GLYMA_03G262200,GLYMA_03G262200.intron1,GLYMA_03G262200|3:45557459-45557668:+,3,45557459,45557668,+,KRH68988;KRH68989;KRH68990;KRH68991,4,yes,FLEP-seq;Iso-seq;ONT;ONT cDNA-seq,57,141,57,198,0.287878787878788,1,Glycine_max,high_confidence_IR
GLYMA_04G002100,GLYMA_04G002100.intron1,GLYMA_04G002100|4:179217-179413:+,4,179217,179413,+,KRH60666,1,yes,FLEP-seq;Iso-seq;ONT;ONT cDNA-seq,62,13,49,75,0.826666666666667,0.790322580645161,Glycine_max,high_confidence_IR
GLYMA_04G002200,GLYMA_04G002200.intron2,GLYMA_04G002200|4:187725-187840:-,4,187725,187840,-,KRH60669,1,yes,FLEP-seq;Iso-seq;ONT;ONT cDNA-seq,1572,132,1274,1704,0.922535211267606,0.810432569974555,Glycine_max,high_confidence_IR
GLYMA_04G002700,GLYMA_04G002700.intron3,GLYMA_04G002700|4:219166-222203:-,4,219166,222203,-,KRH60675,1,yes,FLEP-seq;Iso-seq;ONT;ONT cDNA-seq,2534,143,2372,2677,0.946581994770265,0.936069455406472,Glycine_max,high_confidence_IR
GLYMA_04G002800,GLYMA_04G002800.intron2,GLYMA_04G002800|4:223611-223678:+,4,223611,223678,+,KRH60677,1,no,FLEP-seq;Iso-seq;ONT;ONT cDNA-seq,74,291,61,365,0.202739726027397,0.824324324324324,Glycine_max,high_confidence_IR
GLYMA_04G003300,GLYMA_04G003300.intron1,GLYMA_04G003300|4:278374-278526:-,4,278374,278526,-,KRH60693,1,no,FLEP-seq;Iso-seq;ONT;ONT cDNA-seq,16,17,16,33,0.484848484848485,1,Glycine_max,high_confidence_IR
GLYMA_04G004100,GLYMA_04G004100.intron2,GLYMA_04G004100|4:348590-348681:+,4,348590,348681,+,KRH60703,1,yes,FLEP-seq;Iso-seq;ONT;ONT cDNA-seq,1984,33,1822,2017,0.983639067922657,0.918346774193548,Glycine_max,high_confidence_IR
GLYMA_04G008000,GLYMA_04G008000.intron1,GLYMA_04G008000|4:615664-615747:+,4,615664,615747,+,KRH60758,1,no,FLEP-seq;Iso-seq;ONT;ONT cDNA-seq,5,12,5,17,0.294117647058824,1,Glycine_max,high_confidence_IR
GLYMA_04G012700,GLYMA_04G012700.intron1,GLYMA_04G012700|4:953207-953470:-,4,953207,953470,-,KRH60842,1,no,FLEP-seq;Iso-seq;ONT;ONT cDNA-seq,4084,3629,4084,7713,0.529495656683521,1,Glycine_max,high_confidence_IR
GLYMA_04G013500,GLYMA_04G013500.intron2,GLYMA_04G013500|4:1027821-1027952:+,4,1027821,1027952,+,RCW19426,1,no,FLEP-seq;Iso-seq;ONT;ONT cDNA-seq,747,66,668,813,0.918819188191882,0.894243641231593,Glycine_max,high_confidence_IR
GLYMA_04G014400,GLYMA_04G014400.intron4,GLYMA_04G014400|4:1112102-1112541:+,4,1112102,1112541,+,KRH60873,1,yes,FLEP-seq;Iso-seq;ONT;ONT cDNA-seq,599,45,522,644,0.930124223602484,0.871452420701169,Glycine_max,high_confidence_IR
GLYMA_04G017200,GLYMA_04G017200.intron5,GLYMA_04G017200|4:1310089-1311099:+,4,1310089,1311099,+,KRH60921,1,no,FLEP-seq;Iso-seq;ONT;ONT cDNA-seq,93,233,81,326,0.285276073619632,0.870967741935484,Glycine_max,high_confidence_IR
GLYMA_04G017600,GLYMA_04G017600.intron2,GLYMA_04G017600|4:1373992-1374607:-,4,1373992,1374607,-,KRH60935,1,yes,FLEP-seq;Iso-seq;ONT;ONT cDNA-seq,911,358,771,1269,0.717888100866824,0.846322722283205,Glycine_max,high_confidence_IR
GLYMA_04G018200,GLYMA_04G018200.intron7,GLYMA_04G018200|4:1423069-1423479:-,4,1423069,1423479,-,KRH60949,1,yes,FLEP-seq;Iso-seq;ONT;ONT cDNA-seq,912,12,741,924,0.987012987012987,0.8125,Glycine_max,high_confidence_IR
GLYMA_04G018900,GLYMA_04G018900.intron1,GLYMA_04G018900|4:1488572-1488676:+,4,1488572,1488676,+,KRH60958,1,no,FLEP-seq;Iso-seq;ONT;ONT cDNA-seq,230,188,180,418,0.550239234449761,0.782608695652174,Glycine_max,high_confidence_IR
GLYMA_04G019200,GLYMA_04G019200.intron4,GLYMA_04G019200|4:1514557-1514657:+,4,1514557,1514657,+,KRH60962,1,no,FLEP-seq;Iso-seq;ONT;ONT cDNA-seq,6,10,6,16,0.375,1,Glycine_max,high_confidence_IR
GLYMA_04G021600,GLYMA_04G021600.intron1,GLYMA_04G021600|4:1704394-1704642:+,4,1704394,1704642,+,KRH61003,1,yes,FLEP-seq;Iso-seq;ONT;ONT cDNA-seq,300,21,287,321,0.934579439252336,0.956666666666667,Glycine_max,high_confidence_IR
GLYMA_04G023700,GLYMA_04G023700.intron1,GLYMA_04G023700|4:1887235-1887324:-,4,1887235,1887324,-,KRH61030,1,no,FLEP-seq;Iso-seq;ONT;ONT cDNA-seq,194,578,171,772,0.251295336787565,0.881443298969072,Glycine_max,high_confidence_IR
GLYMA_04G029100,GLYMA_04G029100.intron4,GLYMA_04G029100|4:2365698-2365873:+,4,2365698,2365873,+,KRH61116,1,yes,FLEP-seq;Iso-seq;ONT;ONT cDNA-seq,815,48,647,863,0.944380069524913,0.793865030674847,Glycine_max,high_confidence_IR
GLYMA_04G030700,GLYMA_04G030700.intron3,GLYMA_04G030700|4:2493840-2494856:-,4,2493840,2494856,-,KRH61144,1,no,FLEP-seq;Iso-seq;ONT;ONT cDNA-seq,21,27,16,48,0.4375,0.761904761904762,Glycine_max,high_confidence_IR
GLYMA_04G032000,GLYMA_04G032000.intron1,GLYMA_04G032000|4:2567084-2567664:-,4,2567084,2567664,-,KRH61173,1,no,FLEP-seq;Iso-seq;ONT;ONT cDNA-seq,78,303,78,381,0.204724409448819,1,Glycine_max,high_confidence_IR
GLYMA_04G033400,GLYMA_04G033400.intron1,GLYMA_04G033400|4:2662775-2662842:-,4,2662775,2662842,-,KRH61194,1,no,FLEP-seq;Iso-seq;ONT;ONT cDNA-seq,19,13,19,32,0.59375,1,Glycine_max,high_confidence_IR
GLYMA_04G039300,GLYMA_04G039300.intron2,GLYMA_04G039300|4:3118049-3119520:+,4,3118049,3119520,+,KRH61299;KRH61300,2,yes,FLEP-seq;Iso-seq;ONT;ONT cDNA-seq,771,31,642,802,0.961346633416459,0.832684824902724,Glycine_max,high_confidence_IR
GLYMA_04G041200,GLYMA_04G041200.intron1,GLYMA_04G041200|4:3281980-3282443:-,4,3281980,3282443,-,KRH61331,1,yes,FLEP-seq;Iso-seq;ONT;ONT cDNA-seq,666,204,666,870,0.76551724137931,1,Glycine_max,high_confidence_IR
GLYMA_04G044800,GLYMA_04G044800.intron1,GLYMA_04G044800|4:3582741-3582819:-,4,3582741,3582819,-,KRH61393,1,no,FLEP-seq;Iso-seq;ONT;ONT cDNA-seq,88,220,88,308,0.285714285714286,1,Glycine_max,high_confidence_IR
GLYMA_04G047300,GLYMA_04G047300.intron1,GLYMA_04G047300|4:3797271-3797398:+,4,3797271,3797398,+,KRH61440;KRH61441,2,yes,FLEP-seq;Iso-seq;ONT;ONT cDNA-seq,339,46,339,385,0.88051948051948,1,Glycine_max,high_confidence_IR
GLYMA_04G049800,GLYMA_04G049800.intron2,GLYMA_04G049800|4:4041854-4044744:-,4,4041854,4044744,-,KRH61478,1,no,FLEP-seq;Iso-seq;ONT;ONT cDNA-seq,153,343,141,496,0.308467741935484,0.92156862745098,Glycine_max,high_confidence_IR
GLYMA_04G050200,GLYMA_04G050200.intron2,GLYMA_04G050200|4:4077519-4079214:-,4,4077519,4079214,-,KRH61487;KRH61488;KRH61489,3,no,FLEP-seq;Iso-seq;ONT;ONT cDNA-seq,369,450,287,819,0.450549450549451,0.777777777777778,Glycine_max,high_confidence_IR
GLYMA_04G052200,GLYMA_04G052200.intron1,GLYMA_04G052200|4:4239225-4239309:-,4,4239225,4239309,-,KRH61522,1,no,FLEP-seq;Iso-seq;ONT;ONT cDNA-seq,91,232,69,323,0.281733746130031,0.758241758241758,Glycine_max,high_confidence_IR
GLYMA_04G052300,GLYMA_04G052300.intron3,GLYMA_04G052300|4:4246035-4248246:-,4,4246035,4248246,-,KRH61523,1,yes,FLEP-seq;Iso-seq;ONT;ONT cDNA-seq,149,10,114,159,0.937106918238994,0.76510067114094,Glycine_max,high_confidence_IR
GLYMA_04G053600,GLYMA_04G053600.intron1,GLYMA_04G053600|4:4354576-4354671:+,4,4354576,4354671,+,KRH61545,1,no,FLEP-seq;Iso-seq;ONT;ONT cDNA-seq,10,36,10,46,0.217391304347826,1,Glycine_max,high_confidence_IR
GLYMA_04G057100,GLYMA_04G057100.intron1,GLYMA_04G057100|4:4626576-4626841:-,4,4626576,4626841,-,KRH61601,1,yes,FLEP-seq;Iso-seq;ONT;ONT cDNA-seq,601,22,601,623,0.964686998394864,1,Glycine_max,high_confidence_IR
GLYMA_04G058500,GLYMA_04G058500.intron1,GLYMA_04G058500|4:4803687-4804116:-,4,4803687,4804116,-,KRH61624,1,no,FLEP-seq;Iso-seq;ONT;ONT cDNA-seq,8,29,8,37,0.216216216216216,1,Glycine_max,high_confidence_IR
GLYMA_04G059300,GLYMA_04G059300.intron1,GLYMA_04G059300|4:4859385-4860470:+,4,4859385,4860470,+,KRH61633,1,no,FLEP-seq;Iso-seq;ONT;ONT cDNA-seq,10,9,10,19,0.526315789473684,1,Glycine_max,high_confidence_IR
GLYMA_04G064000,GLYMA_04G064000.intron1,GLYMA_04G064000|4:5320824-5321068:+,4,5320824,5321068,+,KRH61711,1,no,FLEP-seq;Iso-seq;ONT;ONT cDNA-seq,10,10,10,20,0.5,1,Glycine_max,high_confidence_IR
GLYMA_04G065500,GLYMA_04G065500.intron4,GLYMA_04G065500|4:5444807-5445125:-,4,5444807,5445125,-,RCW19428,1,no,FLEP-seq;Iso-seq;ONT;ONT cDNA-seq,52,173,37,225,0.231111111111111,0.711538461538462,Glycine_max,high_confidence_IR
GLYMA_04G065900,GLYMA_04G065900.intron4,GLYMA_04G065900|4:5500840-5502554:-,4,5500840,5502554,-,KRH61751;KRH61752,2,yes,FLEP-seq;Iso-seq;ONT;ONT cDNA-seq,598,11,453,609,0.981937602627258,0.75752508361204,Glycine_max,high_confidence_IR
GLYMA_04G068900,GLYMA_04G068900.intron1,GLYMA_04G068900|4:5758638-5759868:+,4,5758638,5759868,+,KRH61806,1,no,FLEP-seq;Iso-seq;ONT;ONT cDNA-seq,1173,187,1173,1360,0.8625,1,Glycine_max,high_confidence_IR
GLYMA_04G069900,GLYMA_04G069900.intron4,GLYMA_04G069900|4:5838075-5839397:-,4,5838075,5839397,-,KRH61825,1,yes,FLEP-seq;Iso-seq;ONT;ONT cDNA-seq,307,15,289,322,0.953416149068323,0.941368078175896,Glycine_max,high_confidence_IR
GLYMA_04G070000,GLYMA_04G070000.intron1,GLYMA_04G070000|4:5843562-5843690:+,4,5843562,5843690,+,KRH61830,1,no,FLEP-seq;Iso-seq;ONT;ONT cDNA-seq,40,54,40,94,0.425531914893617,1,Glycine_max,high_confidence_IR
GLYMA_04G072700,GLYMA_04G072700.intron5,GLYMA_04G072700|4:6065152-6066065:-,4,6065152,6066065,-,KRH61872,1,yes,FLEP-seq;Iso-seq;ONT;ONT cDNA-seq,629,99,495,728,0.864010989010989,0.786963434022258,Glycine_max,high_confidence_IR
GLYMA_04G075900,GLYMA_04G075900.intron1,GLYMA_04G075900|4:6351611-6353655:-,4,6351611,6353655,-,KRH61943,1,no,FLEP-seq;Iso-seq;ONT;ONT cDNA-seq,61,224,61,285,0.214035087719298,1,Glycine_max,high_confidence_IR
GLYMA_04G077900,GLYMA_04G077900.intron1,GLYMA_04G077900|4:6517912-6518133:+,4,6517912,6518133,+,KRH61971,1,no,FLEP-seq;Iso-seq;ONT;ONT cDNA-seq,716,54,679,770,0.92987012987013,0.948324022346369,Glycine_max,high_confidence_IR
GLYMA_04G078600,GLYMA_04G078600.intron1,GLYMA_04G078600|4:6594639-6594880:-,4,6594639,6594880,-,KRH61983;KRH61984,2,yes,FLEP-seq;Iso-seq;ONT;ONT cDNA-seq,28,27,27,55,0.509090909090909,0.964285714285714,Glycine_max,high_confidence_IR
GLYMA_04G082800,GLYMA_04G082800.intron1,GLYMA_04G082800|4:6979291-6982697:-,4,6979291,6982697,-,KRH62052,1,no,FLEP-seq;Iso-seq;ONT;ONT cDNA-seq,99,278,99,377,0.262599469496021,1,Glycine_max,high_confidence_IR
GLYMA_04G084800,GLYMA_04G084800.intron2,GLYMA_04G084800|4:7188457-7192557:+,4,7188457,7192557,+,KRH62078,1,yes,FLEP-seq;Iso-seq;ONT;ONT cDNA-seq,233,896,231,1129,0.20637732506643,0.991416309012876,Glycine_max,high_confidence_IR
GLYMA_04G085300,GLYMA_04G085300.intron1,GLYMA_04G085300|4:7267210-7267325:-,4,7267210,7267325,-,KRH62084,1,no,FLEP-seq;Iso-seq;ONT;ONT cDNA-seq,16,51,16,67,0.238805970149254,1,Glycine_max,high_confidence_IR
GLYMA_04G086300,GLYMA_04G086300.intron1,GLYMA_04G086300|4:7341129-7341620:+,4,7341129,7341620,+,KRH62099;KRH62100,2,yes,FLEP-seq;Iso-seq;ONT;ONT cDNA-seq,42,97,42,139,0.302158273381295,1,Glycine_max,high_confidence_IR
GLYMA_04G090300,GLYMA_04G090300.intron1,GLYMA_04G090300|4:7947164-7947277:+,4,7947164,7947277,+,KRH62162,1,yes,FLEP-seq;Iso-seq;ONT;ONT cDNA-seq,29,28,26,57,0.508771929824561,0.896551724137931,Glycine_max,high_confidence_IR
GLYMA_04G090900,GLYMA_04G090900.intron1,GLYMA_04G090900|4:8001164-8001280:-,4,8001164,8001280,-,KRH62170,1,yes,FLEP-seq;Iso-seq;ONT;ONT cDNA-seq,139,71,139,210,0.661904761904762,1,Glycine_max,high_confidence_IR
GLYMA_04G093600,GLYMA_04G093600.intron15,GLYMA_04G093600|4:8311462-8313505:-,4,8311462,8313505,-,KRH62207,1,yes,FLEP-seq;Iso-seq;ONT;ONT cDNA-seq,1986,185,1529,2171,0.914785812989406,0.769889224572004,Glycine_max,high_confidence_IR
GLYMA_04G100600,GLYMA_04G100600.intron5,GLYMA_04G100600|4:9240035-9240202:-,4,9240035,9240202,-,KRH62326,1,yes,FLEP-seq;Iso-seq;ONT;ONT cDNA-seq,114,76,102,190,0.6,0.894736842105263,Glycine_max,high_confidence_IR
GLYMA_04G101000,GLYMA_04G101000.intron2,GLYMA_04G101000|4:9283118-9283998:-,4,9283118,9283998,-,KRH62332,1,yes,FLEP-seq;Iso-seq;ONT;ONT cDNA-seq,499,69,421,568,0.878521126760563,0.843687374749499,Glycine_max,high_confidence_IR
GLYMA_04G101400,GLYMA_04G101400.intron1,GLYMA_04G101400|4:9328618-9329301:-,4,9328618,9329301,-,KRH62340,1,yes,FLEP-seq;Iso-seq;ONT;ONT cDNA-seq,61,216,51,277,0.220216606498195,0.836065573770492,Glycine_max,high_confidence_IR
GLYMA_04G102400,GLYMA_04G102400.intron1,GLYMA_04G102400|4:9436047-9436133:-,4,9436047,9436133,-,KRH62353,1,no,FLEP-seq;Iso-seq;ONT;ONT cDNA-seq,208,344,208,552,0.376811594202899,1,Glycine_max,high_confidence_IR
GLYMA_04G104100,GLYMA_04G104100.intron4,GLYMA_04G104100|4:9800459-9800546:+,4,9800459,9800546,+,KRH62376,1,yes,FLEP-seq;Iso-seq;ONT;ONT cDNA-seq,186,158,162,344,0.540697674418605,0.870967741935484,Glycine_max,high_confidence_IR
GLYMA_04G104200,GLYMA_04G104200.intron3,GLYMA_04G104200|4:9808061-9810735:-,4,9808061,9810735,-,KRH62378,1,no,FLEP-seq;Iso-seq;ONT;ONT cDNA-seq,1136,704,806,1840,0.617391304347826,0.709507042253521,Glycine_max,high_confidence_IR
GLYMA_04G104500,GLYMA_04G104500.intron1,GLYMA_04G104500|4:9892685-9893210:-,4,9892685,9893210,-,KRH62385,1,no,FLEP-seq;Iso-seq;ONT;ONT cDNA-seq,76,226,55,302,0.251655629139073,0.723684210526316,Glycine_max,high_confidence_IR
GLYMA_04G107400,GLYMA_04G107400.intron12,GLYMA_04G107400|4:11282284-11282426:+,4,11282284,11282426,+,KRH62420,1,yes,FLEP-seq;Iso-seq;ONT;ONT cDNA-seq,1372,9,1043,1381,0.993482983345402,0.760204081632653,Glycine_max,high_confidence_IR
GLYMA_04G110900,GLYMA_04G110900.intron3,GLYMA_04G110900|4:12249818-12250819:-,4,12249818,12250819,-,KRH62474;KRH62475,2,yes,FLEP-seq;Iso-seq;ONT;ONT cDNA-seq,863,28,687,891,0.968574635241302,0.796060254924681,Glycine_max,high_confidence_IR
GLYMA_04G111200,GLYMA_04G111200.intron1,GLYMA_04G111200|4:12286031-12288393:+,4,12286031,12288393,+,KRH62478;KRH62479;KRH62480;KRH62481;KRH62482;KRH62483,6,yes,FLEP-seq;Iso-seq;ONT;ONT cDNA-seq,79,155,79,234,0.337606837606838,1,Glycine_max,high_confidence_IR
GLYMA_04G113700,GLYMA_04G113700.intron2,GLYMA_04G113700|4:12909237-12909311:-,4,12909237,12909311,-,KRH62531,1,yes,FLEP-seq;Iso-seq;ONT;ONT cDNA-seq,1269,36,1199,1305,0.972413793103448,0.944838455476753,Glycine_max,high_confidence_IR
GLYMA_04G113800,GLYMA_04G113800.intron1,GLYMA_04G113800|4:12932426-12932980:+,4,12932426,12932980,+,KRH62533,1,no,FLEP-seq;Iso-seq;ONT;ONT cDNA-seq,75,221,75,296,0.253378378378378,1,Glycine_max,high_confidence_IR
GLYMA_04G113900,GLYMA_04G113900.intron1,GLYMA_04G113900|4:12940518-12940651:+,4,12940518,12940651,+,KRH62534,1,no,FLEP-seq;Iso-seq;ONT;ONT cDNA-seq,57,51,57,108,0.527777777777778,1,Glycine_max,high_confidence_IR
GLYMA_04G114700,GLYMA_04G114700.intron1,GLYMA_04G114700|4:12999053-12999150:+,4,12999053,12999150,+,KRH62542,1,no,FLEP-seq;Iso-seq;ONT;ONT cDNA-seq,172,325,172,497,0.346076458752515,1,Glycine_max,high_confidence_IR
GLYMA_04G115600,GLYMA_04G115600.intron1,GLYMA_04G115600|4:13270507-13270609:-,4,13270507,13270609,-,KRH62552,1,no,FLEP-seq;Iso-seq;ONT;ONT cDNA-seq,32,13,30,45,0.711111111111111,0.9375,Glycine_max,high_confidence_IR
GLYMA_04G115800,GLYMA_04G115800.intron3,GLYMA_04G115800|4:13311843-13312359:-,4,13311843,13312359,-,KRH62554,1,yes,FLEP-seq;Iso-seq;ONT;ONT cDNA-seq,6,10,6,16,0.375,1,Glycine_max,high_confidence_IR
GLYMA_04G116900,GLYMA_04G116900.intron4,GLYMA_04G116900|4:13698477-13699250:+,4,13698477,13699250,+,KRH62573,1,no,FLEP-seq;Iso-seq;ONT;ONT cDNA-seq,19,36,15,55,0.345454545454545,0.789473684210526,Glycine_max,high_confidence_IR
GLYMA_04G126400,GLYMA_04G126400.intron1,GLYMA_04G126400|4:17001323-17001553:+,4,17001323,17001553,+,KRH62717,1,no,FLEP-seq;Iso-seq;ONT;ONT cDNA-seq,27,107,20,134,0.201492537313433,0.740740740740741,Glycine_max,high_confidence_IR
GLYMA_04G126400,GLYMA_04G126400.intron2,GLYMA_04G126400|4:17001668-17001779:+,4,17001668,17001779,+,KRH62717,1,no,FLEP-seq;Iso-seq;ONT;ONT cDNA-seq,37,110,27,147,0.251700680272109,0.72972972972973,Glycine_max,high_confidence_IR
GLYMA_04G132300,GLYMA_04G132300.intron1,GLYMA_04G132300|4:18690749-18690832:-,4,18690749,18690832,-,KRH62790,1,no,FLEP-seq;Iso-seq;ONT;ONT cDNA-seq,518,1338,518,1856,0.279094827586207,1,Glycine_max,high_confidence_IR
GLYMA_04G141300,GLYMA_04G141300.intron1,GLYMA_04G141300|4:23725504-23725632:+,4,23725504,23725632,+,KRH62903,1,no,FLEP-seq;Iso-seq;ONT;ONT cDNA-seq,15,10,15,25,0.6,1,Glycine_max,high_confidence_IR
GLYMA_04G142100,GLYMA_04G142100.intron1,GLYMA_04G142100|4:24362087-24364926:-,4,24362087,24364926,-,KRH62922,1,yes,FLEP-seq;Iso-seq;ONT;ONT cDNA-seq,146,10,145,156,0.935897435897436,0.993150684931507,Glycine_max,high_confidence_IR
GLYMA_04G142300,GLYMA_04G142300.intron1,GLYMA_04G142300|4:24723843-24723918:-,4,24723843,24723918,-,KRH62924,1,no,FLEP-seq;Iso-seq;ONT;ONT cDNA-seq,1780,5222,1780,7002,0.254213081976578,1,Glycine_max,high_confidence_IR
GLYMA_04G145600,GLYMA_04G145600.intron1,GLYMA_04G145600|4:26762244-26762359:+,4,26762244,26762359,+,KRH62972,1,no,FLEP-seq;Iso-seq;ONT;ONT cDNA-seq,109,90,95,199,0.547738693467337,0.871559633027523,Glycine_max,high_confidence_IR
GLYMA_04G146000,GLYMA_04G146000.intron5,GLYMA_04G146000|4:27358777-27359004:-,4,27358777,27359004,-,KRH62976,1,yes,FLEP-seq;Iso-seq;ONT;ONT cDNA-seq,1733,249,1227,1982,0.874369323915237,0.70802077322562,Glycine_max,high_confidence_IR
GLYMA_04G152100,GLYMA_04G152100.intron1,GLYMA_04G152100|4:33959329-33960164:-,4,33959329,33960164,-,KRH63048,1,no,FLEP-seq;Iso-seq;ONT;ONT cDNA-seq,25,91,25,116,0.21551724137931,1,Glycine_max,high_confidence_IR
GLYMA_04G153100,GLYMA_04G153100.intron1,GLYMA_04G153100|4:34623439-34623521:-,4,34623439,34623521,-,KRH63069,1,no,FLEP-seq;Iso-seq;ONT;ONT cDNA-seq,16,46,14,62,0.258064516129032,0.875,Glycine_max,high_confidence_IR
GLYMA_04G155500,GLYMA_04G155500.intron1,GLYMA_04G155500|4:36313496-36314004:+,4,36313496,36314004,+,KRH63110;KRH63111;KRH63112;KRH63113;KRH63114,5,no,FLEP-seq;Iso-seq;ONT;ONT cDNA-seq,14,16,14,30,0.466666666666667,1,Glycine_max,high_confidence_IR
GLYMA_04G157900,GLYMA_04G157900.intron1,GLYMA_04G157900|4:38400319-38400643:+,4,38400319,38400643,+,KRH63150;KRH63151,2,yes,FLEP-seq;Iso-seq;ONT;ONT cDNA-seq,9,22,9,31,0.290322580645161,1,Glycine_max,high_confidence_IR
GLYMA_04G159600,GLYMA_04G159600.intron1,GLYMA_04G159600|4:39580211-39580706:+,4,39580211,39580706,+,KRH63174;KRH63175,2,no,FLEP-seq;Iso-seq;ONT;ONT cDNA-seq,273,249,250,522,0.522988505747126,0.915750915750916,Glycine_max,high_confidence_IR
GLYMA_04G161300,GLYMA_04G161300.intron1,GLYMA_04G161300|4:39979110-39979358:+,4,39979110,39979358,+,KRH63212,1,yes,FLEP-seq;Iso-seq;ONT;ONT cDNA-seq,2981,27,2930,3008,0.991023936170213,0.982891647098289,Glycine_max,high_confidence_IR
GLYMA_04G162100,GLYMA_04G162100.intron2,GLYMA_04G162100|4:40206815-40210081:+,4,40206815,40210081,+,KRH63225;KRH63226,2,yes,FLEP-seq;Iso-seq;ONT;ONT cDNA-seq,33,73,33,106,0.311320754716981,1,Glycine_max,high_confidence_IR
GLYMA_04G165500,GLYMA_04G165500.intron3,GLYMA_04G165500|4:41394623-41395793:+,4,41394623,41395793,+,KRH63283,1,yes,FLEP-seq;Iso-seq;ONT;ONT cDNA-seq,13280,17,12796,13297,0.998721516131458,0.96355421686747,Glycine_max,high_confidence_IR
GLYMA_04G165600,GLYMA_04G165600.intron2,GLYMA_04G165600|4:41485054-41485646:+,4,41485054,41485646,+,KRH63284;KRH63285;KRH63286,3,yes,FLEP-seq;Iso-seq;ONT;ONT cDNA-seq,136,485,97,621,0.219001610305958,0.713235294117647,Glycine_max,high_confidence_IR
GLYMA_04G166600,GLYMA_04G166600.intron2,GLYMA_04G166600|4:41835046-41835147:+,4,41835046,41835147,+,KRH63302,1,yes,FLEP-seq;Iso-seq;ONT;ONT cDNA-seq,61,12,55,73,0.835616438356164,0.901639344262295,Glycine_max,high_confidence_IR
GLYMA_04G168100,GLYMA_04G168100.intron1,GLYMA_04G168100|4:42175095-42175173:+,4,42175095,42175173,+,KRH63322,1,no,FLEP-seq;Iso-seq;ONT;ONT cDNA-seq,48,48,48,96,0.5,1,Glycine_max,high_confidence_IR
GLYMA_04G170100,GLYMA_04G170100.intron2,GLYMA_04G170100|4:42543213-42543491:-,4,42543213,42543491,-,KRH63348,1,no,FLEP-seq;Iso-seq;ONT;ONT cDNA-seq,96,282,76,378,0.253968253968254,0.791666666666667,Glycine_max,high_confidence_IR
GLYMA_04G170400,GLYMA_04G170400.intron4,GLYMA_04G170400|4:42658174-42658713:+,4,42658174,42658713,+,KRH63354,1,yes,FLEP-seq;Iso-seq;ONT;ONT cDNA-seq,1903,14,1627,1917,0.992696922274387,0.85496584340515,Glycine_max,high_confidence_IR
GLYMA_04G176400,GLYMA_04G176400.intron1,GLYMA_04G176400|4:43927448-43927695:+,4,43927448,43927695,+,RCW19445,1,no,FLEP-seq;Iso-seq;ONT;ONT cDNA-seq,489,187,367,676,0.723372781065089,0.750511247443763,Glycine_max,high_confidence_IR
GLYMA_04G177200,GLYMA_04G177200.intron5,GLYMA_04G177200|4:44042903-44043067:-,4,44042903,44043067,-,KRH63447,1,yes,FLEP-seq;Iso-seq;ONT;ONT cDNA-seq,35,7,27,42,0.833333333333333,0.771428571428571,Glycine_max,high_confidence_IR
GLYMA_04G184400,GLYMA_04G184400.intron1,GLYMA_04G184400|4:45382363-45382499:+,4,45382363,45382499,+,KRH63547,1,no,FLEP-seq;Iso-seq;ONT;ONT cDNA-seq,55,68,46,123,0.447154471544715,0.836363636363636,Glycine_max,high_confidence_IR
GLYMA_04G185600,GLYMA_04G185600.intron5,GLYMA_04G185600|4:45566544-45566808:+,4,45566544,45566808,+,KRH63575,1,yes,FLEP-seq;Iso-seq;ONT;ONT cDNA-seq,461,230,409,691,0.667149059334298,0.887201735357918,Glycine_max,high_confidence_IR
GLYMA_04G188200,GLYMA_04G188200.intron2,GLYMA_04G188200|4:45910127-45910277:+,4,45910127,45910277,+,KRH63627,1,no,FLEP-seq;Iso-seq;ONT;ONT cDNA-seq,73,168,55,241,0.302904564315353,0.753424657534247,Glycine_max,high_confidence_IR
GLYMA_04G189100,GLYMA_04G189100.intron5,GLYMA_04G189100|4:46004374-46004454:-,4,46004374,46004454,-,KRH63643;KRH63644;KRH63645;KRH63646;KRH63647,5,no,FLEP-seq;Iso-seq;ONT;ONT cDNA-seq,10,16,8,26,0.384615384615385,0.8,Glycine_max,high_confidence_IR
GLYMA_04G196700,GLYMA_04G196700.intron3,GLYMA_04G196700|4:46848719-46849560:-,4,46848719,46849560,-,KRH63777,1,yes,FLEP-seq;Iso-seq;ONT;ONT cDNA-seq,913,7,815,920,0.992391304347826,0.892661555312158,Glycine_max,high_confidence_IR
GLYMA_04G199400,GLYMA_04G199400.intron2,GLYMA_04G199400|4:47157250-47157348:+,4,47157250,47157348,+,KRH63833;KRH63834;KRH63835;KRH63836;KRH63837,5,yes,FLEP-seq;Iso-seq;ONT;ONT cDNA-seq,274,24,211,298,0.919463087248322,0.77007299270073,Glycine_max,high_confidence_IR
GLYMA_04G202400,GLYMA_04G202400.intron2,GLYMA_04G202400|4:47516966-47517053:-,4,47516966,47517053,-,KRH63884;KRH63885,2,yes,FLEP-seq;Iso-seq;ONT;ONT cDNA-seq,789,23,580,812,0.971674876847291,0.73510773130545,Glycine_max,high_confidence_IR
GLYMA_04G202600,GLYMA_04G202600.intron3,GLYMA_04G202600|4:47526267-47526557:-,4,47526267,47526557,-,KRH63891,1,yes,FLEP-seq;Iso-seq;ONT;ONT cDNA-seq,1588,59,1523,1647,0.964177292046145,0.959068010075567,Glycine_max,high_confidence_IR
GLYMA_04G203600,GLYMA_04G203600.intron1,GLYMA_04G203600|4:47627501-47632020:+,4,47627501,47632020,+,KRH63908,1,yes,FLEP-seq;Iso-seq;ONT;ONT cDNA-seq,184,216,141,400,0.46,0.766304347826087,Glycine_max,high_confidence_IR
GLYMA_04G212900,GLYMA_04G212900.intron1,GLYMA_04G212900|4:48455184-48460090:-,4,48455184,48460090,-,KRH64041,1,no,FLEP-seq;Iso-seq;ONT;ONT cDNA-seq,32,60,32,92,0.347826086956522,1,Glycine_max,high_confidence_IR
GLYMA_04G216900,GLYMA_04G216900.intron1,GLYMA_04G216900|4:48795261-48795426:-,4,48795261,48795426,-,KRH64111,1,no,FLEP-seq;Iso-seq;ONT;ONT cDNA-seq,6,15,6,21,0.285714285714286,1,Glycine_max,high_confidence_IR
GLYMA_04G220300,GLYMA_04G220300.intron2,GLYMA_04G220300|4:49093638-49093787:-,4,49093638,49093787,-,KRH64166,1,yes,FLEP-seq;Iso-seq;ONT;ONT cDNA-seq,363,273,353,636,0.570754716981132,0.972451790633609,Glycine_max,high_confidence_IR
GLYMA_04G220900,GLYMA_04G220900.intron1,GLYMA_04G220900|4:49181051-49182037:+,4,49181051,49182037,+,KRH64174;KRH64175,2,no,FLEP-seq;Iso-seq;ONT;ONT cDNA-seq,270,807,202,1077,0.250696378830084,0.748148148148148,Glycine_max,high_confidence_IR
GLYMA_04G224600,GLYMA_04G224600.intron1,GLYMA_04G224600|4:49498419-49498633:-,4,49498419,49498633,-,KRH64243,1,no,FLEP-seq;Iso-seq;ONT;ONT cDNA-seq,38,16,38,54,0.703703703703704,1,Glycine_max,high_confidence_IR
GLYMA_04G224900,GLYMA_04G224900.intron5,GLYMA_04G224900|4:49521177-49521402:+,4,49521177,49521402,+,KRH64247;KRH64248;KRH64249,3,no,FLEP-seq;Iso-seq;ONT;ONT cDNA-seq,1375,3365,990,4740,0.290084388185654,0.72,Glycine_max,high_confidence_IR
GLYMA_04G225400,GLYMA_04G225400.intron3,GLYMA_04G225400|4:49553190-49553278:-,4,49553190,49553278,-,KRH64259,1,yes,FLEP-seq;Iso-seq;ONT;ONT cDNA-seq,11,5,11,16,0.6875,1,Glycine_max,high_confidence_IR
GLYMA_04G226500,GLYMA_04G226500.intron2,GLYMA_04G226500|4:49611884-49612004:-,4,49611884,49612004,-,KRH64273,1,no,FLEP-seq;Iso-seq;ONT;ONT cDNA-seq,13029,66,12832,13095,0.99495990836197,0.984879883337171,Glycine_max,high_confidence_IR
GLYMA_04G232300,GLYMA_04G232300.intron4,GLYMA_04G232300|4:50069805-50069996:+,4,50069805,50069996,+,KRH64366,1,yes,FLEP-seq;Iso-seq;ONT;ONT cDNA-seq,175,7,131,182,0.961538461538462,0.748571428571429,Glycine_max,high_confidence_IR
GLYMA_04G235700,GLYMA_04G235700.intron3,GLYMA_04G235700|4:50378660-50379342:+,4,50378660,50379342,+,KRH64441,1,yes,FLEP-seq;Iso-seq;ONT;ONT cDNA-seq,1271,54,1010,1325,0.959245283018868,0.794649881982691,Glycine_max,high_confidence_IR
GLYMA_04G236300,GLYMA_04G236300.intron3,GLYMA_04G236300|4:50452357-50452512:+,4,50452357,50452512,+,KRH64459,1,yes,FLEP-seq;Iso-seq;ONT;ONT cDNA-seq,3186,16,3013,3202,0.995003123048095,0.945699937225361,Glycine_max,high_confidence_IR
GLYMA_04G237400,GLYMA_04G237400.intron4,GLYMA_04G237400|4:50595195-50595780:-,4,50595195,50595780,-,KRH64482;KRH64483;KRH64484,3,no,FLEP-seq;Iso-seq;ONT;ONT cDNA-seq,420,461,309,881,0.476730987514188,0.735714285714286,Glycine_max,high_confidence_IR
GLYMA_04G238600,GLYMA_04G238600.intron3,GLYMA_04G238600|4:50717078-50717375:-,4,50717078,50717375,-,KRH64506,1,yes,FLEP-seq;Iso-seq;ONT;ONT cDNA-seq,361,32,294,393,0.918575063613232,0.814404432132964,Glycine_max,high_confidence_IR
GLYMA_04G239400,GLYMA_04G239400.intron1,GLYMA_04G239400|4:50787280-50787428:-,4,50787280,50787428,-,KRH64520,1,no,FLEP-seq;Iso-seq;ONT;ONT cDNA-seq,578,5,578,583,0.991423670668954,1,Glycine_max,high_confidence_IR
GLYMA_04G239800,GLYMA_04G239800.intron2,GLYMA_04G239800|4:50828217-50828817:-,4,50828217,50828817,-,KRH64524,1,yes,FLEP-seq;Iso-seq;ONT;ONT cDNA-seq,1336,12,1018,1348,0.991097922848665,0.761976047904192,Glycine_max,high_confidence_IR
GLYMA_04G247000,GLYMA_04G247000.intron4,GLYMA_04G247000|4:51428660-51430383:-,4,51428660,51430383,-,KRH64629,1,yes,FLEP-seq;Iso-seq;ONT;ONT cDNA-seq,1570,99,1448,1669,0.940683043738766,0.922292993630573,Glycine_max,high_confidence_IR
GLYMA_04G248300,GLYMA_04G248300.intron12,GLYMA_04G248300|4:51539991-51540290:-,4,51539991,51540290,-,KRH64656,1,yes,FLEP-seq;Iso-seq;ONT;ONT cDNA-seq,2510,2169,2085,4679,0.53643941013037,0.830677290836653,Glycine_max,high_confidence_IR
GLYMA_04G248400,GLYMA_04G248400.intron1,GLYMA_04G248400|4:51546897-51546989:-,4,51546897,51546989,-,KRH64660,1,no,FLEP-seq;Iso-seq;ONT;ONT cDNA-seq,103,31,103,134,0.76865671641791,1,Glycine_max,high_confidence_IR
GLYMA_04G253400,GLYMA_04G253400.intron1,GLYMA_04G253400|4:52010794-52014170:-,4,52010794,52014170,-,KRH64738;KRH64739;KRH64740;KRH64741,4,yes,FLEP-seq;Iso-seq;ONT;ONT cDNA-seq,39,119,39,158,0.246835443037975,1,Glycine_max,high_confidence_IR
GLYMA_04G253600,GLYMA_04G253600.intron1,GLYMA_04G253600|4:52031768-52031973:+,4,52031768,52031973,+,KRH64745;KRH64746;KRH64747,3,yes,FLEP-seq;Iso-seq;ONT;ONT cDNA-seq,100,279,70,379,0.263852242744063,0.7,Glycine_max,high_confidence_IR
GLYMA_05G001000,GLYMA_05G001000.intron9,GLYMA_05G001000|5:91295-91364:-,5,91295,91364,-,KRH56509,1,yes,FLEP-seq;Iso-seq;ONT;ONT cDNA-seq,377,37,267,414,0.910628019323672,0.708222811671088,Glycine_max,high_confidence_IR
GLYMA_05G001700,GLYMA_05G001700.intron5,GLYMA_05G001700|5:132561-132639:+,5,132561,132639,+,KRH56519,1,yes,FLEP-seq;Iso-seq;ONT;ONT cDNA-seq,1702,21,1302,1723,0.987811955890888,0.764982373678026,Glycine_max,high_confidence_IR
GLYMA_05G003400,GLYMA_05G003400.intron3,GLYMA_05G003400|5:240486-240869:-,5,240486,240869,-,RCW19382,1,yes,FLEP-seq;Iso-seq;ONT;ONT cDNA-seq,1082,186,772,1268,0.853312302839117,0.713493530499076,Glycine_max,high_confidence_IR
GLYMA_05G007100,GLYMA_05G007100.intron9,GLYMA_05G007100|5:687528-687775:+,5,687528,687775,+,KRH56601,1,yes,FLEP-seq;Iso-seq;ONT;ONT cDNA-seq,36538,5843,32327,42381,0.862131615582454,0.88475012315945,Glycine_max,high_confidence_IR
GLYMA_05G007200,GLYMA_05G007200.intron7,GLYMA_05G007200|5:693157-693549:-,5,693157,693549,-,KRH56606,1,yes,FLEP-seq;Iso-seq;ONT;ONT cDNA-seq,362,10,282,372,0.973118279569892,0.779005524861878,Glycine_max,high_confidence_IR
GLYMA_05G009800,GLYMA_05G009800.intron1,GLYMA_05G009800|5:847359-847484:+,5,847359,847484,+,KRH56639,1,no,FLEP-seq;Iso-seq;ONT;ONT cDNA-seq,20,52,20,72,0.277777777777778,1,Glycine_max,high_confidence_IR
GLYMA_05G010200,GLYMA_05G010200.intron1,GLYMA_05G010200|5:881392-882345:-,5,881392,882345,-,KRH56643,1,no,FLEP-seq;Iso-seq;ONT;ONT cDNA-seq,122,105,102,227,0.537444933920705,0.836065573770492,Glycine_max,high_confidence_IR
GLYMA_05G011400,GLYMA_05G011400.intron5,GLYMA_05G011400|5:1014087-1014583:+,5,1014087,1014583,+,KRH56659,1,yes,FLEP-seq;Iso-seq;ONT;ONT cDNA-seq,1046,52,952,1098,0.95264116575592,0.910133843212237,Glycine_max,high_confidence_IR
GLYMA_05G016000,GLYMA_05G016000.intron2,GLYMA_05G016000|5:1448292-1448408:+,5,1448292,1448408,+,KRH56727,1,yes,FLEP-seq;Iso-seq;ONT;ONT cDNA-seq,1037,195,932,1232,0.841720779220779,0.898746383799421,Glycine_max,high_confidence_IR
GLYMA_05G018400,GLYMA_05G018400.intron1,GLYMA_05G018400|5:1622353-1622477:-,5,1622353,1622477,-,KRH56760,1,no,FLEP-seq;Iso-seq;ONT;ONT cDNA-seq,44,6,44,50,0.88,1,Glycine_max,high_confidence_IR
GLYMA_05G025000,GLYMA_05G025000.intron6,GLYMA_05G025000|5:2178881-2179362:-,5,2178881,2179362,-,KRH56888,1,yes,FLEP-seq;Iso-seq;ONT;ONT cDNA-seq,556,27,422,583,0.95368782161235,0.758992805755396,Glycine_max,high_confidence_IR
GLYMA_05G029300,GLYMA_05G029300.intron1,GLYMA_05G029300|5:2522183-2522311:+,5,2522183,2522311,+,KRH56952,1,yes,FLEP-seq;Iso-seq;ONT;ONT cDNA-seq,418,14,418,432,0.967592592592593,1,Glycine_max,high_confidence_IR
GLYMA_05G029900,GLYMA_05G029900.intron3,GLYMA_05G029900|5:2568100-2569336:-,5,2568100,2569336,-,KRH56962,1,yes,FLEP-seq;Iso-seq;ONT;ONT cDNA-seq,175,19,148,194,0.902061855670103,0.845714285714286,Glycine_max,high_confidence_IR
GLYMA_05G031700,GLYMA_05G031700.intron1,GLYMA_05G031700|5:2754227-2754393:+,5,2754227,2754393,+,KRH56986,1,no,FLEP-seq;Iso-seq;ONT;ONT cDNA-seq,96,355,96,451,0.212860310421286,1,Glycine_max,high_confidence_IR
GLYMA_05G031800,GLYMA_05G031800.intron5,GLYMA_05G031800|5:2761847-2763548:+,5,2761847,2763548,+,KRH56987,1,no,FLEP-seq;Iso-seq;ONT;ONT cDNA-seq,354,508,289,862,0.410672853828306,0.81638418079096,Glycine_max,high_confidence_IR
GLYMA_05G034200,GLYMA_05G034200.intron3,GLYMA_05G034200|5:2997788-2997858:+,5,2997788,2997858,+,KRH57024,1,no,FLEP-seq;Iso-seq;ONT;ONT cDNA-seq,307,293,248,600,0.511666666666667,0.807817589576547,Glycine_max,high_confidence_IR
GLYMA_05G034600,GLYMA_05G034600.intron2,GLYMA_05G034600|5:3037831-3038899:+,5,3037831,3038899,+,KRH57028,1,no,FLEP-seq;Iso-seq;ONT;ONT cDNA-seq,530,1565,419,2095,0.252983293556086,0.790566037735849,Glycine_max,high_confidence_IR
GLYMA_05G036900,GLYMA_05G036900.intron1,GLYMA_05G036900|5:3261235-3261329:+,5,3261235,3261329,+,KRH57057,1,no,FLEP-seq;Iso-seq;ONT;ONT cDNA-seq,97,99,72,196,0.494897959183673,0.742268041237113,Glycine_max,high_confidence_IR
GLYMA_05G038600,GLYMA_05G038600.intron3,GLYMA_05G038600|5:3431699-3433749:+,5,3431699,3433749,+,KRH57085,1,yes,FLEP-seq;Iso-seq;ONT;ONT cDNA-seq,756,35,625,791,0.955752212389381,0.826719576719577,Glycine_max,high_confidence_IR
GLYMA_05G041600,GLYMA_05G041600.intron2,GLYMA_05G041600|5:3733357-3733476:+,5,3733357,3733476,+,KRH57137,1,yes,FLEP-seq;Iso-seq;ONT;ONT cDNA-seq,1206,19,858,1225,0.984489795918367,0.711442786069652,Glycine_max,high_confidence_IR
GLYMA_05G051500,GLYMA_05G051500.intron1,GLYMA_05G051500|5:4616879-4616971:-,5,4616879,4616971,-,KRH57280,1,yes,FLEP-seq;Iso-seq;ONT;ONT cDNA-seq,1111,6,1111,1117,0.994628469113697,1,Glycine_max,high_confidence_IR
GLYMA_05G054500,GLYMA_05G054500.intron3,GLYMA_05G054500|5:4959282-4960870:+,5,4959282,4960870,+,KRH57323,1,no,FLEP-seq;Iso-seq;ONT;ONT cDNA-seq,216,828,171,1044,0.206896551724138,0.791666666666667,Glycine_max,high_confidence_IR
GLYMA_05G054700,GLYMA_05G054700.intron1,GLYMA_05G054700|5:4982213-4982295:-,5,4982213,4982295,-,KRH57329,1,yes,FLEP-seq;Iso-seq;ONT;ONT cDNA-seq,199,9,199,208,0.956730769230769,1,Glycine_max,high_confidence_IR
GLYMA_05G055000,GLYMA_05G055000.intron5,GLYMA_05G055000|5:4997005-4998161:-,5,4997005,4998161,-,KRH57334,1,yes,FLEP-seq;Iso-seq;ONT;ONT cDNA-seq,2315,238,1701,2553,0.90677634155895,0.734773218142549,Glycine_max,high_confidence_IR
GLYMA_05G056000,GLYMA_05G056000.intron1,GLYMA_05G056000|5:5109333-5109518:+,5,5109333,5109518,+,KRH57347;KRH57348,2,no,FLEP-seq;Iso-seq;ONT;ONT cDNA-seq,39,102,36,141,0.276595744680851,0.923076923076923,Glycine_max,high_confidence_IR
GLYMA_05G058100,GLYMA_05G058100.intron1,GLYMA_05G058100|5:5380237-5381046:-,5,5380237,5381046,-,KRH57382,1,no,FLEP-seq;Iso-seq;ONT;ONT cDNA-seq,2118,5101,2118,7219,0.293392436625571,1,Glycine_max,high_confidence_IR
GLYMA_05G063100,GLYMA_05G063100.intron2,GLYMA_05G063100|5:5998783-5999384:-,5,5998783,5999384,-,KRH57478,1,yes,FLEP-seq;Iso-seq;ONT;ONT cDNA-seq,1421,16,1021,1437,0.988865692414753,0.718508092892329,Glycine_max,high_confidence_IR
GLYMA_05G067700,GLYMA_05G067700.intron8,GLYMA_05G067700|5:6845344-6845440:+,5,6845344,6845440,+,KRH57548,1,yes,FLEP-seq;Iso-seq;ONT;ONT cDNA-seq,752,230,548,982,0.765784114052953,0.728723404255319,Glycine_max,high_confidence_IR
GLYMA_05G067900,GLYMA_05G067900.intron1,GLYMA_05G067900|5:6873604-6873680:+,5,6873604,6873680,+,KRH57550,1,no,FLEP-seq;Iso-seq;ONT;ONT cDNA-seq,118,339,118,457,0.258205689277899,1,Glycine_max,high_confidence_IR
GLYMA_05G075000,GLYMA_05G075000.intron1,GLYMA_05G075000|5:9134760-9135102:-,5,9134760,9135102,-,KRH57645,1,no,FLEP-seq;Iso-seq;ONT;ONT cDNA-seq,70,64,70,134,0.522388059701492,1,Glycine_max,high_confidence_IR
GLYMA_05G075100,GLYMA_05G075100.intron7,GLYMA_05G075100|5:9240670-9243885:-,5,9240670,9243885,-,KRH57647,1,yes,FLEP-seq;Iso-seq;ONT;ONT cDNA-seq,1013,36,764,1049,0.965681601525262,0.754195459032576,Glycine_max,high_confidence_IR
GLYMA_05G076800,GLYMA_05G076800.intron1,GLYMA_05G076800|5:9922895-9923893:-,5,9922895,9923893,-,KRH57666,1,no,FLEP-seq;Iso-seq;ONT;ONT cDNA-seq,4094,355,3770,4449,0.920206788042257,0.92085979482169,Glycine_max,high_confidence_IR
GLYMA_05G082100,GLYMA_05G082100.intron1,GLYMA_05G082100|5:12747666-12747819:-,5,12747666,12747819,-,KRH57753,1,yes,FLEP-seq;Iso-seq;ONT;ONT cDNA-seq,6,6,6,12,0.5,1,Glycine_max,high_confidence_IR
GLYMA_05G087300,GLYMA_05G087300.intron1,GLYMA_05G087300|5:17493913-17494280:+,5,17493913,17494280,+,KRH57833,1,yes,FLEP-seq;Iso-seq;ONT;ONT cDNA-seq,112,106,112,218,0.513761467889908,1,Glycine_max,high_confidence_IR
GLYMA_05G089100,GLYMA_05G089100.intron10,GLYMA_05G089100|5:19452490-19452834:-,5,19452490,19452834,-,KRH57866,1,yes,FLEP-seq;Iso-seq;ONT;ONT cDNA-seq,313,194,270,507,0.617357001972387,0.862619808306709,Glycine_max,high_confidence_IR
GLYMA_05G089900,GLYMA_05G089900.intron3,GLYMA_05G089900|5:19879478-19880595:-,5,19879478,19880595,-,KRH57876,1,yes,FLEP-seq;Iso-seq;ONT;ONT cDNA-seq,782,24,587,806,0.970223325062035,0.750639386189258,Glycine_max,high_confidence_IR
GLYMA_05G101800,GLYMA_05G101800.intron1,GLYMA_05G101800|5:27065048-27065362:+,5,27065048,27065362,+,KRH58030,1,yes,FLEP-seq;Iso-seq;ONT;ONT cDNA-seq,140,35,101,175,0.8,0.721428571428571,Glycine_max,high_confidence_IR
GLYMA_05G103900,GLYMA_05G103900.intron1,GLYMA_05G103900|5:27693976-27694063:+,5,27693976,27694063,+,KRH58060;KRH58061;KRH58062;KRH58063;KRH58064;KRH58065,6,no,FLEP-seq;Iso-seq;ONT;ONT cDNA-seq,301,583,301,884,0.340497737556561,1,Glycine_max,high_confidence_IR
GLYMA_05G104000,GLYMA_05G104000.intron4,GLYMA_05G104000|5:27697195-27697964:-,5,27697195,27697964,-,KRH58066,1,no,FLEP-seq;Iso-seq;ONT;ONT cDNA-seq,80,165,70,245,0.326530612244898,0.875,Glycine_max,high_confidence_IR
GLYMA_05G107800,GLYMA_05G107800.intron1,GLYMA_05G107800|5:28593979-28594243:-,5,28593979,28594243,-,KRH58150;KRH58151,2,no,FLEP-seq;Iso-seq;ONT;ONT cDNA-seq,28,13,28,41,0.682926829268293,1,Glycine_max,high_confidence_IR
GLYMA_05G111900,GLYMA_05G111900.intron7,GLYMA_05G111900|5:29762265-29762913:+,5,29762265,29762913,+,KRH58202,1,yes,FLEP-seq;Iso-seq;ONT;ONT cDNA-seq,1325,71,981,1396,0.949140401146132,0.740377358490566,Glycine_max,high_confidence_IR
GLYMA_05G113600,GLYMA_05G113600.intron7,GLYMA_05G113600|5:30109839-30111066:-,5,30109839,30111066,-,KRH58227,1,yes,FLEP-seq;Iso-seq;ONT;ONT cDNA-seq,1132,109,899,1241,0.912167606768735,0.79416961130742,Glycine_max,high_confidence_IR
GLYMA_05G120200,GLYMA_05G120200.intron1,GLYMA_05G120200|5:31323368-31323565:+,5,31323368,31323565,+,KRH58324,1,no,FLEP-seq;Iso-seq;ONT;ONT cDNA-seq,20,53,14,73,0.273972602739726,0.7,Glycine_max,high_confidence_IR
GLYMA_05G122100,GLYMA_05G122100.intron1,GLYMA_05G122100|5:31564171-31564289:+,5,31564171,31564289,+,KRH58346,1,yes,FLEP-seq;Iso-seq;ONT;ONT cDNA-seq,691,10,691,701,0.985734664764622,1,Glycine_max,high_confidence_IR
GLYMA_05G123100,GLYMA_05G123100.intron1,GLYMA_05G123100|5:31678714-31681577:+,5,31678714,31681577,+,KRH58363,1,no,FLEP-seq;Iso-seq;ONT;ONT cDNA-seq,76,238,74,314,0.24203821656051,0.973684210526316,Glycine_max,high_confidence_IR
GLYMA_05G128100,GLYMA_05G128100.intron1,GLYMA_05G128100|5:32157163-32157247:+,5,32157163,32157247,+,KRH58442,1,no,FLEP-seq;Iso-seq;ONT;ONT cDNA-seq,57,126,57,183,0.311475409836066,1,Glycine_max,high_confidence_IR
GLYMA_05G128200,GLYMA_05G128200.intron1,GLYMA_05G128200|5:32158579-32159176:-,5,32158579,32159176,-,KRH58443,1,no,FLEP-seq;Iso-seq;ONT;ONT cDNA-seq,142,230,142,372,0.381720430107527,1,Glycine_max,high_confidence_IR
GLYMA_05G130200,GLYMA_05G130200.intron2,GLYMA_05G130200|5:32313876-32314825:+,5,32313876,32314825,+,KRH58472,1,yes,FLEP-seq;Iso-seq;ONT;ONT cDNA-seq,302,9,263,311,0.971061093247588,0.870860927152318,Glycine_max,high_confidence_IR
GLYMA_05G132200,GLYMA_05G132200.intron2,GLYMA_05G132200|5:32521909-32522167:-,5,32521909,32522167,-,KRH58507,1,yes,FLEP-seq;Iso-seq;ONT;ONT cDNA-seq,927,15,673,942,0.984076433121019,0.725997842502697,Glycine_max,high_confidence_IR
GLYMA_05G135700,GLYMA_05G135700.intron4,GLYMA_05G135700|5:32797313-32799583:+,5,32797313,32799583,+,KRH58561,1,yes,FLEP-seq;Iso-seq;ONT;ONT cDNA-seq,156,230,112,386,0.404145077720207,0.717948717948718,Glycine_max,high_confidence_IR
GLYMA_05G135900,GLYMA_05G135900.intron5,GLYMA_05G135900|5:32829060-32830628:-,5,32829060,32830628,-,KRH58564,1,yes,FLEP-seq;Iso-seq;ONT;ONT cDNA-seq,4679,39,3463,4718,0.991733785502331,0.740115409275486,Glycine_max,high_confidence_IR
GLYMA_05G136100,GLYMA_05G136100.intron6,GLYMA_05G136100|5:32846604-32846892:-,5,32846604,32846892,-,KRH58570,1,yes,FLEP-seq;Iso-seq;ONT;ONT cDNA-seq,722,20,674,742,0.973045822102426,0.933518005540166,Glycine_max,high_confidence_IR
GLYMA_05G137000,GLYMA_05G137000.intron2,GLYMA_05G137000|5:32965910-32966943:-,5,32965910,32966943,-,KRH58581,1,yes,FLEP-seq;Iso-seq;ONT;ONT cDNA-seq,136,18,100,154,0.883116883116883,0.735294117647059,Glycine_max,high_confidence_IR
GLYMA_05G138600,GLYMA_05G138600.intron3,GLYMA_05G138600|5:33093482-33094821:-,5,33093482,33094821,-,KRH58606,1,yes,FLEP-seq;Iso-seq;ONT;ONT cDNA-seq,633,136,473,769,0.823146944083225,0.747235387045814,Glycine_max,high_confidence_IR
GLYMA_05G141000,GLYMA_05G141000.intron1,GLYMA_05G141000|5:33441287-33441398:-,5,33441287,33441398,-,KRH58643,1,yes,FLEP-seq;Iso-seq;ONT;ONT cDNA-seq,980,131,841,1111,0.882088208820882,0.858163265306122,Glycine_max,high_confidence_IR
GLYMA_05G142200,GLYMA_05G142200.intron1,GLYMA_05G142200|5:33566203-33566333:-,5,33566203,33566333,-,KRH58680,1,no,FLEP-seq;Iso-seq;ONT;ONT cDNA-seq,31,63,31,94,0.329787234042553,1,Glycine_max,high_confidence_IR
GLYMA_05G143400,GLYMA_05G143400.intron2,GLYMA_05G143400|5:33706450-33707578:+,5,33706450,33707578,+,KRH58700,1,no,FLEP-seq;Iso-seq;ONT;ONT cDNA-seq,272,344,235,616,0.441558441558442,0.863970588235294,Glycine_max,high_confidence_IR
GLYMA_05G143500,GLYMA_05G143500.intron3,GLYMA_05G143500|5:33742806-33742934:+,5,33742806,33742934,+,KRH58702,1,yes,FLEP-seq;Iso-seq;ONT;ONT cDNA-seq,369,13,265,382,0.965968586387435,0.718157181571816,Glycine_max,high_confidence_IR
GLYMA_05G145800,GLYMA_05G145800.intron3,GLYMA_05G145800|5:33955715-33955901:+,5,33955715,33955901,+,KRH58745;KRH58746,2,no,FLEP-seq;Iso-seq;ONT;ONT cDNA-seq,580,1725,472,2305,0.251626898047722,0.813793103448276,Glycine_max,high_confidence_IR
GLYMA_05G152000,GLYMA_05G152000.intron2,GLYMA_05G152000|5:34549030-34549821:-,5,34549030,34549821,-,KRH58847,1,yes,FLEP-seq;Iso-seq;ONT;ONT cDNA-seq,37,139,29,176,0.210227272727273,0.783783783783784,Glycine_max,high_confidence_IR
GLYMA_05G152300,GLYMA_05G152300.intron1,GLYMA_05G152300|5:34590979-34591160:+,5,34590979,34591160,+,KRH58853,1,yes,FLEP-seq;Iso-seq;ONT;ONT cDNA-seq,910,30,910,940,0.968085106382979,1,Glycine_max,high_confidence_IR
GLYMA_05G159000,GLYMA_05G159000.intron3,GLYMA_05G159000|5:35116853-35117060:-,5,35116853,35117060,-,KRH58976;KRH58977,2,yes,FLEP-seq;Iso-seq;ONT;ONT cDNA-seq,43,5,36,48,0.895833333333333,0.837209302325581,Glycine_max,high_confidence_IR
GLYMA_05G160900,GLYMA_05G160900.intron2,GLYMA_05G160900|5:35265694-35265799:+,5,35265694,35265799,+,KRH59008,1,no,FLEP-seq;Iso-seq;ONT;ONT cDNA-seq,114,159,114,273,0.417582417582418,1,Glycine_max,high_confidence_IR
GLYMA_05G162400,GLYMA_05G162400.intron1,GLYMA_05G162400|5:35357658-35358499:+,5,35357658,35358499,+,KRH59033,1,yes,FLEP-seq;Iso-seq;ONT;ONT cDNA-seq,79,47,79,126,0.626984126984127,1,Glycine_max,high_confidence_IR
GLYMA_05G162700,GLYMA_05G162700.intron1,GLYMA_05G162700|5:35380471-35381083:-,5,35380471,35381083,-,KRH59037,1,no,FLEP-seq;Iso-seq;ONT;ONT cDNA-seq,265,320,265,585,0.452991452991453,1,Glycine_max,high_confidence_IR
GLYMA_05G165600,GLYMA_05G165600.intron1,GLYMA_05G165600|5:35617793-35617868:-,5,35617793,35617868,-,KRH59105,1,yes,FLEP-seq;Iso-seq;ONT;ONT cDNA-seq,427,22,427,449,0.951002227171492,1,Glycine_max,high_confidence_IR
GLYMA_05G178800,GLYMA_05G178800.intron5,GLYMA_05G178800|5:36676016-36676672:-,5,36676016,36676672,-,KRH59343,1,yes,FLEP-seq;Iso-seq;ONT;ONT cDNA-seq,341,62,313,403,0.846153846153846,0.917888563049853,Glycine_max,high_confidence_IR
GLYMA_05G180000,GLYMA_05G180000.intron3,GLYMA_05G180000|5:36818636-36819073:-,5,36818636,36819073,-,KRH59368;KRH59369;KRH59370;KRH59371;KRH59372,5,yes,FLEP-seq;Iso-seq;ONT;ONT cDNA-seq,287,53,240,340,0.844117647058824,0.836236933797909,Glycine_max,high_confidence_IR
GLYMA_05G184900,GLYMA_05G184900.intron2,GLYMA_05G184900|5:37169044-37169170:+,5,37169044,37169170,+,KRH59464,1,yes,FLEP-seq;Iso-seq;ONT;ONT cDNA-seq,315,8,289,323,0.975232198142415,0.917460317460317,Glycine_max,high_confidence_IR
GLYMA_05G188500,GLYMA_05G188500.intron8,GLYMA_05G188500|5:37447129-37447555:+,5,37447129,37447555,+,KRH59531,1,no,FLEP-seq;Iso-seq;ONT;ONT cDNA-seq,398,1159,289,1557,0.255619781631342,0.726130653266332,Glycine_max,high_confidence_IR
GLYMA_05G191900,GLYMA_05G191900.intron3,GLYMA_05G191900|5:37750204-37750305:+,5,37750204,37750305,+,KRH59577,1,yes,FLEP-seq;Iso-seq;ONT;ONT cDNA-seq,998,11,931,1009,0.989098116947473,0.932865731462926,Glycine_max,high_confidence_IR
GLYMA_05G194800,GLYMA_05G194800.intron2,GLYMA_05G194800|5:37927857-37928804:-,5,37927857,37928804,-,KRH59614,1,yes,FLEP-seq;Iso-seq;ONT;ONT cDNA-seq,138,130,128,268,0.514925373134328,0.927536231884058,Glycine_max,high_confidence_IR
GLYMA_05G195100,GLYMA_05G195100.intron3,GLYMA_05G195100|5:37944987-37945225:-,5,37944987,37945225,-,KRH59620,1,yes,FLEP-seq;Iso-seq;ONT;ONT cDNA-seq,370,5,322,375,0.986666666666667,0.87027027027027,Glycine_max,high_confidence_IR
GLYMA_05G197000,GLYMA_05G197000.intron6,GLYMA_05G197000|5:38129060-38129264:+,5,38129060,38129264,+,KRH59664,1,yes,FLEP-seq;Iso-seq;ONT;ONT cDNA-seq,353,22,273,375,0.941333333333333,0.773371104815864,Glycine_max,high_confidence_IR
GLYMA_05G202600,GLYMA_05G202600.intron1,GLYMA_05G202600|5:38611807-38611951:+,5,38611807,38611951,+,KRH59783;KRH59784,2,no,FLEP-seq;Iso-seq;ONT;ONT cDNA-seq,11,32,9,43,0.255813953488372,0.818181818181818,Glycine_max,high_confidence_IR
GLYMA_05G205300,GLYMA_05G205300.intron4,GLYMA_05G205300|5:38843666-38843779:+,5,38843666,38843779,+,KRH59839,1,no,FLEP-seq;Iso-seq;ONT;ONT cDNA-seq,292,292,223,584,0.5,0.763698630136986,Glycine_max,high_confidence_IR
GLYMA_05G206200,GLYMA_05G206200.intron1,GLYMA_05G206200|5:38905390-38905504:-,5,38905390,38905504,-,KRH59852,1,no,FLEP-seq;Iso-seq;ONT;ONT cDNA-seq,41,117,41,158,0.259493670886076,1,Glycine_max,high_confidence_IR
GLYMA_05G206300,GLYMA_05G206300.intron5,GLYMA_05G206300|5:38917372-38917959:+,5,38917372,38917959,+,KRH59853,1,no,FLEP-seq;Iso-seq;ONT;ONT cDNA-seq,182,277,136,459,0.396514161220044,0.747252747252747,Glycine_max,high_confidence_IR
GLYMA_05G207000,GLYMA_05G207000.intron4,GLYMA_05G207000|5:38942233-38942367:-,5,38942233,38942367,-,KRH59861,1,yes,FLEP-seq;Iso-seq;ONT;ONT cDNA-seq,1751,53,1377,1804,0.970620842572062,0.786407766990291,Glycine_max,high_confidence_IR
GLYMA_05G207200,GLYMA_05G207200.intron1,GLYMA_05G207200|5:38946692-38947054:+,5,38946692,38947054,+,KRH59865,1,no,FLEP-seq;Iso-seq;ONT;ONT cDNA-seq,17,8,17,25,0.68,1,Glycine_max,high_confidence_IR
GLYMA_05G207600,GLYMA_05G207600.intron15,GLYMA_05G207600|5:38975959-38976746:-,5,38975959,38976746,-,KRH59871,1,yes,FLEP-seq;Iso-seq;ONT;ONT cDNA-seq,7314,111,5387,7425,0.985050505050505,0.736532677057698,Glycine_max,high_confidence_IR
GLYMA_05G210900,GLYMA_05G210900.intron1,GLYMA_05G210900|5:39265322-39265419:+,5,39265322,39265419,+,KRH59960,1,no,FLEP-seq;Iso-seq;ONT;ONT cDNA-seq,160,629,135,789,0.202788339670469,0.84375,Glycine_max,high_confidence_IR
GLYMA_05G215800,GLYMA_05G215800.intron1,GLYMA_05G215800|5:39635411-39635629:+,5,39635411,39635629,+,KRH60028,1,no,FLEP-seq;Iso-seq;ONT;ONT cDNA-seq,773,133,773,906,0.853200883002208,1,Glycine_max,high_confidence_IR
GLYMA_05G219200,GLYMA_05G219200.intron1,GLYMA_05G219200|5:39877631-39878473:-,5,39877631,39878473,-,KRH60083,1,no,FLEP-seq;Iso-seq;ONT;ONT cDNA-seq,176,591,147,767,0.229465449804433,0.835227272727273,Glycine_max,high_confidence_IR
GLYMA_05G225700,GLYMA_05G225700.intron2,GLYMA_05G225700|5:40432898-40439268:+,5,40432898,40439268,+,KRH60196,1,yes,FLEP-seq;Iso-seq;ONT;ONT cDNA-seq,22,5,20,27,0.814814814814815,0.909090909090909,Glycine_max,high_confidence_IR
GLYMA_05G229100,GLYMA_05G229100.intron4,GLYMA_05G229100|5:40676729-40677067:-,5,40676729,40677067,-,KRH60248,1,yes,FLEP-seq;Iso-seq;ONT;ONT cDNA-seq,252,29,182,281,0.896797153024911,0.722222222222222,Glycine_max,high_confidence_IR
GLYMA_05G231100,GLYMA_05G231100.intron2,GLYMA_05G231100|5:40886014-40886197:-,5,40886014,40886197,-,KRH60285,1,no,FLEP-seq;Iso-seq;ONT;ONT cDNA-seq,62,37,54,99,0.626262626262626,0.870967741935484,Glycine_max,high_confidence_IR
GLYMA_05G234100,GLYMA_05G234100.intron3,GLYMA_05G234100|5:41125563-41125642:-,5,41125563,41125642,-,KRH60339,1,no,FLEP-seq;Iso-seq;ONT;ONT cDNA-seq,61,55,50,116,0.525862068965517,0.819672131147541,Glycine_max,high_confidence_IR
GLYMA_05G234600,GLYMA_05G234600.intron2,GLYMA_05G234600|5:41164808-41165136:+,5,41164808,41165136,+,KRH60346,1,no,FLEP-seq;Iso-seq;ONT;ONT cDNA-seq,342,1352,282,1694,0.201889020070838,0.824561403508772,Glycine_max,high_confidence_IR
GLYMA_05G241800,GLYMA_05G241800.intron6,GLYMA_05G241800|5:41689875-41690584:-,5,41689875,41690584,-,KRH60460,1,no,FLEP-seq;Iso-seq;ONT;ONT cDNA-seq,724,843,594,1567,0.462029355456286,0.820441988950276,Glycine_max,high_confidence_IR
GLYMA_05G244300,GLYMA_05G244300.intron1,GLYMA_05G244300|5:41877144-41877239:+,5,41877144,41877239,+,KRH60503,1,yes,FLEP-seq;Iso-seq;ONT;ONT cDNA-seq,81,6,76,87,0.931034482758621,0.938271604938272,Glycine_max,high_confidence_IR
GLYMA_05G244900,GLYMA_05G244900.intron1,GLYMA_05G244900|5:41910715-41911051:+,5,41910715,41911051,+,KRH60509;KRH60510;KRH60511,3,no,FLEP-seq;Iso-seq;ONT;ONT cDNA-seq,14,18,14,32,0.4375,1,Glycine_max,high_confidence_IR
GLYMA_05G247800,GLYMA_05G247800.intron2,GLYMA_05G247800|5:42107057-42107164:-,5,42107057,42107164,-,KRH60574,1,yes,FLEP-seq;Iso-seq;ONT;ONT cDNA-seq,5373,317,3906,5690,0.944288224956063,0.726968174204355,Glycine_max,high_confidence_IR
GLYMA_06G000400,GLYMA_06G000400.intron3,GLYMA_06G000400|6:47095-47284:-,6,47095,47284,-,KRH51323,1,no,FLEP-seq;Iso-seq;ONT;ONT cDNA-seq,120,35,110,155,0.774193548387097,0.916666666666667,Glycine_max,high_confidence_IR
GLYMA_06G000800,GLYMA_06G000800.intron4,GLYMA_06G000800|6:103582-104342:+,6,103582,104342,+,KRH51334;KRH51335,2,no,FLEP-seq;Iso-seq;ONT;ONT cDNA-seq,258,726,210,984,0.26219512195122,0.813953488372093,Glycine_max,high_confidence_IR
GLYMA_06G002200,GLYMA_06G002200.intron3,GLYMA_06G002200|6:202830-203101:-,6,202830,203101,-,KRH51362,1,no,FLEP-seq;Iso-seq;ONT;ONT cDNA-seq,7,14,5,21,0.333333333333333,0.714285714285714,Glycine_max,high_confidence_IR
GLYMA_06G003100,GLYMA_06G003100.intron3,GLYMA_06G003100|6:263323-263478:+,6,263323,263478,+,KRH51389,1,no,FLEP-seq;Iso-seq;ONT;ONT cDNA-seq,28,106,28,134,0.208955223880597,1,Glycine_max,high_confidence_IR
GLYMA_06G003800,GLYMA_06G003800.intron2,GLYMA_06G003800|6:347452-347543:+,6,347452,347543,+,KRH51401,1,yes,FLEP-seq;Iso-seq;ONT;ONT cDNA-seq,1585,34,1404,1619,0.978999382334775,0.885804416403785,Glycine_max,high_confidence_IR
GLYMA_06G005900,GLYMA_06G005900.intron3,GLYMA_06G005900|6:475915-476015:-,6,475915,476015,-,KRH51435,1,no,FLEP-seq;Iso-seq;ONT;ONT cDNA-seq,326,975,277,1301,0.250576479631053,0.849693251533742,Glycine_max,high_confidence_IR
GLYMA_06G007000,GLYMA_06G007000.intron1,GLYMA_06G007000|6:528074-528243:-,6,528074,528243,-,KRH51447,1,no,FLEP-seq;Iso-seq;ONT;ONT cDNA-seq,11,5,11,16,0.6875,1,Glycine_max,high_confidence_IR
GLYMA_06G007700,GLYMA_06G007700.intron1,GLYMA_06G007700|6:608048-609075:+,6,608048,609075,+,KRH51456,1,no,FLEP-seq;Iso-seq;ONT;ONT cDNA-seq,265,33,265,298,0.889261744966443,1,Glycine_max,high_confidence_IR
GLYMA_06G015100,GLYMA_06G015100.intron2,GLYMA_06G015100|6:1137126-1137193:-,6,1137126,1137193,-,KRH51566,1,no,FLEP-seq;Iso-seq;ONT;ONT cDNA-seq,291,439,221,730,0.398630136986301,0.759450171821306,Glycine_max,high_confidence_IR
GLYMA_06G019200,GLYMA_06G019200.intron1,GLYMA_06G019200|6:1461787-1461893:+,6,1461787,1461893,+,KRH51633,1,no,FLEP-seq;Iso-seq;ONT;ONT cDNA-seq,156,347,110,503,0.31013916500994,0.705128205128205,Glycine_max,high_confidence_IR
GLYMA_06G019300,GLYMA_06G019300.intron1,GLYMA_06G019300|6:1468823-1468921:-,6,1468823,1468921,-,KRH51634,1,no,FLEP-seq;Iso-seq;ONT;ONT cDNA-seq,308,283,308,591,0.521150592216582,1,Glycine_max,high_confidence_IR
GLYMA_06G027300,GLYMA_06G027300.intron1,GLYMA_06G027300|6:2112325-2112412:+,6,2112325,2112412,+,KRH51761,1,no,FLEP-seq;Iso-seq;ONT;ONT cDNA-seq,47,26,47,73,0.643835616438356,1,Glycine_max,high_confidence_IR
GLYMA_06G028200,GLYMA_06G028200.intron4,GLYMA_06G028200|6:2199942-2200152:+,6,2199942,2200152,+,KRH51772,1,no,FLEP-seq;Iso-seq;ONT;ONT cDNA-seq,118,238,93,356,0.331460674157303,0.788135593220339,Glycine_max,high_confidence_IR
GLYMA_06G029300,GLYMA_06G029300.intron6,GLYMA_06G029300|6:2294060-2295321:+,6,2294060,2295321,+,KRH51795,1,yes,FLEP-seq;Iso-seq;ONT;ONT cDNA-seq,272,7,231,279,0.974910394265233,0.849264705882353,Glycine_max,high_confidence_IR
GLYMA_06G029600,GLYMA_06G029600.intron1,GLYMA_06G029600|6:2314382-2314518:-,6,2314382,2314518,-,KRH51803,1,no,FLEP-seq;Iso-seq;ONT;ONT cDNA-seq,8,28,8,36,0.222222222222222,1,Glycine_max,high_confidence_IR
GLYMA_06G032400,GLYMA_06G032400.intron1,GLYMA_06G032400|6:2504972-2505273:-,6,2504972,2505273,-,KRH51858,1,no,FLEP-seq;Iso-seq;ONT;ONT cDNA-seq,24,8,23,32,0.75,0.958333333333333,Glycine_max,high_confidence_IR
GLYMA_06G033300,GLYMA_06G033300.intron3,GLYMA_06G033300|6:2576227-2577195:+,6,2576227,2577195,+,KRH51873,1,no,FLEP-seq;Iso-seq;ONT;ONT cDNA-seq,77,156,66,233,0.330472103004292,0.857142857142857,Glycine_max,high_confidence_IR
GLYMA_06G033400,GLYMA_06G033400.intron1,GLYMA_06G033400|6:2580628-2582102:+,6,2580628,2582102,+,KRH51874,1,no,FLEP-seq;Iso-seq;ONT;ONT cDNA-seq,22,55,22,77,0.285714285714286,1,Glycine_max,high_confidence_IR
GLYMA_06G035700,GLYMA_06G035700.intron2,GLYMA_06G035700|6:2747295-2747481:-,6,2747295,2747481,-,KRH51927,1,no,FLEP-seq;Iso-seq;ONT;ONT cDNA-seq,5,13,5,18,0.277777777777778,1,Glycine_max,high_confidence_IR
GLYMA_06G036100,GLYMA_06G036100.intron1,GLYMA_06G036100|6:2773407-2773624:+,6,2773407,2773624,+,RCW19362;RCW19363;RCW19364,3,no,FLEP-seq;Iso-seq;ONT;ONT cDNA-seq,6638,63,5604,6701,0.990598418146545,0.84423018981621,Glycine_max,high_confidence_IR
GLYMA_06G038700,GLYMA_06G038700.intron3,GLYMA_06G038700|6:2936152-2936218:+,6,2936152,2936218,+,KRH51967,1,no,FLEP-seq;Iso-seq;ONT;ONT cDNA-seq,731,2164,595,2895,0.252504317789292,0.813953488372093,Glycine_max,high_confidence_IR
GLYMA_06G039600,GLYMA_06G039600.intron1,GLYMA_06G039600|6:2997200-2997265:+,6,2997200,2997265,+,KRH51986;KRH51987;KRH51988,3,yes,FLEP-seq;Iso-seq;ONT;ONT cDNA-seq,489,11,440,500,0.978,0.899795501022495,Glycine_max,high_confidence_IR
GLYMA_06G043100,GLYMA_06G043100.intron1,GLYMA_06G043100|6:3293405-3294746:-,6,3293405,3294746,-,KRH52041,1,no,FLEP-seq;Iso-seq;ONT;ONT cDNA-seq,23,72,23,95,0.242105263157895,1,Glycine_max,high_confidence_IR
GLYMA_06G044100,GLYMA_06G044100.intron1,GLYMA_06G044100|6:3353715-3353811:+,6,3353715,3353811,+,KRH52057,1,yes,FLEP-seq;Iso-seq;ONT;ONT cDNA-seq,343,16,253,359,0.955431754874652,0.737609329446064,Glycine_max,high_confidence_IR
GLYMA_06G045900,GLYMA_06G045900.intron1,GLYMA_06G045900|6:3481838-3481913:+,6,3481838,3481913,+,KRH52088,1,no,FLEP-seq;Iso-seq;ONT;ONT cDNA-seq,212,314,212,526,0.403041825095057,1,Glycine_max,high_confidence_IR
GLYMA_06G049400,GLYMA_06G049400.intron4,GLYMA_06G049400|6:3718865-3718957:-,6,3718865,3718957,-,KRH52143,1,yes,FLEP-seq;Iso-seq;ONT;ONT cDNA-seq,825,65,691,890,0.926966292134832,0.837575757575758,Glycine_max,high_confidence_IR
GLYMA_06G050600,GLYMA_06G050600.intron1,GLYMA_06G050600|6:3845522-3847945:-,6,3845522,3847945,-,KRH52169,1,no,FLEP-seq;Iso-seq;ONT;ONT cDNA-seq,217,645,189,862,0.251740139211137,0.870967741935484,Glycine_max,high_confidence_IR
GLYMA_06G052500,GLYMA_06G052500.intron1,GLYMA_06G052500|6:3955768-3959577:+,6,3955768,3959577,+,KRH52203,1,no,FLEP-seq;Iso-seq;ONT;ONT cDNA-seq,133,367,133,500,0.266,1,Glycine_max,high_confidence_IR
GLYMA_06G053400,GLYMA_06G053400.intron1,GLYMA_06G053400|6:4047353-4048442:+,6,4047353,4048442,+,KRH52212,1,no,FLEP-seq;Iso-seq;ONT;ONT cDNA-seq,8,8,8,16,0.5,1,Glycine_max,high_confidence_IR
GLYMA_06G053500,GLYMA_06G053500.intron2,GLYMA_06G053500|6:4056186-4056708:+,6,4056186,4056708,+,KRH52213,1,no,FLEP-seq;Iso-seq;ONT;ONT cDNA-seq,7,18,7,25,0.28,1,Glycine_max,high_confidence_IR
GLYMA_06G062000,GLYMA_06G062000.intron1,GLYMA_06G062000|6:4655948-4656041:-,6,4655948,4656041,-,KRH52330,1,no,FLEP-seq;Iso-seq;ONT;ONT cDNA-seq,31,117,31,148,0.209459459459459,1,Glycine_max,high_confidence_IR
GLYMA_06G067300,GLYMA_06G067300.intron1,GLYMA_06G067300|6:5146852-5146950:-,6,5146852,5146950,-,KRH52418,1,yes,FLEP-seq;Iso-seq;ONT;ONT cDNA-seq,55,181,43,236,0.233050847457627,0.781818181818182,Glycine_max,high_confidence_IR
GLYMA_06G068500,GLYMA_06G068500.intron3,GLYMA_06G068500|6:5254301-5256801:-,6,5254301,5256801,-,KRH52440,1,yes,FLEP-seq;Iso-seq;ONT;ONT cDNA-seq,375,19,333,394,0.951776649746193,0.888,Glycine_max,high_confidence_IR
GLYMA_06G069000,GLYMA_06G069000.intron1,GLYMA_06G069000|6:5290547-5290618:+,6,5290547,5290618,+,KRH52450,1,no,FLEP-seq;Iso-seq;ONT;ONT cDNA-seq,194,242,158,436,0.444954128440367,0.814432989690722,Glycine_max,high_confidence_IR
GLYMA_06G070400,GLYMA_06G070400.intron2,GLYMA_06G070400|6:5395299-5395389:+,6,5395299,5395389,+,KRH52478;KRH52479;KRH52480;KRH52481;KRH52482,5,no,FLEP-seq;Iso-seq;ONT;ONT cDNA-seq,362,988,330,1350,0.268148148148148,0.911602209944751,Glycine_max,high_confidence_IR
GLYMA_06G075800,GLYMA_06G075800.intron1,GLYMA_06G075800|6:5868202-5868339:+,6,5868202,5868339,+,KRH52575;KRH52576;KRH52577;KRH52578;KRH52579;KRH52580;KRH52581;KRH52582,8,yes,FLEP-seq;Iso-seq;ONT;ONT cDNA-seq,872,117,813,989,0.88169868554095,0.932339449541284,Glycine_max,high_confidence_IR
GLYMA_06G076300,GLYMA_06G076300.intron1,GLYMA_06G076300|6:5903212-5903302:+,6,5903212,5903302,+,KRH52592,1,no,FLEP-seq;Iso-seq;ONT;ONT cDNA-seq,6,18,6,24,0.25,1,Glycine_max,high_confidence_IR
GLYMA_06G079300,GLYMA_06G079300.intron1,GLYMA_06G079300|6:6100592-6100697:-,6,6100592,6100697,-,KRH52632,1,no,FLEP-seq;Iso-seq;ONT;ONT cDNA-seq,34,9,34,43,0.790697674418605,1,Glycine_max,high_confidence_IR
GLYMA_06G081400,GLYMA_06G081400.intron1,GLYMA_06G081400|6:6264244-6264362:-,6,6264244,6264362,-,RCW19366,1,no,FLEP-seq;Iso-seq;ONT;ONT cDNA-seq,422,44,384,466,0.905579399141631,0.909952606635071,Glycine_max,high_confidence_IR
GLYMA_06G084800,GLYMA_06G084800.intron1,GLYMA_06G084800|6:6516215-6516374:-,6,6516215,6516374,-,KRH52730,1,no,FLEP-seq;Iso-seq;ONT;ONT cDNA-seq,40,155,40,195,0.205128205128205,1,Glycine_max,high_confidence_IR
GLYMA_06G086200,GLYMA_06G086200.intron5,GLYMA_06G086200|6:6654733-6655302:+,6,6654733,6655302,+,KRH52757,1,yes,FLEP-seq;Iso-seq;ONT;ONT cDNA-seq,485,20,417,505,0.96039603960396,0.85979381443299,Glycine_max,high_confidence_IR
GLYMA_06G086300,GLYMA_06G086300.intron2,GLYMA_06G086300|6:6658231-6660908:+,6,6658231,6660908,+,KRH52758,1,yes,FLEP-seq;Iso-seq;ONT;ONT cDNA-seq,231,456,222,687,0.336244541484716,0.961038961038961,Glycine_max,high_confidence_IR
GLYMA_06G086400,GLYMA_06G086400.intron1,GLYMA_06G086400|6:6671751-6672016:-,6,6671751,6672016,-,KRH52761,1,no,FLEP-seq;Iso-seq;ONT;ONT cDNA-seq,72,165,72,237,0.30379746835443,1,Glycine_max,high_confidence_IR
GLYMA_06G086800,GLYMA_06G086800.intron2,GLYMA_06G086800|6:6721636-6722008:-,6,6721636,6722008,-,KRH52767,1,yes,FLEP-seq;Iso-seq;ONT;ONT cDNA-seq,416,80,380,496,0.838709677419355,0.913461538461538,Glycine_max,high_confidence_IR
GLYMA_06G093600,GLYMA_06G093600.intron1,GLYMA_06G093600|6:7385939-7386023:+,6,7385939,7386023,+,KRH52895,1,no,FLEP-seq;Iso-seq;ONT;ONT cDNA-seq,1850,56,1850,1906,0.970619097586569,1,Glycine_max,high_confidence_IR
GLYMA_06G095700,GLYMA_06G095700.intron7,GLYMA_06G095700|6:7562041-7562759:-,6,7562041,7562759,-,KRH52931;KRH52932,2,yes,FLEP-seq;Iso-seq;ONT;ONT cDNA-seq,372,92,303,464,0.801724137931034,0.814516129032258,Glycine_max,high_confidence_IR
GLYMA_06G097300,GLYMA_06G097300.intron2,GLYMA_06G097300|6:7686525-7686608:-,6,7686525,7686608,-,KRH52959,1,yes,FLEP-seq;Iso-seq;ONT;ONT cDNA-seq,679,21,664,700,0.97,0.977908689248895,Glycine_max,high_confidence_IR
GLYMA_06G097400,GLYMA_06G097400.intron3,GLYMA_06G097400|6:7701569-7703174:+,6,7701569,7703174,+,KRH52962,1,yes,FLEP-seq;Iso-seq;ONT;ONT cDNA-seq,159,279,129,438,0.363013698630137,0.811320754716981,Glycine_max,high_confidence_IR
GLYMA_06G098100,GLYMA_06G098100.intron2,GLYMA_06G098100|6:7787054-7787538:+,6,7787054,7787538,+,KRH52970,1,yes,FLEP-seq;Iso-seq;ONT;ONT cDNA-seq,398,16,389,414,0.961352657004831,0.977386934673367,Glycine_max,high_confidence_IR
GLYMA_06G098800,GLYMA_06G098800.intron1,GLYMA_06G098800|6:7869850-7869916:+,6,7869850,7869916,+,KRH52985,1,yes,FLEP-seq;Iso-seq;ONT;ONT cDNA-seq,348,1296,331,1644,0.211678832116788,0.951149425287356,Glycine_max,high_confidence_IR
GLYMA_06G101500,GLYMA_06G101500.intron4,GLYMA_06G101500|6:8053006-8053114:-,6,8053006,8053114,-,KRH53025,1,yes,FLEP-seq;Iso-seq;ONT;ONT cDNA-seq,13423,31,12838,13454,0.997695852534562,0.956418088355807,Glycine_max,high_confidence_IR
GLYMA_06G102300,GLYMA_06G102300.intron1,GLYMA_06G102300|6:8112472-8112750:+,6,8112472,8112750,+,KRH53043,1,no,FLEP-seq;Iso-seq;ONT;ONT cDNA-seq,65,127,65,192,0.338541666666667,1,Glycine_max,high_confidence_IR
GLYMA_06G104200,GLYMA_06G104200.intron5,GLYMA_06G104200|6:8293615-8293739:-,6,8293615,8293739,-,KRH53076,1,yes,FLEP-seq;Iso-seq;ONT;ONT cDNA-seq,5916,46,4995,5962,0.992284468299228,0.844320486815416,Glycine_max,high_confidence_IR
GLYMA_06G105100,GLYMA_06G105100.intron3,GLYMA_06G105100|6:8404645-8405243:+,6,8404645,8405243,+,KRH53093,1,no,FLEP-seq;Iso-seq;ONT;ONT cDNA-seq,63,68,45,131,0.480916030534351,0.714285714285714,Glycine_max,high_confidence_IR
GLYMA_06G107700,GLYMA_06G107700.intron1,GLYMA_06G107700|6:8661729-8661878:+,6,8661729,8661878,+,KRH53149,1,no,FLEP-seq;Iso-seq;ONT;ONT cDNA-seq,63,245,63,308,0.204545454545455,1,Glycine_max,high_confidence_IR
GLYMA_06G116300,GLYMA_06G116300.intron5,GLYMA_06G116300|6:9462716-9463755:+,6,9462716,9463755,+,KRH53282,1,yes,FLEP-seq;Iso-seq;ONT;ONT cDNA-seq,4660,269,3503,4929,0.945425035504159,0.751716738197425,Glycine_max,high_confidence_IR
GLYMA_06G117300,GLYMA_06G117300.intron6,GLYMA_06G117300|6:9542060-9542213:-,6,9542060,9542213,-,KRH53300,1,yes,FLEP-seq;Iso-seq;ONT;ONT cDNA-seq,374,22,274,396,0.944444444444444,0.732620320855615,Glycine_max,high_confidence_IR
GLYMA_06G120200,GLYMA_06G120200.intron4,GLYMA_06G120200|6:9775642-9775948:-,6,9775642,9775948,-,KRH53342,1,yes,FLEP-seq;Iso-seq;ONT;ONT cDNA-seq,220,90,168,310,0.709677419354839,0.763636363636364,Glycine_max,high_confidence_IR
GLYMA_06G126100,GLYMA_06G126100.intron1,GLYMA_06G126100|6:10317000-10317066:-,6,10317000,10317066,-,KRH53449,1,no,FLEP-seq;Iso-seq;ONT;ONT cDNA-seq,872,511,837,1383,0.630513376717281,0.959862385321101,Glycine_max,high_confidence_IR
GLYMA_06G127600,GLYMA_06G127600.intron3,GLYMA_06G127600|6:10477274-10477372:-,6,10477274,10477372,-,KRH53479,1,yes,FLEP-seq;Iso-seq;ONT;ONT cDNA-seq,409,38,289,447,0.914988814317673,0.706601466992665,Glycine_max,high_confidence_IR
GLYMA_06G132000,GLYMA_06G132000.intron5,GLYMA_06G132000|6:10870086-10870203:-,6,10870086,10870203,-,KRH53554,1,yes,FLEP-seq;Iso-seq;ONT;ONT cDNA-seq,2854,25,2606,2879,0.991316429315735,0.913104414856342,Glycine_max,high_confidence_IR
GLYMA_06G132100,GLYMA_06G132100.intron1,GLYMA_06G132100|6:10877928-10878101:-,6,10877928,10878101,-,KRH53556,1,yes,FLEP-seq;Iso-seq;ONT;ONT cDNA-seq,431,5,306,436,0.988532110091743,0.709976798143852,Glycine_max,high_confidence_IR
GLYMA_06G132900,GLYMA_06G132900.intron3,GLYMA_06G132900|6:10948743-10949351:-,6,10948743,10949351,-,KRH53571;KRH53573,2,yes,FLEP-seq;Iso-seq;ONT;ONT cDNA-seq,102,12,96,114,0.894736842105263,0.941176470588235,Glycine_max,high_confidence_IR
GLYMA_06G133300,GLYMA_06G133300.intron1,GLYMA_06G133300|6:10968757-10968981:+,6,10968757,10968981,+,KRH53581,1,no,FLEP-seq;Iso-seq;ONT;ONT cDNA-seq,14628,189,14175,14817,0.987244381453736,0.969031993437244,Glycine_max,high_confidence_IR
GLYMA_06G136700,GLYMA_06G136700.intron1,GLYMA_06G136700|6:11192289-11193167:+,6,11192289,11193167,+,KRH53632,1,yes,FLEP-seq;Iso-seq;ONT;ONT cDNA-seq,41,158,41,199,0.206030150753769,1,Glycine_max,high_confidence_IR
GLYMA_06G137600,GLYMA_06G137600.intron1,GLYMA_06G137600|6:11250944-11251042:+,6,11250944,11251042,+,KRH53643,1,no,FLEP-seq;Iso-seq;ONT;ONT cDNA-seq,22,77,17,99,0.222222222222222,0.772727272727273,Glycine_max,high_confidence_IR
GLYMA_06G138000,GLYMA_06G138000.intron2,GLYMA_06G138000|6:11264386-11264475:-,6,11264386,11264475,-,KRH53647,1,yes,FLEP-seq;Iso-seq;ONT;ONT cDNA-seq,449,105,376,554,0.810469314079422,0.837416481069042,Glycine_max,high_confidence_IR
GLYMA_06G138200,GLYMA_06G138200.intron7,GLYMA_06G138200|6:11289893-11289978:-,6,11289893,11289978,-,KRH53650;KRH53651;KRH53652;KRH53653,4,no,FLEP-seq;Iso-seq;ONT;ONT cDNA-seq,11,37,9,48,0.229166666666667,0.818181818181818,Glycine_max,high_confidence_IR
GLYMA_06G139000,GLYMA_06G139000.intron3,GLYMA_06G139000|6:11342537-11342625:+,6,11342537,11342625,+,KRH53662,1,no,FLEP-seq;Iso-seq;ONT;ONT cDNA-seq,45,13,38,58,0.775862068965517,0.844444444444444,Glycine_max,high_confidence_IR
GLYMA_06G145500,GLYMA_06G145500.intron2,GLYMA_06G145500|6:11874267-11874767:-,6,11874267,11874767,-,KRH53777,1,no,FLEP-seq;Iso-seq;ONT;ONT cDNA-seq,86,238,62,324,0.265432098765432,0.720930232558139,Glycine_max,high_confidence_IR
GLYMA_06G146000,GLYMA_06G146000.intron4,GLYMA_06G146000|6:11925120-11925230:+,6,11925120,11925230,+,KRH53791,1,yes,FLEP-seq;Iso-seq;ONT;ONT cDNA-seq,928,837,675,1765,0.525779036827196,0.727370689655172,Glycine_max,high_confidence_IR
GLYMA_06G153300,GLYMA_06G153300.intron1,GLYMA_06G153300|6:12524174-12524645:+,6,12524174,12524645,+,KRH53897,1,no,FLEP-seq;Iso-seq;ONT;ONT cDNA-seq,41,55,32,96,0.427083333333333,0.780487804878049,Glycine_max,high_confidence_IR
GLYMA_06G154400,GLYMA_06G154400.intron2,GLYMA_06G154400|6:12585201-12585624:-,6,12585201,12585624,-,KRH53909,1,yes,FLEP-seq;Iso-seq;ONT;ONT cDNA-seq,91,12,69,103,0.883495145631068,0.758241758241758,Glycine_max,high_confidence_IR
GLYMA_06G154700,GLYMA_06G154700.intron1,GLYMA_06G154700|6:12606448-12606540:+,6,12606448,12606540,+,KRH53914,1,yes,FLEP-seq;Iso-seq;ONT;ONT cDNA-seq,204,37,153,241,0.846473029045643,0.75,Glycine_max,high_confidence_IR
GLYMA_06G158900,GLYMA_06G158900.intron1,GLYMA_06G158900|6:13093048-13094192:-,6,13093048,13094192,-,KRH53981,1,yes,FLEP-seq;Iso-seq;ONT;ONT cDNA-seq,537,754,499,1291,0.415956622773044,0.929236499068901,Glycine_max,high_confidence_IR
GLYMA_06G161000,GLYMA_06G161000.intron1,GLYMA_06G161000|6:13307118-13308274:+,6,13307118,13308274,+,KRH54021,1,yes,FLEP-seq;Iso-seq;ONT;ONT cDNA-seq,379,5,281,384,0.986979166666667,0.741424802110818,Glycine_max,high_confidence_IR
GLYMA_06G162000,GLYMA_06G162000.intron1,GLYMA_06G162000|6:13380414-13380948:-,6,13380414,13380948,-,KRH54045,1,no,FLEP-seq;Iso-seq;ONT;ONT cDNA-seq,287,140,287,427,0.672131147540984,1,Glycine_max,high_confidence_IR
GLYMA_06G163500,GLYMA_06G163500.intron4,GLYMA_06G163500|6:13501482-13501792:+,6,13501482,13501792,+,KRH54082,1,yes,FLEP-seq;Iso-seq;ONT;ONT cDNA-seq,1351,135,990,1486,0.909152086137281,0.732790525536639,Glycine_max,high_confidence_IR
GLYMA_06G166500,GLYMA_06G166500.intron1,GLYMA_06G166500|6:13870594-13871109:-,6,13870594,13871109,-,KRH54134,1,no,FLEP-seq;Iso-seq;ONT;ONT cDNA-seq,44,45,41,89,0.49438202247191,0.931818181818182,Glycine_max,high_confidence_IR
GLYMA_06G166800,GLYMA_06G166800.intron5,GLYMA_06G166800|6:13905793-13905946:+,6,13905793,13905946,+,KRH54138,1,yes,FLEP-seq;Iso-seq;ONT;ONT cDNA-seq,5075,20,4708,5095,0.996074582924436,0.927684729064039,Glycine_max,high_confidence_IR
GLYMA_06G171500,GLYMA_06G171500.intron3,GLYMA_06G171500|6:14360174-14360271:-,6,14360174,14360271,-,KRH54205,1,yes,FLEP-seq;Iso-seq;ONT;ONT cDNA-seq,486,19,421,505,0.962376237623762,0.866255144032922,Glycine_max,high_confidence_IR
GLYMA_06G172800,GLYMA_06G172800.intron2,GLYMA_06G172800|6:14510419-14510683:-,6,14510419,14510683,-,KRH54235,1,no,FLEP-seq;Iso-seq;ONT;ONT cDNA-seq,36,15,30,51,0.705882352941177,0.833333333333333,Glycine_max,high_confidence_IR
GLYMA_06G174600,GLYMA_06G174600.intron4,GLYMA_06G174600|6:14743966-14744411:-,6,14743966,14744411,-,KRH54274;KRH54275,2,no,FLEP-seq;Iso-seq;ONT;ONT cDNA-seq,33,122,29,155,0.212903225806452,0.878787878787879,Glycine_max,high_confidence_IR
GLYMA_06G177100,GLYMA_06G177100.intron1,GLYMA_06G177100|6:14980800-14981231:-,6,14980800,14981231,-,KRH54309,1,no,FLEP-seq;Iso-seq;ONT;ONT cDNA-seq,53,16,53,69,0.768115942028985,1,Glycine_max,high_confidence_IR
GLYMA_06G177800,GLYMA_06G177800.intron2,GLYMA_06G177800|6:15053748-15053852:-,6,15053748,15053852,-,KRH54320;KRH54321,2,no,FLEP-seq;Iso-seq;ONT;ONT cDNA-seq,18,5,13,23,0.782608695652174,0.722222222222222,Glycine_max,high_confidence_IR
GLYMA_06G180500,GLYMA_06G180500.intron1,GLYMA_06G180500|6:15316990-15317070:-,6,15316990,15317070,-,KRH54362;KRH54363,2,yes,FLEP-seq;Iso-seq;ONT;ONT cDNA-seq,409,1280,340,1689,0.242155121373594,0.831295843520782,Glycine_max,high_confidence_IR
GLYMA_06G181500,GLYMA_06G181500.intron1,GLYMA_06G181500|6:15494635-15494783:-,6,15494635,15494783,-,KRH54381,1,no,FLEP-seq;Iso-seq;ONT;ONT cDNA-seq,42,39,36,81,0.518518518518518,0.857142857142857,Glycine_max,high_confidence_IR
GLYMA_06G186900,GLYMA_06G186900.intron2,GLYMA_06G186900|6:16255963-16256907:-,6,16255963,16256907,-,KRH54461,1,no,FLEP-seq;Iso-seq;ONT;ONT cDNA-seq,28289,107,27982,28396,0.996231863642767,0.989147725264237,Glycine_max,high_confidence_IR
GLYMA_06G188100,GLYMA_06G188100.intron6,GLYMA_06G188100|6:16413700-16415454:-,6,16413700,16415454,-,KRH54477,1,yes,FLEP-seq;Iso-seq;ONT;ONT cDNA-seq,864,45,627,909,0.95049504950495,0.725694444444444,Glycine_max,high_confidence_IR
GLYMA_06G192000,GLYMA_06G192000.intron4,GLYMA_06G192000|6:16960864-16960975:+,6,16960864,16960975,+,KRH54528,1,no,FLEP-seq;Iso-seq;ONT;ONT cDNA-seq,814,10,695,824,0.987864077669903,0.853808353808354,Glycine_max,high_confidence_IR
GLYMA_06G195800,GLYMA_06G195800.intron2,GLYMA_06G195800|6:17585869-17587012:+,6,17585869,17587012,+,KRH54578,1,no,FLEP-seq;Iso-seq;ONT;ONT cDNA-seq,4879,40,4657,4919,0.991868265907705,0.95449887271982,Glycine_max,high_confidence_IR
GLYMA_06G196300,GLYMA_06G196300.intron2,GLYMA_06G196300|6:17621231-17622117:-,6,17621231,17622117,-,KRH54586;KRH54587,2,yes,FLEP-seq;Iso-seq;ONT;ONT cDNA-seq,1322,125,1111,1447,0.913614374568072,0.840393343419062,Glycine_max,high_confidence_IR
GLYMA_06G198000,GLYMA_06G198000.intron3,GLYMA_06G198000|6:17993805-17993885:+,6,17993805,17993885,+,KRH54614,1,yes,FLEP-seq;Iso-seq;ONT;ONT cDNA-seq,293,42,258,335,0.874626865671642,0.880546075085324,Glycine_max,high_confidence_IR
GLYMA_06G198600,GLYMA_06G198600.intron1,GLYMA_06G198600|6:18062907-18063004:-,6,18062907,18063004,-,KRH54620,1,no,FLEP-seq;Iso-seq;ONT;ONT cDNA-seq,457,943,457,1400,0.326428571428571,1,Glycine_max,high_confidence_IR
GLYMA_06G204400,GLYMA_06G204400.intron2,GLYMA_06G204400|6:19253058-19253621:-,6,19253058,19253621,-,KRH54712,1,yes,FLEP-seq;Iso-seq;ONT;ONT cDNA-seq,304,596,244,900,0.337777777777778,0.802631578947368,Glycine_max,high_confidence_IR
GLYMA_06G208500,GLYMA_06G208500.intron1,GLYMA_06G208500|6:20374440-20375252:-,6,20374440,20375252,-,KRH54779,1,no,FLEP-seq;Iso-seq;ONT;ONT cDNA-seq,99,204,99,303,0.326732673267327,1,Glycine_max,high_confidence_IR
GLYMA_06G209000,GLYMA_06G209000.intron3,GLYMA_06G209000|6:20531886-20534013:+,6,20531886,20534013,+,KRH54788,1,yes,FLEP-seq;Iso-seq;ONT;ONT cDNA-seq,1436,233,1129,1669,0.860395446375075,0.786211699164345,Glycine_max,high_confidence_IR
GLYMA_06G214700,GLYMA_06G214700.intron3,GLYMA_06G214700|6:22066764-22067420:+,6,22066764,22067420,+,KRH54860,1,yes,FLEP-seq;Iso-seq;ONT;ONT cDNA-seq,321,19,262,340,0.944117647058824,0.81619937694704,Glycine_max,high_confidence_IR
GLYMA_06G218000,GLYMA_06G218000.intron2,GLYMA_06G218000|6:23316157-23317584:+,6,23316157,23317584,+,KRH54905,1,yes,FLEP-seq;Iso-seq;ONT;ONT cDNA-seq,364,117,268,481,0.756756756756757,0.736263736263736,Glycine_max,high_confidence_IR
GLYMA_06G219400,GLYMA_06G219400.intron4,GLYMA_06G219400|6:24650689-24652080:-,6,24650689,24652080,-,KRH54928,1,yes,FLEP-seq;Iso-seq;ONT;ONT cDNA-seq,340,282,295,622,0.546623794212219,0.867647058823529,Glycine_max,high_confidence_IR
GLYMA_06G225100,GLYMA_06G225100.intron2,GLYMA_06G225100|6:30792117-30792803:+,6,30792117,30792803,+,KRH55017;KRH55018;KRH55019;KRH55022;KRH55023,5,yes,FLEP-seq;Iso-seq;ONT;ONT cDNA-seq,227,15,163,242,0.93801652892562,0.718061674008811,Glycine_max,high_confidence_IR
GLYMA_06G227200,GLYMA_06G227200.intron4,GLYMA_06G227200|6:34426854-34427076:+,6,34426854,34427076,+,KRH55056,1,yes,FLEP-seq;Iso-seq;ONT;ONT cDNA-seq,2540,7,2385,2547,0.997251668629761,0.938976377952756,Glycine_max,high_confidence_IR
GLYMA_06G230800,GLYMA_06G230800.intron1,GLYMA_06G230800|6:36033085-36033395:+,6,36033085,36033395,+,KRH55104,1,yes,FLEP-seq;Iso-seq;ONT;ONT cDNA-seq,38,14,31,52,0.730769230769231,0.815789473684211,Glycine_max,high_confidence_IR
GLYMA_06G232100,GLYMA_06G232100.intron6,GLYMA_06G232100|6:36445492-36446389:-,6,36445492,36446389,-,KRH55123,1,no,FLEP-seq;Iso-seq;ONT;ONT cDNA-seq,73,288,53,361,0.202216066481994,0.726027397260274,Glycine_max,high_confidence_IR
GLYMA_06G232400,GLYMA_06G232400.intron6,GLYMA_06G232400|6:36699189-36700798:-,6,36699189,36700798,-,KRH55126,1,yes,FLEP-seq;Iso-seq;ONT;ONT cDNA-seq,127,9,119,136,0.933823529411765,0.937007874015748,Glycine_max,high_confidence_IR
GLYMA_06G237200,GLYMA_06G237200.intron1,GLYMA_06G237200|6:38664373-38664594:+,6,38664373,38664594,+,KRH55203,1,no,FLEP-seq;Iso-seq;ONT;ONT cDNA-seq,6,13,6,19,0.315789473684211,1,Glycine_max,high_confidence_IR
GLYMA_06G238400,GLYMA_06G238400.intron3,GLYMA_06G238400|6:38961513-38961719:-,6,38961513,38961719,-,KRH55230,1,no,FLEP-seq;Iso-seq;ONT;ONT cDNA-seq,230,221,185,451,0.509977827050998,0.804347826086957,Glycine_max,high_confidence_IR
GLYMA_06G240700,GLYMA_06G240700.intron1,GLYMA_06G240700|6:39764809-39765361:+,6,39764809,39765361,+,KRH55259;KRH55260,2,no,FLEP-seq;Iso-seq;ONT;ONT cDNA-seq,21,50,16,71,0.295774647887324,0.761904761904762,Glycine_max,high_confidence_IR
GLYMA_06G241600,GLYMA_06G241600.intron1,GLYMA_06G241600|6:39950220-39950601:+,6,39950220,39950601,+,KRH55268,1,no,FLEP-seq;Iso-seq;ONT;ONT cDNA-seq,14,44,14,58,0.241379310344828,1,Glycine_max,high_confidence_IR
GLYMA_06G242900,GLYMA_06G242900.intron3,GLYMA_06G242900|6:40400738-40401303:-,6,40400738,40401303,-,KRH55288,1,yes,FLEP-seq;Iso-seq;ONT;ONT cDNA-seq,212328,271,206179,212599,0.998725299742708,0.971040088919031,Glycine_max,high_confidence_IR
GLYMA_06G256700,GLYMA_06G256700.intron5,GLYMA_06G256700|6:43896518-43896599:+,6,43896518,43896599,+,KRH55463,1,no,FLEP-seq;Iso-seq;ONT;ONT cDNA-seq,10,20,7,30,0.333333333333333,0.7,Glycine_max,high_confidence_IR
GLYMA_06G263900,GLYMA_06G263900.intron2,GLYMA_06G263900|6:45142508-45142614:+,6,45142508,45142614,+,KRH55581,1,no,FLEP-seq;Iso-seq;ONT;ONT cDNA-seq,188,730,141,918,0.20479302832244,0.75,Glycine_max,high_confidence_IR
GLYMA_06G265100,GLYMA_06G265100.intron1,GLYMA_06G265100|6:45240868-45240944:+,6,45240868,45240944,+,KRH55594,1,no,FLEP-seq;Iso-seq;ONT;ONT cDNA-seq,904,3058,904,3962,0.228167592125189,1,Glycine_max,high_confidence_IR
GLYMA_06G266800,GLYMA_06G266800.intron1,GLYMA_06G266800|6:45479304-45480906:+,6,45479304,45480906,+,KRH55617,1,yes,FLEP-seq;Iso-seq;ONT;ONT cDNA-seq,4074,99,3727,4173,0.97627606038821,0.914825724104075,Glycine_max,high_confidence_IR
GLYMA_06G267300,GLYMA_06G267300.intron1,GLYMA_06G267300|6:45555674-45555814:+,6,45555674,45555814,+,KRH55622;KRH55623,2,no,FLEP-seq;Iso-seq;ONT;ONT cDNA-seq,362,1361,270,1723,0.210098665118979,0.74585635359116,Glycine_max,high_confidence_IR
GLYMA_06G267300,GLYMA_06G267300.intron2,GLYMA_06G267300|6:45556938-45557045:+,6,45556938,45557045,+,KRH55622;KRH55623,2,no,FLEP-seq;Iso-seq;ONT;ONT cDNA-seq,475,1693,366,2168,0.21909594095941,0.770526315789474,Glycine_max,high_confidence_IR
GLYMA_06G268600,GLYMA_06G268600.intron1,GLYMA_06G268600|6:45722221-45722361:+,6,45722221,45722361,+,KRH55641,1,no,FLEP-seq;Iso-seq;ONT;ONT cDNA-seq,78,250,72,328,0.23780487804878,0.923076923076923,Glycine_max,high_confidence_IR
GLYMA_06G271700,GLYMA_06G271700.intron2,GLYMA_06G271700|6:46178589-46179306:-,6,46178589,46179306,-,KRH55677,1,yes,FLEP-seq;Iso-seq;ONT;ONT cDNA-seq,78,27,72,105,0.742857142857143,0.923076923076923,Glycine_max,high_confidence_IR
GLYMA_06G272400,GLYMA_06G272400.intron1,GLYMA_06G272400|6:46319156-46319904:+,6,46319156,46319904,+,KRH55686,1,yes,FLEP-seq;Iso-seq;ONT;ONT cDNA-seq,149,8,134,157,0.949044585987261,0.899328859060403,Glycine_max,high_confidence_IR
GLYMA_06G279000,GLYMA_06G279000.intron2,GLYMA_06G279000|6:47001447-47001646:-,6,47001447,47001646,-,KRH55760,1,no,FLEP-seq;Iso-seq;ONT;ONT cDNA-seq,39,114,32,153,0.254901960784314,0.82051282051282,Glycine_max,high_confidence_IR
GLYMA_06G286400,GLYMA_06G286400.intron1,GLYMA_06G286400|6:47482029-47482975:+,6,47482029,47482975,+,KRH55857,1,no,FLEP-seq;Iso-seq;ONT;ONT cDNA-seq,16,22,16,38,0.421052631578947,1,Glycine_max,high_confidence_IR
GLYMA_06G289700,GLYMA_06G289700.intron3,GLYMA_06G289700|6:47843689-47843818:-,6,47843689,47843818,-,KRH55916,1,yes,FLEP-seq;Iso-seq;ONT;ONT cDNA-seq,1321,5,1143,1326,0.996229260935143,0.865253595760787,Glycine_max,high_confidence_IR
GLYMA_06G292200,GLYMA_06G292200.intron5,GLYMA_06G292200|6:48103571-48104179:-,6,48103571,48104179,-,KRH55952,1,yes,FLEP-seq;Iso-seq;ONT;ONT cDNA-seq,749,10,648,759,0.986824769433465,0.865153538050734,Glycine_max,high_confidence_IR
GLYMA_06G292500,GLYMA_06G292500.intron1,GLYMA_06G292500|6:48137587-48140096:-,6,48137587,48140096,-,KRH55956,1,yes,FLEP-seq;Iso-seq;ONT;ONT cDNA-seq,1472,23,1472,1495,0.984615384615385,1,Glycine_max,high_confidence_IR
GLYMA_06G293900,GLYMA_06G293900.intron2,GLYMA_06G293900|6:48272502-48272831:+,6,48272502,48272831,+,KRH55978,1,no,FLEP-seq;Iso-seq;ONT;ONT cDNA-seq,27,69,23,96,0.28125,0.851851851851852,Glycine_max,high_confidence_IR
GLYMA_06G298500,GLYMA_06G298500.intron3,GLYMA_06G298500|6:48733950-48735117:-,6,48733950,48735117,-,KRH56042,1,yes,FLEP-seq;Iso-seq;ONT;ONT cDNA-seq,565,32,482,597,0.946398659966499,0.853097345132743,Glycine_max,high_confidence_IR
GLYMA_06G307800,GLYMA_06G307800.intron1,GLYMA_06G307800|6:49658890-49659532:-,6,49658890,49659532,-,KRH56162,1,yes,FLEP-seq;Iso-seq;ONT;ONT cDNA-seq,371,1135,283,1506,0.246347941567065,0.762803234501348,Glycine_max,high_confidence_IR
GLYMA_06G308500,GLYMA_06G308500.intron2,GLYMA_06G308500|6:49716347-49716658:-,6,49716347,49716658,-,KRH56172,1,yes,FLEP-seq;Iso-seq;ONT;ONT cDNA-seq,805,63,686,868,0.92741935483871,0.852173913043478,Glycine_max,high_confidence_IR
GLYMA_06G309100,GLYMA_06G309100.intron1,GLYMA_06G309100|6:49772711-49773919:+,6,49772711,49773919,+,KRH56187;KRH56188,2,yes,FLEP-seq;Iso-seq;ONT;ONT cDNA-seq,66,251,64,317,0.20820189274448,0.96969696969697,Glycine_max,high_confidence_IR
GLYMA_06G310200,GLYMA_06G310200.intron6,GLYMA_06G310200|6:49872149-49872677:+,6,49872149,49872677,+,KRH56208,1,yes,FLEP-seq;Iso-seq;ONT;ONT cDNA-seq,10747,86,9162,10833,0.992061294193668,0.852516981483205,Glycine_max,high_confidence_IR
GLYMA_06G311400,GLYMA_06G311400.intron4,GLYMA_06G311400|6:49986205-49986298:-,6,49986205,49986298,-,KRH56225,1,no,FLEP-seq;Iso-seq;ONT;ONT cDNA-seq,258,493,212,751,0.343541944074567,0.821705426356589,Glycine_max,high_confidence_IR
GLYMA_06G311800,GLYMA_06G311800.intron1,GLYMA_06G311800|6:50033432-50033519:-,6,50033432,50033519,-,KRH56229,1,no,FLEP-seq;Iso-seq;ONT;ONT cDNA-seq,64,206,64,270,0.237037037037037,1,Glycine_max,high_confidence_IR
GLYMA_06G312900,GLYMA_06G312900.intron3,GLYMA_06G312900|6:50145254-50145607:-,6,50145254,50145607,-,KRH56247,1,yes,FLEP-seq;Iso-seq;ONT;ONT cDNA-seq,11,9,9,20,0.55,0.818181818181818,Glycine_max,high_confidence_IR
GLYMA_06G315300,GLYMA_06G315300.intron3,GLYMA_06G315300|6:50441588-50441739:-,6,50441588,50441739,-,KRH56291,1,yes,FLEP-seq;Iso-seq;ONT;ONT cDNA-seq,633,235,475,868,0.72926267281106,0.750394944707741,Glycine_max,high_confidence_IR
GLYMA_06G317200,GLYMA_06G317200.intron2,GLYMA_06G317200|6:50598768-50598968:+,6,50598768,50598968,+,KRH56318,1,yes,FLEP-seq;Iso-seq;ONT;ONT cDNA-seq,444,13,417,457,0.971553610503282,0.939189189189189,Glycine_max,high_confidence_IR
GLYMA_06G317800,GLYMA_06G317800.intron6,GLYMA_06G317800|6:50640674-50641941:-,6,50640674,50641941,-,KRH56332,1,yes,FLEP-seq;Iso-seq;ONT;ONT cDNA-seq,722,9,555,731,0.987688098495212,0.768698060941828,Glycine_max,high_confidence_IR
GLYMA_06G322000,GLYMA_06G322000.intron2,GLYMA_06G322000|6:51043504-51044965:-,6,51043504,51044965,-,KRH56400,1,no,FLEP-seq;Iso-seq;ONT;ONT cDNA-seq,368,1201,353,1569,0.234544295729764,0.959239130434783,Glycine_max,high_confidence_IR
GLYMA_06G323300,GLYMA_06G323300.intron1,GLYMA_06G323300|6:51119754-51120080:+,6,51119754,51120080,+,KRH56434,1,no,FLEP-seq;Iso-seq;ONT;ONT cDNA-seq,55,32,55,87,0.632183908045977,1,Glycine_max,high_confidence_IR
GLYMA_06G324900,GLYMA_06G324900.intron2,GLYMA_06G324900|6:51278291-51280811:-,6,51278291,51280811,-,KRH56473,1,yes,FLEP-seq;Iso-seq;ONT;ONT cDNA-seq,1804,55,1464,1859,0.970414201183432,0.811529933481153,Glycine_max,high_confidence_IR
GLYMA_06G325300,GLYMA_06G325300.intron2,GLYMA_06G325300|6:51304773-51305259:+,6,51304773,51305259,+,KRH56481,1,yes,FLEP-seq;Iso-seq;ONT;ONT cDNA-seq,2361,17,1842,2378,0.992851135407906,0.780177890724269,Glycine_max,high_confidence_IR
GLYMA_07G007200,GLYMA_07G007200.intron3,GLYMA_07G007200|7:538177-539924:+,7,538177,539924,+,KRH47071,1,yes,FLEP-seq;Iso-seq;ONT;ONT cDNA-seq,1632,217,1359,1849,0.88263926446728,0.832720588235294,Glycine_max,high_confidence_IR
GLYMA_07G007300,GLYMA_07G007300.intron1,GLYMA_07G007300|7:542513-542615:-,7,542513,542615,-,KRH47073,1,yes,FLEP-seq;Iso-seq;ONT;ONT cDNA-seq,929,106,929,1035,0.897584541062802,1,Glycine_max,high_confidence_IR
GLYMA_07G011400,GLYMA_07G011400.intron2,GLYMA_07G011400|7:875046-875203:+,7,875046,875203,+,KRH47147,1,no,FLEP-seq;Iso-seq;ONT;ONT cDNA-seq,32,6,30,38,0.842105263157895,0.9375,Glycine_max,high_confidence_IR
GLYMA_07G017200,GLYMA_07G017200.intron1,GLYMA_07G017200|7:1389701-1389828:+,7,1389701,1389828,+,KRH47231;KRH47232,2,no,FLEP-seq;Iso-seq;ONT;ONT cDNA-seq,41,37,41,78,0.525641025641026,1,Glycine_max,high_confidence_IR
GLYMA_07G019200,GLYMA_07G019200.intron3,GLYMA_07G019200|7:1521105-1521226:-,7,1521105,1521226,-,KRH47270,1,yes,FLEP-seq;Iso-seq;ONT;ONT cDNA-seq,74,8,52,82,0.902439024390244,0.702702702702703,Glycine_max,high_confidence_IR
GLYMA_07G020300,GLYMA_07G020300.intron2,GLYMA_07G020300|7:1590675-1591166:-,7,1590675,1591166,-,KRH47290,1,no,FLEP-seq;Iso-seq;ONT;ONT cDNA-seq,508,287,410,795,0.638993710691824,0.807086614173228,Glycine_max,high_confidence_IR
GLYMA_07G020700,GLYMA_07G020700.intron1,GLYMA_07G020700|7:1617430-1618592:+,7,1617430,1618592,+,KRH47295,1,no,FLEP-seq;Iso-seq;ONT;ONT cDNA-seq,37,100,37,137,0.27007299270073,1,Glycine_max,high_confidence_IR
GLYMA_07G020800,GLYMA_07G020800.intron1,GLYMA_07G020800|7:1624029-1624178:-,7,1624029,1624178,-,KRH47296,1,yes,FLEP-seq;Iso-seq;ONT;ONT cDNA-seq,1061,133,751,1194,0.888609715242881,0.707822808671065,Glycine_max,high_confidence_IR
GLYMA_07G020900,GLYMA_07G020900.intron6,GLYMA_07G020900|7:1629636-1629986:-,7,1629636,1629986,-,KRH47299;KRH47300,2,yes,FLEP-seq;Iso-seq;ONT;ONT cDNA-seq,40,14,30,54,0.740740740740741,0.75,Glycine_max,high_confidence_IR
GLYMA_07G021100,GLYMA_07G021100.intron4,GLYMA_07G021100|7:1649256-1650343:+,7,1649256,1650343,+,KRH47305,1,yes,FLEP-seq;Iso-seq;ONT;ONT cDNA-seq,936,75,849,1011,0.925816023738872,0.907051282051282,Glycine_max,high_confidence_IR
GLYMA_07G021200,GLYMA_07G021200.intron1,GLYMA_07G021200|7:1652803-1653137:-,7,1652803,1653137,-,KRH47308,1,no,FLEP-seq;Iso-seq;ONT;ONT cDNA-seq,45,34,45,79,0.569620253164557,1,Glycine_max,high_confidence_IR
GLYMA_07G021300,GLYMA_07G021300.intron3,GLYMA_07G021300|7:1659875-1660014:+,7,1659875,1660014,+,KRH47310;KRH47311,2,yes,FLEP-seq;Iso-seq;ONT;ONT cDNA-seq,1648,275,1187,1923,0.856994279771191,0.720266990291262,Glycine_max,high_confidence_IR
GLYMA_07G022700,GLYMA_07G022700.intron3,GLYMA_07G022700|7:1742595-1744573:+,7,1742595,1744573,+,KRH47337,1,yes,FLEP-seq;Iso-seq;ONT;ONT cDNA-seq,1042,33,751,1075,0.969302325581395,0.720729366602687,Glycine_max,high_confidence_IR
GLYMA_07G022800,GLYMA_07G022800.intron2,GLYMA_07G022800|7:1747928-1748695:-,7,1747928,1748695,-,KRH47338,1,no,FLEP-seq;Iso-seq;ONT;ONT cDNA-seq,77,27,68,104,0.740384615384615,0.883116883116883,Glycine_max,high_confidence_IR
GLYMA_07G025100,GLYMA_07G025100.intron1,GLYMA_07G025100|7:1968591-1968830:-,7,1968591,1968830,-,KRH47373,1,no,FLEP-seq;Iso-seq;ONT;ONT cDNA-seq,8,8,8,16,0.5,1,Glycine_max,high_confidence_IR
GLYMA_07G025200,GLYMA_07G025200.intron1,GLYMA_07G025200|7:1972891-1974684:+,7,1972891,1974684,+,KRH47374,1,yes,FLEP-seq;Iso-seq;ONT;ONT cDNA-seq,644,2006,518,2650,0.243018867924528,0.804347826086957,Glycine_max,high_confidence_IR
GLYMA_07G031500,GLYMA_07G031500.intron1,GLYMA_07G031500|7:2497851-2498259:-,7,2497851,2498259,-,KRH47466;KRH47467,2,no,FLEP-seq;Iso-seq;ONT;ONT cDNA-seq,247,473,193,720,0.343055555555556,0.781376518218624,Glycine_max,high_confidence_IR
GLYMA_07G036200,GLYMA_07G036200.intron2,GLYMA_07G036200|7:2931278-2931606:-,7,2931278,2931606,-,KRH47547;KRH47553;KRH47554,3,yes,FLEP-seq;Iso-seq;ONT;ONT cDNA-seq,2375,123,1969,2498,0.950760608486789,0.829052631578947,Glycine_max,high_confidence_IR
GLYMA_07G036800,GLYMA_07G036800.intron1,GLYMA_07G036800|7:3022669-3022856:+,7,3022669,3022856,+,KRH47573,1,no,FLEP-seq;Iso-seq;ONT;ONT cDNA-seq,85,216,85,301,0.282392026578073,1,Glycine_max,high_confidence_IR
GLYMA_07G041300,GLYMA_07G041300.intron1,GLYMA_07G041300|7:3432016-3432083:-,7,3432016,3432083,-,KRH47639,1,no,FLEP-seq;Iso-seq;ONT;ONT cDNA-seq,80,41,72,121,0.661157024793388,0.9,Glycine_max,high_confidence_IR
GLYMA_07G041800,GLYMA_07G041800.intron1,GLYMA_07G041800|7:3481402-3481634:+,7,3481402,3481634,+,KRH47645,1,no,FLEP-seq;Iso-seq;ONT;ONT cDNA-seq,176,44,176,220,0.8,1,Glycine_max,high_confidence_IR
GLYMA_07G043600,GLYMA_07G043600.intron1,GLYMA_07G043600|7:3614768-3614854:+,7,3614768,3614854,+,KRH47679,1,no,FLEP-seq;Iso-seq;ONT;ONT cDNA-seq,313,533,313,846,0.369976359338061,1,Glycine_max,high_confidence_IR
GLYMA_07G044000,GLYMA_07G044000.intron1,GLYMA_07G044000|7:3658998-3659512:+,7,3658998,3659512,+,KRH47689,1,no,FLEP-seq;Iso-seq;ONT;ONT cDNA-seq,98,58,98,156,0.628205128205128,1,Glycine_max,high_confidence_IR
GLYMA_07G046200,GLYMA_07G046200.intron4,GLYMA_07G046200|7:3882018-3882272:+,7,3882018,3882272,+,KRH47723,1,yes,FLEP-seq;Iso-seq;ONT;ONT cDNA-seq,4421,54,3116,4475,0.987932960893855,0.704817914498982,Glycine_max,high_confidence_IR
GLYMA_07G047500,GLYMA_07G047500.intron1,GLYMA_07G047500|7:3985888-3986267:+,7,3985888,3986267,+,KRH47738,1,yes,FLEP-seq;Iso-seq;ONT;ONT cDNA-seq,28,11,21,39,0.717948717948718,0.75,Glycine_max,high_confidence_IR
GLYMA_07G054600,GLYMA_07G054600.intron1,GLYMA_07G054600|7:4791742-4792188:+,7,4791742,4792188,+,KRH47890,1,no,FLEP-seq;Iso-seq;ONT;ONT cDNA-seq,10,29,10,39,0.256410256410256,1,Glycine_max,high_confidence_IR
GLYMA_07G055700,GLYMA_07G055700.intron1,GLYMA_07G055700|7:4911052-4911840:+,7,4911052,4911840,+,KRH47906,1,no,FLEP-seq;Iso-seq;ONT;ONT cDNA-seq,18,67,18,85,0.211764705882353,1,Glycine_max,high_confidence_IR
GLYMA_07G056700,GLYMA_07G056700.intron10,GLYMA_07G056700|7:5027102-5027848:-,7,5027102,5027848,-,KRH47921,1,yes,FLEP-seq;Iso-seq;ONT;ONT cDNA-seq,657,145,545,802,0.819201995012469,0.829528158295282,Glycine_max,high_confidence_IR
GLYMA_07G058600,GLYMA_07G058600.intron3,GLYMA_07G058600|7:5241953-5242224:-,7,5241953,5242224,-,KRH47954,1,yes,FLEP-seq;Iso-seq;ONT;ONT cDNA-seq,920,748,820,1668,0.551558752997602,0.891304347826087,Glycine_max,high_confidence_IR
GLYMA_07G058800,GLYMA_07G058800.intron1,GLYMA_07G058800|7:5265236-5265718:+,7,5265236,5265718,+,KRH47957,1,no,FLEP-seq;Iso-seq;ONT;ONT cDNA-seq,295,504,295,799,0.369211514392991,1,Glycine_max,high_confidence_IR
GLYMA_07G059200,GLYMA_07G059200.intron1,GLYMA_07G059200|7:5292561-5292657:-,7,5292561,5292657,-,KRH47961,1,no,FLEP-seq;Iso-seq;ONT;ONT cDNA-seq,58,122,51,180,0.322222222222222,0.879310344827586,Glycine_max,high_confidence_IR
GLYMA_07G063100,GLYMA_07G063100.intron1,GLYMA_07G063100|7:5597931-5598590:-,7,5597931,5598590,-,KRH48017,1,no,FLEP-seq;Iso-seq;ONT;ONT cDNA-seq,162,372,162,534,0.303370786516854,1,Glycine_max,high_confidence_IR
GLYMA_07G064500,GLYMA_07G064500.intron1,GLYMA_07G064500|7:5765885-5766560:+,7,5765885,5766560,+,KRH48035,1,no,FLEP-seq;Iso-seq;ONT;ONT cDNA-seq,1179,149,1179,1328,0.887801204819277,1,Glycine_max,high_confidence_IR
GLYMA_07G065400,GLYMA_07G065400.intron1,GLYMA_07G065400|7:5848322-5848404:-,7,5848322,5848404,-,KRH48049,1,yes,FLEP-seq;Iso-seq;ONT;ONT cDNA-seq,27,10,24,37,0.72972972972973,0.888888888888889,Glycine_max,high_confidence_IR
GLYMA_07G069300,GLYMA_07G069300.intron1,GLYMA_07G069300|7:6263072-6263205:+,7,6263072,6263205,+,KRH48110,1,yes,FLEP-seq;Iso-seq;ONT;ONT cDNA-seq,361,941,267,1302,0.27726574500768,0.739612188365651,Glycine_max,high_confidence_IR
GLYMA_07G073200,GLYMA_07G073200.intron3,GLYMA_07G073200|7:6669157-6669250:+,7,6669157,6669250,+,KRH48178;KRH48179;KRH48180,3,no,FLEP-seq;Iso-seq;ONT;ONT cDNA-seq,90,179,65,269,0.33457249070632,0.722222222222222,Glycine_max,high_confidence_IR
GLYMA_07G075300,GLYMA_07G075300.intron1,GLYMA_07G075300|7:6845095-6845535:-,7,6845095,6845535,-,RCW19323,1,no,FLEP-seq;Iso-seq;ONT;ONT cDNA-seq,3698,388,3627,4086,0.905041605482134,0.980800432666306,Glycine_max,high_confidence_IR
GLYMA_07G075700,GLYMA_07G075700.intron2,GLYMA_07G075700|7:6864234-6865328:+,7,6864234,6865328,+,KRH48221,1,yes,FLEP-seq;Iso-seq;ONT;ONT cDNA-seq,31,25,22,56,0.553571428571429,0.709677419354839,Glycine_max,high_confidence_IR
GLYMA_07G078700,GLYMA_07G078700.intron1,GLYMA_07G078700|7:7176247-7176946:+,7,7176247,7176946,+,KRH48264,1,no,FLEP-seq;Iso-seq;ONT;ONT cDNA-seq,14,12,14,26,0.538461538461538,1,Glycine_max,high_confidence_IR
GLYMA_07G083300,GLYMA_07G083300.intron3,GLYMA_07G083300|7:7673637-7673852:-,7,7673637,7673852,-,KRH48344,1,no,FLEP-seq;Iso-seq;ONT;ONT cDNA-seq,257,871,210,1128,0.227836879432624,0.817120622568093,Glycine_max,high_confidence_IR
GLYMA_07G085700,GLYMA_07G085700.intron9,GLYMA_07G085700|7:7911326-7912454:-,7,7911326,7912454,-,KRH48386,1,yes,FLEP-seq;Iso-seq;ONT;ONT cDNA-seq,591,59,433,650,0.909230769230769,0.732656514382403,Glycine_max,high_confidence_IR
GLYMA_07G087500,GLYMA_07G087500.intron1,GLYMA_07G087500|7:8093945-8098075:+,7,8093945,8098075,+,KRH48413,1,yes,FLEP-seq;Iso-seq;ONT;ONT cDNA-seq,939,203,790,1142,0.822241681260946,0.841320553780618,Glycine_max,high_confidence_IR
GLYMA_07G091000,GLYMA_07G091000.intron3,GLYMA_07G091000|7:8518308-8521031:-,7,8518308,8521031,-,KRH48473,1,no,FLEP-seq;Iso-seq;ONT;ONT cDNA-seq,282,36,231,318,0.886792452830189,0.819148936170213,Glycine_max,high_confidence_IR
GLYMA_07G091400,GLYMA_07G091400.intron1,GLYMA_07G091400|7:8540410-8541016:+,7,8540410,8541016,+,KRH48477;KRH48478;KRH48479,3,no,FLEP-seq;Iso-seq;ONT;ONT cDNA-seq,2802,1771,2802,4573,0.612726875136672,1,Glycine_max,high_confidence_IR
GLYMA_07G092800,GLYMA_07G092800.intron2,GLYMA_07G092800|7:8673802-8673959:+,7,8673802,8673959,+,KRH48497,1,no,FLEP-seq;Iso-seq;ONT;ONT cDNA-seq,7,17,5,24,0.291666666666667,0.714285714285714,Glycine_max,high_confidence_IR
GLYMA_07G095000,GLYMA_07G095000.intron1,GLYMA_07G095000|7:8844637-8853757:+,7,8844637,8853757,+,KRH48532,1,no,FLEP-seq;Iso-seq;ONT;ONT cDNA-seq,308,80,308,388,0.793814432989691,1,Glycine_max,high_confidence_IR
GLYMA_07G098800,GLYMA_07G098800.intron1,GLYMA_07G098800|7:9332085-9332254:+,7,9332085,9332254,+,KRH48582,1,no,FLEP-seq;Iso-seq;ONT;ONT cDNA-seq,14,24,14,38,0.368421052631579,1,Glycine_max,high_confidence_IR
GLYMA_07G109200,GLYMA_07G109200.intron1,GLYMA_07G109200|7:10801075-10801449:+,7,10801075,10801449,+,KRH48743,1,no,FLEP-seq;Iso-seq;ONT;ONT cDNA-seq,360,1009,360,1369,0.262965668371074,1,Glycine_max,high_confidence_IR
GLYMA_07G109800,GLYMA_07G109800.intron1,GLYMA_07G109800|7:11090353-11090434:-,7,11090353,11090434,-,KRH48749,1,no,FLEP-seq;Iso-seq;ONT;ONT cDNA-seq,36,13,36,49,0.73469387755102,1,Glycine_max,high_confidence_IR
GLYMA_07G119300,GLYMA_07G119300.intron1,GLYMA_07G119300|7:13652147-13653229:-,7,13652147,13653229,-,KRH48891,1,no,FLEP-seq;Iso-seq;ONT;ONT cDNA-seq,39,118,35,157,0.248407643312102,0.897435897435897,Glycine_max,high_confidence_IR
GLYMA_07G120500,GLYMA_07G120500.intron5,GLYMA_07G120500|7:13874110-13875020:-,7,13874110,13875020,-,KRH48903,1,yes,FLEP-seq;Iso-seq;ONT;ONT cDNA-seq,24,8,18,32,0.75,0.75,Glycine_max,high_confidence_IR
GLYMA_07G124900,GLYMA_07G124900.intron2,GLYMA_07G124900|7:14889556-14889766:+,7,14889556,14889766,+,KRH48992,1,no,FLEP-seq;Iso-seq;ONT;ONT cDNA-seq,76,223,71,299,0.254180602006689,0.934210526315789,Glycine_max,high_confidence_IR
GLYMA_07G126600,GLYMA_07G126600.intron6,GLYMA_07G126600|7:15123873-15125110:-,7,15123873,15125110,-,KRH49020,1,yes,FLEP-seq;Iso-seq;ONT;ONT cDNA-seq,1048,34,860,1082,0.968576709796673,0.820610687022901,Glycine_max,high_confidence_IR
GLYMA_07G128700,GLYMA_07G128700.intron1,GLYMA_07G128700|7:15355516-15355582:-,7,15355516,15355582,-,KRH49047,1,no,FLEP-seq;Iso-seq;ONT;ONT cDNA-seq,281,440,273,721,0.389736477115118,0.97153024911032,Glycine_max,high_confidence_IR
GLYMA_07G128900,GLYMA_07G128900.intron3,GLYMA_07G128900|7:15367381-15368878:-,7,15367381,15368878,-,KRH49049,1,yes,FLEP-seq;Iso-seq;ONT;ONT cDNA-seq,1757,160,1681,1917,0.916536254564424,0.956744450768355,Glycine_max,high_confidence_IR
GLYMA_07G129100,GLYMA_07G129100.intron1,GLYMA_07G129100|7:15384894-15386052:+,7,15384894,15386052,+,KRH49053,1,no,FLEP-seq;Iso-seq;ONT;ONT cDNA-seq,54,79,54,133,0.406015037593985,1,Glycine_max,high_confidence_IR
GLYMA_07G133200,GLYMA_07G133200.intron2,GLYMA_07G133200|7:15780356-15781546:-,7,15780356,15781546,-,KRH49115,1,yes,FLEP-seq;Iso-seq;ONT;ONT cDNA-seq,5554,34,5005,5588,0.993915533285612,0.901152322650342,Glycine_max,high_confidence_IR
GLYMA_07G135300,GLYMA_07G135300.intron3,GLYMA_07G135300|7:16037733-16038094:-,7,16037733,16038094,-,KRH49143,1,yes,FLEP-seq;Iso-seq;ONT;ONT cDNA-seq,10788,65,10503,10853,0.994010872569796,0.973581757508343,Glycine_max,high_confidence_IR
GLYMA_07G136300,GLYMA_07G136300.intron2,GLYMA_07G136300|7:16139511-16140590:+,7,16139511,16140590,+,KRH49154;KRH49155,2,no,FLEP-seq;Iso-seq;ONT;ONT cDNA-seq,347,87,259,434,0.799539170506912,0.746397694524496,Glycine_max,high_confidence_IR
GLYMA_07G137400,GLYMA_07G137400.intron2,GLYMA_07G137400|7:16298083-16298794:-,7,16298083,16298794,-,KRH49177,1,no,FLEP-seq;Iso-seq;ONT;ONT cDNA-seq,56,53,51,109,0.513761467889908,0.910714285714286,Glycine_max,high_confidence_IR
GLYMA_07G145800,GLYMA_07G145800.intron1,GLYMA_07G145800|7:17462960-17463150:-,7,17462960,17463150,-,KRH49290,1,no,FLEP-seq;Iso-seq;ONT;ONT cDNA-seq,252,174,252,426,0.591549295774648,1,Glycine_max,high_confidence_IR
GLYMA_07G147700,GLYMA_07G147700.intron1,GLYMA_07G147700|7:17766140-17766523:+,7,17766140,17766523,+,KRH49321,1,no,FLEP-seq;Iso-seq;ONT;ONT cDNA-seq,711,104,614,815,0.87239263803681,0.863572433192686,Glycine_max,high_confidence_IR
GLYMA_07G150300,GLYMA_07G150300.intron4,GLYMA_07G150300|7:18056382-18056524:-,7,18056382,18056524,-,KRH49382,1,yes,FLEP-seq;Iso-seq;ONT;ONT cDNA-seq,3101,111,2890,3212,0.965442092154421,0.931957433086101,Glycine_max,high_confidence_IR
GLYMA_07G150400,GLYMA_07G150400.intron1,GLYMA_07G150400|7:18076872-18078653:-,7,18076872,18078653,-,KRH49384,1,no,FLEP-seq;Iso-seq;ONT;ONT cDNA-seq,11578,276,11194,11854,0.976716720094483,0.966833650025911,Glycine_max,high_confidence_IR
GLYMA_07G157200,GLYMA_07G157200.intron4,GLYMA_07G157200|7:19340078-19341600:-,7,19340078,19341600,-,KRH49475,1,yes,FLEP-seq;Iso-seq;ONT;ONT cDNA-seq,107,29,96,136,0.786764705882353,0.897196261682243,Glycine_max,high_confidence_IR
GLYMA_07G159800,GLYMA_07G159800.intron1,GLYMA_07G159800|7:20448268-20448642:-,7,20448268,20448642,-,KRH49505,1,no,FLEP-seq;Iso-seq;ONT;ONT cDNA-seq,62,66,62,128,0.484375,1,Glycine_max,high_confidence_IR
GLYMA_07G161600,GLYMA_07G161600.intron1,GLYMA_07G161600|7:21160623-21160851:-,7,21160623,21160851,-,KRH49527,1,no,FLEP-seq;Iso-seq;ONT;ONT cDNA-seq,50,6,50,56,0.892857142857143,1,Glycine_max,high_confidence_IR
GLYMA_07G165800,GLYMA_07G165800.intron3,GLYMA_07G165800|7:25571895-25571981:-,7,25571895,25571981,-,KRH49589,1,no,FLEP-seq;Iso-seq;ONT;ONT cDNA-seq,79,267,57,346,0.228323699421965,0.721518987341772,Glycine_max,high_confidence_IR
GLYMA_07G167700,GLYMA_07G167700.intron2,GLYMA_07G167700|7:27071815-27074248:+,7,27071815,27074248,+,KRH49609,1,no,FLEP-seq;Iso-seq;ONT;ONT cDNA-seq,376,38,324,414,0.908212560386473,0.861702127659574,Glycine_max,high_confidence_IR
GLYMA_07G168900,GLYMA_07G168900.intron1,GLYMA_07G168900|7:28239565-28240150:-,7,28239565,28240150,-,KRH49629,1,yes,FLEP-seq;Iso-seq;ONT;ONT cDNA-seq,140,22,140,162,0.864197530864197,1,Glycine_max,high_confidence_IR
GLYMA_07G174100,GLYMA_07G174100.intron1,GLYMA_07G174100|7:31258390-31259196:+,7,31258390,31259196,+,KRH49711,1,no,FLEP-seq;Iso-seq;ONT;ONT cDNA-seq,253,576,253,829,0.30518697225573,1,Glycine_max,high_confidence_IR
GLYMA_07G176600,GLYMA_07G176600.intron2,GLYMA_07G176600|7:33046588-33047802:+,7,33046588,33047802,+,KRH49748,1,no,FLEP-seq;Iso-seq;ONT;ONT cDNA-seq,42,135,41,177,0.23728813559322,0.976190476190476,Glycine_max,high_confidence_IR
GLYMA_07G181900,GLYMA_07G181900.intron3,GLYMA_07G181900|7:35000812-35001828:+,7,35000812,35001828,+,KRH49829,1,yes,FLEP-seq;Iso-seq;ONT;ONT cDNA-seq,2286,141,2153,2427,0.941903584672435,0.941819772528434,Glycine_max,high_confidence_IR
GLYMA_07G183700,GLYMA_07G183700.intron1,GLYMA_07G183700|7:35135473-35136167:-,7,35135473,35136167,-,KRH49853,1,no,FLEP-seq;Iso-seq;ONT;ONT cDNA-seq,41,100,41,141,0.290780141843972,1,Glycine_max,high_confidence_IR
GLYMA_07G185200,GLYMA_07G185200.intron4,GLYMA_07G185200|7:35292175-35294195:+,7,35292175,35294195,+,KRH49879,1,yes,FLEP-seq;Iso-seq;ONT;ONT cDNA-seq,198,84,198,282,0.702127659574468,1,Glycine_max,high_confidence_IR
GLYMA_07G187500,GLYMA_07G187500.intron3,GLYMA_07G187500|7:35487250-35487360:+,7,35487250,35487360,+,KRH49913,1,no,FLEP-seq;Iso-seq;ONT;ONT cDNA-seq,903,245,670,1148,0.786585365853659,0.741971207087486,Glycine_max,high_confidence_IR
GLYMA_07G188600,GLYMA_07G188600.intron1,GLYMA_07G188600|7:35617058-35617155:-,7,35617058,35617155,-,KRH49925,1,no,FLEP-seq;Iso-seq;ONT;ONT cDNA-seq,16,11,16,27,0.592592592592593,1,Glycine_max,high_confidence_IR
GLYMA_07G192400,GLYMA_07G192400.intron1,GLYMA_07G192400|7:35997545-36000623:-,7,35997545,36000623,-,KRH49981,1,no,FLEP-seq;Iso-seq;ONT;ONT cDNA-seq,25,71,25,96,0.260416666666667,1,Glycine_max,high_confidence_IR
GLYMA_07G193700,GLYMA_07G193700.intron1,GLYMA_07G193700|7:36233364-36233441:-,7,36233364,36233441,-,KRH49996,1,yes,FLEP-seq;Iso-seq;ONT;ONT cDNA-seq,526,18,377,544,0.966911764705882,0.716730038022814,Glycine_max,high_confidence_IR
GLYMA_07G195300,GLYMA_07G195300.intron1,GLYMA_07G195300|7:36385715-36385857:-,7,36385715,36385857,-,KRH50016,1,yes,FLEP-seq;Iso-seq;ONT;ONT cDNA-seq,1184,1587,1051,2771,0.427282569469506,0.887668918918919,Glycine_max,high_confidence_IR
GLYMA_07G195400,GLYMA_07G195400.intron3,GLYMA_07G195400|7:36396964-36397205:+,7,36396964,36397205,+,KRH50021,1,yes,FLEP-seq;Iso-seq;ONT;ONT cDNA-seq,495,45,359,540,0.916666666666667,0.725252525252525,Glycine_max,high_confidence_IR
GLYMA_07G196300,GLYMA_07G196300.intron1,GLYMA_07G196300|7:36478993-36479354:+,7,36478993,36479354,+,KRH50041,1,no,FLEP-seq;Iso-seq;ONT;ONT cDNA-seq,29,101,28,130,0.223076923076923,0.96551724137931,Glycine_max,high_confidence_IR
GLYMA_07G196700,GLYMA_07G196700.intron4,GLYMA_07G196700|7:36500342-36502953:-,7,36500342,36502953,-,KRH50045,1,yes,FLEP-seq;Iso-seq;ONT;ONT cDNA-seq,1905,206,1679,2111,0.902415916627191,0.881364829396325,Glycine_max,high_confidence_IR
GLYMA_07G197600,GLYMA_07G197600.intron2,GLYMA_07G197600|7:36596779-36598298:-,7,36596779,36598298,-,KRH50060,1,no,FLEP-seq;Iso-seq;ONT;ONT cDNA-seq,41,55,37,96,0.427083333333333,0.902439024390244,Glycine_max,high_confidence_IR
GLYMA_07G199600,GLYMA_07G199600.intron2,GLYMA_07G199600|7:36817821-36818164:-,7,36817821,36818164,-,KRH50096,1,no,FLEP-seq;Iso-seq;ONT;ONT cDNA-seq,884,1927,819,2811,0.314478833155461,0.926470588235294,Glycine_max,high_confidence_IR
GLYMA_07G205000,GLYMA_07G205000.intron1,GLYMA_07G205000|7:37398136-37398838:+,7,37398136,37398838,+,KRH50163,1,no,FLEP-seq;Iso-seq;ONT;ONT cDNA-seq,24,38,24,62,0.387096774193548,1,Glycine_max,high_confidence_IR
GLYMA_07G206800,GLYMA_07G206800.intron9,GLYMA_07G206800|7:37608709-37609520:+,7,37608709,37609520,+,KRH50191,1,yes,FLEP-seq;Iso-seq;ONT;ONT cDNA-seq,3099,105,2470,3204,0.967228464419476,0.79703130041949,Glycine_max,high_confidence_IR
GLYMA_07G210900,GLYMA_07G210900.intron3,GLYMA_07G210900|7:38193902-38196439:-,7,38193902,38196439,-,KRH50252,1,yes,FLEP-seq;Iso-seq;ONT;ONT cDNA-seq,417,43,294,460,0.906521739130435,0.705035971223022,Glycine_max,high_confidence_IR
GLYMA_07G212200,GLYMA_07G212200.intron9,GLYMA_07G212200|7:38359138-38359259:-,7,38359138,38359259,-,KRH50271,1,yes,FLEP-seq;Iso-seq;ONT;ONT cDNA-seq,33,6,27,39,0.846153846153846,0.818181818181818,Glycine_max,high_confidence_IR
GLYMA_07G212600,GLYMA_07G212600.intron1,GLYMA_07G212600|7:38419483-38419859:-,7,38419483,38419859,-,KRH50277,1,no,FLEP-seq;Iso-seq;ONT;ONT cDNA-seq,9,34,9,43,0.209302325581395,1,Glycine_max,high_confidence_IR
GLYMA_07G213100,GLYMA_07G213100.intron4,GLYMA_07G213100|7:38536184-38536479:+,7,38536184,38536479,+,KRH50287,1,yes,FLEP-seq;Iso-seq;ONT;ONT cDNA-seq,359,33,287,392,0.915816326530612,0.799442896935933,Glycine_max,high_confidence_IR
GLYMA_07G215800,GLYMA_07G215800.intron1,GLYMA_07G215800|7:38813203-38813430:+,7,38813203,38813430,+,KRH50343,1,no,FLEP-seq;Iso-seq;ONT;ONT cDNA-seq,7,16,7,23,0.304347826086957,1,Glycine_max,high_confidence_IR
GLYMA_07G218900,GLYMA_07G218900.intron6,GLYMA_07G218900|7:39227191-39229513:-,7,39227191,39229513,-,KRH50382,1,yes,FLEP-seq;Iso-seq;ONT;ONT cDNA-seq,106,19,79,125,0.848,0.745283018867924,Glycine_max,high_confidence_IR
GLYMA_07G220000,GLYMA_07G220000.intron2,GLYMA_07G220000|7:39438567-39439091:+,7,39438567,39439091,+,KRH50394,1,yes,FLEP-seq;Iso-seq;ONT;ONT cDNA-seq,8,15,7,23,0.347826086956522,0.875,Glycine_max,high_confidence_IR
GLYMA_07G221400,GLYMA_07G221400.intron1,GLYMA_07G221400|7:39674997-39679666:-,7,39674997,39679666,-,KRH50423,1,no,FLEP-seq;Iso-seq;ONT;ONT cDNA-seq,148,17,148,165,0.896969696969697,1,Glycine_max,high_confidence_IR
GLYMA_07G226400,GLYMA_07G226400.intron2,GLYMA_07G226400|7:40380752-40380877:-,7,40380752,40380877,-,KRH50532,1,no,FLEP-seq;Iso-seq;ONT;ONT cDNA-seq,34,41,32,75,0.453333333333333,0.941176470588235,Glycine_max,high_confidence_IR
GLYMA_07G226700,GLYMA_07G226700.intron1,GLYMA_07G226700|7:40408355-40408807:-,7,40408355,40408807,-,KRH50535,1,yes,FLEP-seq;Iso-seq;ONT;ONT cDNA-seq,22,73,20,95,0.231578947368421,0.909090909090909,Glycine_max,high_confidence_IR
GLYMA_07G229500,GLYMA_07G229500.intron1,GLYMA_07G229500|7:40938497-40938647:-,7,40938497,40938647,-,KRH50574,1,no,FLEP-seq;Iso-seq;ONT;ONT cDNA-seq,118,31,118,149,0.791946308724832,1,Glycine_max,high_confidence_IR
GLYMA_07G235700,GLYMA_07G235700.intron2,GLYMA_07G235700|7:41726748-41727155:+,7,41726748,41727155,+,KRH50668,1,no,FLEP-seq;Iso-seq;ONT;ONT cDNA-seq,184,121,181,305,0.60327868852459,0.983695652173913,Glycine_max,high_confidence_IR
GLYMA_07G236100,GLYMA_07G236100.intron3,GLYMA_07G236100|7:41790334-41791909:-,7,41790334,41791909,-,KRH50673,1,yes,FLEP-seq;Iso-seq;ONT;ONT cDNA-seq,49,11,45,60,0.816666666666667,0.918367346938776,Glycine_max,high_confidence_IR
GLYMA_07G236600,GLYMA_07G236600.intron8,GLYMA_07G236600|7:41822174-41822276:+,7,41822174,41822276,+,KRH50682,1,yes,FLEP-seq;Iso-seq;ONT;ONT cDNA-seq,505,38,357,543,0.930018416206261,0.706930693069307,Glycine_max,high_confidence_IR
GLYMA_07G238200,GLYMA_07G238200.intron1,GLYMA_07G238200|7:41944296-41945822:-,7,41944296,41945822,-,KRH50707,1,no,FLEP-seq;Iso-seq;ONT;ONT cDNA-seq,38,6,31,44,0.863636363636364,0.815789473684211,Glycine_max,high_confidence_IR
GLYMA_07G239800,GLYMA_07G239800.intron1,GLYMA_07G239800|7:42060666-42060829:+,7,42060666,42060829,+,KRH50729,1,yes,FLEP-seq;Iso-seq;ONT;ONT cDNA-seq,12,15,12,27,0.444444444444444,1,Glycine_max,high_confidence_IR
GLYMA_07G240000,GLYMA_07G240000.intron3,GLYMA_07G240000|7:42066695-42069042:+,7,42066695,42069042,+,KRH50733,1,yes,FLEP-seq;Iso-seq;ONT;ONT cDNA-seq,164,38,125,202,0.811881188118812,0.76219512195122,Glycine_max,high_confidence_IR
GLYMA_07G243400,GLYMA_07G243400.intron6,GLYMA_07G243400|7:42323949-42324072:-,7,42323949,42324072,-,KRH50778,1,yes,FLEP-seq;Iso-seq;ONT;ONT cDNA-seq,342,36,288,378,0.904761904761905,0.842105263157895,Glycine_max,high_confidence_IR
GLYMA_07G245700,GLYMA_07G245700.intron3,GLYMA_07G245700|7:42474022-42474100:+,7,42474022,42474100,+,KRH50812,1,no,FLEP-seq;Iso-seq;ONT;ONT cDNA-seq,197,46,159,243,0.810699588477366,0.807106598984772,Glycine_max,high_confidence_IR
GLYMA_07G252000,GLYMA_07G252000.intron7,GLYMA_07G252000|7:42949928-42950457:-,7,42949928,42950457,-,KRH50931,1,yes,FLEP-seq;Iso-seq;ONT;ONT cDNA-seq,601,59,496,660,0.910606060606061,0.825291181364393,Glycine_max,high_confidence_IR
GLYMA_07G253100,GLYMA_07G253100.intron1,GLYMA_07G253100|7:43035455-43035564:-,7,43035455,43035564,-,KRH50948,1,no,FLEP-seq;Iso-seq;ONT;ONT cDNA-seq,868,2980,789,3848,0.225571725571726,0.908986175115207,Glycine_max,high_confidence_IR
GLYMA_07G253400,GLYMA_07G253400.intron1,GLYMA_07G253400|7:43058540-43058608:+,7,43058540,43058608,+,KRH50951,1,no,FLEP-seq;Iso-seq;ONT;ONT cDNA-seq,7666,81,7666,7747,0.989544339744417,1,Glycine_max,high_confidence_IR
GLYMA_07G257200,GLYMA_07G257200.intron2,GLYMA_07G257200|7:43326383-43326452:+,7,43326383,43326452,+,KRH51030,1,yes,FLEP-seq;Iso-seq;ONT;ONT cDNA-seq,277,9,207,286,0.968531468531469,0.747292418772563,Glycine_max,high_confidence_IR
GLYMA_07G258100,GLYMA_07G258100.intron1,GLYMA_07G258100|7:43408511-43408849:+,7,43408511,43408849,+,KRH51045,1,no,FLEP-seq;Iso-seq;ONT;ONT cDNA-seq,845,97,845,942,0.897027600849257,1,Glycine_max,high_confidence_IR
GLYMA_07G258500,GLYMA_07G258500.intron13,GLYMA_07G258500|7:43426434-43427011:-,7,43426434,43427011,-,KRH51053;KRH51054,2,yes,FLEP-seq;Iso-seq;ONT;ONT cDNA-seq,2594,32,1935,2626,0.987814166031988,0.745952197378566,Glycine_max,high_confidence_IR
GLYMA_07G265200,GLYMA_07G265200.intron3,GLYMA_07G265200|7:43928542-43928869:-,7,43928542,43928869,-,KRH51157,1,no,FLEP-seq;Iso-seq;ONT;ONT cDNA-seq,74,128,66,202,0.366336633663366,0.891891891891892,Glycine_max,high_confidence_IR
GLYMA_07G266200,GLYMA_07G266200.intron8,GLYMA_07G266200|7:43988280-43989295:+,7,43988280,43989295,+,KRH51171,1,yes,FLEP-seq;Iso-seq;ONT;ONT cDNA-seq,850,8,641,858,0.990675990675991,0.754117647058824,Glycine_max,high_confidence_IR
GLYMA_07G268800,GLYMA_07G268800.intron1,GLYMA_07G268800|7:44199042-44199542:+,7,44199042,44199542,+,KRH51211,1,no,FLEP-seq;Iso-seq;ONT;ONT cDNA-seq,199,723,142,922,0.215835140997831,0.71356783919598,Glycine_max,high_confidence_IR
GLYMA_07G270600,GLYMA_07G270600.intron2,GLYMA_07G270600|7:44320099-44320249:-,7,44320099,44320249,-,KRH51253,1,yes,FLEP-seq;Iso-seq;ONT;ONT cDNA-seq,1916,141,1648,2057,0.931453573164803,0.860125260960334,Glycine_max,high_confidence_IR
GLYMA_07G272600,GLYMA_07G272600.intron3,GLYMA_07G272600|7:44471324-44471393:-,7,44471324,44471393,-,KRH51284,1,no,FLEP-seq;Iso-seq;ONT;ONT cDNA-seq,369,583,260,952,0.387605042016807,0.704607046070461,Glycine_max,high_confidence_IR
GLYMA_08G025500,GLYMA_08G025500.intron1,GLYMA_08G025500|8:2018062-2018772:-,8,2018062,2018772,-,KRH41367;KRH41368,2,no,FLEP-seq;Iso-seq;ONT;ONT cDNA-seq,162,301,154,463,0.349892008639309,0.950617283950617,Glycine_max,high_confidence_IR
GLYMA_08G035800,GLYMA_08G035800.intron1,GLYMA_08G035800|8:2833784-2833950:+,8,2833784,2833950,+,KRH41529,1,no,FLEP-seq;Iso-seq;ONT;ONT cDNA-seq,153,16,153,169,0.905325443786982,1,Glycine_max,high_confidence_IR
GLYMA_08G039100,GLYMA_08G039100.intron2,GLYMA_08G039100|8:3059659-3059820:+,8,3059659,3059820,+,KRH41584,1,yes,FLEP-seq;Iso-seq;ONT;ONT cDNA-seq,214,8,196,222,0.963963963963964,0.91588785046729,Glycine_max,high_confidence_IR
GLYMA_08G046000,GLYMA_08G046000.intron5,GLYMA_08G046000|8:3634292-3634390:+,8,3634292,3634390,+,KRH41716,1,yes,FLEP-seq;Iso-seq;ONT;ONT cDNA-seq,1119,97,966,1216,0.920230263157895,0.863270777479893,Glycine_max,high_confidence_IR
GLYMA_08G049200,GLYMA_08G049200.intron1,GLYMA_08G049200|8:3837614-3837701:-,8,3837614,3837701,-,KRH41761,1,no,FLEP-seq;Iso-seq;ONT;ONT cDNA-seq,105,185,105,290,0.362068965517241,1,Glycine_max,high_confidence_IR
GLYMA_08G054100,GLYMA_08G054100.intron1,GLYMA_08G054100|8:4179097-4179915:-,8,4179097,4179915,-,KRH41835;KRH41836;KRH41837;KRH41838;KRH41839,5,no,FLEP-seq;Iso-seq;ONT;ONT cDNA-seq,20,67,14,87,0.229885057471264,0.7,Glycine_max,high_confidence_IR
GLYMA_08G055000,GLYMA_08G055000.intron2,GLYMA_08G055000|8:4240056-4240157:+,8,4240056,4240157,+,KRH41858,1,yes,FLEP-seq;Iso-seq;ONT;ONT cDNA-seq,3713,115,3144,3828,0.969958202716823,0.846754645838944,Glycine_max,high_confidence_IR
GLYMA_08G056300,GLYMA_08G056300.intron1,GLYMA_08G056300|8:4328500-4328718:-,8,4328500,4328718,-,KRH41877,1,no,FLEP-seq;Iso-seq;ONT;ONT cDNA-seq,27,16,27,43,0.627906976744186,1,Glycine_max,high_confidence_IR
GLYMA_08G059200,GLYMA_08G059200.intron1,GLYMA_08G059200|8:4527013-4527341:+,8,4527013,4527341,+,KRH41929,1,yes,FLEP-seq;Iso-seq;ONT;ONT cDNA-seq,6,12,6,18,0.333333333333333,1,Glycine_max,high_confidence_IR
GLYMA_08G063400,GLYMA_08G063400.intron4,GLYMA_08G063400|8:4869487-4869984:+,8,4869487,4869984,+,KRH42013,1,yes,FLEP-seq;Iso-seq;ONT;ONT cDNA-seq,1355,15,1070,1370,0.989051094890511,0.789667896678967,Glycine_max,high_confidence_IR
GLYMA_08G071600,GLYMA_08G071600.intron4,GLYMA_08G071600|8:5483455-5483888:-,8,5483455,5483888,-,KRH42141,1,no,FLEP-seq;Iso-seq;ONT;ONT cDNA-seq,37,82,28,119,0.310924369747899,0.756756756756757,Glycine_max,high_confidence_IR
GLYMA_08G072800,GLYMA_08G072800.intron1,GLYMA_08G072800|8:5575853-5575955:-,8,5575853,5575955,-,KRH42163,1,no,FLEP-seq;Iso-seq;ONT;ONT cDNA-seq,405,605,405,1010,0.400990099009901,1,Glycine_max,high_confidence_IR
GLYMA_08G076800,GLYMA_08G076800.intron2,GLYMA_08G076800|8:5836642-5837167:+,8,5836642,5837167,+,KRH42224,1,yes,FLEP-seq;Iso-seq;ONT;ONT cDNA-seq,1905,11,1775,1916,0.994258872651357,0.931758530183727,Glycine_max,high_confidence_IR
GLYMA_08G077400,GLYMA_08G077400.intron3,GLYMA_08G077400|8:5879347-5881167:-,8,5879347,5881167,-,KRH42234,1,yes,FLEP-seq;Iso-seq;ONT;ONT cDNA-seq,666,50,552,716,0.930167597765363,0.828828828828829,Glycine_max,high_confidence_IR
GLYMA_08G083200,GLYMA_08G083200.intron1,GLYMA_08G083200|8:6286341-6286423:+,8,6286341,6286423,+,KRH42320,1,no,FLEP-seq;Iso-seq;ONT;ONT cDNA-seq,16,41,16,57,0.280701754385965,1,Glycine_max,high_confidence_IR
GLYMA_08G089100,GLYMA_08G089100.intron2,GLYMA_08G089100|8:6730318-6730444:-,8,6730318,6730444,-,KRH42426;KRH42427,2,no,FLEP-seq;Iso-seq;ONT;ONT cDNA-seq,5,16,4,21,0.238095238095238,0.8,Glycine_max,high_confidence_IR
GLYMA_08G090600,GLYMA_08G090600.intron2,GLYMA_08G090600|8:6818576-6818853:+,8,6818576,6818853,+,KRH42450;KRH42451,2,no,FLEP-seq;Iso-seq;ONT;ONT cDNA-seq,18,30,13,48,0.375,0.722222222222222,Glycine_max,high_confidence_IR
GLYMA_08G090700,GLYMA_08G090700.intron1,GLYMA_08G090700|8:6826844-6827031:-,8,6826844,6827031,-,KRH42452;KRH42453,2,yes,FLEP-seq;Iso-seq;ONT;ONT cDNA-seq,292,5,292,297,0.983164983164983,1,Glycine_max,high_confidence_IR
GLYMA_08G091700,GLYMA_08G091700.intron1,GLYMA_08G091700|8:6900712-6900858:+,8,6900712,6900858,+,KRH42474;KRH42475,2,yes,FLEP-seq;Iso-seq;ONT;ONT cDNA-seq,471,10,471,481,0.979209979209979,1,Glycine_max,high_confidence_IR
GLYMA_08G094100,GLYMA_08G094100.intron1,GLYMA_08G094100|8:7148481-7148543:-,8,7148481,7148543,-,KRH42517,1,yes,FLEP-seq;Iso-seq;ONT;ONT cDNA-seq,980,160,942,1140,0.859649122807018,0.961224489795918,Glycine_max,high_confidence_IR
GLYMA_08G098700,GLYMA_08G098700.intron2,GLYMA_08G098700|8:7559221-7561608:-,8,7559221,7561608,-,KRH42579;KRH42580;KRH42581,3,no,FLEP-seq;Iso-seq;ONT;ONT cDNA-seq,213,634,150,847,0.251475796930342,0.704225352112676,Glycine_max,high_confidence_IR
GLYMA_08G102400,GLYMA_08G102400.intron1,GLYMA_08G102400|8:7861462-7861964:+,8,7861462,7861964,+,KRH42639,1,yes,FLEP-seq;Iso-seq;ONT;ONT cDNA-seq,21,34,15,55,0.381818181818182,0.714285714285714,Glycine_max,high_confidence_IR
GLYMA_08G103400,GLYMA_08G103400.intron2,GLYMA_08G103400|8:7945952-7946078:-,8,7945952,7946078,-,KRH42656;KRH42657,2,yes,FLEP-seq;Iso-seq;ONT;ONT cDNA-seq,1583,60,1372,1643,0.963481436396835,0.866708780795957,Glycine_max,high_confidence_IR
GLYMA_08G103500,GLYMA_08G103500.intron1,GLYMA_08G103500|8:7948079-7948168:-,8,7948079,7948168,-,KRH42658,1,no,FLEP-seq;Iso-seq;ONT;ONT cDNA-seq,323,493,323,816,0.395833333333333,1,Glycine_max,high_confidence_IR
GLYMA_08G104900,GLYMA_08G104900.intron2,GLYMA_08G104900|8:8067888-8068952:-,8,8067888,8068952,-,KRH42679,1,no,FLEP-seq;Iso-seq;ONT;ONT cDNA-seq,43609,1890,42944,45499,0.958460625508253,0.984750854181476,Glycine_max,high_confidence_IR
GLYMA_08G107000,GLYMA_08G107000.intron1,GLYMA_08G107000|8:8230425-8230603:-,8,8230425,8230603,-,KRH42716,1,no,FLEP-seq;Iso-seq;ONT;ONT cDNA-seq,130,10,130,140,0.928571428571429,1,Glycine_max,high_confidence_IR
GLYMA_08G110100,GLYMA_08G110100.intron2,GLYMA_08G110100|8:8457973-8458277:-,8,8457973,8458277,-,KRH42768;KRH42769;KRH42770;KRH42771;KRH42772,5,yes,FLEP-seq;Iso-seq;ONT;ONT cDNA-seq,83,143,80,226,0.367256637168142,0.963855421686747,Glycine_max,high_confidence_IR
GLYMA_08G111700,GLYMA_08G111700.intron1,GLYMA_08G111700|8:8605644-8605999:-,8,8605644,8605999,-,KRH42794;KRH42795;KRH42796,3,no,FLEP-seq;Iso-seq;ONT;ONT cDNA-seq,30,9,24,39,0.769230769230769,0.8,Glycine_max,high_confidence_IR
GLYMA_08G115500,GLYMA_08G115500.intron1,GLYMA_08G115500|8:8853679-8854526:+,8,8853679,8854526,+,KRH42850;KRH42851;KRH42852,3,no,FLEP-seq;Iso-seq;ONT;ONT cDNA-seq,54,182,51,236,0.228813559322034,0.944444444444444,Glycine_max,high_confidence_IR
GLYMA_08G118800,GLYMA_08G118800.intron2,GLYMA_08G118800|8:9178474-9179387:+,8,9178474,9179387,+,KRH42904,1,yes,FLEP-seq;Iso-seq;ONT;ONT cDNA-seq,816,7,736,823,0.991494532199271,0.901960784313726,Glycine_max,high_confidence_IR
GLYMA_08G118900,GLYMA_08G118900.intron2,GLYMA_08G118900|8:9183236-9183613:+,8,9183236,9183613,+,KRH42905,1,no,FLEP-seq;Iso-seq;ONT;ONT cDNA-seq,135,9,128,144,0.9375,0.948148148148148,Glycine_max,high_confidence_IR
GLYMA_08G120100,GLYMA_08G120100.intron3,GLYMA_08G120100|8:9255912-9257926:+,8,9255912,9257926,+,KRH42924,1,yes,FLEP-seq;Iso-seq;ONT;ONT cDNA-seq,23165,94,22552,23259,0.995958553678146,0.973537664580186,Glycine_max,high_confidence_IR
GLYMA_08G121200,GLYMA_08G121200.intron1,GLYMA_08G121200|8:9361504-9361937:+,8,9361504,9361937,+,KRH42944,1,no,FLEP-seq;Iso-seq;ONT;ONT cDNA-seq,75,61,69,136,0.551470588235294,0.92,Glycine_max,high_confidence_IR
GLYMA_08G123200,GLYMA_08G123200.intron5,GLYMA_08G123200|8:9479362-9480039:+,8,9479362,9480039,+,KRH42975,1,yes,FLEP-seq;Iso-seq;ONT;ONT cDNA-seq,1352,11,1090,1363,0.991929567131328,0.806213017751479,Glycine_max,high_confidence_IR
GLYMA_08G127500,GLYMA_08G127500.intron2,GLYMA_08G127500|8:9826305-9826549:-,8,9826305,9826549,-,KRH43049,1,no,FLEP-seq;Iso-seq;ONT;ONT cDNA-seq,37,15,26,52,0.711538461538462,0.702702702702703,Glycine_max,high_confidence_IR
GLYMA_08G128300,GLYMA_08G128300.intron1,GLYMA_08G128300|8:9891228-9891313:+,8,9891228,9891313,+,KRH43063,1,yes,FLEP-seq;Iso-seq;ONT;ONT cDNA-seq,411,71,371,482,0.852697095435685,0.902676399026764,Glycine_max,high_confidence_IR
GLYMA_08G128900,GLYMA_08G128900.intron1,GLYMA_08G128900|8:9931206-9931367:+,8,9931206,9931367,+,KRH43071,1,no,FLEP-seq;Iso-seq;ONT;ONT cDNA-seq,13,50,13,63,0.206349206349206,1,Glycine_max,high_confidence_IR
GLYMA_08G134000,GLYMA_08G134000.intron3,GLYMA_08G134000|8:10282011-10283098:+,8,10282011,10283098,+,KRH43153,1,yes,FLEP-seq;Iso-seq;ONT;ONT cDNA-seq,467,40,412,507,0.921104536489152,0.882226980728051,Glycine_max,high_confidence_IR
GLYMA_08G138800,GLYMA_08G138800.intron8,GLYMA_08G138800|8:10630326-10630580:-,8,10630326,10630580,-,KRH43232,1,yes,FLEP-seq;Iso-seq;ONT;ONT cDNA-seq,1638,76,1340,1714,0.955659276546091,0.818070818070818,Glycine_max,high_confidence_IR
GLYMA_08G139500,GLYMA_08G139500.intron4,GLYMA_08G139500|8:10678890-10679994:+,8,10678890,10679994,+,KRH43249,1,yes,FLEP-seq;Iso-seq;ONT;ONT cDNA-seq,769,24,664,793,0.969735182849937,0.863459037711313,Glycine_max,high_confidence_IR
GLYMA_08G141500,GLYMA_08G141500.intron9,GLYMA_08G141500|8:10807034-10807440:-,8,10807034,10807440,-,KRH43312,1,yes,FLEP-seq;Iso-seq;ONT;ONT cDNA-seq,895,126,734,1021,0.876591576885406,0.820111731843575,Glycine_max,high_confidence_IR
GLYMA_08G145300,GLYMA_08G145300.intron1,GLYMA_08G145300|8:11042124-11042542:-,8,11042124,11042542,-,KRH43369,1,no,FLEP-seq;Iso-seq;ONT;ONT cDNA-seq,1309,3741,1309,5050,0.259207920792079,1,Glycine_max,high_confidence_IR
GLYMA_08G147700,GLYMA_08G147700.intron2,GLYMA_08G147700|8:11264600-11264827:+,8,11264600,11264827,+,KRH43403,1,no,FLEP-seq;Iso-seq;ONT;ONT cDNA-seq,75,219,55,294,0.255102040816327,0.733333333333333,Glycine_max,high_confidence_IR
GLYMA_08G148000,GLYMA_08G148000.intron3,GLYMA_08G148000|8:11288318-11288659:+,8,11288318,11288659,+,KRH43406,1,yes,FLEP-seq;Iso-seq;ONT;ONT cDNA-seq,131,124,105,255,0.513725490196078,0.801526717557252,Glycine_max,high_confidence_IR
GLYMA_08G153100,GLYMA_08G153100.intron4,GLYMA_08G153100|8:11793636-11794189:-,8,11793636,11794189,-,KRH43489,1,yes,FLEP-seq;Iso-seq;ONT;ONT cDNA-seq,525,18,418,543,0.966850828729282,0.796190476190476,Glycine_max,high_confidence_IR
GLYMA_08G156500,GLYMA_08G156500.intron4,GLYMA_08G156500|8:12103177-12103482:+,8,12103177,12103482,+,KRH43550,1,yes,FLEP-seq;Iso-seq;ONT;ONT cDNA-seq,981,103,835,1084,0.904981549815498,0.851172273190622,Glycine_max,high_confidence_IR
GLYMA_08G158800,GLYMA_08G158800.intron1,GLYMA_08G158800|8:12315374-12316625:+,8,12315374,12316625,+,KRH43579,1,no,FLEP-seq;Iso-seq;ONT;ONT cDNA-seq,26,41,22,67,0.388059701492537,0.846153846153846,Glycine_max,high_confidence_IR
GLYMA_08G159800,GLYMA_08G159800.intron1,GLYMA_08G159800|8:12387172-12388622:+,8,12387172,12388622,+,KRH43601,1,yes,FLEP-seq;Iso-seq;ONT;ONT cDNA-seq,18,35,16,53,0.339622641509434,0.888888888888889,Glycine_max,high_confidence_IR
GLYMA_08G160500,GLYMA_08G160500.intron4,GLYMA_08G160500|8:12426843-12427140:-,8,12426843,12427140,-,KRH43614,1,no,FLEP-seq;Iso-seq;ONT;ONT cDNA-seq,1161,77,851,1238,0.937802907915994,0.732988802756245,Glycine_max,high_confidence_IR
GLYMA_08G166200,GLYMA_08G166200.intron1,GLYMA_08G166200|8:13128452-13128531:+,8,13128452,13128531,+,KRH43712,1,yes,FLEP-seq;Iso-seq;ONT;ONT cDNA-seq,117,8,117,125,0.936,1,Glycine_max,high_confidence_IR
GLYMA_08G167800,GLYMA_08G167800.intron2,GLYMA_08G167800|8:13225682-13229392:-,8,13225682,13229392,-,KRH43733,1,yes,FLEP-seq;Iso-seq;ONT;ONT cDNA-seq,197,32,191,229,0.860262008733624,0.969543147208122,Glycine_max,high_confidence_IR
GLYMA_08G168800,GLYMA_08G168800.intron5,GLYMA_08G168800|8:13408307-13408546:+,8,13408307,13408546,+,KRH43745,1,no,FLEP-seq;Iso-seq;ONT;ONT cDNA-seq,170,288,127,458,0.37117903930131,0.747058823529412,Glycine_max,high_confidence_IR
GLYMA_08G172100,GLYMA_08G172100.intron2,GLYMA_08G172100|8:13705375-13706155:+,8,13705375,13706155,+,KRH43790;KRH43791,2,yes,FLEP-seq;Iso-seq;ONT;ONT cDNA-seq,218,714,168,932,0.233905579399142,0.770642201834862,Glycine_max,high_confidence_IR
GLYMA_08G172400,GLYMA_08G172400.intron1,GLYMA_08G172400|8:13725060-13725159:-,8,13725060,13725159,-,KRH43795,1,yes,FLEP-seq;Iso-seq;ONT;ONT cDNA-seq,284,22,284,306,0.928104575163399,1,Glycine_max,high_confidence_IR
GLYMA_08G172900,GLYMA_08G172900.intron2,GLYMA_08G172900|8:13748799-13749022:-,8,13748799,13749022,-,KRH43802,1,yes,FLEP-seq;Iso-seq;ONT;ONT cDNA-seq,3011,29,2860,3040,0.99046052631579,0.949850547990701,Glycine_max,high_confidence_IR
GLYMA_08G179400,GLYMA_08G179400.intron4,GLYMA_08G179400|8:14389325-14389791:+,8,14389325,14389791,+,KRH43909,1,yes,FLEP-seq;Iso-seq;ONT;ONT cDNA-seq,1646,7,1451,1653,0.995765275257108,0.881530984204131,Glycine_max,high_confidence_IR
GLYMA_08G179800,GLYMA_08G179800.intron1,GLYMA_08G179800|8:14412518-14412589:+,8,14412518,14412589,+,KRH43913,1,no,FLEP-seq;Iso-seq;ONT;ONT cDNA-seq,21,6,21,27,0.777777777777778,1,Glycine_max,high_confidence_IR
GLYMA_08G182700,GLYMA_08G182700.intron1,GLYMA_08G182700|8:14653011-14653731:+,8,14653011,14653731,+,KRH43958;KRH43959,2,no,FLEP-seq;Iso-seq;ONT;ONT cDNA-seq,93,370,77,463,0.200863930885529,0.827956989247312,Glycine_max,high_confidence_IR
GLYMA_08G184600,GLYMA_08G184600.intron3,GLYMA_08G184600|8:14807210-14808109:+,8,14807210,14808109,+,KRH44000;KRH44001,2,yes,FLEP-seq;Iso-seq;ONT;ONT cDNA-seq,334,5,267,339,0.985250737463127,0.79940119760479,Glycine_max,high_confidence_IR
GLYMA_08G184800,GLYMA_08G184800.intron1,GLYMA_08G184800|8:14820069-14820317:+,8,14820069,14820317,+,KRH44003,1,no,FLEP-seq;Iso-seq;ONT;ONT cDNA-seq,7,9,7,16,0.4375,1,Glycine_max,high_confidence_IR
GLYMA_08G187800,GLYMA_08G187800.intron2,GLYMA_08G187800|8:15063602-15064520:-,8,15063602,15064520,-,KRH44064,1,yes,FLEP-seq;Iso-seq;ONT;ONT cDNA-seq,1010,81,798,1091,0.925756186984418,0.79009900990099,Glycine_max,high_confidence_IR
GLYMA_08G188700,GLYMA_08G188700.intron4,GLYMA_08G188700|8:15131518-15131806:+,8,15131518,15131806,+,KRH44083,1,yes,FLEP-seq;Iso-seq;ONT;ONT cDNA-seq,979,199,882,1178,0.83106960950764,0.900919305413687,Glycine_max,high_confidence_IR
GLYMA_08G189900,GLYMA_08G189900.intron4,GLYMA_08G189900|8:15263259-15264666:+,8,15263259,15264666,+,KRH44099,1,yes,FLEP-seq;Iso-seq;ONT;ONT cDNA-seq,1417,57,1300,1474,0.961329715061058,0.917431192660551,Glycine_max,high_confidence_IR
GLYMA_08G193900,GLYMA_08G193900.intron4,GLYMA_08G193900|8:15622909-15623377:+,8,15622909,15623377,+,KRH44159;KRH44160,2,no,FLEP-seq;Iso-seq;ONT;ONT cDNA-seq,360,752,264,1112,0.323741007194245,0.733333333333333,Glycine_max,high_confidence_IR
GLYMA_08G198000,GLYMA_08G198000.intron1,GLYMA_08G198000|8:15982586-15983263:+,8,15982586,15983263,+,KRH44231,1,no,FLEP-seq;Iso-seq;ONT;ONT cDNA-seq,13,44,13,57,0.228070175438596,1,Glycine_max,high_confidence_IR
GLYMA_08G199200,GLYMA_08G199200.intron4,GLYMA_08G199200|8:16087592-16088881:+,8,16087592,16088881,+,KRH44248,1,yes,FLEP-seq;Iso-seq;ONT;ONT cDNA-seq,1525,249,1359,1774,0.859639233370913,0.891147540983607,Glycine_max,high_confidence_IR
GLYMA_08G203700,GLYMA_08G203700.intron3,GLYMA_08G203700|8:16522007-16522722:+,8,16522007,16522722,+,KRH44325,1,yes,FLEP-seq;Iso-seq;ONT;ONT cDNA-seq,35,90,28,125,0.28,0.8,Glycine_max,high_confidence_IR
GLYMA_08G204400,GLYMA_08G204400.intron3,GLYMA_08G204400|8:16567915-16568042:-,8,16567915,16568042,-,KRH44341,1,yes,FLEP-seq;Iso-seq;ONT;ONT cDNA-seq,1160,39,1105,1199,0.967472894078399,0.952586206896552,Glycine_max,high_confidence_IR
GLYMA_08G209900,GLYMA_08G209900.intron4,GLYMA_08G209900|8:16996144-16997306:-,8,16996144,16997306,-,KRH44418,1,yes,FLEP-seq;Iso-seq;ONT;ONT cDNA-seq,2619,61,2439,2680,0.977238805970149,0.93127147766323,Glycine_max,high_confidence_IR
GLYMA_08G212200,GLYMA_08G212200.intron1,GLYMA_08G212200|8:17126475-17127701:+,8,17126475,17127701,+,KRH44459;KRH44460,2,yes,FLEP-seq;Iso-seq;ONT;ONT cDNA-seq,87,174,82,261,0.333333333333333,0.942528735632184,Glycine_max,high_confidence_IR
GLYMA_08G212300,GLYMA_08G212300.intron1,GLYMA_08G212300|8:17130742-17131043:+,8,17130742,17131043,+,KRH44461,1,no,FLEP-seq;Iso-seq;ONT;ONT cDNA-seq,60,117,50,177,0.338983050847458,0.833333333333333,Glycine_max,high_confidence_IR
GLYMA_08G214800,GLYMA_08G214800.intron1,GLYMA_08G214800|8:17393906-17394516:+,8,17393906,17394516,+,KRH44503,1,no,FLEP-seq;Iso-seq;ONT;ONT cDNA-seq,65,214,65,279,0.232974910394265,1,Glycine_max,high_confidence_IR
GLYMA_08G220000,GLYMA_08G220000.intron1,GLYMA_08G220000|8:17876696-17876830:-,8,17876696,17876830,-,KRH44579,1,no,FLEP-seq;Iso-seq;ONT;ONT cDNA-seq,10576,14,9832,10590,0.998677998111426,0.92965204236006,Glycine_max,high_confidence_IR
GLYMA_08G220600,GLYMA_08G220600.intron1,GLYMA_08G220600|8:17929360-17929698:+,8,17929360,17929698,+,KRH44589,1,no,FLEP-seq;Iso-seq;ONT;ONT cDNA-seq,39,102,39,141,0.276595744680851,1,Glycine_max,high_confidence_IR
GLYMA_08G221000,GLYMA_08G221000.intron1,GLYMA_08G221000|8:17960197-17960346:+,8,17960197,17960346,+,RCW19281;RCW19282;RCW19283;RCW19284,4,yes,FLEP-seq;Iso-seq;ONT;ONT cDNA-seq,621,51,517,672,0.924107142857143,0.832528180354267,Glycine_max,high_confidence_IR
GLYMA_08G222400,GLYMA_08G222400.intron3,GLYMA_08G222400|8:18071175-18072769:+,8,18071175,18072769,+,KRH44634,1,yes,FLEP-seq;Iso-seq;ONT;ONT cDNA-seq,4766,22,3697,4788,0.995405179615706,0.775702895509861,Glycine_max,high_confidence_IR
GLYMA_08G222900,GLYMA_08G222900.intron1,GLYMA_08G222900|8:18090349-18091026:+,8,18090349,18091026,+,KRH44639,1,no,FLEP-seq;Iso-seq;ONT;ONT cDNA-seq,37661,54,37661,37715,0.998568208935437,1,Glycine_max,high_confidence_IR
GLYMA_08G224700,GLYMA_08G224700.intron1,GLYMA_08G224700|8:18212521-18212585:+,8,18212521,18212585,+,KRH44670,1,no,FLEP-seq;Iso-seq;ONT;ONT cDNA-seq,22,54,16,76,0.289473684210526,0.727272727272727,Glycine_max,high_confidence_IR
GLYMA_08G229700,GLYMA_08G229700.intron1,GLYMA_08G229700|8:18795451-18795715:+,8,18795451,18795715,+,KRH44763,1,yes,FLEP-seq;Iso-seq;ONT;ONT cDNA-seq,951,43,951,994,0.956740442655936,1,Glycine_max,high_confidence_IR
GLYMA_08G229800,GLYMA_08G229800.intron3,GLYMA_08G229800|8:18804055-18804137:+,8,18804055,18804137,+,KRH44764;KRH44766;KRH44767,3,yes,FLEP-seq;Iso-seq;ONT;ONT cDNA-seq,138,442,106,580,0.237931034482759,0.768115942028985,Glycine_max,high_confidence_IR
GLYMA_08G230700,GLYMA_08G230700.intron1,GLYMA_08G230700|8:18897558-18897817:+,8,18897558,18897817,+,KRH44777,1,no,FLEP-seq;Iso-seq;ONT;ONT cDNA-seq,145,159,145,304,0.476973684210526,1,Glycine_max,high_confidence_IR
GLYMA_08G230900,GLYMA_08G230900.intron1,GLYMA_08G230900|8:18926177-18926314:+,8,18926177,18926314,+,KRH44783,1,no,FLEP-seq;Iso-seq;ONT;ONT cDNA-seq,238,5,223,243,0.979423868312757,0.936974789915966,Glycine_max,high_confidence_IR
GLYMA_08G233000,GLYMA_08G233000.intron2,GLYMA_08G233000|8:19325791-19325949:+,8,19325791,19325949,+,KRH44816,1,no,FLEP-seq;Iso-seq;ONT;ONT cDNA-seq,8,8,8,16,0.5,1,Glycine_max,high_confidence_IR
GLYMA_08G237000,GLYMA_08G237000.intron1,GLYMA_08G237000|8:20106759-20107871:+,8,20106759,20107871,+,KRH44879,1,no,FLEP-seq;Iso-seq;ONT;ONT cDNA-seq,307,154,244,461,0.665943600867679,0.794788273615635,Glycine_max,high_confidence_IR
GLYMA_08G238000,GLYMA_08G238000.intron5,GLYMA_08G238000|8:20283344-20285164:-,8,20283344,20285164,-,RCW19286,1,yes,FLEP-seq;Iso-seq;ONT;ONT cDNA-seq,1699,34,1574,1733,0.980380842469706,0.92642731018246,Glycine_max,high_confidence_IR
GLYMA_08G239500,GLYMA_08G239500.intron1,GLYMA_08G239500|8:20447260-20447333:-,8,20447260,20447333,-,KRH44925,1,no,FLEP-seq;Iso-seq;ONT;ONT cDNA-seq,445,1645,383,2090,0.212918660287081,0.860674157303371,Glycine_max,high_confidence_IR
GLYMA_08G241200,GLYMA_08G241200.intron1,GLYMA_08G241200|8:20586127-20586468:+,8,20586127,20586468,+,KRH44955,1,no,FLEP-seq;Iso-seq;ONT;ONT cDNA-seq,314,884,314,1198,0.262103505843072,1,Glycine_max,high_confidence_IR
GLYMA_08G242100,GLYMA_08G242100.intron2,GLYMA_08G242100|8:20697881-20698711:-,8,20697881,20698711,-,KRH44978,1,yes,FLEP-seq;Iso-seq;ONT;ONT cDNA-seq,55,5,42,60,0.916666666666667,0.763636363636364,Glycine_max,high_confidence_IR
GLYMA_08G247500,GLYMA_08G247500.intron3,GLYMA_08G247500|8:21446523-21446626:-,8,21446523,21446626,-,KRH45060;KRH45061,2,no,FLEP-seq;Iso-seq;ONT;ONT cDNA-seq,72,53,51,125,0.576,0.708333333333333,Glycine_max,high_confidence_IR
GLYMA_08G249600,GLYMA_08G249600.intron6,GLYMA_08G249600|8:21768222-21768874:-,8,21768222,21768874,-,KRH45082,1,yes,FLEP-seq;Iso-seq;ONT;ONT cDNA-seq,2119,227,1734,2346,0.903239556692242,0.818310523831996,Glycine_max,high_confidence_IR
GLYMA_08G250600,GLYMA_08G250600.intron2,GLYMA_08G250600|8:21933539-21933629:+,8,21933539,21933629,+,KRH45095,1,yes,FLEP-seq;Iso-seq;ONT;ONT cDNA-seq,11,21,10,32,0.34375,0.909090909090909,Glycine_max,high_confidence_IR
GLYMA_08G250800,GLYMA_08G250800.intron6,GLYMA_08G250800|8:21985764-21986433:+,8,21985764,21986433,+,KRH45100,1,yes,FLEP-seq;Iso-seq;ONT;ONT cDNA-seq,170,55,152,225,0.755555555555556,0.894117647058824,Glycine_max,high_confidence_IR
GLYMA_08G253200,GLYMA_08G253200.intron2,GLYMA_08G253200|8:22272657-22272757:-,8,22272657,22272757,-,KRH45136;KRH45138,2,yes,FLEP-seq;Iso-seq;ONT;ONT cDNA-seq,70,96,56,166,0.421686746987952,0.8,Glycine_max,high_confidence_IR
GLYMA_08G256100,GLYMA_08G256100.intron4,GLYMA_08G256100|8:22784029-22784126:-,8,22784029,22784126,-,KRH45180,1,yes,FLEP-seq;Iso-seq;ONT;ONT cDNA-seq,609,21,494,630,0.966666666666667,0.811165845648604,Glycine_max,high_confidence_IR
GLYMA_08G259100,GLYMA_08G259100.intron3,GLYMA_08G259100|8:23387075-23388301:-,8,23387075,23388301,-,KRH45221,1,no,FLEP-seq;Iso-seq;ONT;ONT cDNA-seq,803,104,742,907,0.885336273428886,0.924034869240349,Glycine_max,high_confidence_IR
GLYMA_08G262200,GLYMA_08G262200.intron1,GLYMA_08G262200|8:27182029-27182118:-,8,27182029,27182118,-,KRH45272,1,no,FLEP-seq;Iso-seq;ONT;ONT cDNA-seq,49,94,49,143,0.342657342657343,1,Glycine_max,high_confidence_IR
GLYMA_08G263500,GLYMA_08G263500.intron1,GLYMA_08G263500|8:28539598-28540082:+,8,28539598,28540082,+,KRH45295,1,no,FLEP-seq;Iso-seq;ONT;ONT cDNA-seq,140,36,101,176,0.795454545454545,0.721428571428571,Glycine_max,high_confidence_IR
GLYMA_08G268000,GLYMA_08G268000.intron2,GLYMA_08G268000|8:34242474-34243656:+,8,34242474,34243656,+,KRH45384,1,yes,FLEP-seq;Iso-seq;ONT;ONT cDNA-seq,7,19,6,26,0.269230769230769,0.857142857142857,Glycine_max,high_confidence_IR
GLYMA_08G281400,GLYMA_08G281400.intron1,GLYMA_08G281400|8:38533236-38533335:-,8,38533236,38533335,-,KRH45576,1,no,FLEP-seq;Iso-seq;ONT;ONT cDNA-seq,328,912,301,1240,0.264516129032258,0.917682926829268,Glycine_max,high_confidence_IR
GLYMA_08G285000,GLYMA_08G285000.intron3,GLYMA_08G285000|8:39405415-39406223:-,8,39405415,39406223,-,KRH45642,1,yes,FLEP-seq;Iso-seq;ONT;ONT cDNA-seq,208,74,173,282,0.737588652482269,0.831730769230769,Glycine_max,high_confidence_IR
GLYMA_08G286000,GLYMA_08G286000.intron1,GLYMA_08G286000|8:39579094-39579306:-,8,39579094,39579306,-,KRH45657,1,no,FLEP-seq;Iso-seq;ONT;ONT cDNA-seq,37,8,34,45,0.822222222222222,0.918918918918919,Glycine_max,high_confidence_IR
GLYMA_08G292000,GLYMA_08G292000.intron4,GLYMA_08G292000|8:40601738-40601910:-,8,40601738,40601910,-,KRH45756,1,yes,FLEP-seq;Iso-seq;ONT;ONT cDNA-seq,995,45,855,1040,0.956730769230769,0.85929648241206,Glycine_max,high_confidence_IR
GLYMA_08G295800,GLYMA_08G295800.intron2,GLYMA_08G295800|8:41101494-41102121:-,8,41101494,41102121,-,KRH45836,1,no,FLEP-seq;Iso-seq;ONT;ONT cDNA-seq,53,73,49,126,0.420634920634921,0.924528301886792,Glycine_max,high_confidence_IR
GLYMA_08G298800,GLYMA_08G298800.intron1,GLYMA_08G298800|8:41682438-41682810:+,8,41682438,41682810,+,KRH45882,1,no,FLEP-seq;Iso-seq;ONT;ONT cDNA-seq,10,39,10,49,0.204081632653061,1,Glycine_max,high_confidence_IR
GLYMA_08G307400,GLYMA_08G307400.intron1,GLYMA_08G307400|8:42557207-42557336:-,8,42557207,42557336,-,KRH46015;KRH46016,2,no,FLEP-seq;Iso-seq;ONT;ONT cDNA-seq,7,23,7,30,0.233333333333333,1,Glycine_max,high_confidence_IR
GLYMA_08G309700,GLYMA_08G309700.intron1,GLYMA_08G309700|8:42898958-42899417:+,8,42898958,42899417,+,KRH46061,1,yes,FLEP-seq;Iso-seq;ONT;ONT cDNA-seq,391,1220,362,1611,0.242706393544382,0.925831202046036,Glycine_max,high_confidence_IR
GLYMA_08G314900,GLYMA_08G314900.intron2,GLYMA_08G314900|8:43488167-43488535:-,8,43488167,43488535,-,KRH46140;KRH46141,2,no,FLEP-seq;Iso-seq;ONT;ONT cDNA-seq,35,14,31,49,0.714285714285714,0.885714285714286,Glycine_max,high_confidence_IR
GLYMA_08G315200,GLYMA_08G315200.intron2,GLYMA_08G315200|8:43514390-43514549:-,8,43514390,43514549,-,KRH46152;KRH46153,2,yes,FLEP-seq;Iso-seq;ONT;ONT cDNA-seq,2062,861,2015,2923,0.705439616832022,0.977206595538312,Glycine_max,high_confidence_IR
GLYMA_08G316400,GLYMA_08G316400.intron1,GLYMA_08G316400|8:43628915-43629362:-,8,43628915,43629362,-,KRH46179,1,yes,FLEP-seq;Iso-seq;ONT;ONT cDNA-seq,41,91,31,132,0.310606060606061,0.75609756097561,Glycine_max,high_confidence_IR
GLYMA_08G318300,GLYMA_08G318300.intron5,GLYMA_08G318300|8:43767810-43768896:+,8,43767810,43768896,+,KRH46207,1,yes,FLEP-seq;Iso-seq;ONT;ONT cDNA-seq,525,10,425,535,0.981308411214953,0.80952380952381,Glycine_max,high_confidence_IR
GLYMA_08G320300,GLYMA_08G320300.intron1,GLYMA_08G320300|8:43927362-43928056:+,8,43927362,43928056,+,KRH46232,1,no,FLEP-seq;Iso-seq;ONT;ONT cDNA-seq,64,234,64,298,0.214765100671141,1,Glycine_max,high_confidence_IR
GLYMA_08G320800,GLYMA_08G320800.intron1,GLYMA_08G320800|8:43975212-43975719:+,8,43975212,43975719,+,KRH46238,1,no,FLEP-seq;Iso-seq;ONT;ONT cDNA-seq,33,5,33,38,0.868421052631579,1,Glycine_max,high_confidence_IR
GLYMA_08G324800,GLYMA_08G324800.intron2,GLYMA_08G324800|8:44293073-44293979:+,8,44293073,44293979,+,KRH46286,1,no,FLEP-seq;Iso-seq;ONT;ONT cDNA-seq,85,266,76,351,0.242165242165242,0.894117647058824,Glycine_max,high_confidence_IR
GLYMA_08G325100,GLYMA_08G325100.intron1,GLYMA_08G325100|8:44307807-44309441:+,8,44307807,44309441,+,KRH46290,1,no,FLEP-seq;Iso-seq;ONT;ONT cDNA-seq,453,509,337,962,0.470893970893971,0.7439293598234,Glycine_max,high_confidence_IR
GLYMA_08G325500,GLYMA_08G325500.intron3,GLYMA_08G325500|8:44349195-44350528:-,8,44349195,44350528,-,KRH46297,1,yes,FLEP-seq;Iso-seq;ONT;ONT cDNA-seq,318,823,281,1141,0.278702892199825,0.883647798742138,Glycine_max,high_confidence_IR
GLYMA_08G336500,GLYMA_08G336500.intron2,GLYMA_08G336500|8:45351949-45352048:-,8,45351949,45352048,-,KRH46482,1,no,FLEP-seq;Iso-seq;ONT;ONT cDNA-seq,43,6,32,49,0.877551020408163,0.744186046511628,Glycine_max,high_confidence_IR
GLYMA_08G342400,GLYMA_08G342400.intron1,GLYMA_08G342400|8:45792014-45792092:+,8,45792014,45792092,+,KRH46562,1,no,FLEP-seq;Iso-seq;ONT;ONT cDNA-seq,64,73,64,137,0.467153284671533,1,Glycine_max,high_confidence_IR
GLYMA_08G343700,GLYMA_08G343700.intron1,GLYMA_08G343700|8:45887855-45888079:+,8,45887855,45888079,+,KRH46579,1,no,FLEP-seq;Iso-seq;ONT;ONT cDNA-seq,8,18,8,26,0.307692307692308,1,Glycine_max,high_confidence_IR
GLYMA_08G344000,GLYMA_08G344000.intron5,GLYMA_08G344000|8:45910344-45911056:-,8,45910344,45911056,-,KRH46583,1,yes,FLEP-seq;Iso-seq;ONT;ONT cDNA-seq,475,9,404,484,0.981404958677686,0.850526315789474,Glycine_max,high_confidence_IR
GLYMA_08G345100,GLYMA_08G345100.intron1,GLYMA_08G345100|8:46006390-46006776:-,8,46006390,46006776,-,KRH46601,1,no,FLEP-seq;Iso-seq;ONT;ONT cDNA-seq,215,493,158,708,0.303672316384181,0.734883720930233,Glycine_max,high_confidence_IR
GLYMA_08G346400,GLYMA_08G346400.intron2,GLYMA_08G346400|8:46133445-46134095:-,8,46133445,46134095,-,KRH46616;KRH46617;KRH46618,3,no,FLEP-seq;Iso-seq;ONT;ONT cDNA-seq,8,10,8,18,0.444444444444444,1,Glycine_max,high_confidence_IR
GLYMA_08G349900,GLYMA_08G349900.intron4,GLYMA_08G349900|8:46400771-46402101:+,8,46400771,46402101,+,KRH46670,1,yes,FLEP-seq;Iso-seq;ONT;ONT cDNA-seq,794,8,610,802,0.99002493765586,0.768261964735516,Glycine_max,high_confidence_IR
GLYMA_08G351800,GLYMA_08G351800.intron3,GLYMA_08G351800|8:46502252-46503765:-,8,46502252,46503765,-,KRH46702,1,yes,FLEP-seq;Iso-seq;ONT;ONT cDNA-seq,1480,8,1433,1488,0.994623655913978,0.968243243243243,Glycine_max,high_confidence_IR
GLYMA_08G356300,GLYMA_08G356300.intron1,GLYMA_08G356300|8:46885940-46886044:-,8,46885940,46886044,-,KRH46787,1,no,FLEP-seq;Iso-seq;ONT;ONT cDNA-seq,1067,410,1067,1477,0.72241029113067,1,Glycine_max,high_confidence_IR
GLYMA_08G359800,GLYMA_08G359800.intron1,GLYMA_08G359800|8:47169292-47169470:+,8,47169292,47169470,+,KRH46841,1,no,FLEP-seq;Iso-seq;ONT;ONT cDNA-seq,299,135,299,434,0.688940092165899,1,Glycine_max,high_confidence_IR
GLYMA_08G360200,GLYMA_08G360200.intron1,GLYMA_08G360200|8:47211774-47211850:-,8,47211774,47211850,-,KRH46853,1,yes,FLEP-seq;Iso-seq;ONT;ONT cDNA-seq,440,1526,366,1966,0.223804679552391,0.831818181818182,Glycine_max,high_confidence_IR
GLYMA_08G360800,GLYMA_08G360800.intron1,GLYMA_08G360800|8:47259119-47259212:-,8,47259119,47259212,-,KRH46862,1,no,FLEP-seq;Iso-seq;ONT;ONT cDNA-seq,26,85,26,111,0.234234234234234,1,Glycine_max,high_confidence_IR
GLYMA_08G362100,GLYMA_08G362100.intron1,GLYMA_08G362100|8:47365339-47365559:+,8,47365339,47365559,+,KRH46880,1,yes,FLEP-seq;Iso-seq;ONT;ONT cDNA-seq,1024,47,814,1071,0.956115779645191,0.794921875,Glycine_max,high_confidence_IR
GLYMA_08G366600,GLYMA_08G366600.intron3,GLYMA_08G366600|8:47736913-47737221:+,8,47736913,47737221,+,KRH46941,1,yes,FLEP-seq;Iso-seq;ONT;ONT cDNA-seq,598,64,420,662,0.903323262839879,0.702341137123746,Glycine_max,high_confidence_IR
GLYMA_09G000100,GLYMA_09G000100.intron1,GLYMA_09G000100|9:2631-2757:-,9,2631,2757,-,KRH36378,1,no,FLEP-seq;Iso-seq;ONT;ONT cDNA-seq,26,46,26,72,0.361111111111111,1,Glycine_max,high_confidence_IR
GLYMA_09G001100,GLYMA_09G001100.intron1,GLYMA_09G001100|9:88592-89303:-,9,88592,89303,-,KRH36397,1,no,FLEP-seq;Iso-seq;ONT;ONT cDNA-seq,257,421,257,678,0.37905604719764,1,Glycine_max,high_confidence_IR
GLYMA_09G001300,GLYMA_09G001300.intron1,GLYMA_09G001300|9:96277-96383:-,9,96277,96383,-,KRH36399,1,no,FLEP-seq;Iso-seq;ONT;ONT cDNA-seq,101,171,85,272,0.371323529411765,0.841584158415842,Glycine_max,high_confidence_IR
GLYMA_09G001400,GLYMA_09G001400.intron4,GLYMA_09G001400|9:112547-112821:+,9,112547,112821,+,KRH36400;KRH36401,2,no,FLEP-seq;Iso-seq;ONT;ONT cDNA-seq,229,467,171,696,0.329022988505747,0.746724890829694,Glycine_max,high_confidence_IR
GLYMA_09G002600,GLYMA_09G002600.intron4,GLYMA_09G002600|9:223816-224306:+,9,223816,224306,+,KRH36437;KRH36438;KRH36439;KRH36440;KRH36441;KRH36442;KRH36443;KRH36444,8,yes,FLEP-seq;Iso-seq;ONT;ONT cDNA-seq,668,308,494,976,0.684426229508197,0.739520958083832,Glycine_max,high_confidence_IR
GLYMA_09G006300,GLYMA_09G006300.intron4,GLYMA_09G006300|9:474811-474913:+,9,474811,474913,+,KRH36491,1,no,FLEP-seq;Iso-seq;ONT;ONT cDNA-seq,110,326,99,436,0.252293577981651,0.9,Glycine_max,high_confidence_IR
GLYMA_09G010000,GLYMA_09G010000.intron13,GLYMA_09G010000|9:786657-787255:+,9,786657,787255,+,KRH36538,1,yes,FLEP-seq;Iso-seq;ONT;ONT cDNA-seq,7389,24,6442,7413,0.996762444354512,0.871836513736636,Glycine_max,high_confidence_IR
GLYMA_09G010100,GLYMA_09G010100.intron1,GLYMA_09G010100|9:788575-789410:+,9,788575,789410,+,KRH36541,1,no,FLEP-seq;Iso-seq;ONT;ONT cDNA-seq,7,9,7,16,0.4375,1,Glycine_max,high_confidence_IR
GLYMA_09G014000,GLYMA_09G014000.intron1,GLYMA_09G014000|9:1049020-1049991:+,9,1049020,1049991,+,KRH36600,1,yes,FLEP-seq;Iso-seq;ONT;ONT cDNA-seq,6,8,5,14,0.428571428571429,0.833333333333333,Glycine_max,high_confidence_IR
GLYMA_09G017700,GLYMA_09G017700.intron9,GLYMA_09G017700|9:1396446-1396523:+,9,1396446,1396523,+,KRH36680,1,yes,FLEP-seq;Iso-seq;ONT;ONT cDNA-seq,1349,191,971,1540,0.875974025974026,0.719792438843588,Glycine_max,high_confidence_IR
GLYMA_09G017900,GLYMA_09G017900.intron2,GLYMA_09G017900|9:1408584-1408961:-,9,1408584,1408961,-,KRH36687,1,yes,FLEP-seq;Iso-seq;ONT;ONT cDNA-seq,40,57,39,97,0.412371134020619,0.975,Glycine_max,high_confidence_IR
GLYMA_09G019800,GLYMA_09G019800.intron1,GLYMA_09G019800|9:1541091-1542235:+,9,1541091,1542235,+,KRH36721,1,yes,FLEP-seq;Iso-seq;ONT;ONT cDNA-seq,6163,77,5801,6240,0.987660256410256,0.941262372221321,Glycine_max,high_confidence_IR
GLYMA_09G025500,GLYMA_09G025500.intron1,GLYMA_09G025500|9:2079217-2079551:+,9,2079217,2079551,+,KRH36819,1,yes,FLEP-seq;Iso-seq;ONT;ONT cDNA-seq,47,21,39,68,0.691176470588235,0.829787234042553,Glycine_max,high_confidence_IR
GLYMA_09G027700,GLYMA_09G027700.intron1,GLYMA_09G027700|9:2258818-2258884:+,9,2258818,2258884,+,KRH36847,1,no,FLEP-seq;Iso-seq;ONT;ONT cDNA-seq,21,49,15,70,0.3,0.714285714285714,Glycine_max,high_confidence_IR
GLYMA_09G031100,GLYMA_09G031100.intron3,GLYMA_09G031100|9:2559645-2560179:+,9,2559645,2560179,+,KRH36905;KRH36906,2,no,FLEP-seq;Iso-seq;ONT;ONT cDNA-seq,97,172,68,269,0.360594795539033,0.701030927835051,Glycine_max,high_confidence_IR
GLYMA_09G031500,GLYMA_09G031500.intron4,GLYMA_09G031500|9:2588449-2589170:-,9,2588449,2589170,-,KRH36912,1,yes,FLEP-seq;Iso-seq;ONT;ONT cDNA-seq,174,35,139,209,0.832535885167464,0.798850574712644,Glycine_max,high_confidence_IR
GLYMA_09G032300,GLYMA_09G032300.intron2,GLYMA_09G032300|9:2728530-2729164:-,9,2728530,2729164,-,KRH36931,1,yes,FLEP-seq;Iso-seq;ONT;ONT cDNA-seq,449,67,430,516,0.87015503875969,0.957683741648107,Glycine_max,high_confidence_IR
GLYMA_09G033600,GLYMA_09G033600.intron1,GLYMA_09G033600|9:2815112-2815218:+,9,2815112,2815218,+,KRH36946,1,no,FLEP-seq;Iso-seq;ONT;ONT cDNA-seq,6,11,6,17,0.352941176470588,1,Glycine_max,high_confidence_IR
GLYMA_09G034900,GLYMA_09G034900.intron1,GLYMA_09G034900|9:2928209-2928530:-,9,2928209,2928530,-,KRH36963,1,no,FLEP-seq;Iso-seq;ONT;ONT cDNA-seq,496,68,496,564,0.879432624113475,1,Glycine_max,high_confidence_IR
GLYMA_09G040000,GLYMA_09G040000.intron5,GLYMA_09G040000|9:3336712-3336822:-,9,3336712,3336822,-,KRH37034,1,yes,FLEP-seq;Iso-seq;ONT;ONT cDNA-seq,442,47,370,489,0.903885480572597,0.83710407239819,Glycine_max,high_confidence_IR
GLYMA_09G043600,GLYMA_09G043600.intron1,GLYMA_09G043600|9:3719208-3719322:+,9,3719208,3719322,+,KRH37086,1,no,FLEP-seq;Iso-seq;ONT;ONT cDNA-seq,62,55,62,117,0.52991452991453,1,Glycine_max,high_confidence_IR
GLYMA_09G053400,GLYMA_09G053400.intron2,GLYMA_09G053400|9:4705566-4706178:-,9,4705566,4706178,-,KRH37232,1,no,FLEP-seq;Iso-seq;ONT;ONT cDNA-seq,10,5,8,15,0.666666666666667,0.8,Glycine_max,high_confidence_IR
GLYMA_09G053700,GLYMA_09G053700.intron1,GLYMA_09G053700|9:4723899-4725950:-,9,4723899,4725950,-,KRH37235;KRH37236;KRH37237,3,no,FLEP-seq;Iso-seq;ONT;ONT cDNA-seq,117,431,107,548,0.213503649635036,0.914529914529915,Glycine_max,high_confidence_IR
GLYMA_09G054300,GLYMA_09G054300.intron3,GLYMA_09G054300|9:4800723-4801927:-,9,4800723,4801927,-,KRH37248,1,yes,FLEP-seq;Iso-seq;ONT;ONT cDNA-seq,542,5,507,547,0.990859232175503,0.935424354243542,Glycine_max,high_confidence_IR
GLYMA_09G055700,GLYMA_09G055700.intron1,GLYMA_09G055700|9:4967860-4968106:+,9,4967860,4968106,+,KRH37274,1,no,FLEP-seq;Iso-seq;ONT;ONT cDNA-seq,110,59,110,169,0.650887573964497,1,Glycine_max,high_confidence_IR
GLYMA_09G058000,GLYMA_09G058000.intron1,GLYMA_09G058000|9:5276987-5277303:-,9,5276987,5277303,-,KRH37304;KRH37305;KRH37306;KRH37307,4,no,FLEP-seq;Iso-seq;ONT;ONT cDNA-seq,31,122,26,153,0.202614379084967,0.838709677419355,Glycine_max,high_confidence_IR
GLYMA_09G060800,GLYMA_09G060800.intron1,GLYMA_09G060800|9:5708904-5709249:-,9,5708904,5709249,-,KRH37349,1,no,FLEP-seq;Iso-seq;ONT;ONT cDNA-seq,85,7,85,92,0.923913043478261,1,Glycine_max,high_confidence_IR
GLYMA_09G068200,GLYMA_09G068200.intron1,GLYMA_09G068200|9:6893487-6893685:+,9,6893487,6893685,+,KRH37465,1,no,FLEP-seq;Iso-seq;ONT;ONT cDNA-seq,39,57,39,96,0.40625,1,Glycine_max,high_confidence_IR
GLYMA_09G068400,GLYMA_09G068400.intron1,GLYMA_09G068400|9:6918793-6921037:+,9,6918793,6921037,+,KRH37467,1,yes,FLEP-seq;Iso-seq;ONT;ONT cDNA-seq,540,12,499,552,0.978260869565217,0.924074074074074,Glycine_max,high_confidence_IR
GLYMA_09G070500,GLYMA_09G070500.intron4,GLYMA_09G070500|9:7193595-7196642:+,9,7193595,7196642,+,KRH37505,1,yes,FLEP-seq;Iso-seq;ONT;ONT cDNA-seq,1429,38,1247,1467,0.974096796182686,0.872638208537439,Glycine_max,high_confidence_IR
GLYMA_09G072300,GLYMA_09G072300.intron1,GLYMA_09G072300|9:7513230-7513391:+,9,7513230,7513391,+,KRH37537,1,no,FLEP-seq;Iso-seq;ONT;ONT cDNA-seq,40,70,40,110,0.363636363636364,1,Glycine_max,high_confidence_IR
GLYMA_09G073300,GLYMA_09G073300.intron1,GLYMA_09G073300|9:7724863-7725939:+,9,7724863,7725939,+,KRH37551,1,no,FLEP-seq;Iso-seq;ONT;ONT cDNA-seq,7,16,7,23,0.304347826086957,1,Glycine_max,high_confidence_IR
GLYMA_09G075300,GLYMA_09G075300.intron1,GLYMA_09G075300|9:8169492-8169594:-,9,8169492,8169594,-,KRH37580;KRH37581,2,no,FLEP-seq;Iso-seq;ONT;ONT cDNA-seq,26,27,26,53,0.490566037735849,1,Glycine_max,high_confidence_IR
GLYMA_09G075800,GLYMA_09G075800.intron1,GLYMA_09G075800|9:8264227-8264438:-,9,8264227,8264438,-,KRH37589,1,no,FLEP-seq;Iso-seq;ONT;ONT cDNA-seq,9,9,9,18,0.5,1,Glycine_max,high_confidence_IR
GLYMA_09G077100,GLYMA_09G077100.intron2,GLYMA_09G077100|9:8462587-8462893:-,9,8462587,8462893,-,KRH37602,1,no,FLEP-seq;Iso-seq;ONT;ONT cDNA-seq,33,74,28,107,0.308411214953271,0.848484848484849,Glycine_max,high_confidence_IR
GLYMA_09G079400,GLYMA_09G079400.intron7,GLYMA_09G079400|9:8957819-8958580:-,9,8957819,8958580,-,KRH37638;KRH37640,2,yes,FLEP-seq;Iso-seq;ONT;ONT cDNA-seq,549,70,437,619,0.886914378029079,0.795992714025501,Glycine_max,high_confidence_IR
GLYMA_09G082100,GLYMA_09G082100.intron1,GLYMA_09G082100|9:9653075-9654522:+,9,9653075,9654522,+,KRH37687,1,no,FLEP-seq;Iso-seq;ONT;ONT cDNA-seq,34,54,34,88,0.386363636363636,1,Glycine_max,high_confidence_IR
GLYMA_09G091000,GLYMA_09G091000.intron1,GLYMA_09G091000|9:12223879-12225566:+,9,12223879,12225566,+,KRH37810,1,no,FLEP-seq;Iso-seq;ONT;ONT cDNA-seq,60,16,60,76,0.789473684210526,1,Glycine_max,high_confidence_IR
GLYMA_09G093300,GLYMA_09G093300.intron2,GLYMA_09G093300|9:12861091-12862653:+,9,12861091,12862653,+,KRH37841,1,no,FLEP-seq;Iso-seq;ONT;ONT cDNA-seq,8,11,7,19,0.421052631578947,0.875,Glycine_max,high_confidence_IR
GLYMA_09G096300,GLYMA_09G096300.intron1,GLYMA_09G096300|9:14678426-14678537:+,9,14678426,14678537,+,KRH37883,1,no,FLEP-seq;Iso-seq;ONT;ONT cDNA-seq,351,681,273,1032,0.340116279069767,0.777777777777778,Glycine_max,high_confidence_IR
GLYMA_09G097400,GLYMA_09G097400.intron1,GLYMA_09G097400|9:15546424-15547671:+,9,15546424,15547671,+,KRH37898;KRH37899;KRH37900;KRH37901,4,no,FLEP-seq;Iso-seq;ONT;ONT cDNA-seq,50,49,50,99,0.505050505050505,1,Glycine_max,high_confidence_IR
GLYMA_09G103800,GLYMA_09G103800.intron1,GLYMA_09G103800|9:19256676-19257128:+,9,19256676,19257128,+,KRH38007,1,no,FLEP-seq;Iso-seq;ONT;ONT cDNA-seq,25,9,25,34,0.735294117647059,1,Glycine_max,high_confidence_IR
GLYMA_09G107600,GLYMA_09G107600.intron1,GLYMA_09G107600|9:20357524-20358623:+,9,20357524,20358623,+,KRH38056,1,no,FLEP-seq;Iso-seq;ONT;ONT cDNA-seq,69,109,69,178,0.387640449438202,1,Glycine_max,high_confidence_IR
GLYMA_09G108100,GLYMA_09G108100.intron1,GLYMA_09G108100|9:20513615-20514101:+,9,20513615,20514101,+,KRH38061,1,no,FLEP-seq;Iso-seq;ONT;ONT cDNA-seq,6,8,6,14,0.428571428571429,1,Glycine_max,high_confidence_IR
GLYMA_09G111700,GLYMA_09G111700.intron5,GLYMA_09G111700|9:22109440-22111558:+,9,22109440,22111558,+,KRH38108,1,yes,FLEP-seq;Iso-seq;ONT;ONT cDNA-seq,1128,283,816,1411,0.799433026222537,0.723404255319149,Glycine_max,high_confidence_IR
GLYMA_09G114700,GLYMA_09G114700.intron10,GLYMA_09G114700|9:24740531-24744287:+,9,24740531,24744287,+,KRH38152,1,no,FLEP-seq;Iso-seq;ONT;ONT cDNA-seq,20,33,18,53,0.377358490566038,0.9,Glycine_max,high_confidence_IR
GLYMA_09G116400,GLYMA_09G116400.intron1,GLYMA_09G116400|9:27001177-27001340:+,9,27001177,27001340,+,KRH38181,1,no,FLEP-seq;Iso-seq;ONT;ONT cDNA-seq,124,461,124,585,0.211965811965812,1,Glycine_max,high_confidence_IR
GLYMA_09G117100,GLYMA_09G117100.intron3,GLYMA_09G117100|9:27239911-27240217:+,9,27239911,27240217,+,KRH38189,1,yes,FLEP-seq;Iso-seq;ONT;ONT cDNA-seq,752,2925,697,3677,0.204514549904814,0.92686170212766,Glycine_max,high_confidence_IR
GLYMA_09G123700,GLYMA_09G123700.intron1,GLYMA_09G123700|9:29997501-29997644:+,9,29997501,29997644,+,KRH38275,1,no,FLEP-seq;Iso-seq;ONT;ONT cDNA-seq,9,6,9,15,0.6,1,Glycine_max,high_confidence_IR
GLYMA_09G123800,GLYMA_09G123800.intron3,GLYMA_09G123800|9:30004151-30005294:-,9,30004151,30005294,-,KRH38277,1,yes,FLEP-seq;Iso-seq;ONT;ONT cDNA-seq,1372,39,1132,1411,0.972360028348689,0.825072886297376,Glycine_max,high_confidence_IR
GLYMA_09G128000,GLYMA_09G128000.intron1,GLYMA_09G128000|9:31909217-31909330:+,9,31909217,31909330,+,KRH38323,1,no,FLEP-seq;Iso-seq;ONT;ONT cDNA-seq,198,131,198,329,0.601823708206687,1,Glycine_max,high_confidence_IR
GLYMA_09G128100,GLYMA_09G128100.intron1,GLYMA_09G128100|9:31916397-31917626:-,9,31916397,31917626,-,KRH38324,1,no,FLEP-seq;Iso-seq;ONT;ONT cDNA-seq,87,104,87,191,0.455497382198953,1,Glycine_max,high_confidence_IR
GLYMA_09G130000,GLYMA_09G130000.intron1,GLYMA_09G130000|9:32451350-32451719:+,9,32451350,32451719,+,KRH38356,1,no,FLEP-seq;Iso-seq;ONT;ONT cDNA-seq,6,23,6,29,0.206896551724138,1,Glycine_max,high_confidence_IR
GLYMA_09G133100,GLYMA_09G133100.intron3,GLYMA_09G133100|9:33079809-33079882:+,9,33079809,33079882,+,KRH38392,1,no,FLEP-seq;Iso-seq;ONT;ONT cDNA-seq,291,371,246,662,0.439577039274924,0.845360824742268,Glycine_max,high_confidence_IR
GLYMA_09G138100,GLYMA_09G138100.intron2,GLYMA_09G138100|9:34353632-34356125:+,9,34353632,34356125,+,KRH38474,1,yes,FLEP-seq;Iso-seq;ONT;ONT cDNA-seq,4567,15,4384,4582,0.996726320384112,0.959929932121743,Glycine_max,high_confidence_IR
GLYMA_09G140400,GLYMA_09G140400.intron1,GLYMA_09G140400|9:34804920-34805843:+,9,34804920,34805843,+,KRH38501,1,no,FLEP-seq;Iso-seq;ONT;ONT cDNA-seq,11,8,11,19,0.578947368421053,1,Glycine_max,high_confidence_IR
GLYMA_09G142100,GLYMA_09G142100.intron3,GLYMA_09G142100|9:35371193-35372525:+,9,35371193,35372525,+,KRH38540,1,yes,FLEP-seq;Iso-seq;ONT;ONT cDNA-seq,1163,946,835,2109,0.55144618302513,0.717970765262253,Glycine_max,high_confidence_IR
GLYMA_09G143300,GLYMA_09G143300.intron1,GLYMA_09G143300|9:35625910-35626053:+,9,35625910,35626053,+,KRH38555,1,no,FLEP-seq;Iso-seq;ONT;ONT cDNA-seq,27,7,27,34,0.794117647058823,1,Glycine_max,high_confidence_IR
GLYMA_09G146600,GLYMA_09G146600.intron1,GLYMA_09G146600|9:36341520-36341674:+,9,36341520,36341674,+,KRH38608,1,no,FLEP-seq;Iso-seq;ONT;ONT cDNA-seq,6,21,6,27,0.222222222222222,1,Glycine_max,high_confidence_IR
GLYMA_09G150500,GLYMA_09G150500.intron1,GLYMA_09G150500|9:37141274-37146184:-,9,37141274,37146184,-,KRH38674,1,no,FLEP-seq;Iso-seq;ONT;ONT cDNA-seq,18,31,14,49,0.36734693877551,0.777777777777778,Glycine_max,high_confidence_IR
GLYMA_09G152600,GLYMA_09G152600.intron4,GLYMA_09G152600|9:37507941-37508077:+,9,37507941,37508077,+,KRH38709,1,no,FLEP-seq;Iso-seq;ONT;ONT cDNA-seq,500,331,356,831,0.601684717208183,0.712,Glycine_max,high_confidence_IR
GLYMA_09G157100,GLYMA_09G157100.intron1,GLYMA_09G157100|9:38030384-38030959:-,9,38030384,38030959,-,KRH38776,1,no,FLEP-seq;Iso-seq;ONT;ONT cDNA-seq,6,24,6,30,0.2,1,Glycine_max,high_confidence_IR
GLYMA_09G158400,GLYMA_09G158400.intron4,GLYMA_09G158400|9:38178589-38181322:+,9,38178589,38181322,+,KRH38798,1,no,FLEP-seq;Iso-seq;ONT;ONT cDNA-seq,190,50,174,240,0.791666666666667,0.91578947368421,Glycine_max,high_confidence_IR
GLYMA_09G161400,GLYMA_09G161400.intron1,GLYMA_09G161400|9:38570739-38570928:+,9,38570739,38570928,+,KRH38837;KRH38838,2,no,FLEP-seq;Iso-seq;ONT;ONT cDNA-seq,221,150,160,371,0.595687331536388,0.723981900452489,Glycine_max,high_confidence_IR
GLYMA_09G165700,GLYMA_09G165700.intron1,GLYMA_09G165700|9:38956819-38956962:+,9,38956819,38956962,+,KRH38902;KRH38903,2,no,FLEP-seq;Iso-seq;ONT;ONT cDNA-seq,38,52,30,90,0.422222222222222,0.789473684210526,Glycine_max,high_confidence_IR
GLYMA_09G174500,GLYMA_09G174500.intron1,GLYMA_09G174500|9:39912063-39912828:+,9,39912063,39912828,+,KRH39051,1,no,FLEP-seq;Iso-seq;ONT;ONT cDNA-seq,51,142,51,193,0.264248704663212,1,Glycine_max,high_confidence_IR
GLYMA_09G174700,GLYMA_09G174700.intron1,GLYMA_09G174700|9:39915818-39916005:-,9,39915818,39916005,-,KRH39052,1,yes,FLEP-seq;Iso-seq;ONT;ONT cDNA-seq,21,68,21,89,0.235955056179775,1,Glycine_max,high_confidence_IR
GLYMA_09G176900,GLYMA_09G176900.intron3,GLYMA_09G176900|9:40124922-40125799:-,9,40124922,40125799,-,KRH39077;KRH39079,2,yes,FLEP-seq;Iso-seq;ONT;ONT cDNA-seq,2460,306,2429,2766,0.889370932754881,0.98739837398374,Glycine_max,high_confidence_IR
GLYMA_09G179100,GLYMA_09G179100.intron4,GLYMA_09G179100|9:40388221-40388435:-,9,40388221,40388435,-,KRH39121,1,no,FLEP-seq;Iso-seq;ONT;ONT cDNA-seq,48,112,38,160,0.3,0.791666666666667,Glycine_max,high_confidence_IR
GLYMA_09G179700,GLYMA_09G179700.intron1,GLYMA_09G179700|9:40465672-40466003:-,9,40465672,40466003,-,KRH39127,1,no,FLEP-seq;Iso-seq;ONT;ONT cDNA-seq,44,64,44,108,0.407407407407407,1,Glycine_max,high_confidence_IR
GLYMA_09G179900,GLYMA_09G179900.intron3,GLYMA_09G179900|9:40496686-40497847:-,9,40496686,40497847,-,KRH39130,1,yes,FLEP-seq;Iso-seq;ONT;ONT cDNA-seq,1911,96,1858,2007,0.952167414050822,0.972265829408687,Glycine_max,high_confidence_IR
GLYMA_09G181400,GLYMA_09G181400.intron1,GLYMA_09G181400|9:40633875-40634117:-,9,40633875,40634117,-,KRH39150,1,no,FLEP-seq;Iso-seq;ONT;ONT cDNA-seq,298,445,240,743,0.401076716016151,0.805369127516778,Glycine_max,high_confidence_IR
GLYMA_09G182700,GLYMA_09G182700.intron1,GLYMA_09G182700|9:40810436-40811012:-,9,40810436,40811012,-,KRH39167,1,no,FLEP-seq;Iso-seq;ONT;ONT cDNA-seq,173,270,134,443,0.390519187358916,0.774566473988439,Glycine_max,high_confidence_IR
GLYMA_09G184100,GLYMA_09G184100.intron3,GLYMA_09G184100|9:40919606-40919692:-,9,40919606,40919692,-,KRH39184,1,yes,FLEP-seq;Iso-seq;ONT;ONT cDNA-seq,83,23,74,106,0.783018867924528,0.891566265060241,Glycine_max,high_confidence_IR
GLYMA_09G186700,GLYMA_09G186700.intron2,GLYMA_09G186700|9:41147904-41149328:+,9,41147904,41149328,+,KRH39226,1,yes,FLEP-seq;Iso-seq;ONT;ONT cDNA-seq,838,15,779,853,0.982415005861665,0.929594272076372,Glycine_max,high_confidence_IR
GLYMA_09G186900,GLYMA_09G186900.intron2,GLYMA_09G186900|9:41157785-41157900:+,9,41157785,41157900,+,KRH39228;KRH39229,2,no,FLEP-seq;Iso-seq;ONT;ONT cDNA-seq,165,489,144,654,0.252293577981651,0.872727272727273,Glycine_max,high_confidence_IR
GLYMA_09G187600,GLYMA_09G187600.intron1,GLYMA_09G187600|9:41213965-41214541:+,9,41213965,41214541,+,KRH39242,1,yes,FLEP-seq;Iso-seq;ONT;ONT cDNA-seq,405,11,316,416,0.973557692307692,0.780246913580247,Glycine_max,high_confidence_IR
GLYMA_09G192400,GLYMA_09G192400.intron1,GLYMA_09G192400|9:41697871-41700762:-,9,41697871,41700762,-,KRH39311,1,yes,FLEP-seq;Iso-seq;ONT;ONT cDNA-seq,1206,1386,1036,2592,0.465277777777778,0.859038142620232,Glycine_max,high_confidence_IR
GLYMA_09G192800,GLYMA_09G192800.intron2,GLYMA_09G192800|9:41742408-41743348:-,9,41742408,41743348,-,KRH39323,1,yes,FLEP-seq;Iso-seq;ONT;ONT cDNA-seq,26606,124,26177,26730,0.99536101758324,0.983875817484778,Glycine_max,high_confidence_IR
GLYMA_09G193700,GLYMA_09G193700.intron1,GLYMA_09G193700|9:41827472-41829391:-,9,41827472,41829391,-,KRH39336,1,yes,FLEP-seq;Iso-seq;ONT;ONT cDNA-seq,99,12,99,111,0.891891891891892,1,Glycine_max,high_confidence_IR
GLYMA_09G193900,GLYMA_09G193900.intron2,GLYMA_09G193900|9:41843194-41843295:+,9,41843194,41843295,+,KRH39344,1,yes,FLEP-seq;Iso-seq;ONT;ONT cDNA-seq,2419,83,2165,2502,0.966826538768985,0.894997933030178,Glycine_max,high_confidence_IR
GLYMA_09G195800,GLYMA_09G195800.intron2,GLYMA_09G195800|9:42049548-42049628:-,9,42049548,42049628,-,KRH39389,1,yes,FLEP-seq;Iso-seq;ONT;ONT cDNA-seq,586,10,499,596,0.983221476510067,0.851535836177474,Glycine_max,high_confidence_IR
GLYMA_09G196500,GLYMA_09G196500.intron1,GLYMA_09G196500|9:42112465-42112689:+,9,42112465,42112689,+,KRH39401,1,no,FLEP-seq;Iso-seq;ONT;ONT cDNA-seq,9,9,9,18,0.5,1,Glycine_max,high_confidence_IR
GLYMA_09G199500,GLYMA_09G199500.intron4,GLYMA_09G199500|9:42392746-42393844:-,9,42392746,42393844,-,KRH39460,1,yes,FLEP-seq;Iso-seq;ONT;ONT cDNA-seq,438,33,363,471,0.929936305732484,0.828767123287671,Glycine_max,high_confidence_IR
GLYMA_09G201900,GLYMA_09G201900.intron1,GLYMA_09G201900|9:42605680-42606035:-,9,42605680,42606035,-,KRH39498,1,yes,FLEP-seq;Iso-seq;ONT;ONT cDNA-seq,19,33,19,52,0.365384615384615,1,Glycine_max,high_confidence_IR
GLYMA_09G203000,GLYMA_09G203000.intron2,GLYMA_09G203000|9:42713497-42713615:+,9,42713497,42713615,+,KRH39521,1,yes,FLEP-seq;Iso-seq;ONT;ONT cDNA-seq,1151,182,1006,1333,0.863465866466617,0.874022589052997,Glycine_max,high_confidence_IR
GLYMA_09G213600,GLYMA_09G213600.intron2,GLYMA_09G213600|9:43721824-43722634:+,9,43721824,43722634,+,KRH39677,1,no,FLEP-seq;Iso-seq;ONT;ONT cDNA-seq,289,959,208,1248,0.231570512820513,0.719723183391003,Glycine_max,high_confidence_IR
GLYMA_09G216300,GLYMA_09G216300.intron2,GLYMA_09G216300|9:43958600-43960680:-,9,43958600,43960680,-,KRH39723,1,yes,FLEP-seq;Iso-seq;ONT;ONT cDNA-seq,179,18,162,197,0.908629441624365,0.905027932960894,Glycine_max,high_confidence_IR
GLYMA_09G223000,GLYMA_09G223000.intron1,GLYMA_09G223000|9:44355751-44358980:-,9,44355751,44358980,-,KRH39825,1,no,FLEP-seq;Iso-seq;ONT;ONT cDNA-seq,134,236,134,370,0.362162162162162,1,Glycine_max,high_confidence_IR
GLYMA_09G226800,GLYMA_09G226800.intron1,GLYMA_09G226800|9:45153855-45154096:-,9,45153855,45154096,-,KRH39903,1,no,FLEP-seq;Iso-seq;ONT;ONT cDNA-seq,63,26,63,89,0.707865168539326,1,Glycine_max,high_confidence_IR
GLYMA_09G227500,GLYMA_09G227500.intron2,GLYMA_09G227500|9:45191836-45191968:-,9,45191836,45191968,-,KRH39911,1,no,FLEP-seq;Iso-seq;ONT;ONT cDNA-seq,180,435,138,615,0.292682926829268,0.766666666666667,Glycine_max,high_confidence_IR
GLYMA_09G228900,GLYMA_09G228900.intron2,GLYMA_09G228900|9:45303721-45304701:+,9,45303721,45304701,+,KRH39933,1,no,FLEP-seq;Iso-seq;ONT;ONT cDNA-seq,198,270,171,468,0.423076923076923,0.863636363636364,Glycine_max,high_confidence_IR
GLYMA_09G229000,GLYMA_09G229000.intron3,GLYMA_09G229000|9:45308696-45309476:+,9,45308696,45309476,+,KRH39934,1,no,FLEP-seq;Iso-seq;ONT;ONT cDNA-seq,570,170,509,740,0.77027027027027,0.892982456140351,Glycine_max,high_confidence_IR
GLYMA_09G232900,GLYMA_09G232900.intron1,GLYMA_09G232900|9:45594500-45594578:+,9,45594500,45594578,+,KRH40008,1,yes,FLEP-seq;Iso-seq;ONT;ONT cDNA-seq,316,32,316,348,0.908045977011494,1,Glycine_max,high_confidence_IR
GLYMA_09G234200,GLYMA_09G234200.intron6,GLYMA_09G234200|9:45665528-45665623:+,9,45665528,45665623,+,KRH40033,1,yes,FLEP-seq;Iso-seq;ONT;ONT cDNA-seq,2128,1004,1721,3132,0.679438058748404,0.808740601503759,Glycine_max,high_confidence_IR
GLYMA_09G235600,GLYMA_09G235600.intron2,GLYMA_09G235600|9:45821145-45821351:-,9,45821145,45821351,-,KRH40059,1,yes,FLEP-seq;Iso-seq;ONT;ONT cDNA-seq,149,5,129,154,0.967532467532468,0.865771812080537,Glycine_max,high_confidence_IR
GLYMA_09G241400,GLYMA_09G241400.intron4,GLYMA_09G241400|9:46371043-46371248:-,9,46371043,46371248,-,KRH40147,1,no,FLEP-seq;Iso-seq;ONT;ONT cDNA-seq,11,16,11,27,0.407407407407407,1,Glycine_max,high_confidence_IR
GLYMA_09G243600,GLYMA_09G243600.intron1,GLYMA_09G243600|9:46622215-46622514:-,9,46622215,46622514,-,KRH40181,1,no,FLEP-seq;Iso-seq;ONT;ONT cDNA-seq,29,102,29,131,0.221374045801527,1,Glycine_max,high_confidence_IR
GLYMA_09G244800,GLYMA_09G244800.intron1,GLYMA_09G244800|9:46709516-46709596:+,9,46709516,46709596,+,KRH40201;KRH40202;KRH40203,3,yes,FLEP-seq;Iso-seq;ONT;ONT cDNA-seq,201,478,158,679,0.296023564064801,0.786069651741294,Glycine_max,high_confidence_IR
GLYMA_09G246200,GLYMA_09G246200.intron1,GLYMA_09G246200|9:46804335-46804529:-,9,46804335,46804529,-,KRH40232,1,no,FLEP-seq;Iso-seq;ONT;ONT cDNA-seq,139,479,98,618,0.224919093851133,0.705035971223022,Glycine_max,high_confidence_IR
GLYMA_09G246900,GLYMA_09G246900.intron1,GLYMA_09G246900|9:46845860-46845985:-,9,46845860,46845985,-,KRH40247,1,no,FLEP-seq;Iso-seq;ONT;ONT cDNA-seq,23,40,23,63,0.365079365079365,1,Glycine_max,high_confidence_IR
GLYMA_09G254200,GLYMA_09G254200.intron3,GLYMA_09G254200|9:47373975-47374760:-,9,47373975,47374760,-,KRH40369,1,yes,FLEP-seq;Iso-seq;ONT;ONT cDNA-seq,70,5,60,75,0.933333333333333,0.857142857142857,Glycine_max,high_confidence_IR
GLYMA_09G258700,GLYMA_09G258700.intron1,GLYMA_09G258700|9:47738233-47738328:+,9,47738233,47738328,+,KRH40442,1,yes,FLEP-seq;Iso-seq;ONT;ONT cDNA-seq,11,5,9,16,0.6875,0.818181818181818,Glycine_max,high_confidence_IR
GLYMA_09G262200,GLYMA_09G262200.intron1,GLYMA_09G262200|9:47999442-48000854:+,9,47999442,48000854,+,KRH40496,1,no,FLEP-seq;Iso-seq;ONT;ONT cDNA-seq,330,672,330,1002,0.329341317365269,1,Glycine_max,high_confidence_IR
GLYMA_09G267400,GLYMA_09G267400.intron3,GLYMA_09G267400|9:48525948-48526437:+,9,48525948,48526437,+,KRH40571,1,yes,FLEP-seq;Iso-seq;ONT;ONT cDNA-seq,206,6,147,212,0.971698113207547,0.713592233009709,Glycine_max,high_confidence_IR
GLYMA_09G270600,GLYMA_09G270600.intron1,GLYMA_09G270600|9:48753846-48753956:-,9,48753846,48753956,-,KRH40627,1,no,FLEP-seq;Iso-seq;ONT;ONT cDNA-seq,5,14,5,19,0.263157894736842,1,Glycine_max,high_confidence_IR
GLYMA_09G272500,GLYMA_09G272500.intron4,GLYMA_09G272500|9:48901004-48901211:+,9,48901004,48901211,+,KRH40660;KRH40662;KRH40663,3,yes,FLEP-seq;Iso-seq;ONT;ONT cDNA-seq,437,266,308,703,0.621621621621622,0.704805491990847,Glycine_max,high_confidence_IR
GLYMA_09G280100,GLYMA_09G280100.intron1,GLYMA_09G280100|9:49536692-49537195:-,9,49536692,49537195,-,KRH40823,1,no,FLEP-seq;Iso-seq;ONT;ONT cDNA-seq,258,876,258,1134,0.227513227513228,1,Glycine_max,high_confidence_IR
GLYMA_U024900,GLYMA_U024900.intron3,GLYMA_U024900|KZ847135:7201-7391:-,KZ847135,7201,7391,-,KRG88811;KRG88812,2,yes,FLEP-seq;Iso-seq;ONT;ONT cDNA-seq,69,234,59,303,0.227722772277228,0.855072463768116,Glycine_max,high_confidence_IR
GLYMA_U030700,GLYMA_U030700.intron1,GLYMA_U030700|KZ847140:304557-305173:+,KZ847140,304557,305173,+,KRG88766,1,no,FLEP-seq;Iso-seq;ONT;ONT cDNA-seq,212,626,212,838,0.252983293556086,1,Glycine_max,high_confidence_IR
GLYMA_U032300,GLYMA_U032300.intron3,GLYMA_U032300|KZ847142:220265-221003:-,KZ847142,220265,221003,-,KRG88728,1,no,FLEP-seq;Iso-seq;ONT;ONT cDNA-seq,81,314,59,395,0.205063291139241,0.728395061728395,Glycine_max,high_confidence_IR
GLYMA_U022500,GLYMA_U022500.intron1,GLYMA_U022500|KZ848200:347-912:+,KZ848200,347,912,+,KRG58484,1,no,FLEP-seq;Iso-seq;ONT;ONT cDNA-seq,8,7,8,15,0.533333333333333,1,Glycine_max,high_confidence_IR
