gene_id,intron_id,intron_uid,chromosome,start,end,strand,supporting_transcripts,anchor_count,exon_overlap_warning,N_retained,N_spliced,N_specific,N_informative,IR_ratio,IR_specificity,species,IR_class
Os01g0100300,Os01g0100300.intron1,Os01g0100300|1:12043-12145:-,1,12043,12145,-,Os01t0100300-00,1,no,160,14,160,174,0.919540229885057,1,Oryza_sativa,high_confidence_IR
Os01g0100200,Os01g0100200.intron1,Os01g0100200|1:12061-12151:+,1,12061,12151,+,Os01t0100200-01,1,no,141,152,141,293,0.48122866894198,1,Oryza_sativa,high_confidence_IR
Os01g0101600,Os01g0101600.intron3,Os01g0101600|1:77206-77332:+,1,77206,77332,+,Os01t0101600-01,1,yes,9154,36,8150,9190,0.996082698585419,0.890321171072755,Oryza_sativa,high_confidence_IR
Os01g0108600,Os01g0108600.intron2,Os01g0108600|1:480414-480469:+,1,480414,480469,+,Os01t0108600-01,1,yes,9625,14,8401,9639,0.998547567175018,0.872831168831169,Oryza_sativa,high_confidence_IR
Os01g0110800,Os01g0110800.intron2,Os01g0110800|1:577483-577563:-,1,577483,577563,-,Os01t0110800-01,1,no,1292,3850,1155,5142,0.251264099572151,0.893962848297214,Oryza_sativa,high_confidence_IR
Os01g0111400,Os01g0111400.intron1,Os01g0111400|1:598480-598763:+,1,598480,598763,+,Os01t0111400-02,1,yes,908,1822,763,2730,0.332600732600733,0.840308370044053,Oryza_sativa,high_confidence_IR
Os01g0115300,Os01g0115300.intron1,Os01g0115300|1:809110-809266:-,1,809110,809266,-,Os01t0115300-01,1,no,743,179,743,922,0.8058568329718,1,Oryza_sativa,high_confidence_IR
Os01g0115700,Os01g0115700.intron2,Os01g0115700|1:853373-853576:-,1,853373,853576,-,Os01t0115700-01,1,no,1196,1899,950,3095,0.38642972536349,0.794314381270903,Oryza_sativa,high_confidence_IR
Os01g0117700,Os01g0117700.intron1,Os01g0117700|1:998750-999897:+,1,998750,999897,+,Os01t0117700-00,1,no,116,12,116,128,0.90625,1,Oryza_sativa,high_confidence_IR
Os01g0121500,Os01g0121500.intron1,Os01g0121500|1:1217779-1217944:-,1,1217779,1217944,-,Os01t0121500-01,1,no,2601,1403,2601,4004,0.6496003996004,1,Oryza_sativa,high_confidence_IR
Os01g0121950,Os01g0121950.intron1,Os01g0121950|1:1241309-1241613:+,1,1241309,1241613,+,Os01t0121950-00,1,no,66,258,66,324,0.203703703703704,1,Oryza_sativa,high_confidence_IR
Os01g0122200,Os01g0122200.intron1,Os01g0122200|1:1254084-1254207:+,1,1254084,1254207,+,Os01t0122200-01,1,no,26,14,20,40,0.65,0.769230769230769,Oryza_sativa,high_confidence_IR
Os01g0135000,Os01g0135000.intron1,Os01g0135000|1:1914873-1915019:+,1,1914873,1915019,+,Os01t0135000-01,1,no,2976,33,2976,3009,0.989032901296112,1,Oryza_sativa,high_confidence_IR
Os01g0135600,Os01g0135600.intron1,Os01g0135600|1:1929736-1929906:+,1,1929736,1929906,+,Os01t0135600-01,1,no,264,5,264,269,0.981412639405205,1,Oryza_sativa,high_confidence_IR
Os01g0137250,Os01g0137250.intron1,Os01g0137250|1:1995650-1995805:+,1,1995650,1995805,+,Os01t0137250-00,1,no,44,140,44,184,0.239130434782609,1,Oryza_sativa,high_confidence_IR
Os01g0137550,Os01g0137550.intron1,Os01g0137550|1:2018540-2018774:-,1,2018540,2018774,-,Os01t0137550-01,1,no,363,81,297,444,0.817567567567568,0.818181818181818,Oryza_sativa,high_confidence_IR
Os01g0137700,Os01g0137700.intron1,Os01g0137700|1:2024803-2024893:+,1,2024803,2024893,+,Os01t0137700-01,1,no,159,441,159,600,0.265,1,Oryza_sativa,high_confidence_IR
Os01g0138500,Os01g0138500.intron3,Os01g0138500|1:2061207-2061300:+,1,2061207,2061300,+,Os01t0138500-01,1,no,1168,3819,824,4987,0.234208943252456,0.705479452054795,Oryza_sativa,high_confidence_IR
Os01g0140500,Os01g0140500.intron1,Os01g0140500|1:2138046-2138286:+,1,2138046,2138286,+,Os01t0140500-01,1,no,145561,8,145561,145569,0.999945043244097,1,Oryza_sativa,high_confidence_IR
Os01g0149700,Os01g0149700.intron1,Os01g0149700|1:2689033-2689194:-,1,2689033,2689194,-,Os01t0149700-00,1,no,44,164,44,208,0.211538461538462,1,Oryza_sativa,high_confidence_IR
Os01g0149750,Os01g0149750.intron1,Os01g0149750|1:2689033-2689194:+,1,2689033,2689194,+,Os01t0149750-00,1,no,44,164,44,208,0.211538461538462,1,Oryza_sativa,high_confidence_IR
Os01g0152000,Os01g0152000.intron1,Os01g0152000|1:2810584-2810703:+,1,2810584,2810703,+,Os01t0152000-01,1,no,33,34,33,67,0.492537313432836,1,Oryza_sativa,high_confidence_IR
Os01g0152500,Os01g0152500.intron1,Os01g0152500|1:2828066-2828156:-,1,2828066,2828156,-,Os01t0152500-00,1,no,6,18,6,24,0.25,1,Oryza_sativa,high_confidence_IR
Os01g0152687,Os01g0152687.intron1,Os01g0152687|1:2835884-2836024:+,1,2835884,2836024,+,Os01t0152687-00,1,no,27,60,27,87,0.310344827586207,1,Oryza_sativa,high_confidence_IR
Os01g0152850,Os01g0152850.intron1,Os01g0152850|1:2842741-2842891:-,1,2842741,2842891,-,Os01t0152850-00,1,no,572,286,572,858,0.666666666666667,1,Oryza_sativa,high_confidence_IR
Os01g0152800,Os01g0152800.intron1,Os01g0152800|1:2842746-2842896:+,1,2842746,2842896,+,Os01t0152800-01,1,no,488,307,488,795,0.613836477987421,1,Oryza_sativa,high_confidence_IR
Os01g0153050,Os01g0153050.intron1,Os01g0153050|1:2854674-2854816:-,1,2854674,2854816,-,Os01t0153050-00,1,no,238,22,238,260,0.915384615384615,1,Oryza_sativa,high_confidence_IR
Os01g0153000,Os01g0153000.intron1,Os01g0153000|1:2854676-2854818:+,1,2854676,2854818,+,Os01t0153000-00,1,no,238,22,238,260,0.915384615384615,1,Oryza_sativa,high_confidence_IR
Os01g0153200,Os01g0153200.intron1,Os01g0153200|1:2863392-2863525:-,1,2863392,2863525,-,Os01t0153200-00,1,no,462,211,430,673,0.686478454680535,0.930735930735931,Oryza_sativa,high_confidence_IR
Os01g0153500,Os01g0153500.intron1,Os01g0153500|1:2886070-2886214:+,1,2886070,2886214,+,Os01t0153500-00,1,no,7,13,7,20,0.35,1,Oryza_sativa,high_confidence_IR
Os01g0155500,Os01g0155500.intron1,Os01g0155500|1:2982650-2982802:+,1,2982650,2982802,+,Os01t0155500-01,1,no,1235,406,1148,1641,0.752589884216941,0.929554655870445,Oryza_sativa,high_confidence_IR
Os01g0162900,Os01g0162900.intron1,Os01g0162900|1:3284700-3284791:-,1,3284700,3284791,-,Os01t0162900-01,1,no,225,301,225,526,0.427756653992395,1,Oryza_sativa,high_confidence_IR
Os01g0165000,Os01g0165000.intron2,Os01g0165000|1:3359349-3359838:+,1,3359349,3359838,+,Os01t0165000-02,1,no,109,342,108,451,0.241685144124169,0.990825688073395,Oryza_sativa,high_confidence_IR
Os01g0165800,Os01g0165800.intron5,Os01g0165800|1:3388366-3389178:-,1,3388366,3389178,-,Os01t0165800-01,1,no,450,787,322,1237,0.363783346806791,0.715555555555556,Oryza_sativa,high_confidence_IR
Os01g0167100,Os01g0167100.intron2,Os01g0167100|1:3432819-3432917:+,1,3432819,3432917,+,Os01t0167100-01,1,no,3243,590,2406,3833,0.846073571614923,0.741905642923219,Oryza_sativa,high_confidence_IR
Os01g0167800,Os01g0167800.intron3,Os01g0167800|1:3468896-3469257:-,1,3468896,3469257,-,Os01t0167800-01,1,no,499,1288,381,1787,0.279238947957471,0.763527054108216,Oryza_sativa,high_confidence_IR
Os01g0169400,Os01g0169400.intron1,Os01g0169400|1:3552877-3552989:-,1,3552877,3552989,-,Os01t0169400-01,1,no,578,416,460,994,0.58148893360161,0.795847750865052,Oryza_sativa,high_confidence_IR
Os01g0174600,Os01g0174600.intron1,Os01g0174600|1:3831133-3831275:-,1,3831133,3831275,-,Os01t0174600-01,1,no,74,83,74,157,0.471337579617834,1,Oryza_sativa,high_confidence_IR
Os01g0176050,Os01g0176050.intron1,Os01g0176050|1:3918595-3919301:-,1,3918595,3919301,-,Os01t0176050-00,1,no,593,79,593,672,0.882440476190476,1,Oryza_sativa,high_confidence_IR
Os01g0176000,Os01g0176000.intron1,Os01g0176000|1:3918604-3919311:+,1,3918604,3919311,+,Os01t0176000-01,1,no,661,2027,661,2688,0.245907738095238,1,Oryza_sativa,high_confidence_IR
Os01g0176100,Os01g0176100.intron1,Os01g0176100|1:3921868-3922140:+,1,3921868,3922140,+,Os01t0176100-00,1,no,282,116,282,398,0.708542713567839,1,Oryza_sativa,high_confidence_IR
Os01g0176300,Os01g0176300.intron1,Os01g0176300|1:3926900-3927180:-,1,3926900,3927180,-,Os01t0176300-00,1,no,118,6,118,124,0.951612903225806,1,Oryza_sativa,high_confidence_IR
Os01g0182200,Os01g0182200.intron1,Os01g0182200|1:4315479-4315508:-,1,4315479,4315508,-,Os01t0182200-01,1,yes,21420,48,17928,21468,0.997764114030185,0.836974789915966,Oryza_sativa,high_confidence_IR
Os01g0185500,Os01g0185500.intron1,Os01g0185500|1:4542647-4544502:+,1,4542647,4544502,+,Os01t0185500-00,1,no,497,1340,460,1837,0.270549809471965,0.925553319919517,Oryza_sativa,high_confidence_IR
Os01g0187300,Os01g0187300.intron1,Os01g0187300|1:4668371-4668594:+,1,4668371,4668594,+,Os01t0187300-01,1,no,260,154,260,414,0.628019323671498,1,Oryza_sativa,high_confidence_IR
Os01g0193500,Os01g0193500.intron1,Os01g0193500|1:5019067-5019571:-,1,5019067,5019571,-,Os01t0193500-00,1,no,211,841,211,1052,0.200570342205323,1,Oryza_sativa,high_confidence_IR
Os01g0201200,Os01g0201200.intron1,Os01g0201200|1:5513287-5514142:-,1,5513287,5514142,-,Os01t0201200-01,1,no,934,38,774,972,0.960905349794239,0.828693790149893,Oryza_sativa,high_confidence_IR
Os01g0209901,Os01g0209901.intron1,Os01g0209901|1:5984321-5984412:+,1,5984321,5984412,+,Os01t0209901-00,1,no,213,610,213,823,0.258809234507898,1,Oryza_sativa,high_confidence_IR
Os01g0211800,Os01g0211800.intron3,Os01g0211800|1:6095303-6095457:-,1,6095303,6095457,-,Os01t0211800-01,1,no,2065,45,1869,2110,0.97867298578199,0.905084745762712,Oryza_sativa,high_confidence_IR
Os01g0214600,Os01g0214600.intron3,Os01g0214600|1:6268296-6268441:+,1,6268296,6268441,+,Os01t0214600-01,1,no,15728,2619,13069,18347,0.857251866790211,0.830938453713123,Oryza_sativa,high_confidence_IR
Os01g0220400,Os01g0220400.intron1,Os01g0220400|1:6587508-6587815:-,1,6587508,6587815,-,Os01t0220400-01,1,no,18928,9,18928,18937,0.999524739927127,1,Oryza_sativa,high_confidence_IR
Os01g0222300,Os01g0222300.intron3,Os01g0222300|1:6694294-6694383:-,1,6694294,6694383,-,Os01t0222300-01,1,no,143,319,131,462,0.30952380952381,0.916083916083916,Oryza_sativa,high_confidence_IR
Os01g0223300,Os01g0223300.intron1,Os01g0223300|1:6732432-6733534:+,1,6732432,6733534,+,Os01t0223300-01,1,no,8,16,8,24,0.333333333333333,1,Oryza_sativa,high_confidence_IR
Os01g0224400,Os01g0224400.intron1,Os01g0224400|1:6838900-6839618:+,1,6838900,6839618,+,Os01t0224400-01,1,no,1640,665,1352,2305,0.711496746203905,0.824390243902439,Oryza_sativa,high_confidence_IR
Os01g0226700,Os01g0226700.intron1,Os01g0226700|1:7009483-7009914:+,1,7009483,7009914,+,Os01t0226700-01,1,no,2532,121,2532,2653,0.954391255182812,1,Oryza_sativa,high_confidence_IR
Os01g0234001,Os01g0234001.intron1,Os01g0234001|1:7415117-7415196:-,1,7415117,7415196,-,Os01t0234001-01,1,no,221,49,221,270,0.818518518518519,1,Oryza_sativa,high_confidence_IR
Os01g0234200,Os01g0234200.intron2,Os01g0234200|1:7424914-7425033:-,1,7424914,7425033,-,Os01t0234200-00,1,no,61,21,60,82,0.74390243902439,0.983606557377049,Oryza_sativa,high_confidence_IR
Os01g0242200,Os01g0242200.intron3,Os01g0242200|1:7848902-7849141:+,1,7848902,7849141,+,Os01t0242200-01,1,no,427,6,328,433,0.986143187066975,0.768149882903981,Oryza_sativa,high_confidence_IR
Os01g0249700,Os01g0249700.intron1,Os01g0249700|1:8229440-8229526:+,1,8229440,8229526,+,Os01t0249700-00,1,no,88,135,88,223,0.394618834080717,1,Oryza_sativa,high_confidence_IR
Os01g0251400,Os01g0251400.intron1,Os01g0251400|1:8306137-8306386:-,1,8306137,8306386,-,Os01t0251400-01,1,no,83189,1224,83189,84413,0.98549986376506,1,Oryza_sativa,high_confidence_IR
Os01g0255100,Os01g0255100.intron3,Os01g0255100|1:8491909-8491987:+,1,8491909,8491987,+,Os01t0255100-01,1,no,39,107,31,146,0.267123287671233,0.794871794871795,Oryza_sativa,high_confidence_IR
Os01g0259200,Os01g0259200.intron1,Os01g0259200|1:8683338-8684013:+,1,8683338,8684013,+,Os01t0259200-02,1,yes,2650,10542,1931,13192,0.200879320800485,0.728679245283019,Oryza_sativa,high_confidence_IR
Os01g0261700,Os01g0261700.intron1,Os01g0261700|1:8821958-8822050:-,1,8821958,8822050,-,Os01t0261700-01,1,no,46,109,43,155,0.296774193548387,0.934782608695652,Oryza_sativa,high_confidence_IR
Os01g0264700,Os01g0264700.intron6,Os01g0264700|1:9004812-9004856:-,1,9004812,9004856,-,Os01t0264700-01,1,no,19587,2056,14898,21643,0.905003927366816,0.760606524735794,Oryza_sativa,high_confidence_IR
Os01g0269100,Os01g0269100.intron3,Os01g0269100|1:9277156-9277694:-,1,9277156,9277694,-,Os01t0269100-01,1,no,4431,183,3137,4614,0.960338101430429,0.70796659896186,Oryza_sativa,high_confidence_IR
Os01g0271000,Os01g0271000.intron1,Os01g0271000|1:9370808-9370843:+,1,9370808,9370843,+,Os01t0271000-01,1,no,1977,140,1470,2117,0.933868682097308,0.743550834597876,Oryza_sativa,high_confidence_IR
Os01g0273150,Os01g0273150.intron1,Os01g0273150|1:9447391-9448638:+,1,9447391,9448638,+,Os01t0273150-00,1,no,617,1679,532,2296,0.268728222996516,0.862236628849271,Oryza_sativa,high_confidence_IR
Os01g0276300,Os01g0276300.intron1,Os01g0276300|1:9680336-9680438:+,1,9680336,9680438,+,Os01t0276300-01,1,no,336,558,336,894,0.375838926174497,1,Oryza_sativa,high_confidence_IR
Os01g0278050,Os01g0278050.intron1,Os01g0278050|1:9787343-9787449:+,1,9787343,9787449,+,Os01t0278050-00,1,no,262,21,262,283,0.925795053003534,1,Oryza_sativa,high_confidence_IR
Os01g0278200,Os01g0278200.intron1,Os01g0278200|1:9794419-9794846:-,1,9794419,9794846,-,Os01t0278200-01,1,no,2110,2436,1959,4546,0.464144302683678,0.928436018957346,Oryza_sativa,high_confidence_IR
Os01g0280200,Os01g0280200.intron1,Os01g0280200|1:9954583-9954681:+,1,9954583,9954681,+,Os01t0280200-01,1,no,115,65,115,180,0.638888888888889,1,Oryza_sativa,high_confidence_IR
Os01g0286900,Os01g0286900.intron1,Os01g0286900|1:10312583-10313718:+,1,10312583,10313718,+,Os01t0286900-01,1,no,750,188,691,938,0.799573560767591,0.921333333333333,Oryza_sativa,high_confidence_IR
Os01g0292700,Os01g0292700.intron2,Os01g0292700|1:10643675-10643816:+,1,10643675,10643816,+,Os01t0292700-01,1,no,2209,1134,1656,3343,0.660783727191146,0.749660479855138,Oryza_sativa,high_confidence_IR
Os01g0296000,Os01g0296000.intron1,Os01g0296000|1:10820818-10822202:-,1,10820818,10822202,-,Os01t0296000-01,1,no,361,965,319,1326,0.272247360482655,0.883656509695291,Oryza_sativa,high_confidence_IR
Os01g0297200,Os01g0297200.intron1,Os01g0297200|1:10892530-10892603:+,1,10892530,10892603,+,Os01t0297200-01,1,no,893,3436,893,4329,0.206283206283206,1,Oryza_sativa,high_confidence_IR
Os01g0301100,Os01g0301100.intron1,Os01g0301100|1:11071175-11071315:+,1,11071175,11071315,+,Os01t0301100-01,1,no,232,19,232,251,0.924302788844621,1,Oryza_sativa,high_confidence_IR
Os01g0303800,Os01g0303800.intron1,Os01g0303800|1:11245345-11245412:+,1,11245345,11245412,+,Os01t0303800-01,1,yes,5282,920,4849,6202,0.851660754595292,0.918023475956077,Oryza_sativa,high_confidence_IR
Os01g0319400,Os01g0319400.intron1,Os01g0319400|1:12159073-12161494:-,1,12159073,12161494,-,Os01t0319400-01,1,no,21,12,21,33,0.636363636363636,1,Oryza_sativa,high_confidence_IR
Os01g0322300,Os01g0322300.intron1,Os01g0322300|1:12292163-12292268:-,1,12292163,12292268,-,Os01t0322300-00,1,no,78,69,74,147,0.530612244897959,0.948717948717949,Oryza_sativa,high_confidence_IR
Os01g0346250,Os01g0346250.intron1,Os01g0346250|1:13771277-13771345:+,1,13771277,13771345,+,Os01t0346250-00,1,no,5760,621,5760,6381,0.902679830747532,1,Oryza_sativa,high_confidence_IR
Os01g0348800,Os01g0348800.intron1,Os01g0348800|1:13900059-13900661:-,1,13900059,13900661,-,Os01t0348800-01,1,no,208,78,208,286,0.727272727272727,1,Oryza_sativa,high_confidence_IR
Os01g0359400,Os01g0359400.intron1,Os01g0359400|1:14579201-14579293:-,1,14579201,14579293,-,Os01t0359400-02,1,yes,3022,817,3022,3839,0.787184162542329,1,Oryza_sativa,high_confidence_IR
Os01g0362800,Os01g0362800.intron3,Os01g0362800|1:14783773-14783910:-,1,14783773,14783910,-,Os01t0362800-01,1,no,83,279,61,362,0.229281767955801,0.734939759036145,Oryza_sativa,high_confidence_IR
Os01g0367400,Os01g0367400.intron5,Os01g0367400|1:15020431-15021576:-,1,15020431,15021576,-,Os01t0367400-01,1,yes,5154,44,4238,5198,0.991535205848403,0.822273961971284,Oryza_sativa,high_confidence_IR
Os01g0370200,Os01g0370200.intron1,Os01g0370200|1:15217703-15217802:-,1,15217703,15217802,-,Os01t0370200-00,1,no,673,1515,486,2188,0.307586837294333,0.722139673105498,Oryza_sativa,high_confidence_IR
Os01g0377000,Os01g0377000.intron1,Os01g0377000|1:15582638-15582707:-,1,15582638,15582707,-,Os01t0377000-01,1,no,357,831,357,1188,0.30050505050505,1,Oryza_sativa,high_confidence_IR
Os01g0387566,Os01g0387566.intron1,Os01g0387566|1:16316055-16316152:+,1,16316055,16316152,+,Os01t0387566-00,1,no,220,190,156,410,0.536585365853659,0.709090909090909,Oryza_sativa,high_confidence_IR
Os01g0391100,Os01g0391100.intron1,Os01g0391100|1:16539817-16540136:-,1,16539817,16540136,-,Os01t0391100-02;Os01t0391100-03,2,no,962,2465,838,3427,0.28071199299679,0.871101871101871,Oryza_sativa,high_confidence_IR
Os01g0391800,Os01g0391800.intron3,Os01g0391800|1:16634427-16634595:-,1,16634427,16634595,-,Os01t0391800-01,1,no,45,68,41,113,0.398230088495575,0.911111111111111,Oryza_sativa,high_confidence_IR
Os01g0393100,Os01g0393100.intron3,Os01g0393100|1:16721284-16721329:-,1,16721284,16721329,-,Os01t0393100-01,1,yes,7422,5,5865,7427,0.999326780665141,0.790218270008084,Oryza_sativa,high_confidence_IR
Os01g0507900,Os01g0507900.intron5,Os01g0507900|1:17751675-17751775:+,1,17751675,17751775,+,Os01t0507900-01,1,no,24429,9933,18841,34362,0.710930679238694,0.771255475050145,Oryza_sativa,high_confidence_IR
Os01g0509900,Os01g0509900.intron1,Os01g0509900|1:17896171-17897683:+,1,17896171,17897683,+,Os01t0509900-01,1,no,787,329,667,1116,0.705197132616487,0.847522236340534,Oryza_sativa,high_confidence_IR
Os01g0514850,Os01g0514850.intron1,Os01g0514850|1:18206713-18207137:-,1,18206713,18207137,-,Os01t0514850-00,1,no,17,10,17,27,0.62962962962963,1,Oryza_sativa,high_confidence_IR
Os01g0518300,Os01g0518300.intron1,Os01g0518300|1:18386653-18386749:-,1,18386653,18386749,-,Os01t0518300-00,1,no,19,33,19,52,0.365384615384615,1,Oryza_sativa,high_confidence_IR
Os01g0523100,Os01g0523100.intron1,Os01g0523100|1:18674002-18674123:+,1,18674002,18674123,+,Os01t0523100-00,1,no,29,29,29,58,0.5,1,Oryza_sativa,high_confidence_IR
Os01g0524500,Os01g0524500.intron1,Os01g0524500|1:18755485-18755550:+,1,18755485,18755550,+,Os01t0524500-01,1,yes,3518,16,2972,3534,0.995472552348613,0.844798180784537,Oryza_sativa,high_confidence_IR
Os01g0528300,Os01g0528300.intron1,Os01g0528300|1:18993403-18994577:+,1,18993403,18994577,+,Os01t0528300-01,1,no,14,12,14,26,0.538461538461538,1,Oryza_sativa,high_confidence_IR
Os01g0531200,Os01g0531200.intron2,Os01g0531200|1:19118213-19120540:-,1,19118213,19120540,-,Os01t0531200-01,1,no,218,824,169,1042,0.209213051823417,0.775229357798165,Oryza_sativa,high_confidence_IR
Os01g0532100,Os01g0532100.intron1,Os01g0532100|1:19175597-19175861:+,1,19175597,19175861,+,Os01t0532100-01,1,no,102,174,102,276,0.369565217391304,1,Oryza_sativa,high_confidence_IR
Os01g0532200,Os01g0532200.intron13,Os01g0532200|1:19178686-19178837:-,1,19178686,19178837,-,Os01t0532200-01;Os01t0532200-02,2,no,4700,9237,3719,13937,0.337231828944536,0.791276595744681,Oryza_sativa,high_confidence_IR
Os01g0549100,Os01g0549100.intron1,Os01g0549100|1:20487733-20488247:-,1,20487733,20488247,-,Os01t0549100-01,1,no,555,67,555,622,0.892282958199357,1,Oryza_sativa,high_confidence_IR
Os01g0550300,Os01g0550300.intron1,Os01g0550300|1:20601933-20602004:-,1,20601933,20602004,-,Os01t0550300-01,1,yes,61462,36,48076,61498,0.999414615109434,0.782206892063389,Oryza_sativa,high_confidence_IR
Os01g0556201,Os01g0556201.intron1,Os01g0556201|1:20989398-20992035:-,1,20989398,20992035,-,Os01t0556201-00,1,no,1109,502,1109,1611,0.688392302917443,1,Oryza_sativa,high_confidence_IR
Os01g0557100,Os01g0557100.intron1,Os01g0557100|1:21057448-21057571:-,1,21057448,21057571,-,Os01t0557100-01,1,no,1098,2747,1098,3845,0.28556566970091,1,Oryza_sativa,high_confidence_IR
Os01g0557550,Os01g0557550.intron1,Os01g0557550|1:21072686-21072850:+,1,21072686,21072850,+,Os01t0557550-00,1,no,52892,78,42866,52970,0.998527468378327,0.810443923466687,Oryza_sativa,high_confidence_IR
Os01g0559200,Os01g0559200.intron2,Os01g0559200|1:21182531-21183077:+,1,21182531,21183077,+,Os01t0559200-01,1,no,578,1985,522,2563,0.225516972298088,0.903114186851211,Oryza_sativa,high_confidence_IR
Os01g0589300,Os01g0589300.intron5,Os01g0589300|1:22991336-22991422:+,1,22991336,22991422,+,Os01t0589300-01;Os01t0589300-02,2,no,6289,8984,4997,15273,0.411772408826033,0.794561933534743,Oryza_sativa,high_confidence_IR
Os01g0594800,Os01g0594800.intron2,Os01g0594800|1:23302252-23302350:-,1,23302252,23302350,-,Os01t0594800-00,1,no,327,773,292,1100,0.297272727272727,0.892966360856269,Oryza_sativa,high_confidence_IR
Os01g0603100,Os01g0603100.intron1,Os01g0603100|1:23747684-23749593:+,1,23747684,23749593,+,Os01t0603100-01,1,no,11,8,11,19,0.578947368421053,1,Oryza_sativa,high_confidence_IR
Os01g0603200,Os01g0603200.intron1,Os01g0603200|1:23750534-23750614:-,1,23750534,23750614,-,Os01t0603200-02,1,yes,528,6,528,534,0.98876404494382,1,Oryza_sativa,high_confidence_IR
Os01g0604100,Os01g0604100.intron1,Os01g0604100|1:23783144-23783231:+,1,23783144,23783231,+,Os01t0604100-01,1,no,473,126,473,599,0.789649415692821,1,Oryza_sativa,high_confidence_IR
Os01g0612800,Os01g0612800.intron3,Os01g0612800|1:24300827-24300917:+,1,24300827,24300917,+,Os01t0612800-01,1,no,7689,4875,5504,12564,0.611986628462273,0.715827805956561,Oryza_sativa,high_confidence_IR
Os01g0623200,Os01g0623200.intron1,Os01g0623200|1:24863953-24864072:-,1,24863953,24864072,-,Os01t0623200-01,1,no,188,363,162,551,0.341197822141561,0.861702127659574,Oryza_sativa,high_confidence_IR
Os01g0627933,Os01g0627933.intron2,Os01g0627933|1:25072174-25072279:+,1,25072174,25072279,+,Os01t0627933-00,1,no,1518,1581,1066,3099,0.489835430784124,0.702239789196311,Oryza_sativa,high_confidence_IR
Os01g0630900,Os01g0630900.intron3,Os01g0630900|1:25220561-25220649:+,1,25220561,25220649,+,Os01t0630900-00,1,no,90,265,67,355,0.253521126760563,0.744444444444444,Oryza_sativa,high_confidence_IR
Os01g0631200,Os01g0631200.intron1,Os01g0631200|1:25234890-25235409:+,1,25234890,25235409,+,Os01t0631200-01,1,no,692,40,558,732,0.945355191256831,0.80635838150289,Oryza_sativa,high_confidence_IR
Os01g0645000,Os01g0645000.intron1,Os01g0645000|1:25961190-25961373:-,1,25961190,25961373,-,Os01t0645000-01,1,no,1081,78,1046,1159,0.932700603968939,0.967622571692877,Oryza_sativa,high_confidence_IR
Os01g0650700,Os01g0650700.intron6,Os01g0650700|1:26278466-26278874:-,1,26278466,26278874,-,Os01t0650700-01,1,no,4072,1678,3046,5750,0.708173913043478,0.74803536345776,Oryza_sativa,high_confidence_IR
Os01g0650800,Os01g0650800.intron1,Os01g0650800|1:26284946-26285036:-,1,26284946,26285036,-,Os01t0650800-01,1,no,849,375,729,1224,0.693627450980392,0.858657243816254,Oryza_sativa,high_confidence_IR
Os01g0652600,Os01g0652600.intron1,Os01g0652600|1:26392276-26392374:+,1,26392276,26392374,+,Os01t0652600-01,1,no,15747,29,12436,15776,0.998161764705882,0.789737727821172,Oryza_sativa,high_confidence_IR
Os01g0655400,Os01g0655400.intron5,Os01g0655400|1:26602704-26602781:-,1,26602704,26602781,-,Os01t0655400-03,1,yes,6610,1032,5510,7642,0.864956817587019,0.833585476550681,Oryza_sativa,high_confidence_IR
Os01g0658500,Os01g0658500.intron5,Os01g0658500|1:26786595-26786777:-,1,26786595,26786777,-,Os01t0658500-01,1,yes,17738,136,13435,17874,0.992391182723509,0.757413462622618,Oryza_sativa,high_confidence_IR
Os01g0660400,Os01g0660400.intron1,Os01g0660400|1:26905848-26906976:-,1,26905848,26906976,-,Os01t0660400-01,1,no,56,21,56,77,0.727272727272727,1,Oryza_sativa,high_confidence_IR
Os01g0662300,Os01g0662300.intron1,Os01g0662300|1:27041895-27042296:+,1,27041895,27042296,+,Os01t0662300-01,1,yes,11525,899,11525,12424,0.9276400515132,1,Oryza_sativa,high_confidence_IR
Os01g0667550,Os01g0667550.intron1,Os01g0667550|1:27301970-27302366:-,1,27301970,27302366,-,Os01t0667550-00,1,no,1438,8,1438,1446,0.994467496542185,1,Oryza_sativa,high_confidence_IR
Os01g0670200,Os01g0670200.intron1,Os01g0670200|1:27483141-27485555:+,1,27483141,27485555,+,Os01t0670200-01,1,no,26,50,26,76,0.342105263157895,1,Oryza_sativa,high_confidence_IR
Os01g0672100,Os01g0672100.intron1,Os01g0672100|1:27560238-27560331:-,1,27560238,27560331,-,Os01t0672100-02,1,no,1024,1375,805,2399,0.426844518549396,0.786132813,Oryza_sativa,high_confidence_IR
Os01g0674150,Os01g0674150.intron1,Os01g0674150|1:27704413-27704489:+,1,27704413,27704489,+,Os01t0674150-01,1,no,332,591,332,923,0.359696641386782,1,Oryza_sativa,high_confidence_IR
Os01g0674400,Os01g0674400.intron1,Os01g0674400|1:27714915-27715033:+,1,27714915,27715033,+,Os01t0674400-00,1,no,2053,5116,2053,7169,0.286371878923141,1,Oryza_sativa,high_confidence_IR
Os01g0674450,Os01g0674450.intron1,Os01g0674450|1:27714915-27715033:-,1,27714915,27715033,-,Os01t0674450-01,1,no,2053,5116,2053,7169,0.286371878923141,1,Oryza_sativa,high_confidence_IR
Os01g0676900,Os01g0676900.intron1,Os01g0676900|1:27834260-27835161:+,1,27834260,27835161,+,Os01t0676900-01,1,no,1913,556,1778,2469,0.774807614418793,0.929430214323053,Oryza_sativa,high_confidence_IR
Os01g0679600,Os01g0679600.intron3,Os01g0679600|1:27964733-27965064:+,1,27964733,27965064,+,Os01t0679600-01,1,yes,22069,2607,18946,24676,0.89435078618901,0.858489283610494,Oryza_sativa,high_confidence_IR
Os01g0680500,Os01g0680500.intron2,Os01g0680500|1:28013784-28013945:-,1,28013784,28013945,-,Os01t0680500-01,1,no,1417,135,1082,1552,0.913015463917526,0.763585038814397,Oryza_sativa,high_confidence_IR
Os01g0683700,Os01g0683700.intron1,Os01g0683700|1:28176951-28177037:+,1,28176951,28177037,+,Os01t0683700-01,1,no,625,1507,625,2132,0.293151969981238,1,Oryza_sativa,high_confidence_IR
Os01g0692300,Os01g0692300.intron2,Os01g0692300|1:28573860-28573928:+,1,28573860,28573928,+,Os01t0692300-01,1,no,4845,39,4414,4884,0.992014742014742,0.911042311661507,Oryza_sativa,high_confidence_IR
Os01g0694000,Os01g0694000.intron1,Os01g0694000|1:28667409-28667504:+,1,28667409,28667504,+,Os01t0694000-01,1,no,210,635,210,845,0.248520710059172,1,Oryza_sativa,high_confidence_IR
Os01g0694100,Os01g0694100.intron1,Os01g0694100|1:28672584-28672671:+,1,28672584,28672671,+,Os01t0694100-01,1,no,394,739,394,1133,0.3477493380406,1,Oryza_sativa,high_confidence_IR
Os01g0711200,Os01g0711200.intron1,Os01g0711200|1:29553121-29553205:+,1,29553121,29553205,+,Os01t0711200-01,1,no,105,115,105,220,0.477272727272727,1,Oryza_sativa,high_confidence_IR
Os01g0713600,Os01g0713600.intron1,Os01g0713600|1:29638352-29639962:+,1,29638352,29639962,+,Os01t0713600-01,1,no,282,223,203,505,0.558415841584158,0.719858156028369,Oryza_sativa,high_confidence_IR
Os01g0718500,Os01g0718500.intron1,Os01g0718500|1:29937669-29937801:+,1,29937669,29937801,+,Os01t0718500-01,1,no,743,2728,743,3471,0.21405934889081,1,Oryza_sativa,high_confidence_IR
Os01g0719200,Os01g0719200.intron1,Os01g0719200|1:29971837-29971906:+,1,29971837,29971906,+,Os01t0719200-01,1,no,553,1617,553,2170,0.254838709677419,1,Oryza_sativa,high_confidence_IR
Os01g0723700,Os01g0723700.intron5,Os01g0723700|1:30189243-30189350:+,1,30189243,30189350,+,Os01t0723700-01,1,no,311,190,220,501,0.620758483033932,0.707395498392283,Oryza_sativa,high_confidence_IR
Os01g0728900,Os01g0728900.intron4,Os01g0728900|1:30397410-30397848:+,1,30397410,30397848,+,Os01t0728900-01,1,no,468,637,417,1105,0.423529411764706,0.891025641025641,Oryza_sativa,high_confidence_IR
Os01g0733001,Os01g0733001.intron1,Os01g0733001|1:30574733-30574791:-,1,30574733,30574791,-,Os01t0733001-00,1,no,679,266,679,945,0.718518518518519,1,Oryza_sativa,high_confidence_IR
Os01g0746700,Os01g0746700.intron5,Os01g0746700|1:31252637-31252662:-,1,31252637,31252662,-,Os01t0746700-00,1,no,3037,68,2802,3105,0.978099838969404,0.922621007573263,Oryza_sativa,high_confidence_IR
Os01g0752400,Os01g0752400.intron2,Os01g0752400|1:31562909-31563812:-,1,31562909,31563812,-,Os01t0752400-00,1,no,9619,8,7519,9627,0.999169003843357,0.781682087535087,Oryza_sativa,high_confidence_IR
Os01g0753000,Os01g0753000.intron1,Os01g0753000|1:31596771-31596840:-,1,31596771,31596840,-,Os01t0753000-01,1,yes,4385,51,3211,4436,0.988503155996393,0.732269099201824,Oryza_sativa,high_confidence_IR
Os01g0764000,Os01g0764000.intron3,Os01g0764000|1:32148411-32148582:-,1,32148411,32148582,-,Os01t0764000-02,1,yes,424958,23,393729,424981,0.999945879933456,0.926512737729376,Oryza_sativa,high_confidence_IR
Os01g0764050,Os01g0764050.intron1,Os01g0764050|1:32148878-32151680:+,1,32148878,32151680,+,Os01t0764050-00,1,no,95,29,95,124,0.766129032258065,1,Oryza_sativa,high_confidence_IR
Os01g0781200,Os01g0781200.intron1,Os01g0781200|1:33098448-33099859:+,1,33098448,33099859,+,Os01t0781200-01,1,no,105,33,105,138,0.760869565217391,1,Oryza_sativa,high_confidence_IR
Os01g0783100,Os01g0783100.intron1,Os01g0783100|1:33184945-33185772:+,1,33184945,33185772,+,Os01t0783100-01,1,no,280,145,196,425,0.658823529411765,0.7,Oryza_sativa,high_confidence_IR
Os01g0784833,Os01g0784833.intron1,Os01g0784833|1:33267695-33267805:-,1,33267695,33267805,-,Os01t0784833-00,1,no,1597,95,1194,1692,0.943853427895981,0.747651847213525,Oryza_sativa,high_confidence_IR
Os01g0797800,Os01g0797800.intron1,Os01g0797800|1:33778404-33778489:+,1,33778404,33778489,+,Os01t0797800-01,1,no,819,444,819,1263,0.648456057007126,1,Oryza_sativa,high_confidence_IR
Os01g0799100,Os01g0799100.intron1,Os01g0799100|1:33821410-33825577:+,1,33821410,33825577,+,Os01t0799100-01,1,no,664,356,664,1020,0.650980392156863,1,Oryza_sativa,high_confidence_IR
Os01g0800400,Os01g0800400.intron1,Os01g0800400|1:33895481-33895596:+,1,33895481,33895596,+,Os01t0800400-01,1,no,1145,510,1145,1655,0.691842900302115,1,Oryza_sativa,high_confidence_IR
Os01g0805500,Os01g0805500.intron2,Os01g0805500|1:34148824-34148867:+,1,34148824,34148867,+,Os01t0805500-00,1,no,1248,662,1066,1910,0.653403141361257,0.854166666666667,Oryza_sativa,high_confidence_IR
Os01g0806300,Os01g0806300.intron1,Os01g0806300|1:34193557-34193791:+,1,34193557,34193791,+,Os01t0806300-01,1,no,261,687,261,948,0.275316455696203,1,Oryza_sativa,high_confidence_IR
Os01g0810200,Os01g0810200.intron3,Os01g0810200|1:34419840-34419926:+,1,34419840,34419926,+,Os01t0810200-01,1,no,1524,4586,1214,6110,0.249427168576105,0.796587926509186,Oryza_sativa,high_confidence_IR
Os01g0812000,Os01g0812000.intron4,Os01g0812000|1:34512440-34512532:+,1,34512440,34512532,+,Os01t0812000-01,1,yes,2450,957,1870,3407,0.719107719401233,0.763265306122449,Oryza_sativa,high_confidence_IR
Os01g0814300,Os01g0814300.intron2,Os01g0814300|1:34638811-34639329:+,1,34638811,34639329,+,Os01t0814300-01,1,no,261,783,220,1044,0.25,0.842911877394636,Oryza_sativa,high_confidence_IR
Os01g0818400,Os01g0818400.intron3,Os01g0818400|1:34865309-34865706:+,1,34865309,34865706,+,Os01t0818400-01,1,yes,2787,714,2459,3501,0.796058269065981,0.882310728381772,Oryza_sativa,high_confidence_IR
Os01g0819466,Os01g0819466.intron2,Os01g0819466|1:34939795-34940271:-,1,34939795,34940271,-,Os01t0819466-00,1,no,171,394,135,565,0.302654867256637,0.789473684210526,Oryza_sativa,high_confidence_IR
Os01g0823700,Os01g0823700.intron1,Os01g0823700|1:35178032-35178322:-,1,35178032,35178322,-,Os01t0823700-01,1,no,387,358,387,745,0.519463087248322,1,Oryza_sativa,high_confidence_IR
Os01g0824500,Os01g0824500.intron1,Os01g0824500|1:35225066-35225863:+,1,35225066,35225863,+,Os01t0824500-00,1,no,11,20,11,31,0.354838709677419,1,Oryza_sativa,high_confidence_IR
Os01g0825900,Os01g0825900.intron1,Os01g0825900|1:35329183-35329325:+,1,35329183,35329325,+,Os01t0825900-01,1,no,297,729,297,1026,0.289473684210526,1,Oryza_sativa,high_confidence_IR
Os01g0828100,Os01g0828100.intron1,Os01g0828100|1:35431433-35431522:+,1,35431433,35431522,+,Os01t0828100-00,1,no,636,61,494,697,0.912482065997131,0.776729559748428,Oryza_sativa,high_confidence_IR
Os01g0829000,Os01g0829000.intron4,Os01g0829000|1:35478986-35479144:+,1,35478986,35479144,+,Os01t0829000-01,1,no,3448,8220,2702,11668,0.295509084676037,0.783642691415313,Oryza_sativa,high_confidence_IR
Os01g0832200,Os01g0832200.intron3,Os01g0832200|1:35611160-35611283:-,1,35611160,35611283,-,Os01t0832200-02,1,yes,22256,269,17945,22525,0.988057713651498,0.806299424874191,Oryza_sativa,high_confidence_IR
Os01g0841700,Os01g0841700.intron1,Os01g0841700|1:36136018-36136116:+,1,36136018,36136116,+,Os01t0841700-01,1,yes,3525,7928,2683,11453,0.307779621059984,0.76113475177305,Oryza_sativa,high_confidence_IR
Os01g0844400,Os01g0844400.intron4,Os01g0844400|1:36259685-36259777:-,1,36259685,36259777,-,Os01t0844400-01,1,yes,4537,80,3452,4617,0.982672731210743,0.760855190654618,Oryza_sativa,high_confidence_IR
Os01g0846150,Os01g0846150.intron1,Os01g0846150|1:36345375-36345473:-,1,36345375,36345473,-,Os01t0846150-00,1,no,5299,3378,5299,8677,0.610694940647689,1,Oryza_sativa,high_confidence_IR
Os01g0848300,Os01g0848300.intron1,Os01g0848300|1:36439880-36440164:-,1,36439880,36440164,-,Os01t0848300-01,1,no,1779,178,1779,1957,0.909044455799693,1,Oryza_sativa,high_confidence_IR
Os01g0850700,Os01g0850700.intron4,Os01g0850700|1:36626090-36626232:+,1,36626090,36626232,+,Os01t0850700-01,1,yes,17527,646,13711,18173,0.9644527595884,0.782278769897872,Oryza_sativa,high_confidence_IR
Os01g0859300,Os01g0859300.intron3,Os01g0859300|1:37175722-37176016:+,1,37175722,37176016,+,Os01t0859300-02,1,yes,744,126,697,870,0.855172413793103,0.936827956989247,Oryza_sativa,high_confidence_IR
Os01g0859600,Os01g0859600.intron1,Os01g0859600|1:37190893-37195751:-,1,37190893,37195751,-,Os01t0859600-01,1,no,2666,8675,2666,11341,0.235076271933692,1,Oryza_sativa,high_confidence_IR
Os01g0869500,Os01g0869500.intron9,Os01g0869500|1:37686331-37686421:-,1,37686331,37686421,-,Os01t0869500-02,1,no,202,157,143,359,0.562674094707521,0.707920792079208,Oryza_sativa,high_confidence_IR
Os01g0872000,Os01g0872000.intron1,Os01g0872000|1:37814792-37814901:+,1,37814792,37814901,+,Os01t0872000-01,1,no,227,550,204,777,0.292149292149292,0.898678414096916,Oryza_sativa,high_confidence_IR
Os01g0872650,Os01g0872650.intron1,Os01g0872650|1:37843621-37843820:-,1,37843621,37843820,-,Os01t0872650-00,1,no,621,177,621,798,0.778195488721805,1,Oryza_sativa,high_confidence_IR
Os01g0875500,Os01g0875500.intron19,Os01g0875500|1:38000687-38000809:+,1,38000687,38000809,+,Os01t0875500-02,1,yes,9994,4325,7243,14319,0.69795376772121,0.724734840904543,Oryza_sativa,high_confidence_IR
Os01g0876800,Os01g0876800.intron5,Os01g0876800|1:38052639-38053124:+,1,38052639,38053124,+,Os01t0876800-00,1,no,7495,4989,6312,12484,0.600368471643704,0.84216144096064,Oryza_sativa,high_confidence_IR
Os01g0879400,Os01g0879400.intron1,Os01g0879400|1:38154327-38155153:+,1,38154327,38155153,+,Os01t0879400-01,1,no,2331,569,2116,2900,0.803793103448276,0.907764907764908,Oryza_sativa,high_confidence_IR
Os01g0879600,Os01g0879600.intron1,Os01g0879600|1:38164404-38164503:+,1,38164404,38164503,+,Os01t0879600-00,1,no,36,37,26,73,0.493150684931507,0.722222222222222,Oryza_sativa,high_confidence_IR
Os01g0880250,Os01g0880250.intron1,Os01g0880250|1:38200842-38201144:-,1,38200842,38201144,-,Os01t0880250-00,1,no,492,400,369,892,0.551569506726457,0.75,Oryza_sativa,high_confidence_IR
Os01g0880850,Os01g0880850.intron1,Os01g0880850|1:38225102-38225190:-,1,38225102,38225190,-,Os01t0880850-00,1,no,405,178,405,583,0.694682675814751,1,Oryza_sativa,high_confidence_IR
Os01g0883800,Os01g0883800.intron1,Os01g0883800|1:38382759-38383140:+,1,38382759,38383140,+,Os01t0883800-01,1,yes,2836,644,2131,3480,0.814942528735632,0.751410437235543,Oryza_sativa,high_confidence_IR
Os01g0891400,Os01g0891400.intron1,Os01g0891400|1:38758641-38759290:-,1,38758641,38759290,-,Os01t0891400-01,1,no,410,316,302,726,0.564738292011019,0.736585365853659,Oryza_sativa,high_confidence_IR
Os01g0892800,Os01g0892800.intron11,Os01g0892800|1:38821753-38821928:+,1,38821753,38821928,+,Os01t0892800-02,1,no,4989,8581,3496,13570,0.36764922623434,0.700741631589497,Oryza_sativa,high_confidence_IR
Os01g0894300,Os01g0894300.intron1,Os01g0894300|1:38887210-38887443:-,1,38887210,38887443,-,Os01t0894300-02,1,yes,8625,33,6633,8658,0.996188496188496,0.76904347826087,Oryza_sativa,high_confidence_IR
Os01g0900800,Os01g0900800.intron2,Os01g0900800|1:39215255-39215479:+,1,39215255,39215479,+,Os01t0900800-02,1,yes,17931,13,13997,17944,0.999275523851984,0.780603424237354,Oryza_sativa,high_confidence_IR
Os01g0901600,Os01g0901600.intron4,Os01g0901600|1:39260696-39260820:+,1,39260696,39260820,+,Os01t0901600-01,1,no,863,2559,618,3422,0.25219170075979,0.716106604866744,Oryza_sativa,high_confidence_IR
Os01g0909600,Os01g0909600.intron1,Os01g0909600|1:39617373-39617459:+,1,39617373,39617459,+,Os01t0909600-01,1,no,616,44,616,660,0.933333333333333,1,Oryza_sativa,high_confidence_IR
Os01g0919950,Os01g0919950.intron1,Os01g0919950|1:40147696-40148034:+,1,40147696,40148034,+,Os01t0919950-00,1,no,407,262,407,669,0.608370702541106,1,Oryza_sativa,high_confidence_IR
Os01g0923600,Os01g0923600.intron10,Os01g0923600|1:40402594-40402807:+,1,40402594,40402807,+,Os01t0923600-02,1,yes,4087,7609,2925,11696,0.349435704514364,0.71568387570345,Oryza_sativa,high_confidence_IR
Os01g0923800,Os01g0923800.intron1,Os01g0923800|1:40438433-40439790:+,1,40438433,40439790,+,Os01t0923800-01,1,no,42,83,42,125,0.336,1,Oryza_sativa,high_confidence_IR
Os01g0923950,Os01g0923950.intron1,Os01g0923950|1:40453076-40453123:+,1,40453076,40453123,+,Os01t0923950-00,1,no,221,307,221,528,0.418560606060606,1,Oryza_sativa,high_confidence_IR
Os01g0927500,Os01g0927500.intron1,Os01g0927500|1:40679958-40680109:+,1,40679958,40680109,+,Os01t0927500-01,1,yes,763,323,629,1086,0.702578268876611,0.82437745740498,Oryza_sativa,high_confidence_IR
Os01g0930000,Os01g0930000.intron1,Os01g0930000|1:40807452-40807582:+,1,40807452,40807582,+,Os01t0930000-01,1,no,3960,5485,2936,9445,0.419269454737957,0.741414141414141,Oryza_sativa,high_confidence_IR
Os01g0947767,Os01g0947767.intron1,Os01g0947767|1:41680518-41680579:+,1,41680518,41680579,+,Os01t0947767-00,1,no,946,38,946,984,0.961382113821138,1,Oryza_sativa,high_confidence_IR
Os01g0949220,Os01g0949220.intron1,Os01g0949220|1:41814674-41814751:-,1,41814674,41814751,-,Os01t0949220-00,1,no,7,7,7,14,0.5,1,Oryza_sativa,high_confidence_IR
Os01g0949900,Os01g0949900.intron1,Os01g0949900|1:41846756-41846868:+,1,41846756,41846868,+,Os01t0949900-01,1,no,1617,4846,1617,6463,0.250193408633761,1,Oryza_sativa,high_confidence_IR
Os01g0952000,Os01g0952000.intron1,Os01g0952000|1:41914928-41915123:+,1,41914928,41915123,+,Os01t0952000-01,1,yes,8353,17,8214,8370,0.997968936678614,0.983359272117802,Oryza_sativa,high_confidence_IR
Os01g0963400,Os01g0963400.intron4,Os01g0963400|1:42453081-42454036:+,1,42453081,42454036,+,Os01t0963400-01,1,no,8725,5105,7882,13830,0.630874909616775,0.903381088825215,Oryza_sativa,high_confidence_IR
Os01g0970700,Os01g0970700.intron8,Os01g0970700|1:42826522-42826637:-,1,42826522,42826637,-,Os01t0970700-02,1,yes,73048,8719,53427,81767,0.893367740041826,0.731395794546052,Oryza_sativa,high_confidence_IR
Os01g0973100,Os01g0973100.intron4,Os01g0973100|1:42961145-42964330:+,1,42961145,42964330,+,Os01t0973100-01,1,no,988,79,783,1067,0.925960637300843,0.79251012145749,Oryza_sativa,high_confidence_IR
Os01g0974300,Os01g0974300.intron7,Os01g0974300|1:43049698-43050199:-,1,43049698,43050199,-,Os01t0974300-01,1,no,2453,5403,2007,7856,0.312245417515275,0.818181818181818,Oryza_sativa,high_confidence_IR
Os10g0108700,Os10g0108700.intron1,Os10g0108700|10:583088-583211:+,10,583088,583211,+,Os10t0108700-01,1,yes,144,89,144,233,0.618025751072961,1,Oryza_sativa,high_confidence_IR
Os10g0111300,Os10g0111300.intron4,Os10g0111300|10:788872-789644:-,10,788872,789644,-,Os10t0111300-01,1,no,21657,91,17374,21748,0.995815707191466,0.802234843237752,Oryza_sativa,high_confidence_IR
Os10g0118000,Os10g0118000.intron1,Os10g0118000|10:1140992-1141118:-,10,1140992,1141118,-,Os10t0118000-01,1,no,1839,41,1311,1880,0.978191489361702,0.712887438825449,Oryza_sativa,high_confidence_IR
Os10g0119200,Os10g0119200.intron1,Os10g0119200|10:1224015-1224087:-,10,1224015,1224087,-,Os10t0119200-01,1,no,53,197,53,250,0.212,1,Oryza_sativa,high_confidence_IR
Os10g0124100,Os10g0124100.intron1,Os10g0124100|10:1533044-1534430:+,10,1533044,1534430,+,Os10t0124100-01,1,no,6674,2998,6367,9672,0.690033085194376,0.954000599340725,Oryza_sativa,high_confidence_IR
Os10g0124150,Os10g0124150.intron1,Os10g0124150|10:1534789-1534901:-,10,1534789,1534901,-,Os10t0124150-00,1,no,459,73,459,532,0.862781954887218,1,Oryza_sativa,high_confidence_IR
Os10g0124400,Os10g0124400.intron2,Os10g0124400|10:1546414-1547740:-,10,1546414,1547740,-,Os10t0124400-00,1,no,595,788,472,1383,0.430224150397686,0.79327731092437,Oryza_sativa,high_confidence_IR
Os10g0124700,Os10g0124700.intron1,Os10g0124700|10:1565127-1565305:-,10,1565127,1565305,-,Os10t0124700-01,1,no,321,366,241,687,0.467248908296943,0.750778816199377,Oryza_sativa,high_confidence_IR
Os10g0126600,Os10g0126600.intron2,Os10g0126600|10:1688796-1688919:-,10,1688796,1688919,-,Os10t0126600-01,1,no,472,460,448,932,0.506437768240343,0.949152542372881,Oryza_sativa,high_confidence_IR
Os10g0126800,Os10g0126800.intron1,Os10g0126800|10:1702705-1702856:-,10,1702705,1702856,-,Os10t0126800-01,1,no,28,14,25,42,0.666666666666667,0.892857142857143,Oryza_sativa,high_confidence_IR
Os10g0128400,Os10g0128400.intron2,Os10g0128400|10:1769232-1770140:+,10,1769232,1770140,+,Os10t0128400-01,1,no,218,238,174,456,0.478070175438596,0.798165137614679,Oryza_sativa,high_confidence_IR
Os10g0129100,Os10g0129100.intron4,Os10g0129100|10:1785433-1785568:-,10,1785433,1785568,-,Os10t0129100-01,1,no,350,51,277,401,0.872817955112219,0.791428571428571,Oryza_sativa,high_confidence_IR
Os10g0131000,Os10g0131000.intron2,Os10g0131000|10:1900567-1902280:+,10,1900567,1902280,+,Os10t0131000-00,1,no,30,9,23,39,0.769230769230769,0.766666666666667,Oryza_sativa,high_confidence_IR
Os10g0132901,Os10g0132901.intron1,Os10g0132901|10:2056080-2056196:-,10,2056080,2056196,-,Os10t0132901-00,1,no,242,18,242,260,0.930769230769231,1,Oryza_sativa,high_confidence_IR
Os10g0135300,Os10g0135300.intron2,Os10g0135300|10:2187369-2188159:+,10,2187369,2188159,+,Os10t0135300-01;Os10t0135300-02,2,no,608,1050,535,1658,0.36670687575392,0.879934210526316,Oryza_sativa,high_confidence_IR
Os10g0142700,Os10g0142700.intron1,Os10g0142700|10:2595284-2596721:-,10,2595284,2596721,-,Os10t0142700-01,1,no,74,187,74,261,0.283524904214559,1,Oryza_sativa,high_confidence_IR
Os10g0147900,Os10g0147900.intron1,Os10g0147900|10:2885901-2887586:-,10,2885901,2887586,-,Os10t0147900-02,1,yes,116,47,116,163,0.711656441717791,1,Oryza_sativa,high_confidence_IR
Os10g0158000,Os10g0158000.intron3,Os10g0158000|10:3652545-3652713:+,10,3652545,3652713,+,Os10t0158000-01,1,no,12,27,9,39,0.307692307692308,0.75,Oryza_sativa,high_confidence_IR
Os10g0161100,Os10g0161100.intron1,Os10g0161100|10:3898385-3899677:-,10,3898385,3899677,-,Os10t0161100-01,1,no,452,907,412,1359,0.332597498160412,0.911504424778761,Oryza_sativa,high_confidence_IR
Os10g0162980,Os10g0162980.intron1,Os10g0162980|10:4251827-4251897:+,10,4251827,4251897,+,Os10t0162980-01,1,no,234,37,234,271,0.863468634686347,1,Oryza_sativa,high_confidence_IR
Os10g0178101,Os10g0178101.intron1,Os10g0178101|10:5374281-5376440:-,10,5374281,5376440,-,Os10t0178101-01,1,no,1454,21,1454,1475,0.985762711864407,1,Oryza_sativa,high_confidence_IR
Os10g0183000,Os10g0183000.intron2,Os10g0183000|10:5694283-5694449:-,10,5694283,5694449,-,Os10t0183000-01,1,yes,534,1551,470,2085,0.256115107913669,0.880149812734082,Oryza_sativa,high_confidence_IR
Os10g0188100,Os10g0188100.intron8,Os10g0188100|10:6082041-6082127:-,10,6082041,6082127,-,Os10t0188100-01;Os10t0188100-03,2,yes,10060,5609,7679,15669,0.642032037781607,0.763320079522863,Oryza_sativa,high_confidence_IR
Os10g0195250,Os10g0195250.intron1,Os10g0195250|10:6597300-6599362:-,10,6597300,6599362,-,Os10t0195250-01,1,no,21021,18070,21021,39091,0.537745261057532,1,Oryza_sativa,high_confidence_IR
Os10g0206000,Os10g0206000.intron2,Os10g0206000|10:7543404-7543675:-,10,7543404,7543675,-,Os10t0206000-00,1,no,647,518,488,1165,0.555364806866953,0.754250386398764,Oryza_sativa,high_confidence_IR
Os10g0208200,Os10g0208200.intron5,Os10g0208200|10:7674814-7675425:-,10,7674814,7675425,-,Os10t0208200-00,1,no,91,17,88,108,0.842592592592593,0.967032967032967,Oryza_sativa,high_confidence_IR
Os10g0208200,Os10g0208200.intron1,Os10g0208200|10:7677064-7677196:-,10,7677064,7677196,-,Os10t0208200-00,1,no,234,34,190,268,0.873134328358209,0.811965811965812,Oryza_sativa,high_confidence_IR
Os10g0213800,Os10g0213800.intron1,Os10g0213800|10:7993744-7994588:-,10,7993744,7994588,-,Os10t0213800-01,1,no,22150,2902,22150,25052,0.884160945233913,1,Oryza_sativa,high_confidence_IR
Os10g0318000,Os10g0318000.intron2,Os10g0318000|10:8507222-8507327:+,10,8507222,8507327,+,Os10t0318000-01,1,no,789,1269,763,2058,0.383381924198251,0.967046894803549,Oryza_sativa,high_confidence_IR
Os10g0320001,Os10g0320001.intron1,Os10g0320001|10:8660779-8661821:+,10,8660779,8661821,+,Os10t0320001-00,1,no,430,1111,394,1541,0.279039584685269,0.916279069767442,Oryza_sativa,high_confidence_IR
Os10g0326800,Os10g0326800.intron1,Os10g0326800|10:9078744-9078898:+,10,9078744,9078898,+,Os10t0326800-01,1,no,1048,23,1048,1071,0.978524743230626,1,Oryza_sativa,high_confidence_IR
Os10g0328600,Os10g0328600.intron1,Os10g0328600|10:9215224-9216318:-,10,9215224,9216318,-,Os10t0328600-01,1,no,87,74,87,161,0.540372670807453,1,Oryza_sativa,high_confidence_IR
Os10g0339182,Os10g0339182.intron1,Os10g0339182|10:9860725-9860853:+,10,9860725,9860853,+,Os10t0339182-02,1,yes,28,97,28,125,0.224,1,Oryza_sativa,high_confidence_IR
Os10g0343000,Os10g0343000.intron1,Os10g0343000|10:10164614-10164721:+,10,10164614,10164721,+,Os10t0343000-02,1,no,2139,2822,2139,4961,0.431163071961298,1,Oryza_sativa,high_confidence_IR
Os10g0358700,Os10g0358700.intron2,Os10g0358700|10:10993512-10994814:-,10,10993512,10994814,-,Os10t0358700-01;Os10t0358700-03,2,yes,445,914,341,1359,0.327446651949963,0.766292134831461,Oryza_sativa,high_confidence_IR
Os10g0370600,Os10g0370600.intron1,Os10g0370600|10:11673100-11673249:+,10,11673100,11673249,+,Os10t0370600-01,1,no,8850,689,8850,9539,0.9277702065206,1,Oryza_sativa,high_confidence_IR
Os10g0374600,Os10g0374600.intron1,Os10g0374600|10:11882978-11883053:+,10,11882978,11883053,+,Os10t0374600-00,1,no,778,240,778,1018,0.764243614931238,1,Oryza_sativa,high_confidence_IR
Os10g0375000,Os10g0375000.intron2,Os10g0375000|10:11893995-11896357:+,10,11893995,11896357,+,Os10t0375000-01,1,no,30,118,25,148,0.202702702702703,0.833333333333333,Oryza_sativa,high_confidence_IR
Os10g0379233,Os10g0379233.intron1,Os10g0379233|10:12182257-12182650:+,10,12182257,12182650,+,Os10t0379233-00,1,no,64,14,64,78,0.82051282051282,1,Oryza_sativa,high_confidence_IR
Os10g0389900,Os10g0389900.intron1,Os10g0389900|10:12923523-12923620:+,10,12923523,12923620,+,Os10t0389900-00,1,no,145,25,113,170,0.852941176470588,0.779310344827586,Oryza_sativa,high_confidence_IR
Os10g0394700,Os10g0394700.intron1,Os10g0394700|10:13186840-13186930:-,10,13186840,13186930,-,Os10t0394700-01,1,no,1735,3288,1735,5023,0.345411108899064,1,Oryza_sativa,high_confidence_IR
Os10g0406200,Os10g0406200.intron1,Os10g0406200|10:13874890-13875133:-,10,13874890,13875133,-,Os10t0406200-01,1,no,1037,1082,926,2119,0.489381783860311,0.892960462873674,Oryza_sativa,high_confidence_IR
Os10g0406300,Os10g0406300.intron2,Os10g0406300|10:13883342-13883769:-,10,13883342,13883769,-,Os10t0406300-01,1,no,4323,11,3583,4334,0.99746192893401,0.82882257691418,Oryza_sativa,high_confidence_IR
Os10g0410100,Os10g0410100.intron2,Os10g0410100|10:14237929-14239204:+,10,14237929,14239204,+,Os10t0410100-01,1,no,259,8,249,267,0.970037453183521,0.961389961389961,Oryza_sativa,high_confidence_IR
Os10g0410900,Os10g0410900.intron1,Os10g0410900|10:14279205-14280299:+,10,14279205,14280299,+,Os10t0410900-01,1,no,174,408,144,582,0.298969072164948,0.827586206896552,Oryza_sativa,high_confidence_IR
Os10g0420200,Os10g0420200.intron3,Os10g0420200|10:14785986-14786357:+,10,14785986,14786357,+,Os10t0420200-01,1,no,305,75,218,380,0.802631578947368,0.714754098360656,Oryza_sativa,high_confidence_IR
Os10g0422700,Os10g0422700.intron1,Os10g0422700|10:14975981-14976088:-,10,14975981,14976088,-,Os10t0422700-01,1,no,64,7,64,71,0.901408450704225,1,Oryza_sativa,high_confidence_IR
Os10g0427300,Os10g0427300.intron1,Os10g0427300|10:15200639-15200710:+,10,15200639,15200710,+,Os10t0427300-02,1,yes,1043,73,1043,1116,0.934587813620072,1,Oryza_sativa,high_confidence_IR
Os10g0427900,Os10g0427900.intron1,Os10g0427900|10:15222017-15222169:-,10,15222017,15222169,-,Os10t0427900-01,1,yes,385,681,385,1066,0.361163227016886,1,Oryza_sativa,high_confidence_IR
Os10g0432300,Os10g0432300.intron3,Os10g0432300|10:15425849-15426000:-,10,15425849,15426000,-,Os10t0432300-01,1,no,1131,3339,833,4470,0.253020134228188,0.736516357206012,Oryza_sativa,high_confidence_IR
Os10g0433700,Os10g0433700.intron1,Os10g0433700|10:15454167-15454282:+,10,15454167,15454282,+,Os10t0433700-01,1,no,50,91,50,141,0.354609929078014,1,Oryza_sativa,high_confidence_IR
Os10g0436825,Os10g0436825.intron1,Os10g0436825|10:15601974-15603726:-,10,15601974,15603726,-,Os10t0436825-00,1,no,57,81,57,138,0.41304347826087,1,Oryza_sativa,high_confidence_IR
Os10g0437525,Os10g0437525.intron1,Os10g0437525|10:15671095-15671196:-,10,15671095,15671196,-,Os10t0437525-00,1,no,519,113,519,632,0.82120253164557,1,Oryza_sativa,high_confidence_IR
Os10g0460500,Os10g0460500.intron6,Os10g0460500|10:16942821-16942961:+,10,16942821,16942961,+,Os10t0460500-01,1,no,45,12,37,57,0.789473684210526,0.822222222222222,Oryza_sativa,high_confidence_IR
Os10g0461400,Os10g0461400.intron3,Os10g0461400|10:16981797-16981870:-,10,16981797,16981870,-,Os10t0461400-01,1,no,192,9,167,201,0.955223880597015,0.869791666666667,Oryza_sativa,high_confidence_IR
Os10g0465175,Os10g0465175.intron1,Os10g0465175|10:17164974-17165101:-,10,17164974,17165101,-,Os10t0465175-00,1,no,296,433,296,729,0.406035665294925,1,Oryza_sativa,high_confidence_IR
Os10g0478100,Os10g0478100.intron9,Os10g0478100|10:17906366-17906991:-,10,17906366,17906991,-,Os10t0478100-01;Os10t0478100-02,2,no,617,1524,455,2141,0.288183092013078,0.737439222042139,Oryza_sativa,high_confidence_IR
Os10g0491100,Os10g0491100.intron3,Os10g0491100|10:18643326-18644573:+,10,18643326,18644573,+,Os10t0491100-01,1,no,2196,8782,1989,10978,0.200036436509382,0.905737704918033,Oryza_sativa,high_confidence_IR
Os10g0492300,Os10g0492300.intron1,Os10g0492300|10:18692982-18693026:-,10,18692982,18693026,-,Os10t0492300-01,1,no,7915,233,6227,8148,0.971404025527737,0.786734049273531,Oryza_sativa,high_confidence_IR
Os10g0494950,Os10g0494950.intron2,Os10g0494950|10:18809901-18809968:+,10,18809901,18809968,+,Os10t0494950-00,1,no,681,270,531,951,0.71608832807571,0.779735682819383,Oryza_sativa,high_confidence_IR
Os10g0495200,Os10g0495200.intron1,Os10g0495200|10:18832535-18833488:-,10,18832535,18833488,-,Os10t0495200-01,1,yes,53,192,53,245,0.216326530612245,1,Oryza_sativa,high_confidence_IR
Os10g0498500,Os10g0498500.intron2,Os10g0498500|10:19006396-19007054:+,10,19006396,19007054,+,Os10t0498500-00,1,no,5102,90,4331,5192,0.9826656394453,0.848882791062328,Oryza_sativa,high_confidence_IR
Os10g0499500,Os10g0499500.intron1,Os10g0499500|10:19057028-19057104:+,10,19057028,19057104,+,Os10t0499500-01,1,no,34,108,34,142,0.23943661971831,1,Oryza_sativa,high_confidence_IR
Os10g0500700,Os10g0500700.intron3,Os10g0500700|10:19099877-19100197:+,10,19099877,19100197,+,Os10t0500700-02,1,yes,27257,5,24165,27262,0.999816594527181,0.886561250321018,Oryza_sativa,high_confidence_IR
Os10g0501500,Os10g0501500.intron1,Os10g0501500|10:19130499-19132638:+,10,19130499,19132638,+,Os10t0501500-01,1,no,9499,14470,9499,23969,0.396303558763403,1,Oryza_sativa,high_confidence_IR
Os10g0504900,Os10g0504900.intron1,Os10g0504900|10:19303902-19303958:+,10,19303902,19303958,+,Os10t0504900-01,1,no,1954,15,1954,1969,0.992381919756221,1,Oryza_sativa,high_confidence_IR
Os10g0508700,Os10g0508700.intron1,Os10g0508700|10:19530588-19531522:-,10,19530588,19531522,-,Os10t0508700-01,1,no,273,361,273,634,0.430599369085173,1,Oryza_sativa,high_confidence_IR
Os10g0518000,Os10g0518000.intron1,Os10g0518000|10:20022800-20023276:-,10,20022800,20023276,-,Os10t0518000-00,1,no,3644,2389,3644,6033,0.604011271340958,1,Oryza_sativa,high_confidence_IR
Os10g0522601,Os10g0522601.intron1,Os10g0522601|10:20263394-20263495:+,10,20263394,20263495,+,Os10t0522601-01,1,no,157,236,130,393,0.399491094147583,0.828025477707006,Oryza_sativa,high_confidence_IR
Os10g0525400,Os10g0525400.intron1,Os10g0525400|10:20432663-20432758:-,10,20432663,20432758,-,Os10t0525400-01,1,yes,8803,17689,8803,26492,0.332288992903518,1,Oryza_sativa,high_confidence_IR
Os10g0536450,Os10g0536450.intron1,Os10g0536450|10:20890915-20891484:-,10,20890915,20891484,-,Os10t0536450-00,1,no,511,224,511,735,0.695238095238095,1,Oryza_sativa,high_confidence_IR
Os10g0537400,Os10g0537400.intron1,Os10g0537400|10:20935353-20935466:+,10,20935353,20935466,+,Os10t0537400-00,1,no,105,340,105,445,0.235955056179775,1,Oryza_sativa,high_confidence_IR
Os10g0539900,Os10g0539900.intron4,Os10g0539900|10:21050521-21051751:+,10,21050521,21051751,+,Os10t0539900-03,1,yes,16405,52,12595,16457,0.996840250349395,0.767753733617799,Oryza_sativa,high_confidence_IR
Os10g0540000,Os10g0540000.intron1,Os10g0540000|10:21055613-21056243:-,10,21055613,21056243,-,Os10t0540000-01,1,no,1920,17,1920,1937,0.991223541559112,1,Oryza_sativa,high_confidence_IR
Os10g0540100,Os10g0540100.intron1,Os10g0540100|10:21059104-21059229:-,10,21059104,21059229,-,Os10t0540100-01,1,no,493,886,351,1379,0.357505438723713,0.711967545638945,Oryza_sativa,high_confidence_IR
Os10g0540200,Os10g0540200.intron1,Os10g0540200|10:21059487-21059710:+,10,21059487,21059710,+,Os10t0540200-01,1,no,1161,120,939,1281,0.90632318501171,0.808785529715762,Oryza_sativa,high_confidence_IR
Os10g0548350,Os10g0548350.intron1,Os10g0548350|10:21454536-21454746:+,10,21454536,21454746,+,Os10t0548350-00,1,no,33,25,28,58,0.568965517241379,0.848484848484849,Oryza_sativa,high_confidence_IR
Os10g0548750,Os10g0548750.intron1,Os10g0548750|10:21468075-21468782:+,10,21468075,21468782,+,Os10t0548750-00,1,no,81,16,65,97,0.835051546391753,0.802469135802469,Oryza_sativa,high_confidence_IR
Os10g0556500,Os10g0556500.intron1,Os10g0556500|10:21873750-21874007:+,10,21873750,21874007,+,Os10t0556500-01,1,no,172,404,172,576,0.298611111111111,1,Oryza_sativa,high_confidence_IR
Os10g0559450,Os10g0559450.intron1,Os10g0559450|10:22019320-22022398:+,10,22019320,22022398,+,Os10t0559450-01,1,no,184,45,184,229,0.803493449781659,1,Oryza_sativa,high_confidence_IR
Os10g0560500,Os10g0560500.intron1,Os10g0560500|10:22083800-22084222:+,10,22083800,22084222,+,Os10t0560500-01,1,no,678,257,678,935,0.725133689839572,1,Oryza_sativa,high_confidence_IR
Os10g0566300,Os10g0566300.intron1,Os10g0566300|10:22425883-22426327:+,10,22425883,22426327,+,Os10t0566300-01,1,no,2218,6790,2218,9008,0.246225577264654,1,Oryza_sativa,high_confidence_IR
Os10g0572900,Os10g0572900.intron1,Os10g0572900|10:22744969-22745190:-,10,22744969,22745190,-,Os10t0572900-01,1,no,2894,52,2721,2946,0.98234894772573,0.940221147201106,Oryza_sativa,high_confidence_IR
Os10g0575900,Os10g0575900.intron1,Os10g0575900|10:22935136-22935335:+,10,22935136,22935335,+,Os10t0575900-00,1,no,182,194,182,376,0.484042553191489,1,Oryza_sativa,high_confidence_IR
Os10g0579850,Os10g0579850.intron1,Os10g0579850|10:23129548-23129618:-,10,23129548,23129618,-,Os10t0579850-00,1,no,522,10,522,532,0.981203007518797,1,Oryza_sativa,high_confidence_IR
Os10g0580001,Os10g0580001.intron3,Os10g0580001|10:23143823-23143949:+,10,23143823,23143949,+,Os10t0580001-01,1,no,964,807,774,1771,0.544325239977414,0.802904564315353,Oryza_sativa,high_confidence_IR
Os10g0580750,Os10g0580750.intron1,Os10g0580750|10:23190551-23191465:-,10,23190551,23191465,-,Os10t0580750-00,1,no,181,21,181,202,0.896039603960396,1,Oryza_sativa,high_confidence_IR
Os11g0107425,Os11g0107425.intron2,Os11g0107425|11:341850-344090:-,11,341850,344090,-,Os11t0107425-00,1,no,295,379,214,674,0.437685459940653,0.725423728813559,Oryza_sativa,high_confidence_IR
Os11g0112100,Os11g0112100.intron2,Os11g0112100|11:566823-567642:+,11,566823,567642,+,Os11t0112100-00,1,no,1397,50,1314,1447,0.965445749827229,0.940586972083035,Oryza_sativa,high_confidence_IR
Os11g0123066,Os11g0123066.intron1,Os11g0123066|11:1033502-1033656:+,11,1033502,1033656,+,Os11t0123066-01,1,no,238,89,238,327,0.72782874617737,1,Oryza_sativa,high_confidence_IR
Os11g0123600,Os11g0123600.intron1,Os11g0123600|11:1086847-1086931:+,11,1086847,1086931,+,Os11t0123600-00,1,no,42,45,42,87,0.482758620689655,1,Oryza_sativa,high_confidence_IR
Os11g0126900,Os11g0126900.intron2,Os11g0126900|11:1234742-1235007:+,11,1234742,1235007,+,Os11t0126900-01,1,no,3942,6,3695,3948,0.998480243161094,0.937341451040081,Oryza_sativa,high_confidence_IR
Os11g0130800,Os11g0130800.intron1,Os11g0130800|11:1413445-1415354:-,11,1413445,1415354,-,Os11t0130800-01,1,no,84,5,72,89,0.943820224719101,0.857142857142857,Oryza_sativa,high_confidence_IR
Os11g0134166,Os11g0134166.intron1,Os11g0134166|11:1572653-1572790:+,11,1572653,1572790,+,Os11t0134166-00,1,no,200,72,200,272,0.735294117647059,1,Oryza_sativa,high_confidence_IR
Os11g0146300,Os11g0146300.intron3,Os11g0146300|11:2099165-2099407:+,11,2099165,2099407,+,Os11t0146300-01,1,no,558,599,462,1157,0.48228176318064,0.827956989247312,Oryza_sativa,high_confidence_IR
Os11g0148700,Os11g0148700.intron7,Os11g0148700|11:2248127-2248228:-,11,2248127,2248228,-,Os11t0148700-01,1,no,7632,75,6273,7707,0.990268586998832,0.821933962264151,Oryza_sativa,high_confidence_IR
Os11g0151800,Os11g0151800.intron2,Os11g0151800|11:2435485-2436656:+,11,2435485,2436656,+,Os11t0151800-01,1,no,646,9,526,655,0.986259541984733,0.814241486068111,Oryza_sativa,high_confidence_IR
Os11g0166201,Os11g0166201.intron1,Os11g0166201|11:3183458-3183557:-,11,3183458,3183557,-,Os11t0166201-00,1,no,119,307,119,426,0.279342723004695,1,Oryza_sativa,high_confidence_IR
Os11g0167300,Os11g0167300.intron3,Os11g0167300|11:3250437-3250530:-,11,3250437,3250530,-,Os11t0167300-02,1,yes,1151,26,1036,1177,0.977909940526763,0.900086880973067,Oryza_sativa,high_confidence_IR
Os11g0168250,Os11g0168250.intron1,Os11g0168250|11:3296429-3296555:-,11,3296429,3296555,-,Os11t0168250-00,1,no,306,177,306,483,0.633540372670807,1,Oryza_sativa,high_confidence_IR
Os11g0170900,Os11g0170900.intron2,Os11g0170900|11:3465484-3465613:-,11,3465484,3465613,-,Os11t0170900-01,1,no,1694,3010,1533,4704,0.360119047619048,0.90495867768595,Oryza_sativa,high_confidence_IR
Os11g0171350,Os11g0171350.intron1,Os11g0171350|11:3490265-3490441:+,11,3490265,3490441,+,Os11t0171350-00,1,no,2672,55,2672,2727,0.97983131646498,1,Oryza_sativa,high_confidence_IR
Os11g0180200,Os11g0180200.intron6,Os11g0180200|11:4005664-4007388:-,11,4005664,4007388,-,Os11t0180200-01,1,yes,6419,35,5008,6454,0.994577006507592,0.780183829256894,Oryza_sativa,high_confidence_IR
Os11g0181700,Os11g0181700.intron3,Os11g0181700|11:4095717-4095835:+,11,4095717,4095835,+,Os11t0181700-01,1,yes,7959,33,6706,7992,0.995870870870871,0.842568161829376,Oryza_sativa,high_confidence_IR
Os11g0183150,Os11g0183150.intron2,Os11g0183150|11:4184867-4187083:-,11,4184867,4187083,-,Os11t0183150-00,1,no,43,85,43,128,0.3359375,1,Oryza_sativa,high_confidence_IR
Os11g0184100,Os11g0184100.intron1,Os11g0184100|11:4252603-4253685:+,11,4252603,4253685,+,Os11t0184100-01,1,no,638,2163,616,2801,0.227775794359157,0.96551724137931,Oryza_sativa,high_confidence_IR
Os11g0203400,Os11g0203400.intron1,Os11g0203400|11:5239194-5239268:-,11,5239194,5239268,-,Os11t0203400-01,1,no,600,21,600,621,0.966183574879227,1,Oryza_sativa,high_confidence_IR
Os11g0206600,Os11g0206600.intron2,Os11g0206600|11:5373920-5375205:+,11,5373920,5375205,+,Os11t0206600-01,1,yes,396,59,306,455,0.87032967032967,0.772727272727273,Oryza_sativa,high_confidence_IR
Os11g0208400,Os11g0208400.intron3,Os11g0208400|11:5557728-5558217:-,11,5557728,5558217,-,Os11t0208400-01,1,no,22,36,16,58,0.379310344827586,0.727272727272727,Oryza_sativa,high_confidence_IR
Os11g0208800,Os11g0208800.intron1,Os11g0208800|11:5587101-5587392:-,11,5587101,5587392,-,Os11t0208800-01,1,no,1975,181,1975,2156,0.916048237476809,1,Oryza_sativa,high_confidence_IR
Os11g0211300,Os11g0211300.intron4,Os11g0211300|11:5777427-5777538:-,11,5777427,5777538,-,Os11t0211300-01,1,no,1946,538,1807,2484,0.78341384863124,0.928571428571429,Oryza_sativa,high_confidence_IR
Os11g0226550,Os11g0226550.intron1,Os11g0226550|11:6614880-6615271:+,11,6614880,6615271,+,Os11t0226550-00,1,no,332,898,332,1230,0.269918699186992,1,Oryza_sativa,high_confidence_IR
Os11g0239200,Os11g0239200.intron1,Os11g0239200|11:7429155-7429251:-,11,7429155,7429251,-,Os11t0239200-00,1,no,31,82,31,113,0.274336283185841,1,Oryza_sativa,high_confidence_IR
Os11g0246900,Os11g0246900.intron1,Os11g0246900|11:7932280-7932344:+,11,7932280,7932344,+,Os11t0246900-01,1,no,5012,712,3766,5724,0.875611460517121,0.751396648044693,Oryza_sativa,high_confidence_IR
Os11g0256900,Os11g0256900.intron2,Os11g0256900|11:8467729-8467840:+,11,8467729,8467840,+,Os11t0256900-01,1,no,9968,12980,8342,22948,0.434373365870664,0.836878009630819,Oryza_sativa,high_confidence_IR
Os11g0258500,Os11g0258500.intron1,Os11g0258500|11:8570478-8571319:-,11,8570478,8571319,-,Os11t0258500-00,1,no,251,51,251,302,0.83112582781457,1,Oryza_sativa,high_confidence_IR
Os11g0260100,Os11g0260100.intron2,Os11g0260100|11:8678124-8678415:+,11,8678124,8678415,+,Os11t0260100-00,1,no,5182,20,4741,5202,0.996155324875048,0.914897722886916,Oryza_sativa,high_confidence_IR
Os11g0261600,Os11g0261600.intron1,Os11g0261600|11:8795796-8796387:-,11,8795796,8796387,-,Os11t0261600-01,1,no,112,168,112,280,0.4,1,Oryza_sativa,high_confidence_IR
Os11g0265900,Os11g0265900.intron2,Os11g0265900|11:9109516-9109599:+,11,9109516,9109599,+,Os11t0265900-01,1,yes,349,808,249,1157,0.301642178046672,0.713467048710602,Oryza_sativa,high_confidence_IR
Os11g0275000,Os11g0275000.intron1,Os11g0275000|11:9748597-9750588:+,11,9748597,9750588,+,Os11t0275000-00,1,no,1904,20,1618,1924,0.98960498960499,0.849789915966387,Oryza_sativa,high_confidence_IR
Os11g0282700,Os11g0282700.intron3,Os11g0282700|11:10082065-10084152:-,11,10082065,10084152,-,Os11t0282700-01,1,no,15,38,14,53,0.283018867924528,0.933333333333333,Oryza_sativa,high_confidence_IR
Os11g0284950,Os11g0284950.intron1,Os11g0284950|11:10230809-10231358:+,11,10230809,10231358,+,Os11t0284950-00,1,no,196,68,196,264,0.742424242424242,1,Oryza_sativa,high_confidence_IR
Os11g0297000,Os11g0297000.intron1,Os11g0297000|11:10925986-10926104:+,11,10925986,10926104,+,Os11t0297000-01,1,no,2101,7875,2101,9976,0.21060545308741,1,Oryza_sativa,high_confidence_IR
Os11g0300650,Os11g0300650.intron1,Os11g0300650|11:11219596-11219786:-,11,11219596,11219786,-,Os11t0300650-00,1,no,54,186,54,240,0.225,1,Oryza_sativa,high_confidence_IR
Os11g0305300,Os11g0305300.intron2,Os11g0305300|11:11521515-11521753:-,11,11521515,11521753,-,Os11t0305300-01,1,no,1706,5400,1503,7106,0.240078806642274,0.881008206330598,Oryza_sativa,high_confidence_IR
Os11g0308100,Os11g0308100.intron3,Os11g0308100|11:11736609-11736730:-,11,11736609,11736730,-,Os11t0308100-01,1,no,6732,6700,5435,13432,0.501191185229303,0.807338086749851,Oryza_sativa,high_confidence_IR
Os11g0308266,Os11g0308266.intron1,Os11g0308266|11:11749521-11751402:+,11,11749521,11751402,+,Os11t0308266-00,1,no,493,1275,493,1768,0.278846153846154,1,Oryza_sativa,high_confidence_IR
Os11g0417132,Os11g0417132.intron1,Os11g0417132|11:12831901-12832034:-,11,12831901,12832034,-,Os11t0417132-01,1,no,180,19,180,199,0.904522613065327,1,Oryza_sativa,high_confidence_IR
Os11g0417266,Os11g0417266.intron1,Os11g0417266|11:12842975-12843966:-,11,12842975,12843966,-,Os11t0417266-01,1,no,163,309,157,472,0.345338983050847,0.96319018404908,Oryza_sativa,high_confidence_IR
Os11g0417800,Os11g0417800.intron1,Os11g0417800|11:12901467-12905324:+,11,12901467,12905324,+,Os11t0417800-01,1,no,302,875,302,1177,0.256584536958369,1,Oryza_sativa,high_confidence_IR
Os11g0426400,Os11g0426400.intron1,Os11g0426400|11:13560215-13560471:+,11,13560215,13560471,+,Os11t0426400-00,1,no,5240,292,5240,5532,0.947216196673897,1,Oryza_sativa,high_confidence_IR
Os11g0429900,Os11g0429900.intron1,Os11g0429900|11:13782099-13782520:+,11,13782099,13782520,+,Os11t0429900-00,1,no,2571,9378,2571,11949,0.215164448907858,1,Oryza_sativa,high_confidence_IR
Os11g0435400,Os11g0435400.intron1,Os11g0435400|11:14130566-14130719:+,11,14130566,14130719,+,Os11t0435400-01,1,no,8,9,8,17,0.470588235294118,1,Oryza_sativa,high_confidence_IR
Os11g0435500,Os11g0435500.intron1,Os11g0435500|11:14135549-14135667:-,11,14135549,14135667,-,Os11t0435500-01,1,no,463,69,463,532,0.870300751879699,1,Oryza_sativa,high_confidence_IR
Os11g0439100,Os11g0439100.intron1,Os11g0439100|11:14368422-14368527:+,11,14368422,14368527,+,Os11t0439100-00,1,no,161,46,161,207,0.777777777777778,1,Oryza_sativa,high_confidence_IR
Os11g0450050,Os11g0450050.intron1,Os11g0450050|11:15079941-15080068:+,11,15079941,15080068,+,Os11t0450050-00,1,no,382,657,328,1039,0.367661212704524,0.858638743455497,Oryza_sativa,high_confidence_IR
Os11g0459600,Os11g0459600.intron1,Os11g0459600|11:15609724-15636790:+,11,15609724,15636790,+,Os11t0459600-01,1,no,28,21,28,49,0.571428571428571,1,Oryza_sativa,high_confidence_IR
Os11g0470966,Os11g0470966.intron1,Os11g0470966|11:16196214-16196257:+,11,16196214,16196257,+,Os11t0470966-01,1,no,489,25,489,514,0.95136186770428,1,Oryza_sativa,high_confidence_IR
Os11g0490200,Os11g0490200.intron1,Os11g0490200|11:17293786-17293863:+,11,17293786,17293863,+,Os11t0490200-00,1,no,60,12,60,72,0.833333333333333,1,Oryza_sativa,high_confidence_IR
Os11g0491500,Os11g0491500.intron1,Os11g0491500|11:17384161-17384236:+,11,17384161,17384236,+,Os11t0491500-00,1,no,97,132,97,229,0.423580786026201,1,Oryza_sativa,high_confidence_IR
Os11g0501000,Os11g0501000.intron1,Os11g0501000|11:17831166-17831259:-,11,17831166,17831259,-,Os11t0501000-01,1,no,48,144,48,192,0.25,1,Oryza_sativa,high_confidence_IR
Os11g0508301,Os11g0508301.intron1,Os11g0508301|11:18156749-18157262:-,11,18156749,18157262,-,Os11t0508301-01,1,no,700,16,700,716,0.977653631284916,1,Oryza_sativa,high_confidence_IR
Os11g0524601,Os11g0524601.intron3,Os11g0524601|11:18995283-18995363:-,11,18995283,18995363,-,Os11t0524601-00,1,no,36,48,32,84,0.428571428571429,0.888888888888889,Oryza_sativa,high_confidence_IR
Os11g0532600,Os11g0532600.intron3,Os11g0532600|11:19387042-19388170:+,11,19387042,19388170,+,Os11t0532600-01,1,no,1280,1674,1136,2954,0.43331076506432,0.8875,Oryza_sativa,high_confidence_IR
Os11g0538400,Os11g0538400.intron1,Os11g0538400|11:19635606-19635738:+,11,19635606,19635738,+,Os11t0538400-01,1,no,6,14,6,20,0.3,1,Oryza_sativa,high_confidence_IR
Os11g0543100,Os11g0543100.intron1,Os11g0543100|11:19940068-19940551:+,11,19940068,19940551,+,Os11t0543100-01,1,no,1856,41,1856,1897,0.97838692672641,1,Oryza_sativa,high_confidence_IR
Os11g0549675,Os11g0549675.intron1,Os11g0549675|11:20390551-20390928:-,11,20390551,20390928,-,Os11t0549675-01,1,no,2039,1322,2039,3361,0.606664683130021,1,Oryza_sativa,high_confidence_IR
Os11g0549680,Os11g0549680.intron4,Os11g0549680|11:20399628-20401283:+,11,20399628,20401283,+,Os11t0549680-01,1,no,3587,4105,3131,7692,0.466328653146126,0.872874268190689,Oryza_sativa,high_confidence_IR
Os11g0551350,Os11g0551350.intron2,Os11g0551350|11:20502190-20502409:-,11,20502190,20502409,-,Os11t0551350-01,1,no,1733,339,1480,2072,0.836389961389961,0.85401038661281,Oryza_sativa,high_confidence_IR
Os11g0555600,Os11g0555600.intron2,Os11g0555600|11:20652007-20652298:-,11,20652007,20652298,-,Os11t0555600-01,1,no,1769,982,1463,2751,0.643038894947292,0.827020915771622,Oryza_sativa,high_confidence_IR
Os11g0567800,Os11g0567800.intron1,Os11g0567800|11:21157046-21157119:+,11,21157046,21157119,+,Os11t0567800-01,1,no,66,17,66,83,0.795180722891566,1,Oryza_sativa,high_confidence_IR
Os11g0572200,Os11g0572200.intron1,Os11g0572200|11:21463044-21463107:-,11,21463044,21463107,-,Os11t0572200-01,1,yes,1212,277,1212,1489,0.813969106783076,1,Oryza_sativa,high_confidence_IR
Os11g0574333,Os11g0574333.intron1,Os11g0574333|11:21588532-21589128:-,11,21588532,21589128,-,Os11t0574333-01,1,no,141,301,141,442,0.319004524886878,1,Oryza_sativa,high_confidence_IR
Os11g0578500,Os11g0578500.intron1,Os11g0578500|11:21839317-21839915:+,11,21839317,21839915,+,Os11t0578500-01,1,no,33,26,33,59,0.559322033898305,1,Oryza_sativa,high_confidence_IR
Os11g0579000,Os11g0579000.intron1,Os11g0579000|11:21859476-21860765:+,11,21859476,21860765,+,Os11t0579000-01,1,no,54,23,54,77,0.701298701298701,1,Oryza_sativa,high_confidence_IR
Os11g0579700,Os11g0579700.intron1,Os11g0579700|11:21883893-21887857:-,11,21883893,21887857,-,Os11t0579700-01,1,no,1543,1852,1543,3395,0.454491899852725,1,Oryza_sativa,high_confidence_IR
Os11g0583200,Os11g0583200.intron3,Os11g0583200|11:22044492-22044591:+,11,22044492,22044591,+,Os11t0583200-01,1,no,141,100,105,241,0.5850622406639,0.74468085106383,Oryza_sativa,high_confidence_IR
Os11g0585100,Os11g0585100.intron2,Os11g0585100|11:22131463-22131585:+,11,22131463,22131585,+,Os11t0585100-01,1,no,899,2277,677,3176,0.283060453400504,0.753058954393771,Oryza_sativa,high_confidence_IR
Os11g0591300,Os11g0591300.intron1,Os11g0591300|11:22469371-22470702:+,11,22469371,22470702,+,Os11t0591300-00,1,no,89,5,89,94,0.946808510638298,1,Oryza_sativa,high_confidence_IR
Os11g0607000,Os11g0607000.intron3,Os11g0607000|11:23423800-23425932:-,11,23423800,23425932,-,Os11t0607000-01,1,no,10,17,7,27,0.37037037037037,0.7,Oryza_sativa,high_confidence_IR
Os11g0607100,Os11g0607100.intron2,Os11g0607100|11:23429667-23429749:+,11,23429667,23429749,+,Os11t0607100-01,1,no,802,652,659,1454,0.551581843191197,0.821695760598504,Oryza_sativa,high_confidence_IR
Os11g0607900,Os11g0607900.intron1,Os11g0607900|11:23466110-23475471:-,11,23466110,23475471,-,Os11t0607900-01,1,no,15,55,14,70,0.214285714285714,0.933333333333333,Oryza_sativa,high_confidence_IR
Os11g0615100,Os11g0615100.intron1,Os11g0615100|11:23910523-23911025:+,11,23910523,23911025,+,Os11t0615100-01,1,no,3701,436,3321,4137,0.894609620497945,0.897325047284518,Oryza_sativa,high_confidence_IR
Os11g0615300,Os11g0615300.intron1,Os11g0615300|11:23926315-23927550:-,11,23926315,23927550,-,Os11t0615300-00,1,no,643,2032,643,2675,0.240373831775701,1,Oryza_sativa,high_confidence_IR
Os11g0618700,Os11g0618700.intron1,Os11g0618700|11:24091923-24092394:-,11,24091923,24092394,-,Os11t0618700-01,1,no,115,378,115,493,0.233265720081136,1,Oryza_sativa,high_confidence_IR
Os11g0619500,Os11g0619500.intron1,Os11g0619500|11:24120444-24120599:-,11,24120444,24120599,-,Os11t0619500-00,1,no,298,52,298,350,0.851428571428571,1,Oryza_sativa,high_confidence_IR
Os11g0628000,Os11g0628000.intron1,Os11g0628000|11:24619068-24619215:+,11,24619068,24619215,+,Os11t0628000-00,1,no,154,434,154,588,0.261904761904762,1,Oryza_sativa,high_confidence_IR
Os11g0633500,Os11g0633500.intron1,Os11g0633500|11:24911616-24911927:+,11,24911616,24911927,+,Os11t0633500-01,1,no,337,126,263,463,0.727861771058315,0.780415430267062,Oryza_sativa,high_confidence_IR
Os11g0635300,Os11g0635300.intron1,Os11g0635300|11:25022075-25022194:+,11,25022075,25022194,+,Os11t0635300-00,1,no,303,1077,247,1380,0.219565217391304,0.815181518151815,Oryza_sativa,high_confidence_IR
Os11g0639600,Os11g0639600.intron2,Os11g0639600|11:25289528-25289652:-,11,25289528,25289652,-,Os11t0639600-01;Os11t0639600-02,2,no,1238,3990,1206,5228,0.236801836266259,0.974151857835218,Oryza_sativa,high_confidence_IR
Os11g0640300,Os11g0640300.intron1,Os11g0640300|11:25321673-25321779:+,11,25321673,25321779,+,Os11t0640300-01,1,yes,90,190,90,280,0.321428571428571,1,Oryza_sativa,high_confidence_IR
Os11g0648800,Os11g0648800.intron1,Os11g0648800|11:25836040-25836421:-,11,25836040,25836421,-,Os11t0648800-01,1,no,701,1010,653,1711,0.409701928696669,0.931526390870185,Oryza_sativa,high_confidence_IR
Os11g0654000,Os11g0654000.intron3,Os11g0654000|11:26140847-26140906:-,11,26140847,26140906,-,Os11t0654000-01,1,yes,257,48,202,305,0.842622950819672,0.785992217898833,Oryza_sativa,high_confidence_IR
Os11g0654800,Os11g0654800.intron1,Os11g0654800|11:26197861-26197947:-,11,26197861,26197947,-,Os11t0654800-01,1,no,57,163,57,220,0.259090909090909,1,Oryza_sativa,high_confidence_IR
Os11g0661101,Os11g0661101.intron1,Os11g0661101|11:26535414-26535553:-,11,26535414,26535553,-,Os11t0661101-01,1,no,2684,541,2126,3225,0.832248062015504,0.792101341281669,Oryza_sativa,high_confidence_IR
Os11g0667000,Os11g0667000.intron1,Os11g0667000|11:26917010-26917160:+,11,26917010,26917160,+,Os11t0667000-00,1,no,95,61,95,156,0.608974358974359,1,Oryza_sativa,high_confidence_IR
Os11g0684100,Os11g0684100.intron5,Os11g0684100|11:27683912-27684115:-,11,27683912,27684115,-,Os11t0684100-02,1,yes,605,897,523,1502,0.402796271637816,0.864462809917355,Oryza_sativa,high_confidence_IR
Os11g0685400,Os11g0685400.intron1,Os11g0685400|11:27724355-27725220:+,11,27724355,27725220,+,Os11t0685400-01,1,no,252,57,252,309,0.815533980582524,1,Oryza_sativa,high_confidence_IR
Os11g0691100,Os11g0691100.intron1,Os11g0691100|11:28119461-28120452:+,11,28119461,28120452,+,Os11t0691100-01,1,no,38,128,38,166,0.228915662650602,1,Oryza_sativa,high_confidence_IR
Os11g0691800,Os11g0691800.intron1,Os11g0691800|11:28227615-28227715:+,11,28227615,28227715,+,Os11t0691800-01,1,no,119,219,119,338,0.35207100591716,1,Oryza_sativa,high_confidence_IR
Os11g0693800,Os11g0693800.intron7,Os11g0693800|11:28336191-28336289:-,11,28336191,28336289,-,Os11t0693800-01,1,no,1753,1213,1341,2966,0.591031692515172,0.764974329720479,Oryza_sativa,high_confidence_IR
Os11g0694600,Os11g0694600.intron1,Os11g0694600|11:28379250-28379345:+,11,28379250,28379345,+,Os11t0694600-01,1,no,50,33,50,83,0.602409638554217,1,Oryza_sativa,high_confidence_IR
Os11g0697100,Os11g0697100.intron2,Os11g0697100|11:28518692-28518871:-,11,28518692,28518871,-,Os11t0697100-01,1,no,950,593,678,1543,0.615683732987686,0.713684210526316,Oryza_sativa,high_confidence_IR
Os11g0700500,Os11g0700500.intron1,Os11g0700500|11:28704879-28705003:-,11,28704879,28705003,-,Os11t0700500-01,1,no,16137,5346,12400,21483,0.751152073732719,0.768420400322241,Oryza_sativa,high_confidence_IR
Os11g0706600,Os11g0706600.intron1,Os11g0706600|11:28919620-28919702:-,11,28919620,28919702,-,Os11t0706600-00,1,no,160,371,160,531,0.301318267419962,1,Oryza_sativa,high_confidence_IR
Os12g0100100,Os12g0100100.intron1,Os12g0100100|12:2936-3001:+,12,2936,3001,+,Os12t0100100-01;Os12t0100100-03,2,yes,3558,1932,2623,5490,0.648087431693989,0.737211916807195,Oryza_sativa,high_confidence_IR
Os12g0102700,Os12g0102700.intron1,Os12g0102700|12:132963-133255:-,12,132963,133255,-,Os12t0102700-01,1,no,130,376,128,506,0.256916996047431,0.984615384615385,Oryza_sativa,high_confidence_IR
Os12g0109000,Os12g0109000.intron1,Os12g0109000|12:489422-489548:-,12,489422,489548,-,Os12t0109000-00,1,no,29,40,24,69,0.420289855072464,0.827586206896552,Oryza_sativa,high_confidence_IR
Os12g0109200,Os12g0109200.intron2,Os12g0109200|12:495925-497100:+,12,495925,497100,+,Os12t0109200-01,1,no,3073,111,2356,3184,0.965138190954774,0.766677513830133,Oryza_sativa,high_confidence_IR
Os12g0111400,Os12g0111400.intron2,Os12g0111400|12:600278-602375:+,12,600278,602375,+,Os12t0111400-01,1,no,1858,270,1783,2128,0.87312030075188,0.959634015069968,Oryza_sativa,high_confidence_IR
Os12g0113900,Os12g0113900.intron1,Os12g0113900|12:692875-693174:+,12,692875,693174,+,Os12t0113900-01,1,no,172,352,172,524,0.32824427480916,1,Oryza_sativa,high_confidence_IR
Os12g0115801,Os12g0115801.intron1,Os12g0115801|12:767027-767559:+,12,767027,767559,+,Os12t0115801-00,1,no,1730,514,1730,2244,0.770944741532977,1,Oryza_sativa,high_confidence_IR
Os12g0115950,Os12g0115950.intron7,Os12g0115950|12:780299-780458:-,12,780299,780458,-,Os12t0115950-00,1,no,114,189,95,303,0.376237623762376,0.833333333333333,Oryza_sativa,high_confidence_IR
Os12g0116700,Os12g0116700.intron1,Os12g0116700|12:825552-825658:-,12,825552,825658,-,Os12t0116700-01,1,no,1476,158,1209,1634,0.903304773561811,0.819105691056911,Oryza_sativa,high_confidence_IR
Os12g0121600,Os12g0121600.intron1,Os12g0121600|12:1019541-1019625:+,12,1019541,1019625,+,Os12t0121600-01,1,no,13,35,13,48,0.270833333333333,1,Oryza_sativa,high_confidence_IR
Os12g0124900,Os12g0124900.intron3,Os12g0124900|12:1199670-1200813:+,12,1199670,1200813,+,Os12t0124900-01,1,no,32,68,32,100,0.32,1,Oryza_sativa,high_confidence_IR
Os12g0127400,Os12g0127400.intron1,Os12g0127400|12:1316887-1317207:-,12,1316887,1317207,-,Os12t0127400-00,1,no,191,188,161,379,0.503957783641161,0.842931937172775,Oryza_sativa,high_confidence_IR
Os12g0129650,Os12g0129650.intron3,Os12g0129650|12:1434528-1445872:-,12,1434528,1445872,-,Os12t0129650-01,1,no,10,19,9,29,0.344827586206897,0.9,Oryza_sativa,high_confidence_IR
Os12g0131000,Os12g0131000.intron1,Os12g0131000|12:1497679-1498385:+,12,1497679,1498385,+,Os12t0131000-01,1,no,3389,1758,3389,5147,0.658441810763552,1,Oryza_sativa,high_confidence_IR
Os12g0132900,Os12g0132900.intron1,Os12g0132900|12:1594906-1595368:+,12,1594906,1595368,+,Os12t0132900-01,1,no,472,975,472,1447,0.326192121630961,1,Oryza_sativa,high_confidence_IR
Os12g0137300,Os12g0137300.intron6,Os12g0137300|12:1809250-1809665:-,12,1809250,1809665,-,Os12t0137300-01,1,no,10181,87,8482,10268,0.991527074405921,0.833120518613103,Oryza_sativa,high_confidence_IR
Os12g0140600,Os12g0140600.intron1,Os12g0140600|12:1969985-1970103:+,12,1969985,1970103,+,Os12t0140600-01,1,yes,3197,786,3197,3983,0.802661310569922,1,Oryza_sativa,high_confidence_IR
Os12g0141500,Os12g0141500.intron2,Os12g0141500|12:2013852-2013931:-,12,2013852,2013931,-,Os12t0141500-01,1,yes,4456,54,3308,4510,0.988026607538803,0.742369838420108,Oryza_sativa,high_confidence_IR
Os12g0164300,Os12g0164300.intron2,Os12g0164300|12:3282149-3282462:+,12,3282149,3282462,+,Os12t0164300-01,1,no,928,207,794,1135,0.817621145374449,0.855603448275862,Oryza_sativa,high_confidence_IR
Os12g0165200,Os12g0165200.intron1,Os12g0165200|12:3319123-3319198:-,12,3319123,3319198,-,Os12t0165200-01,1,no,6,7,6,13,0.461538461538462,1,Oryza_sativa,high_confidence_IR
Os12g0167950,Os12g0167950.intron1,Os12g0167950|12:3431163-3431257:-,12,3431163,3431257,-,Os12t0167950-00,1,no,369,137,369,506,0.729249011857708,1,Oryza_sativa,high_confidence_IR
Os12g0180100,Os12g0180100.intron1,Os12g0180100|12:4044661-4045645:+,12,4044661,4045645,+,Os12t0180100-01,1,no,2624,983,2624,3607,0.727474355420017,1,Oryza_sativa,high_confidence_IR
Os12g0182333,Os12g0182333.intron1,Os12g0182333|12:4179218-4179828:+,12,4179218,4179828,+,Os12t0182333-00,1,no,87,346,87,433,0.200923787528868,1,Oryza_sativa,high_confidence_IR
Os12g0184300,Os12g0184300.intron1,Os12g0184300|12:4247143-4247398:-,12,4247143,4247398,-,Os12t0184300-00,1,no,270,8,270,278,0.971223021582734,1,Oryza_sativa,high_confidence_IR
Os12g0191150,Os12g0191150.intron1,Os12g0191150|12:4635387-4636524:-,12,4635387,4636524,-,Os12t0191150-01,1,no,6118,17156,6118,23274,0.262868436882358,1,Oryza_sativa,high_confidence_IR
Os12g0203900,Os12g0203900.intron1,Os12g0203900|12:5429887-5429968:-,12,5429887,5429968,-,Os12t0203900-01,1,no,4110,5550,4110,9660,0.425465838509317,1,Oryza_sativa,high_confidence_IR
Os12g0208900,Os12g0208900.intron2,Os12g0208900|12:5675514-5675834:+,12,5675514,5675834,+,Os12t0208900-00,1,no,1662,5,1216,1667,0.997000599880024,0.73164861612515,Oryza_sativa,high_confidence_IR
Os12g0214700,Os12g0214700.intron1,Os12g0214700|12:5960305-5960394:-,12,5960305,5960394,-,Os12t0214700-01,1,no,7,26,7,33,0.212121212121212,1,Oryza_sativa,high_confidence_IR
Os12g0227766,Os12g0227766.intron1,Os12g0227766|12:6945572-6947715:-,12,6945572,6947715,-,Os12t0227766-00,1,no,173,79,173,252,0.686507936507937,1,Oryza_sativa,high_confidence_IR
Os12g0236225,Os12g0236225.intron1,Os12g0236225|12:7455574-7457648:-,12,7455574,7457648,-,Os12t0236225-00,1,no,5673,153,5673,5826,0.973738414006179,1,Oryza_sativa,high_confidence_IR
Os12g0236600,Os12g0236600.intron1,Os12g0236600|12:7497570-7497656:+,12,7497570,7497656,+,Os12t0236600-01,1,no,101,14,101,115,0.878260869565217,1,Oryza_sativa,high_confidence_IR
Os12g0246700,Os12g0246700.intron2,Os12g0246700|12:8164896-8164981:+,12,8164896,8164981,+,Os12t0246700-01,1,no,62,238,60,300,0.206666666666667,0.967741935483871,Oryza_sativa,high_confidence_IR
Os12g0256600,Os12g0256600.intron1,Os12g0256600|12:8810253-8811032:-,12,8810253,8811032,-,Os12t0256600-01,1,no,383,1232,383,1615,0.237151702786378,1,Oryza_sativa,high_confidence_IR
Os12g0263600,Os12g0263600.intron1,Os12g0263600|12:9289179-9291104:-,12,9289179,9291104,-,Os12t0263600-01,1,no,192,384,144,576,0.333333333333333,0.75,Oryza_sativa,high_confidence_IR
Os12g0267900,Os12g0267900.intron1,Os12g0267900|12:9567982-9568078:+,12,9567982,9568078,+,Os12t0267900-01,1,no,259,652,225,911,0.28430296377607,0.868725868725869,Oryza_sativa,high_confidence_IR
Os12g0270300,Os12g0270300.intron1,Os12g0270300|12:9786429-9786546:-,12,9786429,9786546,-,Os12t0270300-01,1,no,2432,2033,2077,4465,0.54468085106383,0.854029605263158,Oryza_sativa,high_confidence_IR
Os12g0274200,Os12g0274200.intron2,Os12g0274200|12:10070207-10070632:-,12,10070207,10070632,-,Os12t0274200-01,1,no,301,5,278,306,0.983660130718954,0.92358803986711,Oryza_sativa,high_confidence_IR
Os12g0276550,Os12g0276550.intron1,Os12g0276550|12:10227504-10227965:+,12,10227504,10227965,+,Os12t0276550-00,1,no,13,5,13,18,0.722222222222222,1,Oryza_sativa,high_confidence_IR
Os12g0280801,Os12g0280801.intron1,Os12g0280801|12:10586394-10586594:+,12,10586394,10586594,+,Os12t0280801-01,1,no,131,353,131,484,0.270661157024793,1,Oryza_sativa,high_confidence_IR
Os12g0283900,Os12g0283900.intron1,Os12g0283900|12:10766792-10766885:+,12,10766792,10766885,+,Os12t0283900-01;Os12t0283900-02,2,no,218,349,218,567,0.384479717813051,1,Oryza_sativa,high_confidence_IR
Os12g0295600,Os12g0295600.intron1,Os12g0295600|12:11564220-11575972:-,12,11564220,11575972,-,Os12t0295600-00,1,no,302,559,302,861,0.35075493612079,1,Oryza_sativa,high_confidence_IR
Os12g0408000,Os12g0408000.intron1,Os12g0408000|12:12356693-12356795:-,12,12356693,12356795,-,Os12t0408000-01,1,no,516,439,516,955,0.540314136125654,1,Oryza_sativa,high_confidence_IR
Os12g0417600,Os12g0417600.intron1,Os12g0417600|12:12940997-12942016:+,12,12940997,12942016,+,Os12t0417600-01,1,no,287,422,287,709,0.404795486600846,1,Oryza_sativa,high_confidence_IR
Os12g0420300,Os12g0420300.intron2,Os12g0420300|12:13111446-13113800:+,12,13111446,13113800,+,Os12t0420300-01,1,no,4415,2572,4254,6987,0.631887791612996,0.963533408833522,Oryza_sativa,high_confidence_IR
Os12g0429950,Os12g0429950.intron1,Os12g0429950|12:13816218-13816385:+,12,13816218,13816385,+,Os12t0429950-00,1,no,53,22,53,75,0.706666666666667,1,Oryza_sativa,high_confidence_IR
Os12g0431100,Os12g0431100.intron1,Os12g0431100|12:13880781-13881271:+,12,13880781,13881271,+,Os12t0431100-01,1,no,840,3092,840,3932,0.213631739572737,1,Oryza_sativa,high_confidence_IR
Os12g0444500,Os12g0444500.intron1,Os12g0444500|12:14963676-14964451:-,12,14963676,14964451,-,Os12t0444500-01,1,no,2263,875,2263,3138,0.721159974506055,1,Oryza_sativa,high_confidence_IR
Os12g0467200,Os12g0467200.intron1,Os12g0467200|12:16582882-16583198:+,12,16582882,16583198,+,Os12t0467200-01,1,no,62,173,61,235,0.263829787234043,0.983870967741935,Oryza_sativa,high_confidence_IR
Os12g0484900,Os12g0484900.intron1,Os12g0484900|12:17915977-17916700:+,12,17915977,17916700,+,Os12t0484900-01,1,no,1888,61,1663,1949,0.968701898409441,0.880826271186441,Oryza_sativa,high_confidence_IR
Os12g0485800,Os12g0485800.intron1,Os12g0485800|12:18002290-18004413:+,12,18002290,18004413,+,Os12t0485800-01,1,no,8452,13088,8452,21540,0.39238625812442,1,Oryza_sativa,high_confidence_IR
Os12g0488800,Os12g0488800.intron3,Os12g0488800|12:18312000-18312111:-,12,18312000,18312111,-,Os12t0488800-01,1,no,1358,1806,1037,3164,0.429203539823009,0.763622974963181,Oryza_sativa,high_confidence_IR
Os12g0489800,Os12g0489800.intron1,Os12g0489800|12:18369853-18370482:+,12,18369853,18370482,+,Os12t0489800-01,1,no,59,61,59,120,0.491666666666667,1,Oryza_sativa,high_confidence_IR
Os12g0490050,Os12g0490050.intron1,Os12g0490050|12:18386611-18386697:+,12,18386611,18386697,+,Os12t0490050-01,1,no,2476,8230,2063,10706,0.231272183822156,0.833198707592892,Oryza_sativa,high_confidence_IR
Os12g0509900,Os12g0509900.intron1,Os12g0509900|12:19638762-19638881:-,12,19638762,19638881,-,Os12t0509900-00,1,no,6151,4059,6151,10210,0.602448579823702,1,Oryza_sativa,high_confidence_IR
Os12g0511000,Os12g0511000.intron1,Os12g0511000|12:19685560-19687003:-,12,19685560,19687003,-,Os12t0511000-01,1,no,458,1403,458,1861,0.246104245029554,1,Oryza_sativa,high_confidence_IR
Os12g0512400,Os12g0512400.intron2,Os12g0512400|12:19808719-19808958:+,12,19808719,19808958,+,Os12t0512400-02,1,yes,314,217,293,531,0.591337099811676,0.93312101910828,Oryza_sativa,high_confidence_IR
Os12g0521101,Os12g0521101.intron1,Os12g0521101|12:20293327-20293451:-,12,20293327,20293451,-,Os12t0521101-00,1,no,51,28,51,79,0.645569620253165,1,Oryza_sativa,high_confidence_IR
Os12g0520200,Os12g0520200.intron2,Os12g0520200|12:20293335-20293490:+,12,20293335,20293490,+,Os12t0520200-01,1,yes,2677,12,2612,2689,0.995537374488658,0.975719088531939,Oryza_sativa,high_confidence_IR
Os12g0526600,Os12g0526600.intron1,Os12g0526600|12:20750785-20751893:-,12,20750785,20751893,-,Os12t0526600-01,1,no,179,116,179,295,0.606779661016949,1,Oryza_sativa,high_confidence_IR
Os12g0528000,Os12g0528000.intron3,Os12g0528000|12:20817195-20817891:-,12,20817195,20817891,-,Os12t0528000-01,1,no,84,16,66,100,0.84,0.785714285714286,Oryza_sativa,high_confidence_IR
Os12g0534700,Os12g0534700.intron2,Os12g0534700|12:21254783-21256581:+,12,21254783,21256581,+,Os12t0534700-01,1,no,2641,4280,2508,6921,0.381592255454414,0.949640287769784,Oryza_sativa,high_confidence_IR
Os12g0536300,Os12g0536300.intron1,Os12g0536300|12:21337861-21338031:-,12,21337861,21338031,-,Os12t0536300-00,1,no,35,66,35,101,0.346534653465347,1,Oryza_sativa,high_confidence_IR
Os12g0541000,Os12g0541000.intron1,Os12g0541000|12:21638086-21638813:+,12,21638086,21638813,+,Os12t0541000-01,1,no,3202,6766,3202,9968,0.321227929373997,1,Oryza_sativa,high_confidence_IR
Os12g0550800,Os12g0550800.intron1,Os12g0550800|12:22293741-22294168:-,12,22293741,22294168,-,Os12t0550800-02,1,yes,4622,1155,4622,5777,0.800069240090012,1,Oryza_sativa,high_confidence_IR
Os12g0554000,Os12g0554000.intron3,Os12g0554000|12:22509441-22509829:+,12,22509441,22509829,+,Os12t0554000-01,1,no,2643,6810,2050,9453,0.27959377975246,0.775633749527053,Oryza_sativa,high_confidence_IR
Os12g0555300,Os12g0555300.intron1,Os12g0555300|12:22595637-22596502:+,12,22595637,22596502,+,Os12t0555300-01,1,no,374,1282,374,1656,0.225845410628019,1,Oryza_sativa,high_confidence_IR
Os12g0555400,Os12g0555400.intron1,Os12g0555400|12:22598211-22598363:+,12,22598211,22598363,+,Os12t0555400-01,1,no,1319,2421,1319,3740,0.352673796791444,1,Oryza_sativa,high_confidence_IR
Os12g0556400,Os12g0556400.intron2,Os12g0556400|12:22642811-22643200:+,12,22642811,22643200,+,Os12t0556400-01,1,yes,351,31,274,382,0.918848167539267,0.780626780626781,Oryza_sativa,high_confidence_IR
Os12g0558400,Os12g0558400.intron1,Os12g0558400|12:22785453-22785606:-,12,22785453,22785606,-,Os12t0558400-01,1,no,73,178,52,251,0.290836653386454,0.712328767123288,Oryza_sativa,high_confidence_IR
Os12g0564800,Os12g0564800.intron1,Os12g0564800|12:23170347-23171597:-,12,23170347,23171597,-,Os12t0564800-01,1,no,109,30,103,139,0.784172661870504,0.944954128440367,Oryza_sativa,high_confidence_IR
Os12g0565800,Os12g0565800.intron1,Os12g0565800|12:23236296-23236407:+,12,23236296,23236407,+,Os12t0565800-01,1,no,20,69,20,89,0.224719101123595,1,Oryza_sativa,high_confidence_IR
Os12g0566700,Os12g0566700.intron1,Os12g0566700|12:23298798-23299079:-,12,23298798,23299079,-,Os12t0566700-02,1,yes,17283,16,12693,17299,0.999075091045725,0.734421107446624,Oryza_sativa,high_confidence_IR
Os12g0567100,Os12g0567100.intron1,Os12g0567100|12:23315067-23315215:+,12,23315067,23315215,+,Os12t0567100-01,1,no,4878,340,4878,5218,0.934840935224224,1,Oryza_sativa,high_confidence_IR
Os12g0567300,Os12g0567300.intron1,Os12g0567300|12:23326595-23326722:-,12,23326595,23326722,-,Os12t0567300-00,1,no,15060,11438,13016,26498,0.568344780738169,0.864276228419655,Oryza_sativa,high_confidence_IR
Os12g0570400,Os12g0570400.intron1,Os12g0570400|12:23492021-23492095:+,12,23492021,23492095,+,Os12t0570400-00,1,no,1414,2070,1414,3484,0.40585533869116,1,Oryza_sativa,high_confidence_IR
Os12g0573200,Os12g0573200.intron1,Os12g0573200|12:23637128-23637211:+,12,23637128,23637211,+,Os12t0573200-01,1,no,8808,12166,8808,20974,0.41994850767617,1,Oryza_sativa,high_confidence_IR
Os12g0578600,Os12g0578600.intron1,Os12g0578600|12:23945631-23946210:-,12,23945631,23946210,-,Os12t0578600-01,1,no,53,154,53,207,0.256038647342995,1,Oryza_sativa,high_confidence_IR
Os12g0586000,Os12g0586000.intron1,Os12g0586000|12:24456561-24456851:+,12,24456561,24456851,+,Os12t0586000-01,1,no,257,69,194,326,0.788343558282209,0.754863813229572,Oryza_sativa,high_confidence_IR
Os12g0586100,Os12g0586100.intron6,Os12g0586100|12:24460246-24460473:-,12,24460246,24460473,-,Os12t0586100-01,1,no,5290,8072,4234,13362,0.395898817542284,0.800378071833648,Oryza_sativa,high_confidence_IR
Os12g0586500,Os12g0586500.intron1,Os12g0586500|12:24485512-24485588:-,12,24485512,24485588,-,Os12t0586500-01,1,no,4877,13,4877,4890,0.997341513292434,1,Oryza_sativa,high_confidence_IR
Os12g0610300,Os12g0610300.intron1,Os12g0610300|12:25781260-25781603:-,12,25781260,25781603,-,Os12t0610300-00,1,no,2110,17,2110,2127,0.992007522331923,1,Oryza_sativa,high_confidence_IR
Os12g0612500,Os12g0612500.intron3,Os12g0612500|12:25911736-25912884:-,12,25911736,25912884,-,Os12t0612500-01,1,no,321,969,293,1290,0.248837209302326,0.912772585669782,Oryza_sativa,high_confidence_IR
Os12g0614800,Os12g0614800.intron1,Os12g0614800|12:26074282-26074649:+,12,26074282,26074649,+,Os12t0614800-00,1,no,394,46,394,440,0.895454545454546,1,Oryza_sativa,high_confidence_IR
Os12g0615100,Os12g0615100.intron1,Os12g0615100|12:26087169-26088767:+,12,26087169,26088767,+,Os12t0615100-01,1,yes,252,277,242,529,0.476370510396975,0.96031746031746,Oryza_sativa,high_confidence_IR
Os12g0620400,Os12g0620400.intron3,Os12g0620400|12:26426104-26426777:-,12,26426104,26426777,-,Os12t0620400-02,1,yes,42990,35,34835,43025,0.999186519465427,0.810304722028379,Oryza_sativa,high_confidence_IR
Os12g0621300,Os12g0621300.intron3,Os12g0621300|12:26500984-26504176:-,12,26500984,26504176,-,Os12t0621300-02,1,yes,81,65,71,146,0.554794520547945,0.876543209876543,Oryza_sativa,high_confidence_IR
Os12g0626000,Os12g0626000.intron1,Os12g0626000|12:26758112-26758350:+,12,26758112,26758350,+,Os12t0626000-01,1,no,54,93,46,147,0.36734693877551,0.851851851851852,Oryza_sativa,high_confidence_IR
Os12g0628400,Os12g0628400.intron2,Os12g0628400|12:26902311-26904049:+,12,26902311,26904049,+,Os12t0628400-02,1,yes,4202,7295,3218,11497,0.365486648690963,0.76582579723941,Oryza_sativa,high_confidence_IR
Os12g0637300,Os12g0637300.intron1,Os12g0637300|12:27314522-27314649:+,12,27314522,27314649,+,Os12t0637300-01,1,no,548,1454,445,2002,0.273726273726274,0.812043795620438,Oryza_sativa,high_confidence_IR
Os02g0105300,Os02g0105300.intron1,Os02g0105300|2:296447-298484:-,2,296447,298484,-,Os02t0105300-01,1,no,50,100,50,150,0.333333333333333,1,Oryza_sativa,high_confidence_IR
Os02g0108302,Os02g0108302.intron1,Os02g0108302|2:482502-482592:-,2,482502,482592,-,Os02t0108302-01,1,no,1668,3088,1668,4756,0.350714886459209,1,Oryza_sativa,high_confidence_IR
Os02g0111500,Os02g0111500.intron1,Os02g0111500|2:626382-629391:+,2,626382,629391,+,Os02t0111500-01,1,no,181,10,181,191,0.947643979057592,1,Oryza_sativa,high_confidence_IR
Os02g0116000,Os02g0116000.intron3,Os02g0116000|2:855698-855925:-,2,855698,855925,-,Os02t0116000-01,1,no,186,39,134,225,0.826666666666667,0.720430107526882,Oryza_sativa,high_confidence_IR
Os02g0126200,Os02g0126200.intron1,Os02g0126200|2:1375870-1376150:+,2,1375870,1376150,+,Os02t0126200-00,1,no,24,57,22,81,0.296296296296296,0.916666666666667,Oryza_sativa,high_confidence_IR
Os02g0131200,Os02g0131200.intron2,Os02g0131200|2:1635238-1635325:-,2,1635238,1635325,-,Os02t0131200-01,1,no,1807,77,1296,1884,0.959129511677282,0.71721084670725,Oryza_sativa,high_confidence_IR
Os02g0133000,Os02g0133000.intron2,Os02g0133000|2:1735854-1737038:-,2,1735854,1737038,-,Os02t0133000-00,1,no,1813,3841,1443,5654,0.320657941280509,0.795918367346939,Oryza_sativa,high_confidence_IR
Os02g0134500,Os02g0134500.intron1,Os02g0134500|2:1829033-1829130:-,2,1829033,1829130,-,Os02t0134500-01,1,no,4672,69,3772,4741,0.985446108415946,0.80736301369863,Oryza_sativa,high_confidence_IR
Os02g0137200,Os02g0137200.intron1,Os02g0137200|2:1974560-1974647:-,2,1974560,1974647,-,Os02t0137200-01,1,no,3128,26,3050,3154,0.991756499682942,0.975063938618926,Oryza_sativa,high_confidence_IR
Os02g0139300,Os02g0139300.intron1,Os02g0139300|2:2097170-2097297:+,2,2097170,2097297,+,Os02t0139300-02,1,yes,2785,50,2485,2835,0.982363315696649,0.892280071813286,Oryza_sativa,high_confidence_IR
Os02g0140500,Os02g0140500.intron1,Os02g0140500|2:2177919-2178437:-,2,2177919,2178437,-,Os02t0140500-00,1,no,1111,1925,1111,3036,0.365942028985507,1,Oryza_sativa,high_confidence_IR
Os02g0145000,Os02g0145000.intron1,Os02g0145000|2:2487953-2488155:+,2,2487953,2488155,+,Os02t0145000-02,1,no,1532,2569,1426,4101,0.373567422579859,0.930809399477807,Oryza_sativa,high_confidence_IR
Os02g0146400,Os02g0146400.intron2,Os02g0146400|2:2550551-2550641:+,2,2550551,2550641,+,Os02t0146400-01,1,yes,1799,3451,1493,5250,0.342666666666667,0.829905503057254,Oryza_sativa,high_confidence_IR
Os02g0147300,Os02g0147300.intron1,Os02g0147300|2:2599502-2600394:-,2,2599502,2600394,-,Os02t0147300-01,1,no,480,1524,480,2004,0.239520958083832,1,Oryza_sativa,high_confidence_IR
Os02g0150200,Os02g0150200.intron1,Os02g0150200|2:2772506-2774521:-,2,2772506,2774521,-,Os02t0150200-01,1,no,9449,33,9449,9482,0.996519721577726,1,Oryza_sativa,high_confidence_IR
Os02g0150700,Os02g0150700.intron2,Os02g0150700|2:2793877-2793963:+,2,2793877,2793963,+,Os02t0150700-01,1,no,2769,8016,1962,10785,0.256745479833102,0.708559046587216,Oryza_sativa,high_confidence_IR
Os02g0155300,Os02g0155300.intron1,Os02g0155300|2:3037910-3038009:-,2,3037910,3038009,-,Os02t0155300-01,1,no,1594,123,1594,1717,0.928363424577752,1,Oryza_sativa,high_confidence_IR
Os02g0162050,Os02g0162050.intron1,Os02g0162050|2:3345186-3345282:+,2,3345186,3345282,+,Os02t0162050-00,1,no,208,86,208,294,0.707482993197279,1,Oryza_sativa,high_confidence_IR
Os02g0164600,Os02g0164600.intron1,Os02g0164600|2:3467466-3468054:+,2,3467466,3468054,+,Os02t0164600-01,1,no,271,1049,271,1320,0.20530303030303,1,Oryza_sativa,high_confidence_IR
Os02g0165100,Os02g0165100.intron6,Os02g0165100|2:3507255-3507999:+,2,3507255,3507999,+,Os02t0165100-01,1,no,3685,12796,2982,16481,0.223590801529033,0.809226594301221,Oryza_sativa,high_confidence_IR
Os02g0166200,Os02g0166200.intron1,Os02g0166200|2:3557718-3558478:+,2,3557718,3558478,+,Os02t0166200-01,1,no,4003,2045,4003,6048,0.661871693121693,1,Oryza_sativa,high_confidence_IR
Os02g0166800,Os02g0166800.intron1,Os02g0166800|2:3595888-3596124:+,2,3595888,3596124,+,Os02t0166800-01,1,no,584,5,584,589,0.99151103565365,1,Oryza_sativa,high_confidence_IR
Os02g0167600,Os02g0167600.intron1,Os02g0167600|2:3655341-3655692:+,2,3655341,3655692,+,Os02t0167600-01,1,no,4122,14,4122,4136,0.996615087040619,1,Oryza_sativa,high_confidence_IR
Os02g0168600,Os02g0168600.intron1,Os02g0168600|2:3708809-3709751:-,2,3708809,3709751,-,Os02t0168600-01,1,no,7627,2368,5996,9995,0.763081540770385,0.786154451291465,Oryza_sativa,high_confidence_IR
Os02g0174250,Os02g0174250.intron1,Os02g0174250|2:4079119-4079831:+,2,4079119,4079831,+,Os02t0174250-00,1,no,557,142,557,699,0.796852646638054,1,Oryza_sativa,high_confidence_IR
Os02g0174900,Os02g0174900.intron1,Os02g0174900|2:4104603-4106131:-,2,4104603,4106131,-,Os02t0174900-01,1,no,106,149,106,255,0.415686274509804,1,Oryza_sativa,high_confidence_IR
Os02g0180800,Os02g0180800.intron4,Os02g0180800|2:4500422-4511097:-,2,4500422,4511097,-,Os02t0180800-01,1,no,9648,17147,8139,26795,0.360067176712073,0.843594527363184,Oryza_sativa,high_confidence_IR
Os02g0184400,Os02g0184400.intron13,Os02g0184400|2:4716234-4716349:+,2,4716234,4716349,+,Os02t0184400-04,1,yes,450,270,383,720,0.625,0.851111111111111,Oryza_sativa,high_confidence_IR
Os02g0187000,Os02g0187000.intron1,Os02g0187000|2:4829589-4829679:+,2,4829589,4829679,+,Os02t0187000-00,1,no,69,234,69,303,0.227722772277228,1,Oryza_sativa,high_confidence_IR
Os02g0189900,Os02g0189900.intron2,Os02g0189900|2:4975429-4981806:+,2,4975429,4981806,+,Os02t0189900-01,1,yes,1421,1690,1043,3111,0.45676631308261,0.733990147783251,Oryza_sativa,high_confidence_IR
Os02g0192250,Os02g0192250.intron1,Os02g0192250|2:5123513-5123586:-,2,5123513,5123586,-,Os02t0192250-00,1,no,35,70,35,105,0.333333333333333,1,Oryza_sativa,high_confidence_IR
Os02g0197600,Os02g0197600.intron3,Os02g0197600|2:5469214-5469340:-,2,5469214,5469340,-,Os02t0197600-02,1,yes,1199810,74,937304,1199884,0.999938327371646,0.781210358306732,Oryza_sativa,high_confidence_IR
Os02g0200800,Os02g0200800.intron1,Os02g0200800|2:5623462-5623886:+,2,5623462,5623886,+,Os02t0200800-01,1,no,5269,716,3939,5985,0.880367585630744,0.747580185993547,Oryza_sativa,high_confidence_IR
Os02g0200900,Os02g0200900.intron2,Os02g0200900|2:5630292-5630738:-,2,5630292,5630738,-,Os02t0200900-02,1,yes,19408,23,17341,19431,0.998816324430034,0.893497526793075,Oryza_sativa,high_confidence_IR
Os02g0205700,Os02g0205700.intron1,Os02g0205700|2:5930791-5931025:+,2,5930791,5931025,+,Os02t0205700-00,1,no,1753,1731,1753,3484,0.503157290470723,1,Oryza_sativa,high_confidence_IR
Os02g0206100,Os02g0206100.intron1,Os02g0206100|2:5955466-5955726:-,2,5955466,5955726,-,Os02t0206100-01,1,yes,2366,5762,2366,8128,0.291092519685039,1,Oryza_sativa,high_confidence_IR
Os02g0208300,Os02g0208300.intron1,Os02g0208300|2:6072728-6072858:+,2,6072728,6072858,+,Os02t0208300-01,1,no,809,1929,722,2738,0.295471146822498,0.892459826946848,Oryza_sativa,high_confidence_IR
Os02g0209100,Os02g0209100.intron15,Os02g0209100|2:6132039-6132507:-,2,6132039,6132507,-,Os02t0209100-01,1,no,20676,38,16206,20714,0.99816549193782,0.783807312826465,Oryza_sativa,high_confidence_IR
Os02g0209900,Os02g0209900.intron1,Os02g0209900|2:6158841-6159310:-,2,6158841,6159310,-,Os02t0209900-01,1,no,24,35,24,59,0.406779661016949,1,Oryza_sativa,high_confidence_IR
Os02g0211100,Os02g0211100.intron1,Os02g0211100|2:6205635-6206869:+,2,6205635,6206869,+,Os02t0211100-01,1,yes,177,130,177,307,0.576547231270358,1,Oryza_sativa,high_confidence_IR
Os02g0211150,Os02g0211150.intron1,Os02g0211150|2:6207859-6213291:+,2,6207859,6213291,+,Os02t0211150-00,1,no,405,752,405,1157,0.350043215211755,1,Oryza_sativa,high_confidence_IR
Os02g0215500,Os02g0215500.intron1,Os02g0215500|2:6471947-6472217:+,2,6471947,6472217,+,Os02t0215500-01,1,no,265,426,265,691,0.383502170767004,1,Oryza_sativa,high_confidence_IR
Os02g0218300,Os02g0218300.intron2,Os02g0218300|2:6608936-6609754:+,2,6608936,6609754,+,Os02t0218300-01,1,no,1111,932,858,2043,0.543808125305923,0.772277227722772,Oryza_sativa,high_confidence_IR
Os02g0218550,Os02g0218550.intron1,Os02g0218550|2:6622665-6622801:-,2,6622665,6622801,-,Os02t0218550-00,1,no,21,9,19,30,0.7,0.904761904761905,Oryza_sativa,high_confidence_IR
Os02g0219300,Os02g0219300.intron1,Os02g0219300|2:6656526-6656970:+,2,6656526,6656970,+,Os02t0219300-01,1,no,145,45,145,190,0.763157894736842,1,Oryza_sativa,high_confidence_IR
Os02g0221100,Os02g0221100.intron1,Os02g0221100|2:6749226-6749470:-,2,6749226,6749470,-,Os02t0221100-00,1,no,6,13,6,19,0.315789473684211,1,Oryza_sativa,high_confidence_IR
Os02g0227600,Os02g0227600.intron1,Os02g0227600|2:7165589-7165685:+,2,7165589,7165685,+,Os02t0227600-01,1,no,153,8,153,161,0.950310559006211,1,Oryza_sativa,high_confidence_IR
Os02g0228600,Os02g0228600.intron1,Os02g0228600|2:7237241-7237946:-,2,7237241,7237946,-,Os02t0228600-01,1,no,695,2239,695,2934,0.236877982276755,1,Oryza_sativa,high_confidence_IR
Os02g0234800,Os02g0234800.intron4,Os02g0234800|2:7632029-7632781:-,2,7632029,7632781,-,Os02t0234800-01,1,no,9533,32537,8225,42070,0.226598526265748,0.862792405328858,Oryza_sativa,high_confidence_IR
Os02g0246600,Os02g0246600.intron1,Os02g0246600|2:8278016-8278141:+,2,8278016,8278141,+,Os02t0246600-01,1,no,459,418,459,877,0.523375142531357,1,Oryza_sativa,high_confidence_IR
Os02g0247100,Os02g0247100.intron1,Os02g0247100|2:8324259-8324381:+,2,8324259,8324381,+,Os02t0247100-00,1,no,2196,11,2196,2207,0.995015858631627,1,Oryza_sativa,high_confidence_IR
Os02g0253150,Os02g0253150.intron1,Os02g0253150|2:8612914-8613001:+,2,8612914,8613001,+,Os02t0253150-01,1,no,25,19,25,44,0.568181818181818,1,Oryza_sativa,high_confidence_IR
Os02g0254600,Os02g0254600.intron1,Os02g0254600|2:8714616-8714737:-,2,8714616,8714737,-,Os02t0254600-01,1,no,9367,13,9367,9380,0.998614072494669,1,Oryza_sativa,high_confidence_IR
Os02g0256000,Os02g0256000.intron1,Os02g0256000|2:8835372-8835642:-,2,8835372,8835642,-,Os02t0256000-01,1,no,135,306,135,441,0.306122448979592,1,Oryza_sativa,high_confidence_IR
Os02g0258800,Os02g0258800.intron1,Os02g0258800|2:8974052-8977088:+,2,8974052,8977088,+,Os02t0258800-01,1,no,33,105,33,138,0.239130434782609,1,Oryza_sativa,high_confidence_IR
Os02g0260400,Os02g0260400.intron2,Os02g0260400|2:9054344-9055248:-,2,9054344,9055248,-,Os02t0260400-01,1,no,6219,490,5403,6709,0.926963779997019,0.868789194404245,Oryza_sativa,high_confidence_IR
Os02g0272800,Os02g0272800.intron1,Os02g0272800|2:9913003-9919143:-,2,9913003,9919143,-,Os02t0272800-01,1,no,501,118,383,619,0.809369951534733,0.764471057884232,Oryza_sativa,high_confidence_IR
Os02g0280700,Os02g0280700.intron1,Os02g0280700|2:10386550-10388160:+,2,10386550,10388160,+,Os02t0280700-01,1,no,501,165,431,666,0.752252252252252,0.860279441117764,Oryza_sativa,high_confidence_IR
Os02g0286200,Os02g0286200.intron2,Os02g0286200|2:10760690-10761320:+,2,10760690,10761320,+,Os02t0286200-01,1,no,1497,5451,1255,6948,0.21545768566494,0.838343353373413,Oryza_sativa,high_confidence_IR
Os02g0286891,Os02g0286891.intron1,Os02g0286891|2:10787749-10788079:+,2,10787749,10788079,+,Os02t0286891-01,1,no,161,235,161,396,0.406565656565657,1,Oryza_sativa,high_confidence_IR
Os02g0287700,Os02g0287700.intron2,Os02g0287700|2:10853272-10853363:-,2,10853272,10853363,-,Os02t0287700-00,1,no,1045,318,748,1363,0.766691122523844,0.715789473684211,Oryza_sativa,high_confidence_IR
Os02g0289300,Os02g0289300.intron1,Os02g0289300|2:10944324-10944398:-,2,10944324,10944398,-,Os02t0289300-01,1,no,375,442,375,817,0.458996328029376,1,Oryza_sativa,high_confidence_IR
Os02g0292600,Os02g0292600.intron1,Os02g0292600|2:11116483-11117691:+,2,11116483,11117691,+,Os02t0292600-01,1,no,283,7,222,290,0.975862068965517,0.784452296819788,Oryza_sativa,high_confidence_IR
Os02g0298200,Os02g0298200.intron1,Os02g0298200|2:11428266-11428342:+,2,11428266,11428342,+,Os02t0298200-01,1,no,1359,9,1359,1368,0.993421052631579,1,Oryza_sativa,high_confidence_IR
Os02g0298100,Os02g0298100.intron1,Os02g0298100|2:11430791-11430906:-,2,11430791,11430906,-,Os02t0298100-01,1,no,4512,409,4512,4921,0.916886811623654,1,Oryza_sativa,high_confidence_IR
Os02g0304800,Os02g0304800.intron2,Os02g0304800|2:11879129-11879224:+,2,11879129,11879224,+,Os02t0304800-01,1,no,506,368,442,874,0.578947368421053,0.873517786561265,Oryza_sativa,high_confidence_IR
Os02g0307900,Os02g0307900.intron1,Os02g0307900|2:12090010-12090103:-,2,12090010,12090103,-,Os02t0307900-00,1,no,69,108,69,177,0.389830508474576,1,Oryza_sativa,high_confidence_IR
Os02g0315600,Os02g0315600.intron2,Os02g0315600|2:12505354-12506438:-,2,12505354,12506438,-,Os02t0315600-02,1,yes,598,1507,485,2105,0.284085510688836,0.811036789297659,Oryza_sativa,high_confidence_IR
Os02g0324200,Os02g0324200.intron1,Os02g0324200|2:13005002-13005091:-,2,13005002,13005091,-,Os02t0324200-01,1,no,1216,2996,981,4212,0.288698955365622,0.806743421052632,Oryza_sativa,high_confidence_IR
Os02g0326100,Os02g0326100.intron1,Os02g0326100|2:13122794-13126422:+,2,13122794,13126422,+,Os02t0326100-01,1,no,499,27,499,526,0.948669201520912,1,Oryza_sativa,high_confidence_IR
Os02g0326500,Os02g0326500.intron1,Os02g0326500|2:13137923-13138022:+,2,13137923,13138022,+,Os02t0326500-01,1,no,2122,673,1583,2795,0.759212880143113,0.745994344957587,Oryza_sativa,high_confidence_IR
Os02g0435400,Os02g0435400.intron2,Os02g0435400|2:13864719-13865376:+,2,13864719,13865376,+,Os02t0435400-01,1,yes,458,997,390,1455,0.314776632302405,0.851528384279476,Oryza_sativa,high_confidence_IR
Os02g0437300,Os02g0437300.intron2,Os02g0437300|2:13963322-13964138:-,2,13963322,13964138,-,Os02t0437300-01,1,no,805,3078,634,3883,0.207313932526397,0.787577639751553,Oryza_sativa,high_confidence_IR
Os02g0448600,Os02g0448600.intron1,Os02g0448600|2:14557603-14557677:+,2,14557603,14557677,+,Os02t0448600-01,1,no,1981,1915,1699,3896,0.50847022587269,0.857647652700656,Oryza_sativa,high_confidence_IR
Os02g0453500,Os02g0453500.intron1,Os02g0453500|2:14985661-14985734:+,2,14985661,14985734,+,Os02t0453500-01,1,no,1291,600,1291,1891,0.682707562136436,1,Oryza_sativa,high_confidence_IR
Os02g0461100,Os02g0461100.intron2,Os02g0461100|2:15445303-15445430:-,2,15445303,15445430,-,Os02t0461100-01,1,no,1052,3011,804,4063,0.258921978833374,0.76425855513308,Oryza_sativa,high_confidence_IR
Os02g0462200,Os02g0462200.intron1,Os02g0462200|2:15497923-15498334:-,2,15497923,15498334,-,Os02t0462200-01,1,no,2415,1335,2415,3750,0.644,1,Oryza_sativa,high_confidence_IR
Os02g0464550,Os02g0464550.intron1,Os02g0464550|2:15603513-15605650:-,2,15603513,15605650,-,Os02t0464550-01,1,no,76,245,76,321,0.236760124610592,1,Oryza_sativa,high_confidence_IR
Os02g0465000,Os02g0465000.intron1,Os02g0465000|2:15626819-15627710:+,2,15626819,15627710,+,Os02t0465000-00,1,no,4002,92,3661,4094,0.97752808988764,0.914792603698151,Oryza_sativa,high_confidence_IR
Os02g0467200,Os02g0467200.intron2,Os02g0467200|2:15725936-15726035:-,2,15725936,15726035,-,Os02t0467200-01,1,no,3184,12446,2771,15630,0.203710812539987,0.870288944723618,Oryza_sativa,high_confidence_IR
Os02g0503100,Os02g0503100.intron1,Os02g0503100|2:17806189-17806430:+,2,17806189,17806430,+,Os02t0503100-00,1,no,13938,5,10643,13943,0.999641397116833,0.763595924809872,Oryza_sativa,high_confidence_IR
Os02g0509600,Os02g0509600.intron1,Os02g0509600|2:18219412-18219500:+,2,18219412,18219500,+,Os02t0509600-01,1,no,395,216,363,611,0.646481178396072,0.918987341772152,Oryza_sativa,high_confidence_IR
Os02g0510000,Os02g0510000.intron3,Os02g0510000|2:18230175-18231125:+,2,18230175,18231125,+,Os02t0510000-02,1,yes,40,26,40,66,0.606060606060606,1,Oryza_sativa,high_confidence_IR
Os02g0510100,Os02g0510100.intron3,Os02g0510100|2:18231668-18231761:-,2,18231668,18231761,-,Os02t0510100-02,1,yes,50756,3269,44007,54025,0.939490976399815,0.867030498857278,Oryza_sativa,high_confidence_IR
Os02g0510600,Os02g0510600.intron2,Os02g0510600|2:18252734-18255439:+,2,18252734,18255439,+,Os02t0510600-02,1,yes,2452,9,1880,2461,0.996342950020317,0.766721044045677,Oryza_sativa,high_confidence_IR
Os02g0515100,Os02g0515100.intron1,Os02g0515100|2:18572446-18573005:-,2,18572446,18573005,-,Os02t0515100-01,1,no,259,89,259,348,0.744252873563218,1,Oryza_sativa,high_confidence_IR
Os02g0517300,Os02g0517300.intron5,Os02g0517300|2:18711439-18711611:+,2,18711439,18711611,+,Os02t0517300-02,1,yes,16546,615,14966,17161,0.964162927568324,0.904508642572223,Oryza_sativa,high_confidence_IR
Os02g0518100,Os02g0518100.intron11,Os02g0518100|2:18827801-18827881:-,2,18827801,18827881,-,Os02t0518100-01,1,no,7835,254,5607,8089,0.968599332426752,0.715634971282706,Oryza_sativa,high_confidence_IR
Os02g0519950,Os02g0519950.intron1,Os02g0519950|2:18918457-18919091:-,2,18918457,18919091,-,Os02t0519950-00,1,no,23,21,23,44,0.522727272727273,1,Oryza_sativa,high_confidence_IR
Os02g0523201,Os02g0523201.intron1,Os02g0523201|2:19086910-19087930:-,2,19086910,19087930,-,Os02t0523201-00,1,no,1371,2459,1371,3830,0.357963446475196,1,Oryza_sativa,high_confidence_IR
Os02g0525400,Os02g0525400.intron7,Os02g0525400|2:19194236-19194343:+,2,19194236,19194343,+,Os02t0525400-01,1,no,2483,854,1920,3337,0.744081510338627,0.773258155457108,Oryza_sativa,high_confidence_IR
Os02g0527300,Os02g0527300.intron1,Os02g0527300|2:19311105-19312402:-,2,19311105,19312402,-,Os02t0527300-01,1,no,2842,1593,2842,4435,0.640811724915445,1,Oryza_sativa,high_confidence_IR
Os02g0542400,Os02g0542400.intron1,Os02g0542400|2:20148100-20148243:+,2,20148100,20148243,+,Os02t0542400-01,1,no,2229,1632,2229,3861,0.577311577311577,1,Oryza_sativa,high_confidence_IR
Os02g0546600,Os02g0546600.intron1,Os02g0546600|2:20491562-20491679:-,2,20491562,20491679,-,Os02t0546600-01,1,no,101,85,101,186,0.543010752688172,1,Oryza_sativa,high_confidence_IR
Os02g0556700,Os02g0556700.intron9,Os02g0556700|2:21058747-21058909:+,2,21058747,21058909,+,Os02t0556700-01,1,yes,3634,64,2558,3698,0.982693347755544,0.703907539900936,Oryza_sativa,high_confidence_IR
Os02g0559300,Os02g0559300.intron5,Os02g0559300|2:21228223-21228376:+,2,21228223,21228376,+,Os02t0559300-02,1,yes,2513,35,1908,2548,0.986263736263736,0.75925189017111,Oryza_sativa,high_confidence_IR
Os02g0565400,Os02g0565400.intron2,Os02g0565400|2:21474478-21475245:+,2,21474478,21475245,+,Os02t0565400-02,1,no,130,359,114,489,0.265848670756646,0.876923076923077,Oryza_sativa,high_confidence_IR
Os02g0570800,Os02g0570800.intron1,Os02g0570800|2:21811223-21812458:+,2,21811223,21812458,+,Os02t0570800-00,1,no,25,74,25,99,0.252525252525253,1,Oryza_sativa,high_confidence_IR
Os02g0573200,Os02g0573200.intron3,Os02g0573200|2:21979766-21979959:+,2,21979766,21979959,+,Os02t0573200-01,1,yes,7389,3968,6010,11357,0.650611957383112,0.813371227500338,Oryza_sativa,high_confidence_IR
Os02g0575700,Os02g0575700.intron1,Os02g0575700|2:22096194-22098152:+,2,22096194,22098152,+,Os02t0575700-01,1,no,337,442,337,779,0.432605905006418,1,Oryza_sativa,high_confidence_IR
Os02g0577400,Os02g0577400.intron1,Os02g0577400|2:22177391-22177485:-,2,22177391,22177485,-,Os02t0577400-01,1,no,516,2044,516,2560,0.2015625,1,Oryza_sativa,high_confidence_IR
Os02g0586900,Os02g0586900.intron2,Os02g0586900|2:22622785-22622823:+,2,22622785,22622823,+,Os02t0586900-01,1,yes,67299,18,64414,67317,0.999732608405009,0.957131606710352,Oryza_sativa,high_confidence_IR
Os02g0591500,Os02g0591500.intron1,Os02g0591500|2:22866160-22866485:+,2,22866160,22866485,+,Os02t0591500-01,1,no,418,47,393,465,0.898924731182796,0.940191387559809,Oryza_sativa,high_confidence_IR
Os02g0593100,Os02g0593100.intron10,Os02g0593100|2:22955240-22955401:-,2,22955240,22955401,-,Os02t0593100-00,1,no,15,53,11,68,0.220588235294118,0.733333333333333,Oryza_sativa,high_confidence_IR
Os02g0593500,Os02g0593500.intron3,Os02g0593500|2:22973860-22974214:+,2,22973860,22974214,+,Os02t0593500-02,1,yes,24984,33,19238,25017,0.998680896990047,0.770012808197246,Oryza_sativa,high_confidence_IR
Os02g0606600,Os02g0606600.intron1,Os02g0606600|2:23768567-23768660:-,2,23768567,23768660,-,Os02t0606600-01,1,no,1333,40,1333,1373,0.970866715222141,1,Oryza_sativa,high_confidence_IR
Os02g0610600,Os02g0610600.intron4,Os02g0610600|2:23992984-23993635:-,2,23992984,23993635,-,Os02t0610600-01,1,no,66924,123872,59051,190796,0.350762070483658,0.882359093897555,Oryza_sativa,high_confidence_IR
Os02g0612000,Os02g0612000.intron1,Os02g0612000|2:24090959-24091137:+,2,24090959,24091137,+,Os02t0612000-01,1,no,1507,25,1420,1532,0.983681462140992,0.942269409422694,Oryza_sativa,high_confidence_IR
Os02g0615800,Os02g0615800.intron1,Os02g0615800|2:24350873-24351047:+,2,24350873,24351047,+,Os02t0615800-01,1,no,1407,3048,1207,4455,0.315824915824916,0.857853589196873,Oryza_sativa,high_confidence_IR
Os02g0616100,Os02g0616100.intron1,Os02g0616100|2:24373831-24374045:+,2,24373831,24374045,+,Os02t0616100-04,1,yes,59964,77,59964,60041,0.998717543012275,1,Oryza_sativa,high_confidence_IR
Os02g0616800,Os02g0616800.intron1,Os02g0616800|2:24434288-24434838:-,2,24434288,24434838,-,Os02t0616800-01,1,no,164,502,142,666,0.246246246246246,0.865853658536585,Oryza_sativa,high_confidence_IR
Os02g0617200,Os02g0617200.intron2,Os02g0617200|2:24486038-24486566:-,2,24486038,24486566,-,Os02t0617200-01,1,no,53,180,39,233,0.227467811158798,0.735849056603774,Oryza_sativa,high_confidence_IR
Os02g0632800,Os02g0632800.intron1,Os02g0632800|2:25350578-25350691:-,2,25350578,25350691,-,Os02t0632800-01,1,no,137,531,100,668,0.205089820359281,0.72992700729927,Oryza_sativa,high_confidence_IR
Os02g0635600,Os02g0635600.intron1,Os02g0635600|2:25490697-25490810:+,2,25490697,25490810,+,Os02t0635600-01,1,no,2037,400,1919,2437,0.835863766926549,0.942071674030437,Oryza_sativa,high_confidence_IR
Os02g0650800,Os02g0650800.intron1,Os02g0650800|2:26235242-26236164:+,2,26235242,26236164,+,Os02t0650800-00,1,no,8,29,7,37,0.216216216216216,0.875,Oryza_sativa,high_confidence_IR
Os02g0653300,Os02g0653300.intron1,Os02g0653300|2:26348936-26349104:+,2,26348936,26349104,+,Os02t0653300-01,1,no,3736,201,3736,3937,0.948945897891796,1,Oryza_sativa,high_confidence_IR
Os02g0655200,Os02g0655200.intron1,Os02g0655200|2:26456561-26457259:+,2,26456561,26457259,+,Os02t0655200-01,1,yes,562,28,562,590,0.952542372881356,1,Oryza_sativa,high_confidence_IR
Os02g0658200,Os02g0658200.intron1,Os02g0658200|2:26617018-26617138:-,2,26617018,26617138,-,Os02t0658200-01,1,no,167,633,167,800,0.20875,1,Oryza_sativa,high_confidence_IR
Os02g0661900,Os02g0661900.intron8,Os02g0661900|2:26801086-26801881:+,2,26801086,26801881,+,Os02t0661900-02,1,yes,5897,951,4216,6848,0.861127336448598,0.714939799898253,Oryza_sativa,high_confidence_IR
Os02g0664400,Os02g0664400.intron1,Os02g0664400|2:26978315-26978508:-,2,26978315,26978508,-,Os02t0664400-01,1,no,5,13,5,18,0.277777777777778,1,Oryza_sativa,high_confidence_IR
Os02g0673000,Os02g0673000.intron1,Os02g0673000|2:27387280-27387799:+,2,27387280,27387799,+,Os02t0673000-01,1,no,115,292,115,407,0.282555282555283,1,Oryza_sativa,high_confidence_IR
Os02g0691800,Os02g0691800.intron1,Os02g0691800|2:28415482-28415757:+,2,28415482,28415757,+,Os02t0691800-01,1,no,5182,3091,4174,8273,0.626374954671824,0.805480509455809,Oryza_sativa,high_confidence_IR
Os02g0704131,Os02g0704131.intron1,Os02g0704131|2:29026603-29026743:+,2,29026603,29026743,+,Os02t0704131-00,1,no,211725,9,211725,211734,0.999957493836606,1,Oryza_sativa,high_confidence_IR
Os02g0707900,Os02g0707900.intron4,Os02g0707900|2:29259418-29259528:-,2,29259418,29259528,-,Os02t0707900-03,1,no,3483,207,2705,3690,0.94390243902439,0.776629342520815,Oryza_sativa,high_confidence_IR
Os02g0709701,Os02g0709701.intron1,Os02g0709701|2:29364748-29364869:-,2,29364748,29364869,-,Os02t0709701-00,1,no,210,5,210,215,0.976744186046512,1,Oryza_sativa,high_confidence_IR
Os02g0710550,Os02g0710550.intron1,Os02g0710550|2:29431744-29431831:-,2,29431744,29431831,-,Os02t0710550-00,1,no,741,68,741,809,0.915945611866502,1,Oryza_sativa,high_confidence_IR
Os02g0723400,Os02g0723400.intron3,Os02g0723400|2:30065619-30065815:+,2,30065619,30065815,+,Os02t0723400-02,1,no,840,1567,682,2407,0.348982135438305,0.811904761904762,Oryza_sativa,high_confidence_IR
Os02g0724000,Os02g0724000.intron1,Os02g0724000|2:30094499-30096197:+,2,30094499,30096197,+,Os02t0724000-01,1,no,2549,4471,2079,7020,0.363105413105413,0.815613966261279,Oryza_sativa,high_confidence_IR
Os02g0729100,Os02g0729100.intron1,Os02g0729100|2:30343477-30343557:+,2,30343477,30343557,+,Os02t0729100-00,1,no,234,674,191,908,0.257709251101322,0.816239316239316,Oryza_sativa,high_confidence_IR
Os02g0731300,Os02g0731300.intron1,Os02g0731300|2:30461255-30464063:-,2,30461255,30464063,-,Os02t0731300-01,1,no,8870,4173,7178,13043,0.680058268803189,0.80924464487035,Oryza_sativa,high_confidence_IR
Os02g0731500,Os02g0731500.intron1,Os02g0731500|2:30469760-30469888:-,2,30469760,30469888,-,Os02t0731500-02,1,yes,1145,2230,910,3375,0.339259259259259,0.794759825327511,Oryza_sativa,high_confidence_IR
Os02g0731700,Os02g0731700.intron1,Os02g0731700|2:30475321-30475705:-,2,30475321,30475705,-,Os02t0731700-01,1,yes,7435,29,6625,7464,0.996114683815648,0.891055817081372,Oryza_sativa,high_confidence_IR
Os02g0733200,Os02g0733200.intron1,Os02g0733200|2:30567976-30569066:+,2,30567976,30569066,+,Os02t0733200-01,1,no,3133,6922,2772,10055,0.311586275484833,0.884774976061283,Oryza_sativa,high_confidence_IR
Os02g0733400,Os02g0733400.intron1,Os02g0733400|2:30578135-30578213:-,2,30578135,30578213,-,Os02t0733400-00,1,no,249,639,249,888,0.280405405405405,1,Oryza_sativa,high_confidence_IR
Os02g0736800,Os02g0736800.intron2,Os02g0736800|2:30764397-30764470:+,2,30764397,30764470,+,Os02t0736800-01,1,no,391,61,333,452,0.865044247787611,0.851662404092072,Oryza_sativa,high_confidence_IR
Os02g0742100,Os02g0742100.intron1,Os02g0742100|2:31083278-31083370:+,2,31083278,31083370,+,Os02t0742100-02,1,yes,10012,26525,10012,36537,0.274023592522648,1,Oryza_sativa,high_confidence_IR
Os02g0744501,Os02g0744501.intron1,Os02g0744501|2:31227971-31228653:+,2,31227971,31228653,+,Os02t0744501-00,1,no,14,11,14,25,0.56,1,Oryza_sativa,high_confidence_IR
Os02g0759600,Os02g0759600.intron1,Os02g0759600|2:31987931-31988056:-,2,31987931,31988056,-,Os02t0759600-00,1,no,61,146,45,207,0.294685990338164,0.737704918032787,Oryza_sativa,high_confidence_IR
Os02g0769800,Os02g0769800.intron3,Os02g0769800|2:32462178-32462308:+,2,32462178,32462308,+,Os02t0769800-01,1,no,1435,4424,1084,5859,0.244922341696535,0.755400696864111,Oryza_sativa,high_confidence_IR
Os02g0769900,Os02g0769900.intron1,Os02g0769900|2:32464339-32464418:-,2,32464339,32464418,-,Os02t0769900-03,1,yes,1130,290,1130,1420,0.795774647887324,1,Oryza_sativa,high_confidence_IR
Os02g0770500,Os02g0770500.intron3,Os02g0770500|2:32490443-32490544:+,2,32490443,32490544,+,Os02t0770500-00,1,no,330,1210,236,1540,0.214285714285714,0.715151515151515,Oryza_sativa,high_confidence_IR
Os02g0776900,Os02g0776900.intron2,Os02g0776900|2:32841694-32842241:-,2,32841694,32842241,-,Os02t0776900-02,1,yes,397,34,324,431,0.921113689095128,0.816120906801008,Oryza_sativa,high_confidence_IR
Os02g0781800,Os02g0781800.intron1,Os02g0781800|2:33133730-33134005:-,2,33133730,33134005,-,Os02t0781800-01,1,no,880,10,785,890,0.98876404494382,0.892045454545455,Oryza_sativa,high_confidence_IR
Os02g0784400,Os02g0784400.intron1,Os02g0784400|2:33301648-33301725:+,2,33301648,33301725,+,Os02t0784400-00,1,no,26,71,25,97,0.268041237113402,0.961538461538462,Oryza_sativa,high_confidence_IR
Os02g0789400,Os02g0789400.intron6,Os02g0789400|2:33542621-33542734:-,2,33542621,33542734,-,Os02t0789400-01,1,yes,25909,5518,19245,31427,0.824418493651955,0.74279207997221,Oryza_sativa,high_confidence_IR
Os02g0793500,Os02g0793500.intron1,Os02g0793500|2:33724453-33724616:-,2,33724453,33724616,-,Os02t0793500-01,1,no,123,254,100,377,0.326259946949602,0.813008130081301,Oryza_sativa,high_confidence_IR
Os02g0801200,Os02g0801200.intron17,Os02g0801200|2:34090008-34090272:-,2,34090008,34090272,-,Os02t0801200-01,1,no,1017,604,779,1621,0.627390499691548,0.765978367748279,Oryza_sativa,high_confidence_IR
Os02g0802700,Os02g0802700.intron1,Os02g0802700|2:34223476-34224001:+,2,34223476,34224001,+,Os02t0802700-01,1,yes,8316,33,5824,8349,0.99604743083004,0.7003367003367,Oryza_sativa,high_confidence_IR
Os02g0807200,Os02g0807200.intron1,Os02g0807200|2:34484727-34484812:-,2,34484727,34484812,-,Os02t0807200-00,1,no,243,224,243,467,0.5203426124197,1,Oryza_sativa,high_confidence_IR
Os02g0807300,Os02g0807300.intron1,Os02g0807300|2:34488999-34489105:+,2,34488999,34489105,+,Os02t0807300-01,1,no,63,84,63,147,0.428571428571429,1,Oryza_sativa,high_confidence_IR
Os02g0818800,Os02g0818800.intron1,Os02g0818800|2:35125211-35126002:+,2,35125211,35126002,+,Os02t0818800-01,1,no,342,589,259,931,0.36734693877551,0.757309941520468,Oryza_sativa,high_confidence_IR
Os02g0829000,Os02g0829000.intron1,Os02g0829000|2:35635185-35636380:-,2,35635185,35636380,-,Os02t0829000-01,1,no,887,1273,887,2160,0.410648148148148,1,Oryza_sativa,high_confidence_IR
Os02g0832833,Os02g0832833.intron1,Os02g0832833|2:35812862-35813107:+,2,35812862,35813107,+,Os02t0832833-00,1,no,96,32,96,128,0.75,1,Oryza_sativa,high_confidence_IR
Os03g0101200,Os03g0101200.intron7,Os03g0101200|3:111578-111742:-,3,111578,111742,-,Os03t0101200-00,1,no,726,727,616,1453,0.499655884377151,0.848484848484849,Oryza_sativa,high_confidence_IR
Os03g0101800,Os03g0101800.intron4,Os03g0101800|3:137229-137319:+,3,137229,137319,+,Os03t0101800-02,1,yes,33316,297,26509,33613,0.991164132924761,0.795683755552888,Oryza_sativa,high_confidence_IR
Os03g0105633,Os03g0105633.intron1,Os03g0105633|3:340497-340573:-,3,340497,340573,-,Os03t0105633-00,1,no,254,24,254,278,0.913669064748201,1,Oryza_sativa,high_confidence_IR
Os03g0106100,Os03g0106100.intron1,Os03g0106100|3:360658-364333:+,3,360658,364333,+,Os03t0106100-01,1,no,90,68,82,158,0.569620253164557,0.911111111111111,Oryza_sativa,high_confidence_IR
Os03g0112950,Os03g0112950.intron1,Os03g0112950|3:729327-729770:-,3,729327,729770,-,Os03t0112950-01,1,no,68,163,68,231,0.294372294372294,1,Oryza_sativa,high_confidence_IR
Os03g0122500,Os03g0122500.intron2,Os03g0122500|3:1270789-1270982:+,3,1270789,1270982,+,Os03t0122500-01,1,no,1181,1316,832,2497,0.472967561073288,0.704487722269263,Oryza_sativa,high_confidence_IR
Os03g0124100,Os03g0124100.intron2,Os03g0124100|3:1404456-1404547:+,3,1404456,1404547,+,Os03t0124100-01,1,no,327,246,300,573,0.570680628272251,0.917431192660551,Oryza_sativa,high_confidence_IR
Os03g0126600,Os03g0126600.intron1,Os03g0126600|3:1508891-1508986:+,3,1508891,1508986,+,Os03t0126600-01,1,no,655,516,655,1171,0.55935098206661,1,Oryza_sativa,high_confidence_IR
Os03g0126850,Os03g0126850.intron1,Os03g0126850|3:1522459-1522525:+,3,1522459,1522525,+,Os03t0126850-01,1,no,500,16,500,516,0.968992248062015,1,Oryza_sativa,high_confidence_IR
Os03g0128000,Os03g0128000.intron1,Os03g0128000|3:1579832-1580589:+,3,1579832,1580589,+,Os03t0128000-02,1,yes,8208,7,8208,8215,0.999147900182593,1,Oryza_sativa,high_confidence_IR
Os03g0130550,Os03g0130550.intron1,Os03g0130550|3:1727378-1727567:+,3,1727378,1727567,+,Os03t0130550-00,1,no,114,6,114,120,0.95,1,Oryza_sativa,high_confidence_IR
Os03g0130750,Os03g0130750.intron1,Os03g0130750|3:1747082-1748316:-,3,1747082,1748316,-,Os03t0130750-01,1,no,1566,163,1216,1729,0.905725853094274,0.776500638569604,Oryza_sativa,high_confidence_IR
Os03g0131100,Os03g0131100.intron1,Os03g0131100|3:1779721-1779944:-,3,1779721,1779944,-,Os03t0131100-01,1,no,607,1510,480,2117,0.286726499763817,0.790774299835255,Oryza_sativa,high_confidence_IR
Os03g0133500,Os03g0133500.intron1,Os03g0133500|3:1883705-1883795:-,3,1883705,1883795,-,Os03t0133500-01,1,no,698,2521,698,3219,0.216837527182355,1,Oryza_sativa,high_confidence_IR
Os03g0145200,Os03g0145200.intron1,Os03g0145200|3:2506217-2506316:+,3,2506217,2506316,+,Os03t0145200-01,1,no,38,151,38,189,0.201058201058201,1,Oryza_sativa,high_confidence_IR
Os03g0146100,Os03g0146100.intron2,Os03g0146100|3:2563136-2563297:-,3,2563136,2563297,-,Os03t0146100-03,1,yes,1477710,86,1332876,1477796,0.999941805228868,0.901987534766632,Oryza_sativa,high_confidence_IR
Os03g0155632,Os03g0155632.intron1,Os03g0155632|3:3006651-3006789:+,3,3006651,3006789,+,Os03t0155632-00,1,no,210,142,210,352,0.596590909090909,1,Oryza_sativa,high_confidence_IR
Os03g0156300,Os03g0156300.intron2,Os03g0156300|3:3037471-3037576:+,3,3037471,3037576,+,Os03t0156300-00,1,no,17,54,16,71,0.23943661971831,0.941176470588235,Oryza_sativa,high_confidence_IR
Os03g0159150,Os03g0159150.intron1,Os03g0159150|3:3170871-3174265:-,3,3170871,3174265,-,Os03t0159150-00,1,no,131,264,131,395,0.331645569620253,1,Oryza_sativa,high_confidence_IR
Os03g0164100,Os03g0164100.intron1,Os03g0164100|3:3463814-3463912:+,3,3463814,3463912,+,Os03t0164100-01,1,yes,3136,17,3136,3153,0.994608309546464,1,Oryza_sativa,high_confidence_IR
Os03g0167500,Os03g0167500.intron5,Os03g0167500|3:3650914-3651009:+,3,3650914,3651009,+,Os03t0167500-01,1,yes,9968,697,7921,10665,0.934646038443507,0.794642857142857,Oryza_sativa,high_confidence_IR
Os03g0168800,Os03g0168800.intron1,Os03g0168800|3:3707545-3707601:+,3,3707545,3707601,+,Os03t0168800-00,1,no,10233,39,10233,10272,0.996203271028037,1,Oryza_sativa,high_confidence_IR
Os03g0179750,Os03g0179750.intron1,Os03g0179750|3:4187959-4188272:-,3,4187959,4188272,-,Os03t0179750-01,1,no,122,203,122,325,0.375384615384615,1,Oryza_sativa,high_confidence_IR
Os03g0181600,Os03g0181600.intron1,Os03g0181600|3:4273452-4274263:+,3,4273452,4274263,+,Os03t0181600-01;Os03t0181600-02,2,no,344,1060,300,1404,0.245014245014245,0.872093023255814,Oryza_sativa,high_confidence_IR
Os03g0183200,Os03g0183200.intron1,Os03g0183200|3:4367856-4368287:-,3,4367856,4368287,-,Os03t0183200-01,1,no,4945,39,4945,4984,0.992174959871589,1,Oryza_sativa,high_confidence_IR
Os03g0183300,Os03g0183300.intron1,Os03g0183300|3:4372493-4373160:-,3,4372493,4373160,-,Os03t0183300-02,1,yes,54152,595,54152,54747,0.989131824574863,1,Oryza_sativa,high_confidence_IR
Os03g0184100,Os03g0184100.intron1,Os03g0184100|3:4416844-4416981:+,3,4416844,4416981,+,Os03t0184100-01,1,no,8379,21368,6773,29747,0.281675463071906,0.808330349683733,Oryza_sativa,high_confidence_IR
Os03g0184201,Os03g0184201.intron1,Os03g0184201|3:4420573-4420665:+,3,4420573,4420665,+,Os03t0184201-00,1,no,380,22,380,402,0.945273631840796,1,Oryza_sativa,high_confidence_IR
Os03g0185200,Os03g0185200.intron1,Os03g0185200|3:4474265-4474683:-,3,4474265,4474683,-,Os03t0185200-01,1,no,16,14,13,30,0.533333333333333,0.8125,Oryza_sativa,high_confidence_IR
Os03g0185400,Os03g0185400.intron1,Os03g0185400|3:4480891-4480962:-,3,4480891,4480962,-,Os03t0185400-01,1,no,154,11,154,165,0.933333333333333,1,Oryza_sativa,high_confidence_IR
Os03g0192500,Os03g0192500.intron2,Os03g0192500|3:4816699-4817200:+,3,4816699,4817200,+,Os03t0192500-01,1,no,7670,20214,5390,27884,0.275068139434801,0.702737940026076,Oryza_sativa,high_confidence_IR
Os03g0197000,Os03g0197000.intron1,Os03g0197000|3:5088364-5090133:-,3,5088364,5090133,-,Os03t0197000-01,1,no,2986,83,2456,3069,0.972955360052134,0.822505023442733,Oryza_sativa,high_confidence_IR
Os03g0200000,Os03g0200000.intron1,Os03g0200000|3:5253827-5253926:+,3,5253827,5253926,+,Os03t0200000-00,1,no,71,257,71,328,0.216463414634146,1,Oryza_sativa,high_confidence_IR
Os03g0201600,Os03g0201600.intron5,Os03g0201600|3:5321149-5321598:-,3,5321149,5321598,-,Os03t0201600-01,1,yes,121,151,87,272,0.444852941176471,0.71900826446281,Oryza_sativa,high_confidence_IR
Os03g0202500,Os03g0202500.intron4,Os03g0202500|3:5378843-5378932:+,3,5378843,5378932,+,Os03t0202500-01,1,no,2684,1613,2283,4297,0.624621829183151,0.850596125186289,Oryza_sativa,high_confidence_IR
Os03g0203200,Os03g0203200.intron2,Os03g0203200|3:5423447-5425894:+,3,5423447,5425894,+,Os03t0203200-02,1,yes,761,318,652,1079,0.705282669138091,0.85676741130092,Oryza_sativa,high_confidence_IR
Os03g0210900,Os03g0210900.intron1,Os03g0210900|3:5796375-5796528:+,3,5796375,5796528,+,Os03t0210900-01,1,no,2796,1477,2437,4273,0.654341212263047,0.871602288984263,Oryza_sativa,high_confidence_IR
Os03g0211400,Os03g0211400.intron1,Os03g0211400|3:5808025-5810010:+,3,5808025,5810010,+,Os03t0211400-01,1,no,1020,1076,1020,2096,0.486641221374046,1,Oryza_sativa,high_confidence_IR
Os03g0211500,Os03g0211500.intron5,Os03g0211500|3:5814630-5814834:-,3,5814630,5814834,-,Os03t0211500-01,1,no,4048,878,2860,4926,0.821762078765733,0.706521739130435,Oryza_sativa,high_confidence_IR
Os03g0218200,Os03g0218200.intron3,Os03g0218200|3:6218839-6223395:-,3,6218839,6223395,-,Os03t0218200-01,1,no,378,462,334,840,0.45,0.883597883597884,Oryza_sativa,high_confidence_IR
Os03g0219800,Os03g0219800.intron3,Os03g0219800|3:6294044-6294224:+,3,6294044,6294224,+,Os03t0219800-01,1,yes,4496,3290,3471,7786,0.577446699203699,0.772019572953737,Oryza_sativa,high_confidence_IR
Os03g0227800,Os03g0227800.intron2,Os03g0227800|3:6755234-6756045:+,3,6755234,6756045,+,Os03t0227800-02,1,yes,124770,227273,102101,352043,0.354416932022509,0.818313697202853,Oryza_sativa,high_confidence_IR
Os03g0229575,Os03g0229575.intron2,Os03g0229575|3:6865226-6865267:-,3,6865226,6865267,-,Os03t0229575-01,1,no,1175,227,1063,1402,0.838088445078459,0.90468085106383,Oryza_sativa,high_confidence_IR
Os03g0231900,Os03g0231900.intron1,Os03g0231900|3:6977570-6977722:-,3,6977570,6977722,-,Os03t0231900-01,1,no,3359,920,2932,4279,0.784996494508063,0.872878832986008,Oryza_sativa,high_confidence_IR
Os03g0232800,Os03g0232800.intron2,Os03g0232800|3:7043707-7043945:-,3,7043707,7043945,-,Os03t0232800-01,1,yes,499,667,363,1166,0.427958833619211,0.727454909819639,Oryza_sativa,high_confidence_IR
Os03g0235300,Os03g0235300.intron2,Os03g0235300|3:7139879-7139975:-,3,7139879,7139975,-,Os03t0235300-01,1,no,3510,2209,2850,5719,0.61374366147928,0.811965811965812,Oryza_sativa,high_confidence_IR
Os03g0237500,Os03g0237500.intron1,Os03g0237500|3:7274857-7275051:+,3,7274857,7275051,+,Os03t0237500-02,1,yes,889,18,712,907,0.980154355016538,0.800899887514061,Oryza_sativa,high_confidence_IR
Os03g0237600,Os03g0237600.intron11,Os03g0237600|3:7277894-7278317:-,3,7277894,7278317,-,Os03t0237600-02,1,yes,330,521,296,851,0.387779083431257,0.896969696969697,Oryza_sativa,high_confidence_IR
Os03g0245100,Os03g0245100.intron10,Os03g0245100|3:7675751-7675971:+,3,7675751,7675971,+,Os03t0245100-03,1,yes,1607,117,1576,1724,0.932134570765661,0.98070939639079,Oryza_sativa,high_confidence_IR
Os03g0247600,Os03g0247600.intron1,Os03g0247600|3:7800573-7801084:+,3,7800573,7801084,+,Os03t0247600-02,1,yes,683,202,683,885,0.771751412429379,1,Oryza_sativa,high_confidence_IR
Os03g0248225,Os03g0248225.intron1,Os03g0248225|3:7832724-7832861:+,3,7832724,7832861,+,Os03t0248225-00,1,no,206,62,206,268,0.76865671641791,1,Oryza_sativa,high_confidence_IR
Os03g0257900,Os03g0257900.intron3,Os03g0257900|3:8339540-8340036:+,3,8339540,8340036,+,Os03t0257900-02,1,yes,128,13,114,141,0.907801418439716,0.890625,Oryza_sativa,high_confidence_IR
Os03g0259300,Os03g0259300.intron6,Os03g0259300|3:8405816-8406070:+,3,8405816,8406070,+,Os03t0259300-02,1,yes,786,156,588,942,0.834394904458599,0.748091603053435,Oryza_sativa,high_confidence_IR
Os03g0265500,Os03g0265500.intron1,Os03g0265500|3:8761908-8763584:+,3,8761908,8763584,+,Os03t0265500-01,1,no,82,181,70,263,0.311787072243346,0.853658536585366,Oryza_sativa,high_confidence_IR
Os03g0269000,Os03g0269000.intron4,Os03g0269000|3:8945610-8946329:-,3,8945610,8946329,-,Os03t0269000-01;Os03t0269000-02,2,no,14164,5804,10887,19968,0.709334935897436,0.768638802598136,Oryza_sativa,high_confidence_IR
Os03g0269700,Os03g0269700.intron1,Os03g0269700|3:8983663-8983829:+,3,8983663,8983829,+,Os03t0269700-01,1,no,412,585,412,997,0.413239719157472,1,Oryza_sativa,high_confidence_IR
Os03g0276900,Os03g0276900.intron2,Os03g0276900|3:9384838-9384917:-,3,9384838,9384917,-,Os03t0276900-00,1,no,1117,3434,836,4551,0.245440562513733,0.748433303491495,Oryza_sativa,high_confidence_IR
Os03g0277650,Os03g0277650.intron1,Os03g0277650|3:9422402-9422501:+,3,9422402,9422501,+,Os03t0277650-00,1,no,146,71,146,217,0.672811059907834,1,Oryza_sativa,high_confidence_IR
Os03g0281800,Os03g0281800.intron8,Os03g0281800|3:9647219-9647310:-,3,9647219,9647310,-,Os03t0281800-01,1,no,610,672,440,1282,0.47581903276131,0.721311475409836,Oryza_sativa,high_confidence_IR
Os03g0296000,Os03g0296000.intron1,Os03g0296000|3:10364954-10365131:-,3,10364954,10365131,-,Os03t0296000-01,1,no,130,491,105,621,0.209339774557166,0.807692307692308,Oryza_sativa,high_confidence_IR
Os03g0300000,Os03g0300000.intron1,Os03g0300000|3:10549039-10549148:-,3,10549039,10549148,-,Os03t0300000-01,1,no,3597,110,3597,3707,0.970326409495549,1,Oryza_sativa,high_confidence_IR
Os03g0302900,Os03g0302900.intron5,Os03g0302900|3:10687841-10687930:+,3,10687841,10687930,+,Os03t0302900-01,1,no,890,2263,724,3153,0.282270853155725,0.813483146067416,Oryza_sativa,high_confidence_IR
Os03g0305150,Os03g0305150.intron1,Os03g0305150|3:10825161-10825394:+,3,10825161,10825394,+,Os03t0305150-00,1,no,395,39,395,434,0.910138248847926,1,Oryza_sativa,high_confidence_IR
Os03g0307700,Os03g0307700.intron3,Os03g0307700|3:10951099-10951259:+,3,10951099,10951259,+,Os03t0307700-00,1,no,254,751,180,1005,0.25273631840796,0.708661417322835,Oryza_sativa,high_confidence_IR
Os03g0317100,Os03g0317100.intron2,Os03g0317100|3:11415208-11415855:+,3,11415208,11415855,+,Os03t0317100-01,1,no,308,32,228,340,0.905882352941176,0.74025974025974,Oryza_sativa,high_confidence_IR
Os03g0324300,Os03g0324300.intron2,Os03g0324300|3:11777502-11777840:+,3,11777502,11777840,+,Os03t0324300-03,1,yes,72270,7,66709,72277,0.999903150379789,0.923052442230524,Oryza_sativa,high_confidence_IR
Os03g0325400,Os03g0325400.intron2,Os03g0325400|3:11837007-11839825:-,3,11837007,11839825,-,Os03t0325400-01,1,no,722,1397,595,2119,0.340726757904672,0.82409972299169,Oryza_sativa,high_confidence_IR
Os03g0327700,Os03g0327700.intron1,Os03g0327700|3:11962758-11966342:+,3,11962758,11966342,+,Os03t0327700-01,1,no,37,132,37,169,0.218934911242604,1,Oryza_sativa,high_confidence_IR
Os03g0331600,Os03g0331600.intron2,Os03g0331600|3:12220478-12222793:+,3,12220478,12222793,+,Os03t0331600-01,1,yes,45416,115,39382,45531,0.997474248314335,0.867139334155364,Oryza_sativa,high_confidence_IR
Os03g0336400,Os03g0336400.intron1,Os03g0336400|3:12470337-12470450:-,3,12470337,12470450,-,Os03t0336400-01,1,no,533,1649,533,2182,0.244271310724106,1,Oryza_sativa,high_confidence_IR
Os03g0367900,Os03g0367900.intron1,Os03g0367900|3:14431794-14433074:+,3,14431794,14433074,+,Os03t0367900-01,1,yes,3336,7656,2861,10992,0.303493449781659,0.857613908872902,Oryza_sativa,high_confidence_IR
Os03g0368950,Os03g0368950.intron1,Os03g0368950|3:14470061-14470159:-,3,14470061,14470159,-,Os03t0368950-00,1,no,189,10,189,199,0.949748743718593,1,Oryza_sativa,high_confidence_IR
Os03g0369250,Os03g0369250.intron1,Os03g0369250|3:14495212-14495590:-,3,14495212,14495590,-,Os03t0369250-00,1,no,13,37,13,50,0.26,1,Oryza_sativa,high_confidence_IR
Os03g0371400,Os03g0371400.intron1,Os03g0371400|3:14572584-14572728:+,3,14572584,14572728,+,Os03t0371400-01,1,no,11468,54,11468,11522,0.995313313660823,1,Oryza_sativa,high_confidence_IR
Os03g0372900,Os03g0372900.intron1,Os03g0372900|3:14680532-14681232:+,3,14680532,14681232,+,Os03t0372900-01,1,no,27,6,27,33,0.818181818181818,1,Oryza_sativa,high_confidence_IR
Os03g0379500,Os03g0379500.intron2,Os03g0379500|3:15006980-15007772:+,3,15006980,15007772,+,Os03t0379500-01,1,no,2843,4212,2611,7055,0.40297661233168,0.918396060499472,Oryza_sativa,high_confidence_IR
Os03g0383900,Os03g0383900.intron1,Os03g0383900|3:15224372-15224606:+,3,15224372,15224606,+,Os03t0383900-01,1,no,187,389,155,576,0.324652777777778,0.828877005347594,Oryza_sativa,high_confidence_IR
Os03g0387500,Os03g0387500.intron1,Os03g0387500|3:15453670-15453775:+,3,15453670,15453775,+,Os03t0387500-01,1,no,1464,2606,1216,4070,0.35970515970516,0.830601092896175,Oryza_sativa,high_confidence_IR
Os03g0390600,Os03g0390600.intron3,Os03g0390600|3:15647333-15647738:+,3,15647333,15647738,+,Os03t0390600-01,1,yes,340436,6,312810,340442,0.999982375852568,0.91885112032805,Oryza_sativa,high_confidence_IR
Os03g0396900,Os03g0396900.intron9,Os03g0396900|3:16043621-16044489:+,3,16043621,16044489,+,Os03t0396900-02,1,no,518,1507,369,2025,0.255802469135802,0.712355212355212,Oryza_sativa,high_confidence_IR
Os03g0399600,Os03g0399600.intron1,Os03g0399600|3:16198313-16199207:+,3,16198313,16199207,+,Os03t0399600-01;Os03t0399600-03,2,yes,568,1635,568,2203,0.257830231502497,1,Oryza_sativa,high_confidence_IR
Os03g0399950,Os03g0399950.intron1,Os03g0399950|3:16214823-16214952:-,3,16214823,16214952,-,Os03t0399950-00,1,no,254,140,254,394,0.644670050761421,1,Oryza_sativa,high_confidence_IR
Os03g0405400,Os03g0405400.intron1,Os03g0405400|3:16593322-16593475:-,3,16593322,16593475,-,Os03t0405400-01,1,no,59,200,59,259,0.227799227799228,1,Oryza_sativa,high_confidence_IR
Os03g0407400,Os03g0407400.intron3,Os03g0407400|3:16731870-16731952:-,3,16731870,16731952,-,Os03t0407400-01,1,no,103,140,77,243,0.423868312757202,0.747572815533981,Oryza_sativa,high_confidence_IR
Os03g0412300,Os03g0412300.intron3,Os03g0412300|3:17048790-17048852:+,3,17048790,17048852,+,Os03t0412300-01,1,no,4407,277,3901,4684,0.940862510674637,0.885182663943726,Oryza_sativa,high_confidence_IR
Os03g0415500,Os03g0415500.intron1,Os03g0415500|3:17237306-17240639:+,3,17237306,17240639,+,Os03t0415500-01,1,no,515,107,515,622,0.827974276527331,1,Oryza_sativa,high_confidence_IR
Os03g0417833,Os03g0417833.intron1,Os03g0417833|3:17347669-17348324:+,3,17347669,17348324,+,Os03t0417833-00,1,no,164,638,164,802,0.204488778054863,1,Oryza_sativa,high_confidence_IR
Os03g0421250,Os03g0421250.intron1,Os03g0421250|3:17549459-17550019:-,3,17549459,17550019,-,Os03t0421250-01,1,no,845,88,845,933,0.905680600214362,1,Oryza_sativa,high_confidence_IR
Os03g0422800,Os03g0422800.intron1,Os03g0422800|3:17599445-17601023:+,3,17599445,17601023,+,Os03t0422800-01,1,no,139,456,139,595,0.233613445378151,1,Oryza_sativa,high_confidence_IR
Os03g0428000,Os03g0428000.intron1,Os03g0428000|3:17893063-17893130:+,3,17893063,17893130,+,Os03t0428000-02,1,yes,1685,6,1427,1691,0.99645180366647,0.846884272997033,Oryza_sativa,high_confidence_IR
Os03g0439650,Os03g0439650.intron1,Os03g0439650|3:18571383-18571627:-,3,18571383,18571627,-,Os03t0439650-00,1,no,958,1034,958,1992,0.480923694779116,1,Oryza_sativa,high_confidence_IR
Os03g0441601,Os03g0441601.intron2,Os03g0441601|3:18692377-18692531:-,3,18692377,18692531,-,Os03t0441601-01,1,no,12345,9544,11324,21889,0.563981908721276,0.917294451194816,Oryza_sativa,high_confidence_IR
Os03g0442800,Os03g0442800.intron1,Os03g0442800|3:18769746-18769836:-,3,18769746,18769836,-,Os03t0442800-01,1,no,5493,194,5493,5687,0.965887110954809,1,Oryza_sativa,high_confidence_IR
Os03g0556200,Os03g0556200.intron2,Os03g0556200|3:19716288-19716858:-,3,19716288,19716858,-,Os03t0556200-01,1,no,2947,142,2859,3089,0.954030430560052,0.970139124533424,Oryza_sativa,high_confidence_IR
Os03g0558600,Os03g0558600.intron1,Os03g0558600|3:19904811-19904899:+,3,19904811,19904899,+,Os03t0558600-01,1,no,44,19,44,63,0.698412698412698,1,Oryza_sativa,high_confidence_IR
Os03g0558400,Os03g0558400.intron1,Os03g0558400|3:19907962-19908171:-,3,19907962,19908171,-,Os03t0558400-01,1,no,74,12,74,86,0.86046511627907,1,Oryza_sativa,high_confidence_IR
Os03g0569000,Os03g0569000.intron2,Os03g0569000|3:20584690-20584772:-,3,20584690,20584772,-,Os03t0569000-01,1,no,115,139,101,254,0.452755905511811,0.878260869565217,Oryza_sativa,high_confidence_IR
Os03g0574600,Os03g0574600.intron1,Os03g0574600|3:20961805-20962043:-,3,20961805,20962043,-,Os03t0574600-01;Os03t0574600-02,2,no,1603,3915,1603,5518,0.290503805726713,1,Oryza_sativa,high_confidence_IR
Os03g0576600,Os03g0576600.intron2,Os03g0576600|3:21083310-21084115:-,3,21083310,21084115,-,Os03t0576600-01,1,no,1827,479,1396,2306,0.792281006071119,0.764094143404488,Oryza_sativa,high_confidence_IR
Os03g0576801,Os03g0576801.intron1,Os03g0576801|3:21086865-21086946:+,3,21086865,21086946,+,Os03t0576801-00,1,no,636,13,636,649,0.979969183359014,1,Oryza_sativa,high_confidence_IR
Os03g0581650,Os03g0581650.intron1,Os03g0581650|3:21371330-21371770:+,3,21371330,21371770,+,Os03t0581650-00,1,no,10473,131,9894,10604,0.98764617125613,0.944714981380693,Oryza_sativa,high_confidence_IR
Os03g0582000,Os03g0582000.intron1,Os03g0582000|3:21393080-21393598:+,3,21393080,21393598,+,Os03t0582000-02,1,yes,12880,39207,10667,52087,0.247278591587152,0.828183229813665,Oryza_sativa,high_confidence_IR
Os03g0582900,Os03g0582900.intron1,Os03g0582900|3:21457544-21457663:+,3,21457544,21457663,+,Os03t0582900-02,1,yes,4966,2417,4966,7383,0.672626303670595,1,Oryza_sativa,high_confidence_IR
Os03g0584050,Os03g0584050.intron1,Os03g0584050|3:21520293-21520865:-,3,21520293,21520865,-,Os03t0584050-00,1,no,1758,26,1758,1784,0.98542600896861,1,Oryza_sativa,high_confidence_IR
Os03g0593200,Os03g0593200.intron14,Os03g0593200|3:22017581-22017824:-,3,22017581,22017824,-,Os03t0593200-01,1,no,8861,110,6507,8971,0.987738267751644,0.734341496445096,Oryza_sativa,high_confidence_IR
Os03g0595600,Os03g0595600.intron1,Os03g0595600|3:22160814-22161149:-,3,22160814,22161149,-,Os03t0595600-00,1,no,17,7,17,24,0.708333333333333,1,Oryza_sativa,high_confidence_IR
Os03g0596400,Os03g0596400.intron1,Os03g0596400|3:22184671-22185529:-,3,22184671,22185529,-,Os03t0596400-01,1,no,191,632,191,823,0.232077764277035,1,Oryza_sativa,high_confidence_IR
Os03g0596600,Os03g0596600.intron1,Os03g0596600|3:22204214-22204608:+,3,22204214,22204608,+,Os03t0596600-01,1,no,289,568,225,857,0.337222870478413,0.778546712802768,Oryza_sativa,high_confidence_IR
Os03g0597450,Os03g0597450.intron1,Os03g0597450|3:22251478-22253424:-,3,22251478,22253424,-,Os03t0597450-01,1,no,267,498,267,765,0.349019607843137,1,Oryza_sativa,high_confidence_IR
Os03g0597800,Os03g0597800.intron2,Os03g0597800|3:22262375-22262459:-,3,22262375,22262459,-,Os03t0597800-01,1,no,291,376,258,667,0.436281859070465,0.88659793814433,Oryza_sativa,high_confidence_IR
Os03g0602400,Os03g0602400.intron1,Os03g0602400|3:22539943-22540052:-,3,22539943,22540052,-,Os03t0602400-01,1,no,97,56,97,153,0.633986928104575,1,Oryza_sativa,high_confidence_IR
Os03g0612600,Os03g0612600.intron2,Os03g0612600|3:23135951-23139183:-,3,23135951,23139183,-,Os03t0612600-01,1,no,6007,427,5622,6434,0.933633820329499,0.935908107208257,Oryza_sativa,high_confidence_IR
Os03g0613100,Os03g0613100.intron1,Os03g0613100|3:23158348-23158413:-,3,23158348,23158413,-,Os03t0613100-01,1,no,187,129,187,316,0.591772151898734,1,Oryza_sativa,high_confidence_IR
Os03g0615300,Os03g0615300.intron1,Os03g0615300|3:23283175-23284097:-,3,23283175,23284097,-,Os03t0615300-01,1,no,119,267,119,386,0.308290155440414,1,Oryza_sativa,high_confidence_IR
Os03g0616500,Os03g0616500.intron4,Os03g0616500|3:23354376-23354611:-,3,23354376,23354611,-,Os03t0616500-00,1,no,314,27,291,341,0.920821114369501,0.926751592356688,Oryza_sativa,high_confidence_IR
Os03g0619600,Os03g0619600.intron1,Os03g0619600|3:23492874-23493417:+,3,23492874,23493417,+,Os03t0619600-01,1,no,110,107,77,217,0.506912442396313,0.7,Oryza_sativa,high_confidence_IR
Os03g0622600,Os03g0622600.intron2,Os03g0622600|3:23633573-23639717:-,3,23633573,23639717,-,Os03t0622600-01,1,no,1768,3331,1645,5099,0.346734653853697,0.930429864253394,Oryza_sativa,high_confidence_IR
Os03g0638400,Os03g0638400.intron1,Os03g0638400|3:24467056-24470148:+,3,24467056,24470148,+,Os03t0638400-01,1,no,60,168,49,228,0.263157894736842,0.816666666666667,Oryza_sativa,high_confidence_IR
Os03g0642450,Os03g0642450.intron1,Os03g0642450|3:24755008-24755138:+,3,24755008,24755138,+,Os03t0642450-00,1,no,744,279,744,1023,0.727272727272727,1,Oryza_sativa,high_confidence_IR
Os03g0645000,Os03g0645000.intron3,Os03g0645000|3:24895380-24896657:+,3,24895380,24896657,+,Os03t0645000-00,1,no,2625,186,1992,2811,0.933831376734258,0.758857142857143,Oryza_sativa,high_confidence_IR
Os03g0648450,Os03g0648450.intron2,Os03g0648450|3:25129907-25129987:-,3,25129907,25129987,-,Os03t0648450-00,1,no,84,42,62,126,0.666666666666667,0.738095238095238,Oryza_sativa,high_confidence_IR
Os03g0648500,Os03g0648500.intron1,Os03g0648500|3:25131383-25131499:-,3,25131383,25131499,-,Os03t0648500-01,1,no,87,284,87,371,0.234501347708895,1,Oryza_sativa,high_confidence_IR
Os03g0657100,Os03g0657100.intron1,Os03g0657100|3:25641325-25641408:-,3,25641325,25641408,-,Os03t0657100-01,1,no,306,1110,306,1416,0.216101694915254,1,Oryza_sativa,high_confidence_IR
Os03g0660700,Os03g0660700.intron2,Os03g0660700|3:25908645-25908828:-,3,25908645,25908828,-,Os03t0660700-01,1,no,4698,210,4175,4908,0.95721271393643,0.888676032354193,Oryza_sativa,high_confidence_IR
Os03g0667400,Os03g0667400.intron1,Os03g0667400|3:26286050-26286439:+,3,26286050,26286439,+,Os03t0667400-01,1,no,53,205,53,258,0.205426356589147,1,Oryza_sativa,high_confidence_IR
Os03g0674600,Os03g0674600.intron1,Os03g0674600|3:26679797-26680695:-,3,26679797,26680695,-,Os03t0674600-01,1,no,268,365,268,633,0.423380726698262,1,Oryza_sativa,high_confidence_IR
Os03g0684300,Os03g0684300.intron1,Os03g0684300|3:27283346-27283420:+,3,27283346,27283420,+,Os03t0684300-01,1,no,1018,3740,763,4758,0.21395544346364,0.74950884086444,Oryza_sativa,high_confidence_IR
Os03g0684800,Os03g0684800.intron1,Os03g0684800|3:27302402-27302536:+,3,27302402,27302536,+,Os03t0684800-01,1,no,395,457,395,852,0.463615023474178,1,Oryza_sativa,high_confidence_IR
Os03g0686100,Os03g0686100.intron1,Os03g0686100|3:27372215-27372310:-,3,27372215,27372310,-,Os03t0686100-01,1,no,774,1400,774,2174,0.356025758969641,1,Oryza_sativa,high_confidence_IR
Os03g0687100,Os03g0687100.intron1,Os03g0687100|3:27415198-27418206:+,3,27415198,27418206,+,Os03t0687100-00,1,no,220,18,220,238,0.92436974789916,1,Oryza_sativa,high_confidence_IR
Os03g0694600,Os03g0694600.intron1,Os03g0694600|3:27815563-27815640:-,3,27815563,27815640,-,Os03t0694600-01,1,no,519,101,519,620,0.837096774193548,1,Oryza_sativa,high_confidence_IR
Os03g0700500,Os03g0700500.intron4,Os03g0700500|3:28094952-28096199:-,3,28094952,28096199,-,Os03t0700500-00,1,no,19,11,15,30,0.633333333333333,0.789473684210526,Oryza_sativa,high_confidence_IR
Os03g0701600,Os03g0701600.intron2,Os03g0701600|3:28166313-28166453:-,3,28166313,28166453,-,Os03t0701600-01,1,no,10980,10477,8287,21457,0.511721116651908,0.754735883424408,Oryza_sativa,high_confidence_IR
Os03g0714100,Os03g0714100.intron1,Os03g0714100|3:28890760-28890853:+,3,28890760,28890853,+,Os03t0714100-01,1,no,31,7,31,38,0.815789473684211,1,Oryza_sativa,high_confidence_IR
Os03g0715500,Os03g0715500.intron13,Os03g0715500|3:28964614-28965804:-,3,28964614,28965804,-,Os03t0715500-01,1,yes,16,11,12,27,0.592592592592593,0.75,Oryza_sativa,high_confidence_IR
Os03g0723700,Os03g0723700.intron1,Os03g0723700|3:29402797-29402839:-,3,29402797,29402839,-,Os03t0723700-01,1,no,1783,10,1783,1793,0.994422755158952,1,Oryza_sativa,high_confidence_IR
Os03g0729100,Os03g0729100.intron1,Os03g0729100|3:29790903-29791054:-,3,29790903,29791054,-,Os03t0729100-01,1,no,7665,22,6163,7687,0.997138025237414,0.804044357469015,Oryza_sativa,high_confidence_IR
Os03g0732200,Os03g0732200.intron2,Os03g0732200|3:29977381-29977485:-,3,29977381,29977485,-,Os03t0732200-01,1,no,883,2168,797,3051,0.289413307112422,0.902604756511891,Oryza_sativa,high_confidence_IR
Os03g0740650,Os03g0740650.intron1,Os03g0740650|3:30384996-30385456:-,3,30384996,30385456,-,Os03t0740650-00,1,no,63,37,52,100,0.63,0.825396825396825,Oryza_sativa,high_confidence_IR
Os03g0740600,Os03g0740600.intron7,Os03g0740600|3:30385656-30385753:+,3,30385656,30385753,+,Os03t0740600-01,1,yes,3874,1936,2766,5810,0.666781411359725,0.713990707279298,Oryza_sativa,high_confidence_IR
Os03g0744675,Os03g0744675.intron1,Os03g0744675|3:30580131-30581811:-,3,30580131,30581811,-,Os03t0744675-00,1,no,141,16,131,157,0.898089171974522,0.929078014184397,Oryza_sativa,high_confidence_IR
Os03g0747500,Os03g0747500.intron1,Os03g0747500|3:30743471-30743561:-,3,30743471,30743561,-,Os03t0747500-01,1,no,460,798,460,1258,0.365659777424483,1,Oryza_sativa,high_confidence_IR
Os03g0751800,Os03g0751800.intron1,Os03g0751800|3:30996299-30996385:-,3,30996299,30996385,-,Os03t0751800-01,1,no,427,1150,427,1577,0.270767279644895,1,Oryza_sativa,high_confidence_IR
Os03g0752300,Os03g0752300.intron1,Os03g0752300|3:31016245-31017104:-,3,31016245,31017104,-,Os03t0752300-01,1,no,2195,4992,1983,7187,0.305412550438291,0.903416856492027,Oryza_sativa,high_confidence_IR
Os03g0753600,Os03g0753600.intron1,Os03g0753600|3:31086760-31086838:-,3,31086760,31086838,-,Os03t0753600-01,1,no,318,745,318,1063,0.299153339604892,1,Oryza_sativa,high_confidence_IR
Os03g0757500,Os03g0757500.intron1,Os03g0757500|3:31299705-31299846:+,3,31299705,31299846,+,Os03t0757500-01,1,no,854,2830,854,3684,0.231813246471227,1,Oryza_sativa,high_confidence_IR
Os03g0757550,Os03g0757550.intron2,Os03g0757550|3:31301595-31301959:-,3,31301595,31301959,-,Os03t0757550-01,1,no,643,818,521,1461,0.440109514031485,0.810264385692068,Oryza_sativa,high_confidence_IR
Os03g0758600,Os03g0758600.intron1,Os03g0758600|3:31378226-31379222:+,3,31378226,31379222,+,Os03t0758600-01,1,no,8261,1114,8261,9375,0.881173333333333,1,Oryza_sativa,high_confidence_IR
Os03g0761250,Os03g0761250.intron1,Os03g0761250|3:31477019-31479348:+,3,31477019,31479348,+,Os03t0761250-00,1,no,53,58,53,111,0.477477477477477,1,Oryza_sativa,high_confidence_IR
Os03g0762450,Os03g0762450.intron1,Os03g0762450|3:31531758-31532830:-,3,31531758,31532830,-,Os03t0762450-00,1,no,84,282,84,366,0.229508196721311,1,Oryza_sativa,high_confidence_IR
Os03g0764450,Os03g0764450.intron1,Os03g0764450|3:31623442-31625654:+,3,31623442,31625654,+,Os03t0764450-00,1,no,2532,6,2111,2538,0.997635933806147,0.833728278041074,Oryza_sativa,high_confidence_IR
Os03g0765400,Os03g0765400.intron3,Os03g0765400|3:31693089-31694919:-,3,31693089,31694919,-,Os03t0765400-01,1,yes,6,13,5,19,0.315789473684211,0.833333333333333,Oryza_sativa,high_confidence_IR
Os03g0770800,Os03g0770800.intron1,Os03g0770800|3:31933918-31934229:-,3,31933918,31934229,-,Os03t0770800-01,1,no,667,513,638,1180,0.565254237288136,0.956521739130435,Oryza_sativa,high_confidence_IR
Os03g0771500,Os03g0771500.intron3,Os03g0771500|3:31965699-31969454:+,3,31965699,31969454,+,Os03t0771500-01,1,no,233,62,201,295,0.789830508474576,0.862660944206009,Oryza_sativa,high_confidence_IR
Os03g0772300,Os03g0772300.intron1,Os03g0772300|3:31998562-31998886:-,3,31998562,31998886,-,Os03t0772300-01,1,no,5372,15263,5372,20635,0.260334383329295,1,Oryza_sativa,high_confidence_IR
Os03g0778100,Os03g0778100.intron1,Os03g0778100|3:32273753-32273785:-,3,32273753,32273785,-,Os03t0778100-02,1,yes,410586,2781,326484,413367,0.993272322173758,0.79516593356812,Oryza_sativa,high_confidence_IR
Os03g0779000,Os03g0779000.intron1,Os03g0779000|3:32326647-32326778:-,3,32326647,32326778,-,Os03t0779000-01;Os03t0779000-02,2,no,907,58,907,965,0.939896373056995,1,Oryza_sativa,high_confidence_IR
Os03g0779300,Os03g0779300.intron1,Os03g0779300|3:32328550-32328626:+,3,32328550,32328626,+,Os03t0779300-01,1,no,594,80,594,674,0.881305637982196,1,Oryza_sativa,high_confidence_IR
Os03g0784050,Os03g0784050.intron2,Os03g0784050|3:32532902-32533333:-,3,32532902,32533333,-,Os03t0784050-00,1,no,45,21,37,66,0.681818181818182,0.822222222222222,Oryza_sativa,high_confidence_IR
Os03g0788250,Os03g0788250.intron1,Os03g0788250|3:32743675-32743710:+,3,32743675,32743710,+,Os03t0788250-00,1,no,403,27,403,430,0.937209302325581,1,Oryza_sativa,high_confidence_IR
Os03g0789433,Os03g0789433.intron1,Os03g0789433|3:32811539-32811619:-,3,32811539,32811619,-,Os03t0789433-01,1,no,1722,1039,1722,2761,0.623687069902209,1,Oryza_sativa,high_confidence_IR
Os03g0793100,Os03g0793100.intron1,Os03g0793100|3:32985183-32985460:-,3,32985183,32985460,-,Os03t0793100-01,1,no,528,33,528,561,0.941176470588235,1,Oryza_sativa,high_confidence_IR
Os03g0800000,Os03g0800000.intron1,Os03g0800000|3:33360122-33360847:+,3,33360122,33360847,+,Os03t0800000-01,1,yes,8707,23,8707,8730,0.997365406643757,1,Oryza_sativa,high_confidence_IR
Os03g0818250,Os03g0818250.intron1,Os03g0818250|3:34342628-34342873:-,3,34342628,34342873,-,Os03t0818250-00,1,no,61,5,61,66,0.924242424242424,1,Oryza_sativa,high_confidence_IR
Os03g0820700,Os03g0820700.intron2,Os03g0820700|3:34435934-34437591:-,3,34435934,34437591,-,Os03t0820700-01,1,no,4954,214,4611,5168,0.95859133126935,0.930763019781994,Oryza_sativa,high_confidence_IR
Os03g0824350,Os03g0824350.intron2,Os03g0824350|3:34626479-34626574:-,3,34626479,34626574,-,Os03t0824350-01,1,no,218,113,183,331,0.658610271903323,0.839449541284404,Oryza_sativa,high_confidence_IR
Os03g0824600,Os03g0824600.intron1,Os03g0824600|3:34637461-34637543:+,3,34637461,34637543,+,Os03t0824600-00,1,no,37,126,37,163,0.226993865030675,1,Oryza_sativa,high_confidence_IR
Os03g0825900,Os03g0825900.intron1,Os03g0825900|3:34693163-34694845:-,3,34693163,34694845,-,Os03t0825900-01,1,no,15,18,15,33,0.454545454545455,1,Oryza_sativa,high_confidence_IR
Os03g0826600,Os03g0826600.intron1,Os03g0826600|3:34724429-34724830:+,3,34724429,34724830,+,Os03t0826600-02,1,yes,32701,319,29532,33020,0.990339188370684,0.903091648573438,Oryza_sativa,high_confidence_IR
Os03g0833500,Os03g0833500.intron1,Os03g0833500|3:35026116-35026249:-,3,35026116,35026249,-,Os03t0833500-01,1,no,30,27,30,57,0.526315789473684,1,Oryza_sativa,high_confidence_IR
Os03g0836200,Os03g0836200.intron3,Os03g0836200|3:35135156-35135311:-,3,35135156,35135311,-,Os03t0836200-01,1,yes,73776,12910,62750,86686,0.851071684008952,0.850547603556712,Oryza_sativa,high_confidence_IR
Os03g0836500,Os03g0836500.intron1,Os03g0836500|3:35148890-35149518:-,3,35148890,35149518,-,Os03t0836500-01,1,no,12581,32367,10620,44948,0.279901219186616,0.844130037357921,Oryza_sativa,high_confidence_IR
Os03g0839600,Os03g0839600.intron1,Os03g0839600|3:35294530-35295139:-,3,35294530,35295139,-,Os03t0839600-01,1,no,470,982,470,1452,0.323691460055096,1,Oryza_sativa,high_confidence_IR
Os03g0840275,Os03g0840275.intron1,Os03g0840275|3:35332453-35332512:-,3,35332453,35332512,-,Os03t0840275-00,1,no,13839,22,13839,13861,0.99841281292836,1,Oryza_sativa,high_confidence_IR
Os03g0842400,Os03g0842400.intron1,Os03g0842400|3:35415639-35415733:-,3,35415639,35415733,-,Os03t0842400-01,1,no,1191,1854,1191,3045,0.391133004926108,1,Oryza_sativa,high_confidence_IR
Os03g0842700,Os03g0842700.intron2,Os03g0842700|3:35424904-35424985:+,3,35424904,35424985,+,Os03t0842700-03,1,yes,7866,4790,6152,12656,0.621523388116308,0.782100177981185,Oryza_sativa,high_confidence_IR
Os03g0843000,Os03g0843000.intron1,Os03g0843000|3:35431767-35432142:+,3,35431767,35432142,+,Os03t0843000-01,1,no,313,442,313,755,0.414569536423841,1,Oryza_sativa,high_confidence_IR
Os03g0845000,Os03g0845000.intron1,Os03g0845000|3:35525920-35526012:-,3,35525920,35526012,-,Os03t0845000-01,1,no,8638,13855,6275,22493,0.384030587293825,0.726441305857838,Oryza_sativa,high_confidence_IR
Os03g0846200,Os03g0846200.intron1,Os03g0846200|3:35574406-35574503:-,3,35574406,35574503,-,Os03t0846200-00,1,no,327,1113,327,1440,0.227083333333333,1,Oryza_sativa,high_confidence_IR
Os03g0848100,Os03g0848100.intron1,Os03g0848100|3:35660445-35660538:-,3,35660445,35660538,-,Os03t0848100-01,1,no,344,1373,344,1717,0.200349446709377,1,Oryza_sativa,high_confidence_IR
Os03g0849700,Os03g0849700.intron1,Os03g0849700|3:35741962-35744598:+,3,35741962,35744598,+,Os03t0849700-01,1,no,128,16,117,144,0.888888888888889,0.9140625,Oryza_sativa,high_confidence_IR
Os03g0853800,Os03g0853800.intron2,Os03g0853800|3:35969522-35969635:+,3,35969522,35969635,+,Os03t0853800-01,1,yes,15417,18,13045,15435,0.998833819241983,0.846143867159629,Oryza_sativa,high_confidence_IR
Os03g0856100,Os03g0856100.intron1,Os03g0856100|3:36107431-36107610:+,3,36107431,36107610,+,Os03t0856100-01,1,no,4777,38,4777,4815,0.992107995846314,1,Oryza_sativa,high_confidence_IR
Os04g0103400,Os04g0103400.intron1,Os04g0103400|4:238962-239105:+,4,238962,239105,+,Os04t0103400-01,1,no,704,2473,704,3177,0.221592697513377,1,Oryza_sativa,high_confidence_IR
Os04g0108300,Os04g0108300.intron1,Os04g0108300|4:498576-500363:+,4,498576,500363,+,Os04t0108300-01,1,no,4024,2341,4024,6365,0.632207384131972,1,Oryza_sativa,high_confidence_IR
Os04g0110300,Os04g0110300.intron3,Os04g0110300|4:604641-605845:+,4,604641,605845,+,Os04t0110300-01,1,yes,1595,105,1250,1700,0.938235294117647,0.783699059561129,Oryza_sativa,high_confidence_IR
Os04g0110700,Os04g0110700.intron1,Os04g0110700|4:627064-627180:-,4,627064,627180,-,Os04t0110700-01,1,no,62,20,62,82,0.75609756097561,1,Oryza_sativa,high_confidence_IR
Os04g0120100,Os04g0120100.intron1,Os04g0120100|4:1201733-1202161:+,4,1201733,1202161,+,Os04t0120100-00,1,no,284,525,284,809,0.351050679851669,1,Oryza_sativa,high_confidence_IR
Os04g0150300,Os04g0150300.intron1,Os04g0150300|4:3465712-3468153:+,4,3465712,3468153,+,Os04t0150300-01,1,no,27,73,27,100,0.27,1,Oryza_sativa,high_confidence_IR
Os04g0152500,Os04g0152500.intron1,Os04g0152500|4:3611331-3613250:-,4,3611331,3613250,-,Os04t0152500-01,1,no,473,650,473,1123,0.421193232413179,1,Oryza_sativa,high_confidence_IR
Os04g0165450,Os04g0165450.intron1,Os04g0165450|4:4442933-4443033:+,4,4442933,4443033,+,Os04t0165450-00,1,no,206,418,206,624,0.330128205128205,1,Oryza_sativa,high_confidence_IR
Os04g0169300,Os04g0169300.intron4,Os04g0169300|4:4750833-4751919:+,4,4750833,4751919,+,Os04t0169300-01,1,no,3101,27,2546,3128,0.991368286445013,0.821025475653015,Oryza_sativa,high_confidence_IR
Os04g0177400,Os04g0177400.intron2,Os04g0177400|4:5265277-5265603:-,4,5265277,5265603,-,Os04t0177400-01,1,no,104,222,86,326,0.319018404907975,0.826923076923077,Oryza_sativa,high_confidence_IR
Os04g0184450,Os04g0184450.intron1,Os04g0184450|4:5739947-5740050:-,4,5739947,5740050,-,Os04t0184450-00,1,no,8,12,8,20,0.4,1,Oryza_sativa,high_confidence_IR
Os04g0190000,Os04g0190000.intron1,Os04g0190000|4:6098448-6100541:+,4,6098448,6100541,+,Os04t0190000-01,1,yes,5,12,5,17,0.294117647058824,1,Oryza_sativa,high_confidence_IR
Os04g0191500,Os04g0191500.intron1,Os04g0191500|4:6232227-6232353:-,4,6232227,6232353,-,Os04t0191500-01,1,no,41353,1699,41353,43052,0.960536095884047,1,Oryza_sativa,high_confidence_IR
Os04g0196300,Os04g0196300.intron1,Os04g0196300|4:6568444-6568516:+,4,6568444,6568516,+,Os04t0196300-01,1,no,1261,3235,1261,4496,0.28047153024911,1,Oryza_sativa,high_confidence_IR
Os04g0203600,Os04g0203600.intron1,Os04g0203600|4:7021985-7022070:-,4,7021985,7022070,-,Os04t0203600-00,1,no,43,40,43,83,0.518072289156627,1,Oryza_sativa,high_confidence_IR
Os04g0226340,Os04g0226340.intron5,Os04g0226340|4:8464090-8464158:+,4,8464090,8464158,+,Os04t0226340-00,1,no,26,8,26,34,0.764705882352941,1,Oryza_sativa,high_confidence_IR
Os04g0227200,Os04g0227200.intron1,Os04g0227200|4:8517557-8517650:+,4,8517557,8517650,+,Os04t0227200-00,1,no,599,392,599,991,0.604439959636731,1,Oryza_sativa,high_confidence_IR
Os04g0249500,Os04g0249500.intron15,Os04g0249500|4:9662331-9662425:-,4,9662331,9662425,-,Os04t0249500-01,1,no,299,832,233,1131,0.264367816091954,0.779264214046823,Oryza_sativa,high_confidence_IR
Os04g0255600,Os04g0255600.intron1,Os04g0255600|4:10148171-10150008:+,4,10148171,10150008,+,Os04t0255600-00,1,no,43,5,43,48,0.895833333333333,1,Oryza_sativa,high_confidence_IR
Os04g0269900,Os04g0269900.intron3,Os04g0269900|4:11264979-11265387:-,4,11264979,11265387,-,Os04t0269900-01,1,no,648,446,593,1094,0.592321755027422,0.915123456790123,Oryza_sativa,high_confidence_IR
Os04g0281900,Os04g0281900.intron1,Os04g0281900|4:12027262-12029169:+,4,12027262,12029169,+,Os04t0281900-02,1,yes,26043,6,21940,26049,0.999769664862375,0.84245286641324,Oryza_sativa,high_confidence_IR
Os04g0290000,Os04g0290000.intron1,Os04g0290000|4:12610158-12611351:+,4,12610158,12611351,+,Os04t0290000-01,1,no,538,1658,491,2196,0.244990892531876,0.912639405204461,Oryza_sativa,high_confidence_IR
Os04g0291000,Os04g0291000.intron1,Os04g0291000|4:12662069-12662564:+,4,12662069,12662564,+,Os04t0291000-01,1,no,313,753,313,1066,0.293621013133208,1,Oryza_sativa,high_confidence_IR
Os04g0295500,Os04g0295500.intron1,Os04g0295500|4:12998845-12998969:-,4,12998845,12998969,-,Os04t0295500-01,1,no,334,12,310,346,0.965317919075145,0.92814371257485,Oryza_sativa,high_confidence_IR
Os04g0302900,Os04g0302900.intron1,Os04g0302900|4:13551171-13551254:+,4,13551171,13551254,+,Os04t0302900-01,1,no,373,481,373,854,0.436768149882904,1,Oryza_sativa,high_confidence_IR
Os04g0306750,Os04g0306750.intron1,Os04g0306750|4:13818393-13819881:-,4,13818393,13819881,-,Os04t0306750-01,1,no,55,171,55,226,0.243362831858407,1,Oryza_sativa,high_confidence_IR
Os04g0308000,Os04g0308000.intron1,Os04g0308000|4:13927008-13928111:-,4,13927008,13928111,-,Os04t0308000-01,1,yes,459,1779,431,2238,0.205093833780161,0.938997821350762,Oryza_sativa,high_confidence_IR
Os04g0310900,Os04g0310900.intron1,Os04g0310900|4:14073045-14073290:+,4,14073045,14073290,+,Os04t0310900-00,1,no,451,1040,451,1491,0.302481556002683,1,Oryza_sativa,high_confidence_IR
Os04g0311400,Os04g0311400.intron1,Os04g0311400|4:14130033-14130075:+,4,14130033,14130075,+,Os04t0311400-01,1,no,37929,225,30559,38154,0.994102846359491,0.805689577895542,Oryza_sativa,high_confidence_IR
Os04g0338100,Os04g0338100.intron1,Os04g0338100|4:15924469-15924914:+,4,15924469,15924914,+,Os04t0338100-01,1,no,50270,9,42578,50279,0.999820998826548,0.846986274119753,Oryza_sativa,high_confidence_IR
Os04g0342100,Os04g0342100.intron2,Os04g0342100|4:16216486-16216779:-,4,16216486,16216779,-,Os04t0342100-01,1,no,2516,37,2201,2553,0.985507246376812,0.874801271860095,Oryza_sativa,high_confidence_IR
Os04g0349600,Os04g0349600.intron1,Os04g0349600|4:16663141-16663297:+,4,16663141,16663297,+,Os04t0349600-01,1,no,468,927,468,1395,0.335483870967742,1,Oryza_sativa,high_confidence_IR
Os04g0384200,Os04g0384200.intron3,Os04g0384200|4:18849267-18849543:-,4,18849267,18849543,-,Os04t0384200-01,1,no,2473,2986,1911,5459,0.45301337241253,0.772745653052972,Oryza_sativa,high_confidence_IR
Os04g0386500,Os04g0386500.intron1,Os04g0386500|4:18984889-18984952:+,4,18984889,18984952,+,Os04t0386500-01,1,no,3972,7,3076,3979,0.998240764011058,0.774420946626385,Oryza_sativa,high_confidence_IR
Os04g0390500,Os04g0390500.intron7,Os04g0390500|4:19224382-19224463:+,4,19224382,19224463,+,Os04t0390500-01,1,yes,30243,326,21518,30569,0.989335601426282,0.711503488410541,Oryza_sativa,high_confidence_IR
Os04g0392700,Os04g0392700.intron2,Os04g0392700|4:19295445-19296756:-,4,19295445,19296756,-,Os04t0392700-01,1,no,389,38,279,427,0.911007025761124,0.717223650385604,Oryza_sativa,high_confidence_IR
Os04g0396550,Os04g0396550.intron1,Os04g0396550|4:19566317-19566526:-,4,19566317,19566526,-,Os04t0396550-01,1,no,224,28,224,252,0.888888888888889,1,Oryza_sativa,high_confidence_IR
Os04g0403450,Os04g0403450.intron1,Os04g0403450|4:20014026-20014134:-,4,20014026,20014134,-,Os04t0403450-00,1,no,152,455,152,607,0.250411861614498,1,Oryza_sativa,high_confidence_IR
Os04g0407300,Os04g0407300.intron1,Os04g0407300|4:20189153-20189281:-,4,20189153,20189281,-,Os04t0407300-02,1,yes,447,86,397,533,0.838649155722326,0.888143176733781,Oryza_sativa,high_confidence_IR
Os04g0416400,Os04g0416400.intron6,Os04g0416400|4:20564215-20564411:+,4,20564215,20564411,+,Os04t0416400-01,1,no,74,10,52,84,0.880952380952381,0.702702702702703,Oryza_sativa,high_confidence_IR
Os04g0418800,Os04g0418800.intron1,Os04g0418800|4:20709044-20709178:+,4,20709044,20709178,+,Os04t0418800-01,1,yes,285433,9,277499,285442,0.999968469951864,0.972203634478144,Oryza_sativa,high_confidence_IR
Os04g0429300,Os04g0429300.intron1,Os04g0429300|4:21272059-21273006:+,4,21272059,21273006,+,Os04t0429300-01,1,no,148,136,123,284,0.52112676056338,0.831081081081081,Oryza_sativa,high_confidence_IR
Os04g0431300,Os04g0431300.intron1,Os04g0431300|4:21387362-21387503:-,4,21387362,21387503,-,Os04t0431300-01,1,no,10980,9,8416,10989,0.999180999180999,0.766484517304189,Oryza_sativa,high_confidence_IR
Os04g0431800,Os04g0431800.intron1,Os04g0431800|4:21405043-21405140:-,4,21405043,21405140,-,Os04t0431800-01,1,no,2013,4533,1609,6546,0.307516040329972,0.799304520615996,Oryza_sativa,high_confidence_IR
Os04g0432250,Os04g0432250.intron1,Os04g0432250|4:21444399-21444886:-,4,21444399,21444886,-,Os04t0432250-00,1,no,1222,113,1114,1335,0.915355805243446,0.911620294599018,Oryza_sativa,high_confidence_IR
Os04g0436900,Os04g0436900.intron3,Os04g0436900|4:21731303-21731499:-,4,21731303,21731499,-,Os04t0436900-01,1,no,265,8,217,273,0.970695970695971,0.818867924528302,Oryza_sativa,high_confidence_IR
Os04g0437300,Os04g0437300.intron1,Os04g0437300|4:21745972-21746068:+,4,21745972,21746068,+,Os04t0437300-01,1,no,26,31,26,57,0.456140350877193,1,Oryza_sativa,high_confidence_IR
Os04g0438600,Os04g0438600.intron3,Os04g0438600|4:21812984-21813177:-,4,21812984,21813177,-,Os04t0438600-01,1,no,2500,1303,1888,3803,0.657375755982119,0.7552,Oryza_sativa,high_confidence_IR
Os04g0442050,Os04g0442050.intron2,Os04g0442050|4:22010919-22010990:-,4,22010919,22010990,-,Os04t0442050-00,1,no,118,26,88,144,0.819444444444444,0.745762711864407,Oryza_sativa,high_confidence_IR
Os04g0445700,Os04g0445700.intron1,Os04g0445700|4:22220984-22221043:-,4,22220984,22221043,-,Os04t0445700-02,1,yes,646,9,515,655,0.986259541984733,0.797213622291022,Oryza_sativa,high_confidence_IR
Os04g0449100,Os04g0449100.intron1,Os04g0449100|4:22382999-22383112:-,4,22382999,22383112,-,Os04t0449100-01,1,no,14,9,14,23,0.608695652173913,1,Oryza_sativa,high_confidence_IR
Os04g0450900,Os04g0450900.intron1,Os04g0450900|4:22468582-22468784:-,4,22468582,22468784,-,Os04t0450900-01,1,no,914,906,800,1820,0.502197802197802,0.87527352297593,Oryza_sativa,high_confidence_IR
Os04g0451200,Os04g0451200.intron1,Os04g0451200|4:22482092-22482159:+,4,22482092,22482159,+,Os04t0451200-01,1,yes,2563,3194,2563,5757,0.445197151294077,1,Oryza_sativa,high_confidence_IR
Os04g0459200,Os04g0459200.intron1,Os04g0459200|4:22929461-22929551:+,4,22929461,22929551,+,Os04t0459200-01,1,no,1325,4696,1325,6021,0.220063112439794,1,Oryza_sativa,high_confidence_IR
Os04g0459500,Os04g0459500.intron3,Os04g0459500|4:22937589-22938461:+,4,22937589,22938461,+,Os04t0459500-01,1,yes,310339,15,222627,310354,0.999951668095143,0.717367137227355,Oryza_sativa,high_confidence_IR
Os04g0460200,Os04g0460200.intron1,Os04g0460200|4:22969897-22970004:+,4,22969897,22970004,+,Os04t0460200-01,1,no,60,220,58,280,0.214285714285714,0.966666666666667,Oryza_sativa,high_confidence_IR
Os04g0461400,Os04g0461400.intron3,Os04g0461400|4:23045895-23045965:-,4,23045895,23045965,-,Os04t0461400-01,1,yes,4979,12651,3949,17630,0.282416335791265,0.793131150833501,Oryza_sativa,high_confidence_IR
Os04g0461700,Os04g0461700.intron2,Os04g0461700|4:23071683-23075186:-,4,23071683,23075186,-,Os04t0461700-01,1,yes,904,2542,825,3446,0.262333139872316,0.912610619469027,Oryza_sativa,high_confidence_IR
Os04g0462200,Os04g0462200.intron1,Os04g0462200|4:23093585-23093731:+,4,23093585,23093731,+,Os04t0462200-01,1,no,220,199,220,419,0.525059665871122,1,Oryza_sativa,high_confidence_IR
Os04g0462500,Os04g0462500.intron1,Os04g0462500|4:23104092-23104813:+,4,23104092,23104813,+,Os04t0462500-01,1,yes,28692,103498,24625,132190,0.217051214161434,0.858253171615781,Oryza_sativa,high_confidence_IR
Os04g0463700,Os04g0463700.intron3,Os04g0463700|4:23148492-23149350:-,4,23148492,23149350,-,Os04t0463700-02,1,no,217,622,154,839,0.258641239570918,0.709677419354839,Oryza_sativa,high_confidence_IR
Os04g0467400,Os04g0467400.intron2,Os04g0467400|4:23359800-23360014:-,4,23359800,23360014,-,Os04t0467400-01,1,no,1125,172,826,1297,0.867386276021588,0.734222222222222,Oryza_sativa,high_confidence_IR
Os04g0477000,Os04g0477000.intron3,Os04g0477000|4:23878061-23878169:+,4,23878061,23878169,+,Os04t0477000-01,1,no,1555,5192,1186,6747,0.230472802727138,0.762700964630225,Oryza_sativa,high_confidence_IR
Os04g0478000,Os04g0478000.intron1,Os04g0478000|4:23916356-23916560:-,4,23916356,23916560,-,Os04t0478000-02,1,yes,17952,24,17952,17976,0.998664886515354,1,Oryza_sativa,high_confidence_IR
Os04g0480200,Os04g0480200.intron1,Os04g0480200|4:24018906-24019270:-,4,24018906,24019270,-,Os04t0480200-01,1,no,280,959,280,1239,0.225988700564972,1,Oryza_sativa,high_confidence_IR
Os04g0485400,Os04g0485400.intron2,Os04g0485400|4:24269772-24269854:-,4,24269772,24269854,-,Os04t0485400-01,1,no,246,571,200,817,0.30110159118727,0.813008130081301,Oryza_sativa,high_confidence_IR
Os04g0485601,Os04g0485601.intron1,Os04g0485601|4:24273281-24273638:-,4,24273281,24273638,-,Os04t0485601-00,1,no,237,41,237,278,0.852517985611511,1,Oryza_sativa,high_confidence_IR
Os04g0486500,Os04g0486500.intron2,Os04g0486500|4:24302619-24302778:-,4,24302619,24302778,-,Os04t0486500-01,1,no,553,693,418,1246,0.443820224719101,0.755877034358047,Oryza_sativa,high_confidence_IR
Os04g0488300,Os04g0488300.intron1,Os04g0488300|4:24392120-24392946:+,4,24392120,24392946,+,Os04t0488300-01,1,no,81,149,62,230,0.352173913043478,0.765432098765432,Oryza_sativa,high_confidence_IR
Os04g0496600,Os04g0496600.intron1,Os04g0496600|4:24843148-24843448:-,4,24843148,24843448,-,Os04t0496600-01,1,no,5694,4345,4658,10039,0.567187966928977,0.818054092026695,Oryza_sativa,high_confidence_IR
Os04g0503100,Os04g0503100.intron1,Os04g0503100|4:25119361-25120459:-,4,25119361,25120459,-,Os04t0503100-01,1,no,97,10,97,107,0.906542056074766,1,Oryza_sativa,high_confidence_IR
Os04g0511600,Os04g0511600.intron6,Os04g0511600|4:25574760-25575452:-,4,25574760,25575452,-,Os04t0511600-02,1,yes,11859,222,8923,12081,0.98162403774522,0.752424319082553,Oryza_sativa,high_confidence_IR
Os04g0513000,Os04g0513000.intron1,Os04g0513000|4:25637189-25637334:+,4,25637189,25637334,+,Os04t0513000-01,1,no,4323,75,3563,4398,0.982946793997271,0.824196160074023,Oryza_sativa,high_confidence_IR
Os04g0516200,Os04g0516200.intron2,Os04g0516200|4:25790882-25791237:-,4,25790882,25791237,-,Os04t0516200-01,1,no,787,282,761,1069,0.736202057998129,0.966963151207116,Oryza_sativa,high_confidence_IR
Os04g0523350,Os04g0523350.intron1,Os04g0523350|4:26183613-26183693:-,4,26183613,26183693,-,Os04t0523350-00,1,no,61,82,61,143,0.426573426573427,1,Oryza_sativa,high_confidence_IR
Os04g0529400,Os04g0529400.intron1,Os04g0529400|4:26477066-26478992:+,4,26477066,26478992,+,Os04t0529400-01,1,no,2575,367,2112,2942,0.875254928619986,0.820194174757282,Oryza_sativa,high_confidence_IR
Os04g0532700,Os04g0532700.intron1,Os04g0532700|4:26638889-26639876:-,4,26638889,26639876,-,Os04t0532700-01,1,no,2780,748,2780,3528,0.787981859410431,1,Oryza_sativa,high_confidence_IR
Os04g0541100,Os04g0541100.intron1,Os04g0541100|4:27080010-27080127:-,4,27080010,27080127,-,Os04t0541100-01,1,no,85,184,81,269,0.315985130111524,0.952941176470588,Oryza_sativa,high_confidence_IR
Os04g0546400,Os04g0546400.intron2,Os04g0546400|4:27358635-27359794:+,4,27358635,27359794,+,Os04t0546400-01,1,no,10236,1840,9701,12076,0.847631666114607,0.947733489644392,Oryza_sativa,high_confidence_IR
Os04g0550866,Os04g0550866.intron1,Os04g0550866|4:27595533-27595608:+,4,27595533,27595608,+,Os04t0550866-00,1,no,195,15,195,210,0.928571428571429,1,Oryza_sativa,high_confidence_IR
Os04g0552400,Os04g0552400.intron1,Os04g0552400|4:27666177-27666288:+,4,27666177,27666288,+,Os04t0552400-01,1,no,153,133,153,286,0.534965034965035,1,Oryza_sativa,high_confidence_IR
Os04g0564300,Os04g0564300.intron2,Os04g0564300|4:28284676-28284784:+,4,28284676,28284784,+,Os04t0564300-01,1,no,1992,1685,1492,3677,0.541745988577645,0.748995983935743,Oryza_sativa,high_confidence_IR
Os04g0566900,Os04g0566900.intron3,Os04g0566900|4:28490664-28490870:-,4,28490664,28490870,-,Os04t0566900-01,1,no,1373,323,1205,1696,0.809551886792453,0.877640203932993,Oryza_sativa,high_confidence_IR
Os04g0568300,Os04g0568300.intron1,Os04g0568300|4:28564139-28568287:+,4,28564139,28568287,+,Os04t0568300-01,1,no,23,84,23,107,0.214953271028037,1,Oryza_sativa,high_confidence_IR
Os04g0568700,Os04g0568700.intron1,Os04g0568700|4:28574704-28574805:+,4,28574704,28574805,+,Os04t0568700-00,1,no,238,825,238,1063,0.223894637817498,1,Oryza_sativa,high_confidence_IR
Os04g0568751,Os04g0568751.intron1,Os04g0568751|4:28574704-28574805:-,4,28574704,28574805,-,Os04t0568751-00,1,no,238,825,238,1063,0.223894637817498,1,Oryza_sativa,high_confidence_IR
Os04g0572100,Os04g0572100.intron1,Os04g0572100|4:28809739-28810964:+,4,28809739,28810964,+,Os04t0572100-01,1,no,82,7,82,89,0.921348314606742,1,Oryza_sativa,high_confidence_IR
Os04g0578200,Os04g0578200.intron4,Os04g0578200|4:29150266-29150425:+,4,29150266,29150425,+,Os04t0578200-01,1,no,12577,1506,9882,14083,0.893062557693673,0.785719965015504,Oryza_sativa,high_confidence_IR
Os04g0578833,Os04g0578833.intron1,Os04g0578833|4:29195059-29195445:+,4,29195059,29195445,+,Os04t0578833-00,1,no,74,196,74,270,0.274074074074074,1,Oryza_sativa,high_confidence_IR
Os04g0581502,Os04g0581502.intron1,Os04g0581502|4:29391768-29391844:-,4,29391768,29391844,-,Os04t0581502-00,1,no,522,219,522,741,0.704453441295547,1,Oryza_sativa,high_confidence_IR
Os04g0582900,Os04g0582900.intron1,Os04g0582900|4:29449074-29449216:-,4,29449074,29449216,-,Os04t0582900-01,1,no,93,266,93,359,0.259052924791086,1,Oryza_sativa,high_confidence_IR
Os04g0583900,Os04g0583900.intron4,Os04g0583900|4:29502658-29502838:-,4,29502658,29502838,-,Os04t0583900-01,1,no,999,1584,726,2583,0.386759581881533,0.726726726726727,Oryza_sativa,high_confidence_IR
Os04g0585000,Os04g0585000.intron1,Os04g0585000|4:29552466-29552738:-,4,29552466,29552738,-,Os04t0585000-01,1,no,5919,1130,5919,7049,0.839693573556533,1,Oryza_sativa,high_confidence_IR
Os04g0590400,Os04g0590400.intron1,Os04g0590400|4:29857834-29858016:+,4,29857834,29858016,+,Os04t0590400-01,1,no,1200,4407,1200,5607,0.214018191546281,1,Oryza_sativa,high_confidence_IR
Os04g0594000,Os04g0594000.intron2,Os04g0594000|4:30025121-30025202:-,4,30025121,30025202,-,Os04t0594000-01,1,no,334,479,262,813,0.410824108241082,0.784431137724551,Oryza_sativa,high_confidence_IR
Os04g0597300,Os04g0597300.intron1,Os04g0597300|4:30133519-30133767:+,4,30133519,30133767,+,Os04t0597300-01,1,no,338,19,269,357,0.946778711484594,0.79585798816568,Oryza_sativa,high_confidence_IR
Os04g0600900,Os04g0600900.intron4,Os04g0600900|4:30318003-30318097:-,4,30318003,30318097,-,Os04t0600900-01;Os04t0600900-02,2,no,2250,4920,1708,7170,0.313807531380753,0.759111111111111,Oryza_sativa,high_confidence_IR
Os04g0603900,Os04g0603900.intron2,Os04g0603900|4:30474398-30474522:+,4,30474398,30474522,+,Os04t0603900-01,1,no,276,366,199,642,0.429906542056075,0.721014492753623,Oryza_sativa,high_confidence_IR
Os04g0604250,Os04g0604250.intron1,Os04g0604250|4:30478007-30478081:-,4,30478007,30478081,-,Os04t0604250-01,1,no,8379,18439,8379,26818,0.312439406368857,1,Oryza_sativa,high_confidence_IR
Os04g0607200,Os04g0607200.intron1,Os04g0607200|4:30704230-30705085:+,4,30704230,30705085,+,Os04t0607200-01,1,yes,3194,80,3194,3274,0.975565058032987,1,Oryza_sativa,high_confidence_IR
Os04g0607600,Os04g0607600.intron2,Os04g0607600|4:30735064-30735249:-,4,30735064,30735249,-,Os04t0607600-01,1,no,337,1243,290,1580,0.213291139240506,0.86053412462908,Oryza_sativa,high_confidence_IR
Os04g0609000,Os04g0609000.intron1,Os04g0609000|4:30826374-30828198:+,4,30826374,30828198,+,Os04t0609000-00,1,no,167,20,167,187,0.893048128342246,1,Oryza_sativa,high_confidence_IR
Os04g0620950,Os04g0620950.intron2,Os04g0620950|4:31557977-31558063:+,4,31557977,31558063,+,Os04t0620950-01,1,no,1221,1035,947,2256,0.541223404255319,0.775593775593776,Oryza_sativa,high_confidence_IR
Os04g0627066,Os04g0627066.intron1,Os04g0627066|4:31902351-31902456:+,4,31902351,31902456,+,Os04t0627066-00,1,no,71,9,71,80,0.8875,1,Oryza_sativa,high_confidence_IR
Os04g0638901,Os04g0638901.intron1,Os04g0638901|4:32473783-32473979:+,4,32473783,32473979,+,Os04t0638901-00,1,no,4293,11,4293,4304,0.997444237918216,1,Oryza_sativa,high_confidence_IR
Os04g0640300,Os04g0640300.intron1,Os04g0640300|4:32558354-32565113:-,4,32558354,32565113,-,Os04t0640300-01,1,no,112,331,108,443,0.252821670428894,0.964285714285714,Oryza_sativa,high_confidence_IR
Os04g0640600,Os04g0640600.intron7,Os04g0640600|4:32583039-32583383:-,4,32583039,32583383,-,Os04t0640600-01,1,yes,16245,1452,11951,17697,0.917952195287337,0.735672514619883,Oryza_sativa,high_confidence_IR
Os04g0640850,Os04g0640850.intron1,Os04g0640850|4:32605161-32605244:+,4,32605161,32605244,+,Os04t0640850-00,1,no,320,289,320,609,0.525451559934319,1,Oryza_sativa,high_confidence_IR
Os04g0643700,Os04g0643700.intron2,Os04g0643700|4:32761326-32762037:+,4,32761326,32762037,+,Os04t0643700-02,1,no,574,706,450,1280,0.4484375,0.78397212543554,Oryza_sativa,high_confidence_IR
Os04g0646050,Os04g0646050.intron1,Os04g0646050|4:32867117-32867218:-,4,32867117,32867218,-,Os04t0646050-00,1,no,136,170,136,306,0.444444444444444,1,Oryza_sativa,high_confidence_IR
Os04g0650333,Os04g0650333.intron1,Os04g0650333|4:33139148-33139224:+,4,33139148,33139224,+,Os04t0650333-00,1,no,148,256,148,404,0.366336633663366,1,Oryza_sativa,high_confidence_IR
Os04g0659125,Os04g0659125.intron2,Os04g0659125|4:33633849-33634179:+,4,33633849,33634179,+,Os04t0659125-01,1,no,440,736,323,1176,0.374149659863946,0.734090909090909,Oryza_sativa,high_confidence_IR
Os04g0659150,Os04g0659150.intron2,Os04g0659150|4:33633849-33634179:-,4,33633849,33634179,-,Os04t0659150-00,1,no,440,736,323,1176,0.374149659863946,0.734090909090909,Oryza_sativa,high_confidence_IR
Os04g0660100,Os04g0660100.intron1,Os04g0660100|4:33682126-33682731:-,4,33682126,33682731,-,Os04t0660100-02,1,yes,103,7,103,110,0.936363636363636,1,Oryza_sativa,high_confidence_IR
Os04g0661250,Os04g0661250.intron1,Os04g0661250|4:33735651-33735793:+,4,33735651,33735793,+,Os04t0661250-00,1,no,210,51,210,261,0.804597701149425,1,Oryza_sativa,high_confidence_IR
Os04g0667000,Os04g0667000.intron3,Os04g0667000|4:34055473-34055608:-,4,34055473,34055608,-,Os04t0667000-01,1,no,3614,3059,2801,6673,0.541585493780908,0.775041505257333,Oryza_sativa,high_confidence_IR
Os04g0669700,Os04g0669700.intron3,Os04g0669700|4:34153726-34154047:-,4,34153726,34154047,-,Os04t0669700-00,1,no,464,1443,415,1907,0.243314105925537,0.894396551724138,Oryza_sativa,high_confidence_IR
Os04g0670600,Os04g0670600.intron5,Os04g0670600|4:34209826-34209922:-,4,34209826,34209922,-,Os04t0670600-02,1,no,140,291,138,431,0.324825986078886,0.985714285714286,Oryza_sativa,high_confidence_IR
Os04g0672200,Os04g0672200.intron8,Os04g0672200|4:34314801-34314912:-,4,34314801,34314912,-,Os04t0672200-01,1,no,6873,4444,5259,11317,0.607316426614827,0.765168048886949,Oryza_sativa,high_confidence_IR
Os04g0674000,Os04g0674000.intron1,Os04g0674000|4:34400917-34401113:-,4,34400917,34401113,-,Os04t0674000-01,1,yes,18220,41,18220,18261,0.997754777942062,1,Oryza_sativa,high_confidence_IR
Os04g0674025,Os04g0674025.intron1,Os04g0674025|4:34403103-34403200:-,4,34403103,34403200,-,Os04t0674025-00,1,no,121,57,121,178,0.679775280898876,1,Oryza_sativa,high_confidence_IR
Os04g0677000,Os04g0677000.intron1,Os04g0677000|4:34573505-34573649:+,4,34573505,34573649,+,Os04t0677000-01,1,no,145,467,129,612,0.236928104575163,0.889655172413793,Oryza_sativa,high_confidence_IR
Os04g0684100,Os04g0684100.intron1,Os04g0684100|4:34930718-34931726:-,4,34930718,34931726,-,Os04t0684100-01,1,yes,1613,2439,1613,4052,0.398075024679171,1,Oryza_sativa,high_confidence_IR
Os04g0684300,Os04g0684300.intron1,Os04g0684300|4:34950565-34951228:+,4,34950565,34951228,+,Os04t0684300-01,1,yes,2435,36,2104,2471,0.985430999595306,0.864065708418891,Oryza_sativa,high_confidence_IR
Os04g0684800,Os04g0684800.intron1,Os04g0684800|4:34975745-34975899:+,4,34975745,34975899,+,Os04t0684800-01,1,no,25173,9,19884,25182,0.99964260185847,0.78989393397688,Oryza_sativa,high_confidence_IR
Os05g0100700,Os05g0100700.intron7,Os05g0100700|5:66428-69313:-,5,66428,69313,-,Os05t0100700-01,1,yes,5267,20,3837,5287,0.996217136372234,0.728498196316689,Oryza_sativa,high_confidence_IR
Os05g0102500,Os05g0102500.intron2,Os05g0102500|5:151384-151945:-,5,151384,151945,-,Os05t0102500-02,1,yes,4707,6492,3726,11199,0.420305384409322,0.791586998087954,Oryza_sativa,high_confidence_IR
Os05g0103300,Os05g0103300.intron1,Os05g0103300|5:190130-190806:+,5,190130,190806,+,Os05t0103300-01,1,yes,580,2011,580,2591,0.223851794673871,1,Oryza_sativa,high_confidence_IR
Os05g0106600,Os05g0106600.intron2,Os05g0106600|5:356126-356486:-,5,356126,356486,-,Os05t0106600-01,1,yes,19477,45383,17728,64860,0.300292938637064,0.910201776454279,Oryza_sativa,high_confidence_IR
Os05g0107000,Os05g0107000.intron1,Os05g0107000|5:377063-377177:-,5,377063,377177,-,Os05t0107000-01,1,no,112,50,112,162,0.691358024691358,1,Oryza_sativa,high_confidence_IR
Os05g0112900,Os05g0112900.intron4,Os05g0112900|5:698581-698744:+,5,698581,698744,+,Os05t0112900-02,1,no,35,54,25,89,0.393258426966292,0.714285714285714,Oryza_sativa,high_confidence_IR
Os05g0113500,Os05g0113500.intron3,Os05g0113500|5:719567-719654:-,5,719567,719654,-,Os05t0113500-03,1,yes,68282,10295,61172,78577,0.868982017638749,0.895872997276002,Oryza_sativa,high_confidence_IR
Os05g0116750,Os05g0116750.intron3,Os05g0116750|5:899592-899693:-,5,899592,899693,-,Os05t0116750-00,1,no,17,6,16,23,0.739130434782609,0.941176470588235,Oryza_sativa,high_confidence_IR
Os05g0118900,Os05g0118900.intron1,Os05g0118900|5:990609-990680:-,5,990609,990680,-,Os05t0118900-01,1,no,14348,59,14348,14407,0.995904768515305,1,Oryza_sativa,high_confidence_IR
Os05g0123200,Os05g0123200.intron6,Os05g0123200|5:1294674-1294753:+,5,1294674,1294753,+,Os05t0123200-02,1,yes,31751,29,25735,31780,0.999087476400252,0.810525652735347,Oryza_sativa,high_confidence_IR
Os05g0123400,Os05g0123400.intron1,Os05g0123400|5:1301997-1302074:-,5,1301997,1302074,-,Os05t0123400-01,1,no,356,994,356,1350,0.263703703703704,1,Oryza_sativa,high_confidence_IR
Os05g0129000,Os05g0129000.intron1,Os05g0129000|5:1698588-1698703:+,5,1698588,1698703,+,Os05t0129000-01,1,no,788,515,609,1303,0.604758250191865,0.772842639593909,Oryza_sativa,high_confidence_IR
Os05g0135300,Os05g0135300.intron1,Os05g0135300|5:2062161-2062268:-,5,2062161,2062268,-,Os05t0135300-00,1,no,161,98,161,259,0.621621621621622,1,Oryza_sativa,high_confidence_IR
Os05g0143800,Os05g0143800.intron2,Os05g0143800|5:2524552-2524625:-,5,2524552,2524625,-,Os05t0143800-01,1,no,254,579,189,833,0.304921968787515,0.744094488188976,Oryza_sativa,high_confidence_IR
Os05g0144100,Os05g0144100.intron3,Os05g0144100|5:2538530-2538713:+,5,2538530,2538713,+,Os05t0144100-01,1,no,4731,16339,3589,21070,0.22453725676317,0.75861340097231,Oryza_sativa,high_confidence_IR
Os05g0147150,Os05g0147150.intron1,Os05g0147150|5:2712511-2712678:+,5,2712511,2712678,+,Os05t0147150-01,1,no,2564,2026,2223,4590,0.558605664488017,0.867004680187207,Oryza_sativa,high_confidence_IR
Os05g0163900,Os05g0163900.intron1,Os05g0163900|5:3756554-3756784:+,5,3756554,3756784,+,Os05t0163900-01,1,no,99,82,78,181,0.546961325966851,0.787878787878788,Oryza_sativa,high_confidence_IR
Os05g0165800,Os05g0165800.intron1,Os05g0165800|5:3876331-3880287:+,5,3876331,3880287,+,Os05t0165800-01,1,no,98,298,98,396,0.247474747474747,1,Oryza_sativa,high_confidence_IR
Os05g0167600,Os05g0167600.intron1,Os05g0167600|5:4076151-4077130:+,5,4076151,4077130,+,Os05t0167600-01,1,no,498,1705,498,2203,0.226055379028597,1,Oryza_sativa,high_confidence_IR
Os05g0169400,Os05g0169400.intron1,Os05g0169400|5:4164610-4164806:-,5,4164610,4164806,-,Os05t0169400-01,1,no,530,93,401,623,0.850722311396469,0.756603773584906,Oryza_sativa,high_confidence_IR
Os05g0171300,Os05g0171300.intron1,Os05g0171300|5:4266526-4266686:+,5,4266526,4266686,+,Os05t0171300-01,1,no,145,340,117,485,0.298969072164948,0.806896551724138,Oryza_sativa,high_confidence_IR
Os05g0171900,Os05g0171900.intron2,Os05g0171900|5:4301944-4302222:+,5,4301944,4302222,+,Os05t0171900-02,1,yes,33696,249,30845,33945,0.992664604507291,0.915390550807217,Oryza_sativa,high_confidence_IR
Os05g0172000,Os05g0172000.intron1,Os05g0172000|5:4309298-4309404:-,5,4309298,4309404,-,Os05t0172000-01,1,no,73,24,73,97,0.752577319587629,1,Oryza_sativa,high_confidence_IR
Os05g0177800,Os05g0177800.intron1,Os05g0177800|5:4635913-4636079:+,5,4635913,4636079,+,Os05t0177800-00,1,no,74,42,59,116,0.637931034482759,0.797297297297297,Oryza_sativa,high_confidence_IR
Os05g0197200,Os05g0197200.intron2,Os05g0197200|5:5986368-5986402:+,5,5986368,5986402,+,Os05t0197200-00,1,no,599,12,499,611,0.980360065466448,0.8330550918197,Oryza_sativa,high_confidence_IR
Os05g0200160,Os05g0200160.intron1,Os05g0200160|5:6240394-6240430:+,5,6240394,6240430,+,Os05t0200160-00,1,no,66,43,66,109,0.605504587155963,1,Oryza_sativa,high_confidence_IR
Os05g0203800,Os05g0203800.intron8,Os05g0203800|5:6447155-6447657:-,5,6447155,6447657,-,Os05t0203800-01,1,yes,4483,194,3182,4677,0.958520419072055,0.709792549631943,Oryza_sativa,high_confidence_IR
Os05g0214900,Os05g0214900.intron3,Os05g0214900|5:7126601-7127654:+,5,7126601,7127654,+,Os05t0214900-01,1,no,201,335,173,536,0.375,0.860696517412935,Oryza_sativa,high_confidence_IR
Os05g0229475,Os05g0229475.intron1,Os05g0229475|5:7849915-7850117:-,5,7849915,7850117,-,Os05t0229475-00,1,no,1285,74,1285,1359,0.945548197203826,1,Oryza_sativa,high_confidence_IR
Os05g0245700,Os05g0245700.intron1,Os05g0245700|5:8863568-8863676:+,5,8863568,8863676,+,Os05t0245700-01,1,no,108,23,108,131,0.824427480916031,1,Oryza_sativa,high_confidence_IR
Os05g0247100,Os05g0247100.intron1,Os05g0247100|5:8903147-8903238:-,5,8903147,8903238,-,Os05t0247100-01,1,yes,945264,48,945264,945312,0.999949223113639,1,Oryza_sativa,high_confidence_IR
Os05g0266900,Os05g0266900.intron4,Os05g0266900|5:10527126-10527259:+,5,10527126,10527259,+,Os05t0266900-01,1,no,508,397,443,905,0.561325966850829,0.872047244094488,Oryza_sativa,high_confidence_IR
Os05g0269200,Os05g0269200.intron1,Os05g0269200|5:10814924-10816042:-,5,10814924,10816042,-,Os05t0269200-00,1,no,140,99,140,239,0.585774058577406,1,Oryza_sativa,high_confidence_IR
Os05g0277100,Os05g0277100.intron1,Os05g0277100|5:11418794-11418939:+,5,11418794,11418939,+,Os05t0277100-00,1,no,137,211,137,348,0.39367816091954,1,Oryza_sativa,high_confidence_IR
Os05g0280350,Os05g0280350.intron1,Os05g0280350|5:11724412-11725448:+,5,11724412,11725448,+,Os05t0280350-00,1,no,368,37,368,405,0.908641975308642,1,Oryza_sativa,high_confidence_IR
Os05g0291700,Os05g0291700.intron4,Os05g0291700|5:12833839-12833871:-,5,12833839,12833871,-,Os05t0291700-03,1,yes,64866,5,49120,64871,0.999922923956776,0.757253414731909,Oryza_sativa,high_confidence_IR
Os05g0299101,Os05g0299101.intron1,Os05g0299101|5:13374144-13374230:-,5,13374144,13374230,-,Os05t0299101-00,1,no,421,485,421,906,0.464679911699779,1,Oryza_sativa,high_confidence_IR
Os05g0313900,Os05g0313900.intron1,Os05g0313900|5:14428742-14428812:-,5,14428742,14428812,-,Os05t0313900-00,1,no,34,21,31,55,0.618181818181818,0.911764705882353,Oryza_sativa,high_confidence_IR
Os05g0320300,Os05g0320300.intron1,Os05g0320300|5:14879796-14879933:+,5,14879796,14879933,+,Os05t0320300-01,1,no,1338,3614,1215,4952,0.270193861066236,0.908071748878924,Oryza_sativa,high_confidence_IR
Os05g0323400,Os05g0323400.intron1,Os05g0323400|5:15006795-15007011:-,5,15006795,15007011,-,Os05t0323400-01,1,no,153,244,153,397,0.385390428211587,1,Oryza_sativa,high_confidence_IR
Os05g0343800,Os05g0343800.intron1,Os05g0343800|5:16164262-16164432:+,5,16164262,16164432,+,Os05t0343800-01,1,no,124,491,124,615,0.201626016260163,1,Oryza_sativa,high_confidence_IR
Os05g0358000,Os05g0358000.intron4,Os05g0358000|5:16989509-16990070:-,5,16989509,16990070,-,Os05t0358000-02;Os05t0358000-03,2,no,13850,40874,9876,54724,0.253088224544989,0.713068592057762,Oryza_sativa,high_confidence_IR
Os05g0358900,Os05g0358900.intron1,Os05g0358900|5:17074730-17074808:-,5,17074730,17074808,-,Os05t0358900-00,1,no,20,10,20,30,0.666666666666667,1,Oryza_sativa,high_confidence_IR
Os05g0369900,Os05g0369900.intron1,Os05g0369900|5:17781034-17781232:+,5,17781034,17781232,+,Os05t0369900-01,1,no,1305,1151,1305,2456,0.531351791530945,1,Oryza_sativa,high_confidence_IR
Os05g0380200,Os05g0380200.intron1,Os05g0380200|5:18370861-18370965:-,5,18370861,18370965,-,Os05t0380200-01,1,no,9729,312,9729,10041,0.968927397669555,1,Oryza_sativa,high_confidence_IR
Os05g0380400,Os05g0380400.intron1,Os05g0380400|5:18383843-18384626:+,5,18383843,18384626,+,Os05t0380400-01,1,no,1276,2148,1276,3424,0.372663551401869,1,Oryza_sativa,high_confidence_IR
Os05g0392400,Os05g0392400.intron1,Os05g0392400|5:19098521-19098677:+,5,19098521,19098677,+,Os05t0392400-01,1,no,480,1859,425,2339,0.205215904232578,0.885416666666667,Oryza_sativa,high_confidence_IR
Os05g0402700,Os05g0402700.intron2,Os05g0402700|5:19608572-19608699:+,5,19608572,19608699,+,Os05t0402700-01,1,no,298984,7,287428,298991,0.999976587924051,0.961349102293099,Oryza_sativa,high_confidence_IR
Os05g0410750,Os05g0410750.intron1,Os05g0410750|5:20086069-20086181:-,5,20086069,20086181,-,Os05t0410750-00,1,no,48,16,48,64,0.75,1,Oryza_sativa,high_confidence_IR
Os05g0425600,Os05g0425600.intron1,Os05g0425600|5:20845050-20845206:+,5,20845050,20845206,+,Os05t0425600-01,1,no,102,171,87,273,0.373626373626374,0.852941176470588,Oryza_sativa,high_confidence_IR
Os05g0434600,Os05g0434600.intron2,Os05g0434600|5:21295382-21295478:+,5,21295382,21295478,+,Os05t0434600-00,1,no,253,554,226,807,0.313506815365551,0.893280632411067,Oryza_sativa,high_confidence_IR
Os05g0440150,Os05g0440150.intron1,Os05g0440150|5:21558563-21559650:+,5,21558563,21559650,+,Os05t0440150-00,1,no,74,6,74,80,0.925,1,Oryza_sativa,high_confidence_IR
Os05g0441500,Os05g0441500.intron2,Os05g0441500|5:21615476-21615867:+,5,21615476,21615867,+,Os05t0441500-01,1,no,6972,16793,5902,23765,0.293372606774669,0.846528973034997,Oryza_sativa,high_confidence_IR
Os05g0450600,Os05g0450600.intron1,Os05g0450600|5:22140372-22140685:+,5,22140372,22140685,+,Os05t0450600-01,1,no,314,123,314,437,0.718535469107552,1,Oryza_sativa,high_confidence_IR
Os05g0451300,Os05g0451300.intron3,Os05g0451300|5:22160627-22160716:-,5,22160627,22160716,-,Os05t0451300-01,1,no,10825,34860,9507,45685,0.236948670241874,0.87824480369515,Oryza_sativa,high_confidence_IR
Os05g0455400,Os05g0455400.intron1,Os05g0455400|5:22371491-22372795:+,5,22371491,22372795,+,Os05t0455400-01,1,yes,21533,27,15876,21560,0.998747680890538,0.737286954906423,Oryza_sativa,high_confidence_IR
Os05g0469812,Os05g0469812.intron1,Os05g0469812|5:23067652-23067774:-,5,23067652,23067774,-,Os05t0469812-00,1,no,180,87,160,267,0.674157303370786,0.888888888888889,Oryza_sativa,high_confidence_IR
Os05g0486150,Os05g0486150.intron1,Os05g0486150|5:23900155-23900569:+,5,23900155,23900569,+,Os05t0486150-01,1,no,328,722,328,1050,0.312380952380952,1,Oryza_sativa,high_confidence_IR
Os05g0487300,Os05g0487300.intron3,Os05g0487300|5:23979364-23979616:+,5,23979364,23979616,+,Os05t0487300-01,1,yes,4405,14,3693,4419,0.99683186241231,0.838365493757094,Oryza_sativa,high_confidence_IR
Os05g0490600,Os05g0490600.intron4,Os05g0490600|5:24111300-24111494:-,5,24111300,24111494,-,Os05t0490600-01,1,no,33,29,30,62,0.532258064516129,0.909090909090909,Oryza_sativa,high_confidence_IR
Os05g0492200,Os05g0492200.intron1,Os05g0492200|5:24187935-24188910:+,5,24187935,24188910,+,Os05t0492200-01,1,no,199,418,199,617,0.322528363047002,1,Oryza_sativa,high_confidence_IR
Os05g0494900,Os05g0494900.intron3,Os05g0494900|5:24309454-24309498:+,5,24309454,24309498,+,Os05t0494900-01,1,yes,9322,13,8056,9335,0.998607391537225,0.864192233426303,Oryza_sativa,high_confidence_IR
Os05g0505900,Os05g0505900.intron1,Os05g0505900|5:24988111-24988856:-,5,24988111,24988856,-,Os05t0505900-01;Os05t0505900-02,2,no,69,269,69,338,0.20414201183432,1,Oryza_sativa,high_confidence_IR
Os05g0513350,Os05g0513350.intron1,Os05g0513350|5:25456463-25456563:+,5,25456463,25456563,+,Os05t0513350-00,1,no,86,29,86,115,0.747826086956522,1,Oryza_sativa,high_confidence_IR
Os05g0516850,Os05g0516850.intron1,Os05g0516850|5:25625777-25626843:+,5,25625777,25626843,+,Os05t0516850-00,1,no,117,8,117,125,0.936,1,Oryza_sativa,high_confidence_IR
Os05g0521500,Os05g0521500.intron1,Os05g0521500|5:25942733-25943285:+,5,25942733,25943285,+,Os05t0521500-01,1,no,2583,275,2027,2858,0.903778866340098,0.78474641889276,Oryza_sativa,high_confidence_IR
Os05g0525701,Os05g0525701.intron1,Os05g0525701|5:26157145-26157242:-,5,26157145,26157242,-,Os05t0525701-00,1,no,145,371,133,516,0.281007751937984,0.917241379310345,Oryza_sativa,high_confidence_IR
Os05g0525850,Os05g0525850.intron1,Os05g0525850|5:26166830-26166939:-,5,26166830,26166939,-,Os05t0525850-00,1,no,29,5,26,34,0.852941176470588,0.896551724137931,Oryza_sativa,high_confidence_IR
Os05g0527800,Os05g0527800.intron1,Os05g0527800|5:26225817-26226020:-,5,26225817,26226020,-,Os05t0527800-02,1,yes,86,205,86,291,0.29553264604811,1,Oryza_sativa,high_confidence_IR
Os05g0541800,Os05g0541800.intron1,Os05g0541800|5:26900250-26900376:+,5,26900250,26900376,+,Os05t0541800-01,1,no,481,1532,481,2013,0.238946845504223,1,Oryza_sativa,high_confidence_IR
Os05g0542150,Os05g0542150.intron2,Os05g0542150|5:26911708-26911815:+,5,26911708,26911815,+,Os05t0542150-01,1,no,1333,647,1189,1980,0.673232323232323,0.891972993248312,Oryza_sativa,high_confidence_IR
Os05g0548300,Os05g0548300.intron4,Os05g0548300|5:27209107-27209188:+,5,27209107,27209188,+,Os05t0548300-01,1,no,181,335,176,516,0.35077519379845,0.972375690607735,Oryza_sativa,high_confidence_IR
Os05g0548400,Os05g0548400.intron1,Os05g0548400|5:27212239-27218157:-,5,27212239,27218157,-,Os05t0548400-01,1,no,11,34,8,45,0.244444444444444,0.727272727272727,Oryza_sativa,high_confidence_IR
Os05g0549600,Os05g0549600.intron3,Os05g0549600|5:27288361-27288451:+,5,27288361,27288451,+,Os05t0549600-01,1,no,3620,1291,2987,4911,0.73712074933822,0.825138121546961,Oryza_sativa,high_confidence_IR
Os05g0550100,Os05g0550100.intron1,Os05g0550100|5:27322163-27322757:-,5,27322163,27322757,-,Os05t0550100-00,1,no,247,12,247,259,0.953667953667954,1,Oryza_sativa,high_confidence_IR
Os05g0550200,Os05g0550200.intron2,Os05g0550200|5:27324552-27324680:+,5,27324552,27324680,+,Os05t0550200-01,1,no,271,268,249,539,0.50278293135436,0.918819188191882,Oryza_sativa,high_confidence_IR
Os05g0552900,Os05g0552900.intron4,Os05g0552900|5:27507716-27507818:-,5,27507716,27507818,-,Os05t0552900-01,1,no,38,74,38,112,0.339285714285714,1,Oryza_sativa,high_confidence_IR
Os05g0554500,Os05g0554500.intron1,Os05g0554500|5:27559093-27559267:+,5,27559093,27559267,+,Os05t0554500-01,1,no,753,48,688,801,0.940074906367041,0.913678618857902,Oryza_sativa,high_confidence_IR
Os05g0560300,Os05g0560300.intron1,Os05g0560300|5:27888930-27889061:-,5,27888930,27889061,-,Os05t0560300-01,1,no,2123,7764,1811,9887,0.214726408415091,0.853038153556288,Oryza_sativa,high_confidence_IR
Os05g0562800,Os05g0562800.intron1,Os05g0562800|5:27990091-27990598:-,5,27990091,27990598,-,Os05t0562800-01,1,yes,5305,15,5305,5320,0.99718045112782,1,Oryza_sativa,high_confidence_IR
Os05g0564200,Os05g0564200.intron2,Os05g0564200|5:28080432-28081662:+,5,28080432,28081662,+,Os05t0564200-01,1,no,9971,33918,8230,43889,0.227186766615781,0.825393641560526,Oryza_sativa,high_confidence_IR
Os05g0564450,Os05g0564450.intron1,Os05g0564450|5:28093550-28094145:+,5,28093550,28094145,+,Os05t0564450-00,1,no,307,7,307,314,0.977707006369427,1,Oryza_sativa,high_confidence_IR
Os05g0566200,Os05g0566200.intron6,Os05g0566200|5:28181011-28181125:+,5,28181011,28181125,+,Os05t0566200-01,1,no,3062,59,2246,3121,0.981095802627363,0.733507511430438,Oryza_sativa,high_confidence_IR
Os05g0571400,Os05g0571400.intron1,Os05g0571400|5:28481282-28482555:-,5,28481282,28482555,-,Os05t0571400-01,1,no,11179,19424,10684,30603,0.365290984543999,0.95572054745505,Oryza_sativa,high_confidence_IR
Os05g0573900,Os05g0573900.intron2,Os05g0573900|5:28590948-28591048:-,5,28590948,28591048,-,Os05t0573900-01,1,no,205,696,163,901,0.227524972253052,0.795121951219512,Oryza_sativa,high_confidence_IR
Os05g0574600,Os05g0574600.intron1,Os05g0574600|5:28627192-28627286:-,5,28627192,28627286,-,Os05t0574600-01,1,no,356,665,356,1021,0.348677766895201,1,Oryza_sativa,high_confidence_IR
Os05g0591550,Os05g0591550.intron1,Os05g0591550|5:29466666-29466717:+,5,29466666,29466717,+,Os05t0591550-00,1,no,282,12,282,294,0.959183673469388,1,Oryza_sativa,high_confidence_IR
Os05g0592800,Os05g0592800.intron2,Os05g0592800|5:29540939-29541049:-,5,29540939,29541049,-,Os05t0592800-01,1,yes,3581,424,3124,4005,0.894132334581773,0.872382016196593,Oryza_sativa,high_confidence_IR
Os05g0597200,Os05g0597200.intron2,Os05g0597200|5:29760668-29760727:-,5,29760668,29760727,-,Os05t0597200-01,1,no,8973,7,7219,8980,0.999220489977728,0.804524685166611,Oryza_sativa,high_confidence_IR
Os06g0103000,Os06g0103000.intron1,Os06g0103000|6:209534-209641:+,6,209534,209641,+,Os06t0103000-01,1,no,206,803,179,1009,0.20416253716551,0.868932038834951,Oryza_sativa,high_confidence_IR
Os06g0105100,Os06g0105100.intron1,Os06g0105100|6:360008-360457:+,6,360008,360457,+,Os06t0105100-00,1,no,10,12,8,22,0.454545454545455,0.8,Oryza_sativa,high_confidence_IR
Os06g0109600,Os06g0109600.intron1,Os06g0109600|6:564682-565299:+,6,564682,565299,+,Os06t0109600-01,1,no,3980,300,3011,4280,0.929906542056075,0.756532663316583,Oryza_sativa,high_confidence_IR
Os06g0109801,Os06g0109801.intron3,Os06g0109801|6:573730-573816:+,6,573730,573816,+,Os06t0109801-00,1,no,34,13,30,47,0.723404255319149,0.882352941176471,Oryza_sativa,high_confidence_IR
Os06g0112300,Os06g0112300.intron1,Os06g0112300|6:696071-696441:+,6,696071,696441,+,Os06t0112300-01,1,no,111,69,101,180,0.616666666666667,0.90990990990991,Oryza_sativa,high_confidence_IR
Os06g0116200,Os06g0116200.intron3,Os06g0116200|6:893540-893629:-,6,893540,893629,-,Os06t0116200-01,1,no,1534,3270,1214,4804,0.319317235636969,0.791395045632334,Oryza_sativa,high_confidence_IR
Os06g0116600,Os06g0116600.intron1,Os06g0116600|6:922305-922490:+,6,922305,922490,+,Os06t0116600-01,1,no,9872,305,7538,10177,0.970030460843078,0.763573743922204,Oryza_sativa,high_confidence_IR
Os06g0121600,Os06g0121600.intron2,Os06g0121600|6:1142458-1142695:-,6,1142458,1142695,-,Os06t0121600-00,1,no,11,39,11,50,0.22,1,Oryza_sativa,high_confidence_IR
Os06g0125300,Os06g0125300.intron1,Os06g0125300|6:1364876-1366516:+,6,1364876,1366516,+,Os06t0125300-01,1,no,381,127,381,508,0.75,1,Oryza_sativa,high_confidence_IR
Os06g0125600,Os06g0125600.intron1,Os06g0125600|6:1378558-1378783:+,6,1378558,1378783,+,Os06t0125600-01,1,no,135,361,135,496,0.272177419354839,1,Oryza_sativa,high_confidence_IR
Os06g0125700,Os06g0125700.intron1,Os06g0125700|6:1383894-1384042:-,6,1383894,1384042,-,Os06t0125700-01,1,no,1108,225,1108,1333,0.831207801950488,1,Oryza_sativa,high_confidence_IR
Os06g0127300,Os06g0127300.intron1,Os06g0127300|6:1447183-1448529:-,6,1447183,1448529,-,Os06t0127300-01,1,no,4266,9,4113,4275,0.997894736842105,0.964135021097046,Oryza_sativa,high_confidence_IR
Os06g0127250,Os06g0127250.intron2,Os06g0127250|6:1447335-1447421:+,6,1447335,1447421,+,Os06t0127250-00,1,no,418,160,314,578,0.72318339100346,0.751196172248804,Oryza_sativa,high_confidence_IR
Os06g0131700,Os06g0131700.intron3,Os06g0131700|6:1700564-1700613:-,6,1700564,1700613,-,Os06t0131700-02,1,yes,3155,24,2355,3179,0.992450456118276,0.746434231378764,Oryza_sativa,high_confidence_IR
Os06g0137600,Os06g0137600.intron5,Os06g0137600|6:2014645-2014822:+,6,2014645,2014822,+,Os06t0137600-01,1,no,48,186,40,234,0.205128205128205,0.833333333333333,Oryza_sativa,high_confidence_IR
Os06g0139200,Os06g0139200.intron1,Os06g0139200|6:2071307-2072826:-,6,2071307,2072826,-,Os06t0139200-02,1,yes,912,678,912,1590,0.573584905660377,1,Oryza_sativa,high_confidence_IR
Os06g0142000,Os06g0142000.intron1,Os06g0142000|6:2188506-2189901:+,6,2188506,2189901,+,Os06t0142000-00,1,no,425,369,324,794,0.535264483627204,0.762352941176471,Oryza_sativa,high_confidence_IR
Os06g0145200,Os06g0145200.intron1,Os06g0145200|6:2381368-2381486:+,6,2381368,2381486,+,Os06t0145200-01,1,no,148,530,148,678,0.218289085545723,1,Oryza_sativa,high_confidence_IR
Os06g0145600,Os06g0145600.intron1,Os06g0145600|6:2395619-2395686:+,6,2395619,2395686,+,Os06t0145600-01,1,no,226,275,226,501,0.451097804391218,1,Oryza_sativa,high_confidence_IR
Os06g0146250,Os06g0146250.intron2,Os06g0146250|6:2428671-2429112:+,6,2428671,2429112,+,Os06t0146250-00,1,no,790,458,582,1248,0.63301282051282,0.736708860759494,Oryza_sativa,high_confidence_IR
Os06g0147200,Os06g0147200.intron1,Os06g0147200|6:2461384-2461578:+,6,2461384,2461578,+,Os06t0147200-01,1,no,3312,998,3312,4310,0.768445475638051,1,Oryza_sativa,high_confidence_IR
Os06g0148900,Os06g0148900.intron1,Os06g0148900|6:2538515-2538667:+,6,2538515,2538667,+,Os06t0148900-01,1,no,100,15,100,115,0.869565217391304,1,Oryza_sativa,high_confidence_IR
Os06g0153600,Os06g0153600.intron5,Os06g0153600|6:2766386-2768821:-,6,2766386,2768821,-,Os06t0153600-02,1,yes,599,587,486,1186,0.505059021922428,0.81135225375626,Oryza_sativa,high_confidence_IR
Os06g0155500,Os06g0155500.intron1,Os06g0155500|6:2862250-2862337:-,6,2862250,2862337,-,Os06t0155500-00,1,no,1701,1628,1701,3329,0.510964253529589,1,Oryza_sativa,high_confidence_IR
Os06g0158300,Os06g0158300.intron2,Os06g0158300|6:2977983-2978894:-,6,2977983,2978894,-,Os06t0158300-01,1,no,826,185,693,1011,0.817012858555885,0.838983050847458,Oryza_sativa,high_confidence_IR
Os06g0158500,Os06g0158500.intron1,Os06g0158500|6:2990492-2990586:-,6,2990492,2990586,-,Os06t0158500-01,1,no,710,461,654,1171,0.606319385140905,0.92112676056338,Oryza_sativa,high_confidence_IR
Os06g0174350,Os06g0174350.intron1,Os06g0174350|6:3764921-3765020:+,6,3764921,3765020,+,Os06t0174350-01,1,no,108,83,108,191,0.565445026178011,1,Oryza_sativa,high_confidence_IR
Os06g0181300,Os06g0181300.intron3,Os06g0181300|6:4017875-4018777:+,6,4017875,4018777,+,Os06t0181300-01,1,yes,667,117,576,784,0.850765306122449,0.863568215892054,Oryza_sativa,high_confidence_IR
Os06g0184300,Os06g0184300.intron7,Os06g0184300|6:4215176-4215250:-,6,4215176,4215250,-,Os06t0184300-02,1,yes,18077,788,13077,18865,0.958229525576464,0.723405432317309,Oryza_sativa,high_confidence_IR
Os06g0185700,Os06g0185700.intron1,Os06g0185700|6:4315693-4315956:+,6,4315693,4315956,+,Os06t0185700-01,1,no,341,265,341,606,0.562706270627063,1,Oryza_sativa,high_confidence_IR
Os06g0187100,Os06g0187100.intron1,Os06g0187100|6:4402139-4402211:+,6,4402139,4402211,+,Os06t0187100-00,1,no,82,265,72,347,0.236311239193084,0.878048780487805,Oryza_sativa,high_confidence_IR
Os06g0188400,Os06g0188400.intron1,Os06g0188400|6:4460360-4461899:+,6,4460360,4461899,+,Os06t0188400-01,1,no,73,37,73,110,0.663636363636364,1,Oryza_sativa,high_confidence_IR
Os06g0188550,Os06g0188550.intron1,Os06g0188550|6:4470530-4470634:-,6,4470530,4470634,-,Os06t0188550-01,1,no,1627,1473,1627,3100,0.524838709677419,1,Oryza_sativa,high_confidence_IR
Os06g0190525,Os06g0190525.intron2,Os06g0190525|6:4572438-4572543:+,6,4572438,4572543,+,Os06t0190525-00,1,no,329,108,264,437,0.752860411899314,0.802431610942249,Oryza_sativa,high_confidence_IR
Os06g0191200,Os06g0191200.intron5,Os06g0191200|6:4615460-4615569:+,6,4615460,4615569,+,Os06t0191200-01,1,no,659,1219,477,1878,0.350905218317359,0.723823975720789,Oryza_sativa,high_confidence_IR
Os06g0196300,Os06g0196300.intron1,Os06g0196300|6:4890281-4890424:-,6,4890281,4890424,-,Os06t0196300-01;Os06t0196300-02,2,no,24714,36610,19539,61324,0.40300697932294,0.790604515659141,Oryza_sativa,high_confidence_IR
Os06g0198800,Os06g0198800.intron2,Os06g0198800|6:5013957-5014087:-,6,5013957,5014087,-,Os06t0198800-01,1,no,25138,521,22534,25659,0.979695233641217,0.896411806826319,Oryza_sativa,high_confidence_IR
Os06g0199500,Os06g0199500.intron1,Os06g0199500|6:5056030-5056691:-,6,5056030,5056691,-,Os06t0199500-01;Os06t0199500-02,2,no,3971,14363,3706,18334,0.216592123922766,0.933266179803576,Oryza_sativa,high_confidence_IR
Os06g0200800,Os06g0200800.intron1,Os06g0200800|6:5091037-5091122:+,6,5091037,5091122,+,Os06t0200800-01,1,no,267,967,267,1234,0.216369529983793,1,Oryza_sativa,high_confidence_IR
Os06g0211300,Os06g0211300.intron4,Os06g0211300|6:5690089-5690217:+,6,5690089,5690217,+,Os06t0211300-01,1,no,39,36,33,75,0.52,0.846153846153846,Oryza_sativa,high_confidence_IR
Os06g0215200,Os06g0215200.intron5,Os06g0215200|6:5857446-5857534:-,6,5857446,5857534,-,Os06t0215200-02,1,yes,15363,389,11932,15752,0.975304723209751,0.776671223068411,Oryza_sativa,high_confidence_IR
Os06g0215925,Os06g0215925.intron1,Os06g0215925|6:5895774-5895897:+,6,5895774,5895897,+,Os06t0215925-00,1,no,369,370,369,739,0.499323410013532,1,Oryza_sativa,high_confidence_IR
Os06g0217500,Os06g0217500.intron1,Os06g0217500|6:5980530-5980577:-,6,5980530,5980577,-,Os06t0217500-01,1,no,2600,772,2040,3372,0.771055753262159,0.784615384615385,Oryza_sativa,high_confidence_IR
Os06g0218200,Os06g0218200.intron1,Os06g0218200|6:6049221-6050403:-,6,6049221,6050403,-,Os06t0218200-01,1,no,65,211,57,276,0.235507246376812,0.876923076923077,Oryza_sativa,high_confidence_IR
Os06g0218900,Os06g0218900.intron1,Os06g0218900|6:6103972-6104294:-,6,6103972,6104294,-,Os06t0218900-00,1,no,181,547,173,728,0.248626373626374,0.955801104972376,Oryza_sativa,high_confidence_IR
Os06g0222400,Os06g0222400.intron1,Os06g0222400|6:6305188-6305830:-,6,6305188,6305830,-,Os06t0222400-01,1,no,1963,71,1963,2034,0.965093411996067,1,Oryza_sativa,high_confidence_IR
Os06g0224200,Os06g0224200.intron1,Os06g0224200|6:6445960-6447396:-,6,6445960,6447396,-,Os06t0224200-01,1,no,591,761,448,1352,0.437130177514793,0.758037225042301,Oryza_sativa,high_confidence_IR
Os06g0225600,Os06g0225600.intron1,Os06g0225600|6:6493486-6493600:-,6,6493486,6493600,-,Os06t0225600-01,1,no,31,70,31,101,0.306930693069307,1,Oryza_sativa,high_confidence_IR
Os06g0230801,Os06g0230801.intron1,Os06g0230801|6:6783517-6787039:+,6,6783517,6787039,+,Os06t0230801-00,1,no,1176,1042,1176,2218,0.530207394048693,1,Oryza_sativa,high_confidence_IR
Os06g0234600,Os06g0234600.intron1,Os06g0234600|6:7007535-7008143:-,6,7007535,7008143,-,Os06t0234600-01,1,no,1000,468,896,1468,0.681198910081744,0.896,Oryza_sativa,high_confidence_IR
Os06g0234800,Os06g0234800.intron2,Os06g0234800|6:7019973-7020108:-,6,7019973,7020108,-,Os06t0234800-01,1,no,107,18,99,125,0.856,0.925233644859813,Oryza_sativa,high_confidence_IR
Os06g0243900,Os06g0243900.intron2,Os06g0243900|6:7479760-7481444:+,6,7479760,7481444,+,Os06t0243900-01,1,no,74,78,68,152,0.486842105263158,0.918918918918919,Oryza_sativa,high_confidence_IR
Os06g0245600,Os06g0245600.intron1,Os06g0245600|6:7558106-7558214:-,6,7558106,7558214,-,Os06t0245600-01,1,yes,2278,649,1631,2927,0.778271267509395,0.715978928884987,Oryza_sativa,high_confidence_IR
Os06g0255700,Os06g0255700.intron1,Os06g0255700|6:8097429-8099527:+,6,8097429,8099527,+,Os06t0255700-01,1,no,2327,7311,2006,9638,0.241440132807636,0.862054146970348,Oryza_sativa,high_confidence_IR
Os06g0267200,Os06g0267200.intron2,Os06g0267200|6:8869027-8869370:-,6,8869027,8869370,-,Os06t0267200-01,1,no,304,468,228,772,0.393782383419689,0.75,Oryza_sativa,high_confidence_IR
Os06g0269400,Os06g0269400.intron1,Os06g0269400|6:8980233-8980793:+,6,8980233,8980793,+,Os06t0269400-00,1,no,99,6,99,105,0.942857142857143,1,Oryza_sativa,high_confidence_IR
Os06g0271900,Os06g0271900.intron1,Os06g0271900|6:9146224-9146942:+,6,9146224,9146942,+,Os06t0271900-01,1,no,123,261,123,384,0.3203125,1,Oryza_sativa,high_confidence_IR
Os06g0273100,Os06g0273100.intron1,Os06g0273100|6:9219249-9219321:-,6,9219249,9219321,-,Os06t0273100-01,1,no,1380,31,1380,1411,0.978029766123317,1,Oryza_sativa,high_confidence_IR
Os06g0274550,Os06g0274550.intron1,Os06g0274550|6:9319458-9321166:-,6,9319458,9321166,-,Os06t0274550-00,1,no,20,5,20,25,0.8,1,Oryza_sativa,high_confidence_IR
Os06g0274950,Os06g0274950.intron1,Os06g0274950|6:9337363-9337999:-,6,9337363,9337999,-,Os06t0274950-01,1,no,244,443,244,687,0.355167394468704,1,Oryza_sativa,high_confidence_IR
Os06g0275000,Os06g0275000.intron1,Os06g0275000|6:9337363-9337999:+,6,9337363,9337999,+,Os06t0275000-01,1,no,244,443,244,687,0.355167394468704,1,Oryza_sativa,high_confidence_IR
Os06g0278450,Os06g0278450.intron2,Os06g0278450|6:9634896-9636236:+,6,9634896,9636236,+,Os06t0278450-00,1,no,3430,9511,2850,12941,0.265049068850939,0.830903790087464,Oryza_sativa,high_confidence_IR
Os06g0285900,Os06g0285900.intron1,Os06g0285900|6:10184805-10184898:-,6,10184805,10184898,-,Os06t0285900-00,1,no,218,587,218,805,0.270807453416149,1,Oryza_sativa,high_confidence_IR
Os06g0287700,Os06g0287700.intron1,Os06g0287700|6:10445244-10445965:+,6,10445244,10445965,+,Os06t0287700-01;Os06t0287700-02,2,no,3867,5756,2763,9623,0.401849735009872,0.714507370054306,Oryza_sativa,high_confidence_IR
Os06g0291500,Os06g0291500.intron1,Os06g0291500|6:10686012-10686374:+,6,10686012,10686374,+,Os06t0291500-01,1,no,77,8,77,85,0.905882352941176,1,Oryza_sativa,high_confidence_IR
Os06g0294775,Os06g0294775.intron1,Os06g0294775|6:10844741-10844976:+,6,10844741,10844976,+,Os06t0294775-00,1,no,7517,90,7517,7607,0.988168791902195,1,Oryza_sativa,high_confidence_IR
Os06g0296700,Os06g0296700.intron1,Os06g0296700|6:10960072-10960144:-,6,10960072,10960144,-,Os06t0296700-01,1,no,241,642,179,883,0.272933182332956,0.742738589211618,Oryza_sativa,high_confidence_IR
Os06g0297700,Os06g0297700.intron1,Os06g0297700|6:11040550-11040606:+,6,11040550,11040606,+,Os06t0297700-01,1,no,1022,6,984,1028,0.994163424124514,0.962818003913894,Oryza_sativa,high_confidence_IR
Os06g0299300,Os06g0299300.intron2,Os06g0299300|6:11133147-11133647:-,6,11133147,11133647,-,Os06t0299300-01,1,no,215,800,182,1015,0.211822660098522,0.846511627906977,Oryza_sativa,high_confidence_IR
Os06g0303800,Os06g0303800.intron1,Os06g0303800|6:11461658-11461883:+,6,11461658,11461883,+,Os06t0303800-01,1,no,13505,7389,12672,20894,0.646357806068728,0.938319141058867,Oryza_sativa,high_confidence_IR
Os06g0304300,Os06g0304300.intron2,Os06g0304300|6:11477979-11478110:-,6,11477979,11478110,-,Os06t0304300-01,1,no,363,72,300,435,0.83448275862069,0.826446280991736,Oryza_sativa,high_confidence_IR
Os06g0314501,Os06g0314501.intron1,Os06g0314501|6:12077406-12079328:-,6,12077406,12079328,-,Os06t0314501-01,1,no,142,413,142,555,0.255855855855856,1,Oryza_sativa,high_confidence_IR
Os06g0317100,Os06g0317100.intron2,Os06g0317100|6:12273926-12274138:+,6,12273926,12274138,+,Os06t0317100-00,1,no,5200,37,4802,5237,0.992934886385335,0.923461538461538,Oryza_sativa,high_confidence_IR
Os06g0327300,Os06g0327300.intron1,Os06g0327300|6:12852623-12852705:-,6,12852623,12852705,-,Os06t0327300-01,1,yes,5387,35,4818,5422,0.99354481741055,0.894375348060145,Oryza_sativa,high_confidence_IR
Os06g0330400,Os06g0330400.intron1,Os06g0330400|6:13070615-13070707:-,6,13070615,13070707,-,Os06t0330400-00,1,no,56,5,56,61,0.918032786885246,1,Oryza_sativa,high_confidence_IR
Os06g0334100,Os06g0334100.intron1,Os06g0334100|6:13281280-13281368:+,6,13281280,13281368,+,Os06t0334100-01,1,yes,1772,435,1325,2207,0.802899864068872,0.747742663656885,Oryza_sativa,high_confidence_IR
Os06g0334600,Os06g0334600.intron2,Os06g0334600|6:13315809-13316170:-,6,13315809,13316170,-,Os06t0334600-01,1,no,1168,2639,1080,3807,0.306803257157867,0.924657534246575,Oryza_sativa,high_confidence_IR
Os06g0336200,Os06g0336200.intron2,Os06g0336200|6:13407651-13407771:+,6,13407651,13407771,+,Os06t0336200-02,1,yes,222494,30,204905,222524,0.999865183081376,0.920946182818413,Oryza_sativa,high_confidence_IR
Os06g0340200,Os06g0340200.intron5,Os06g0340200|6:13586759-13586914:-,6,13586759,13586914,-,Os06t0340200-02,1,no,225,60,219,285,0.789473684210526,0.973333333333333,Oryza_sativa,high_confidence_IR
Os06g0341500,Os06g0341500.intron1,Os06g0341500|6:13632334-13632434:+,6,13632334,13632434,+,Os06t0341500-01,1,no,151,270,151,421,0.358669833729216,1,Oryza_sativa,high_confidence_IR
Os06g0346900,Os06g0346900.intron1,Os06g0346900|6:13912299-13912381:-,6,13912299,13912381,-,Os06t0346900-01,1,yes,443,255,443,698,0.634670487106017,1,Oryza_sativa,high_confidence_IR
Os06g0347300,Os06g0347300.intron1,Os06g0347300|6:13971407-13971540:+,6,13971407,13971540,+,Os06t0347300-00,1,no,34,129,27,163,0.208588957055215,0.794117647058823,Oryza_sativa,high_confidence_IR
Os06g0355500,Os06g0355500.intron1,Os06g0355500|6:14585040-14585213:+,6,14585040,14585213,+,Os06t0355500-01,1,no,442,326,320,768,0.575520833333333,0.723981900452489,Oryza_sativa,high_confidence_IR
Os06g0483500,Os06g0483500.intron4,Os06g0483500|6:16437025-16437206:-,6,16437025,16437206,-,Os06t0483500-02,1,no,245,83,218,328,0.746951219512195,0.889795918367347,Oryza_sativa,high_confidence_IR
Os06g0486000,Os06g0486000.intron3,Os06g0486000|6:16580649-16580757:-,6,16580649,16580757,-,Os06t0486000-01,1,no,73,212,68,285,0.256140350877193,0.931506849315068,Oryza_sativa,high_confidence_IR
Os06g0490000,Os06g0490000.intron1,Os06g0490000|6:16880880-16880991:-,6,16880880,16880991,-,Os06t0490000-01,1,no,637,1171,637,1808,0.352323008849558,1,Oryza_sativa,high_confidence_IR
Os06g0492300,Os06g0492300.intron1,Os06g0492300|6:17029733-17029809:+,6,17029733,17029809,+,Os06t0492300-01,1,no,170,186,156,356,0.47752808988764,0.917647058823529,Oryza_sativa,high_confidence_IR
Os06g0493800,Os06g0493800.intron1,Os06g0493800|6:17140509-17140910:-,6,17140509,17140910,-,Os06t0493800-00,1,no,158,320,158,478,0.330543933054393,1,Oryza_sativa,high_confidence_IR
Os06g0497275,Os06g0497275.intron1,Os06g0497275|6:17427641-17427725:-,6,17427641,17427725,-,Os06t0497275-00,1,no,12,33,12,45,0.266666666666667,1,Oryza_sativa,high_confidence_IR
Os06g0505700,Os06g0505700.intron1,Os06g0505700|6:17984715-17986628:+,6,17984715,17986628,+,Os06t0505700-01,1,no,123,351,123,474,0.259493670886076,1,Oryza_sativa,high_confidence_IR
Os06g0506100,Os06g0506100.intron2,Os06g0506100|6:18000535-18000641:+,6,18000535,18000641,+,Os06t0506100-01,1,no,356,1159,279,1515,0.234983498349835,0.783707865168539,Oryza_sativa,high_confidence_IR
Os06g0506150,Os06g0506150.intron2,Os06g0506150|6:18006578-18007842:+,6,18006578,18007842,+,Os06t0506150-01,1,no,399,996,302,1395,0.286021505376344,0.756892230576441,Oryza_sativa,high_confidence_IR
Os06g0564400,Os06g0564400.intron4,Os06g0564400|6:21698006-21698247:-,6,21698006,21698247,-,Os06t0564400-00,1,no,283,187,262,470,0.602127659574468,0.925795053003534,Oryza_sativa,high_confidence_IR
Os06g0565150,Os06g0565150.intron4,Os06g0565150|6:21758176-21758317:+,6,21758176,21758317,+,Os06t0565150-00,1,no,136,6,102,142,0.957746478873239,0.75,Oryza_sativa,high_confidence_IR
Os06g0565100,Os06g0565100.intron1,Os06g0565100|6:21758184-21758325:-,6,21758184,21758325,-,Os06t0565100-01,1,no,205,639,184,844,0.242890995260664,0.897560975609756,Oryza_sativa,high_confidence_IR
Os06g0567433,Os06g0567433.intron1,Os06g0567433|6:21896933-21897034:-,6,21896933,21897034,-,Os06t0567433-00,1,no,532,84,532,616,0.863636363636364,1,Oryza_sativa,high_confidence_IR
Os06g0574950,Os06g0574950.intron1,Os06g0574950|6:22330709-22334540:-,6,22330709,22334540,-,Os06t0574950-00,1,no,136,112,136,248,0.548387096774194,1,Oryza_sativa,high_confidence_IR
Os06g0586900,Os06g0586900.intron1,Os06g0586900|6:22994384-22996922:-,6,22994384,22996922,-,Os06t0586900-02,1,yes,117,58,117,175,0.668571428571429,1,Oryza_sativa,high_confidence_IR
Os06g0587000,Os06g0587000.intron1,Os06g0587000|6:22995441-22995544:+,6,22995441,22995544,+,Os06t0587000-00,1,no,110,89,110,199,0.552763819095477,1,Oryza_sativa,high_confidence_IR
Os06g0587100,Os06g0587100.intron1,Os06g0587100|6:23000705-23001212:-,6,23000705,23001212,-,Os06t0587100-00,1,no,1130,9,1092,1139,0.992098331870061,0.966371681415929,Oryza_sativa,high_confidence_IR
Os06g0587200,Os06g0587200.intron1,Os06g0587200|6:23008372-23008478:+,6,23008372,23008478,+,Os06t0587200-00,1,no,195,226,195,421,0.463182897862233,1,Oryza_sativa,high_confidence_IR
Os06g0587300,Os06g0587300.intron1,Os06g0587300|6:23020165-23021236:-,6,23020165,23021236,-,Os06t0587300-01,1,no,108,305,108,413,0.261501210653753,1,Oryza_sativa,high_confidence_IR
Os06g0588800,Os06g0588800.intron1,Os06g0588800|6:23097079-23097171:+,6,23097079,23097171,+,Os06t0588800-00,1,no,60,51,60,111,0.540540540540541,1,Oryza_sativa,high_confidence_IR
Os06g0594650,Os06g0594650.intron1,Os06g0594650|6:23380331-23380866:+,6,23380331,23380866,+,Os06t0594650-00,1,no,97,39,97,136,0.713235294117647,1,Oryza_sativa,high_confidence_IR
Os06g0597200,Os06g0597200.intron1,Os06g0597200|6:23505840-23508118:+,6,23505840,23508118,+,Os06t0597200-01,1,yes,816,3117,647,3933,0.207475209763539,0.792892156862745,Oryza_sativa,high_confidence_IR
Os06g0605900,Os06g0605900.intron2,Os06g0605900|6:24034677-24034787:+,6,24034677,24034787,+,Os06t0605900-01,1,no,9850,24,9240,9874,0.997569374113834,0.938071065989848,Oryza_sativa,high_confidence_IR
Os06g0608550,Os06g0608550.intron1,Os06g0608550|6:24222406-24222476:-,6,24222406,24222476,-,Os06t0608550-00,1,no,190,8,190,198,0.95959595959596,1,Oryza_sativa,high_confidence_IR
Os06g0608700,Os06g0608700.intron1,Os06g0608700|6:24227232-24227330:+,6,24227232,24227330,+,Os06t0608700-03,1,yes,665,934,474,1599,0.41588492808005,0.712781954887218,Oryza_sativa,high_confidence_IR
Os06g0621800,Os06g0621800.intron1,Os06g0621800|6:24977427-24977708:-,6,24977427,24977708,-,Os06t0621800-01,1,no,104,130,85,234,0.444444444444444,0.817307692307692,Oryza_sativa,high_confidence_IR
Os06g0622700,Os06g0622700.intron2,Os06g0622700|6:25043028-25043508:+,6,25043028,25043508,+,Os06t0622700-02,1,yes,19987,505,18534,20492,0.975356236580129,0.92730274678541,Oryza_sativa,high_confidence_IR
Os06g0624750,Os06g0624750.intron1,Os06g0624750|6:25146840-25147317:-,6,25146840,25147317,-,Os06t0624750-00,1,no,26,40,26,66,0.393939393939394,1,Oryza_sativa,high_confidence_IR
Os06g0631800,Os06g0631800.intron1,Os06g0631800|6:25583555-25583732:+,6,25583555,25583732,+,Os06t0631800-01,1,no,666,521,610,1187,0.561078348778433,0.915915915915916,Oryza_sativa,high_confidence_IR
Os06g0632700,Os06g0632700.intron1,Os06g0632700|6:25644111-25644955:-,6,25644111,25644955,-,Os06t0632700-01,1,no,1068,3565,932,4633,0.230520181308008,0.872659176029963,Oryza_sativa,high_confidence_IR
Os06g0641866,Os06g0641866.intron1,Os06g0641866|6:26105855-26106272:+,6,26105855,26106272,+,Os06t0641866-00,1,no,81,201,81,282,0.287234042553192,1,Oryza_sativa,high_confidence_IR
Os06g0642950,Os06g0642950.intron1,Os06g0642950|6:26184036-26184133:+,6,26184036,26184133,+,Os06t0642950-00,1,no,115,11,115,126,0.912698412698413,1,Oryza_sativa,high_confidence_IR
Os06g0651600,Os06g0651600.intron2,Os06g0651600|6:26668565-26669325:-,6,26668565,26669325,-,Os06t0651600-02,1,yes,1384,5305,1005,6689,0.206906862012259,0.726156069364162,Oryza_sativa,high_confidence_IR
Os06g0652250,Os06g0652250.intron1,Os06g0652250|6:26694445-26695831:+,6,26694445,26695831,+,Os06t0652250-00,1,no,13,16,11,29,0.448275862068966,0.846153846153846,Oryza_sativa,high_confidence_IR
Os06g0655100,Os06g0655100.intron2,Os06g0655100|6:26856135-26856325:-,6,26856135,26856325,-,Os06t0655100-01,1,no,869,2303,609,3172,0.273959646910467,0.700805523590334,Oryza_sativa,high_confidence_IR
Os06g0661700,Os06g0661700.intron4,Os06g0661700|6:27266713-27266832:-,6,27266713,27266832,-,Os06t0661700-02,1,yes,3343,593,2437,3936,0.849339430894309,0.728985940771762,Oryza_sativa,high_confidence_IR
Os06g0665800,Os06g0665800.intron3,Os06g0665800|6:27520503-27520724:-,6,27520503,27520724,-,Os06t0665800-02,1,yes,2279,6,1623,2285,0.997374179431072,0.712154453707767,Oryza_sativa,high_confidence_IR
Os06g0670100,Os06g0670100.intron1,Os06g0670100|6:27759727-27759864:-,6,27759727,27759864,-,Os06t0670100-01,1,no,125,331,94,456,0.274122807017544,0.752,Oryza_sativa,high_confidence_IR
Os06g0671600,Os06g0671600.intron1,Os06g0671600|6:27862376-27862632:+,6,27862376,27862632,+,Os06t0671600-01,1,no,182,157,182,339,0.536873156342183,1,Oryza_sativa,high_confidence_IR
Os06g0676400,Os06g0676400.intron1,Os06g0676400|6:28086100-28086172:+,6,28086100,28086172,+,Os06t0676400-01,1,no,85,30,85,115,0.739130434782609,1,Oryza_sativa,high_confidence_IR
Os06g0679700,Os06g0679700.intron4,Os06g0679700|6:28282142-28282742:-,6,28282142,28282742,-,Os06t0679700-00,1,no,584,45,470,629,0.92845786963434,0.804794520547945,Oryza_sativa,high_confidence_IR
Os06g0685400,Os06g0685400.intron1,Os06g0685400|6:28566555-28566668:+,6,28566555,28566668,+,Os06t0685400-01,1,no,333,283,333,616,0.540584415584416,1,Oryza_sativa,high_confidence_IR
Os06g0687500,Os06g0687500.intron4,Os06g0687500|6:28671277-28671842:+,6,28671277,28671842,+,Os06t0687500-01,1,no,2746,1287,1940,4033,0.680882717579965,0.706482155863074,Oryza_sativa,high_confidence_IR
Os06g0696400,Os06g0696400.intron1,Os06g0696400|6:29133414-29134233:+,6,29133414,29134233,+,Os06t0696400-02,1,yes,61462,22,52536,61484,0.999642183332249,0.85477205427744,Oryza_sativa,high_confidence_IR
Os06g0698000,Os06g0698000.intron1,Os06g0698000|6:29175837-29176879:+,6,29175837,29176879,+,Os06t0698000-01,1,no,869,1703,869,2572,0.337869362363919,1,Oryza_sativa,high_confidence_IR
Os06g0707400,Os06g0707400.intron1,Os06g0707400|6:29907506-29907588:-,6,29907506,29907588,-,Os06t0707400-01,1,no,99,99,96,198,0.5,0.96969696969697,Oryza_sativa,high_confidence_IR
Os06g0715100,Os06g0715100.intron9,Os06g0715100|6:30358719-30358814:-,6,30358719,30358814,-,Os06t0715100-01,1,yes,12025,713,9501,12738,0.944025749725232,0.79010395010395,Oryza_sativa,high_confidence_IR
Os06g0719900,Os06g0719900.intron2,Os06g0719900|6:30578138-30578372:+,6,30578138,30578372,+,Os06t0719900-00,1,no,278,400,252,678,0.410029498525074,0.906474820143885,Oryza_sativa,high_confidence_IR
Os06g0724200,Os06g0724200.intron2,Os06g0724200|6:30769795-30769871:+,6,30769795,30769871,+,Os06t0724200-01,1,no,1565,4471,1462,6036,0.259277667329357,0.934185303514377,Oryza_sativa,high_confidence_IR
Os06g0726501,Os06g0726501.intron1,Os06g0726501|6:30900784-30901093:+,6,30900784,30901093,+,Os06t0726501-00,1,no,460,101,460,561,0.819964349376114,1,Oryza_sativa,high_confidence_IR
Os06g0726850,Os06g0726850.intron1,Os06g0726850|6:30925055-30925137:-,6,30925055,30925137,-,Os06t0726850-00,1,no,6,15,6,21,0.285714285714286,1,Oryza_sativa,high_confidence_IR
Os06g0728200,Os06g0728200.intron1,Os06g0728200|6:31001036-31001139:+,6,31001036,31001139,+,Os06t0728200-00,1,no,20,5,17,25,0.8,0.85,Oryza_sativa,high_confidence_IR
Os07g0109800,Os07g0109800.intron2,Os07g0109800|7:539429-539524:+,7,539429,539524,+,Os07t0109800-00,1,no,50,44,48,94,0.531914893617021,0.96,Oryza_sativa,high_confidence_IR
Os07g0116600,Os07g0116600.intron1,Os07g0116600|7:910593-910684:-,7,910593,910684,-,Os07t0116600-00,1,no,148,401,148,549,0.269581056466302,1,Oryza_sativa,high_confidence_IR
Os07g0116900,Os07g0116900.intron1,Os07g0116900|7:927825-928055:-,7,927825,928055,-,Os07t0116900-01,1,no,85,74,81,159,0.534591194968553,0.952941176470588,Oryza_sativa,high_confidence_IR
Os07g0117000,Os07g0117000.intron1,Os07g0117000|7:930224-931049:-,7,930224,931049,-,Os07t0117000-01,1,no,625,143,625,768,0.813802083333333,1,Oryza_sativa,high_confidence_IR
Os07g0118800,Os07g0118800.intron3,Os07g0118800|7:1009617-1009681:+,7,1009617,1009681,+,Os07t0118800-02,1,no,2444,99,1712,2543,0.961069602831302,0.700490998363339,Oryza_sativa,high_confidence_IR
Os07g0119475,Os07g0119475.intron2,Os07g0119475|7:1055632-1055758:-,7,1055632,1055758,-,Os07t0119475-00,1,no,28,37,20,65,0.430769230769231,0.714285714285714,Oryza_sativa,high_confidence_IR
Os07g0121750,Os07g0121750.intron1,Os07g0121750|7:1141718-1141789:-,7,1141718,1141789,-,Os07t0121750-01,1,no,1114,79,1114,1193,0.933780385582565,1,Oryza_sativa,high_confidence_IR
Os07g0122000,Os07g0122000.intron1,Os07g0122000|7:1150367-1150449:+,7,1150367,1150449,+,Os07t0122000-01,1,no,67,29,67,96,0.697916666666667,1,Oryza_sativa,high_confidence_IR
Os07g0133601,Os07g0133601.intron1,Os07g0133601|7:1771743-1771824:+,7,1771743,1771824,+,Os07t0133601-00,1,no,43,134,43,177,0.242937853107345,1,Oryza_sativa,high_confidence_IR
Os07g0133700,Os07g0133700.intron9,Os07g0133700|7:1779860-1779967:+,7,1779860,1779967,+,Os07t0133700-01,1,no,6827,3970,4874,10797,0.632305269982403,0.713929983887506,Oryza_sativa,high_confidence_IR
Os07g0141100,Os07g0141100.intron1,Os07g0141100|7:2129833-2129963:-,7,2129833,2129963,-,Os07t0141100-01,1,no,242,478,242,720,0.336111111111111,1,Oryza_sativa,high_confidence_IR
Os07g0150500,Os07g0150500.intron7,Os07g0150500|7:2634751-2634847:-,7,2634751,2634847,-,Os07t0150500-01,1,no,10289,10853,8331,21142,0.486661621417084,0.809699679269122,Oryza_sativa,high_confidence_IR
Os07g0151900,Os07g0151900.intron2,Os07g0151900|7:2728440-2728545:-,7,2728440,2728545,-,Os07t0151900-01,1,no,46,73,43,119,0.38655462184874,0.934782608695652,Oryza_sativa,high_confidence_IR
Os07g0154800,Os07g0154800.intron1,Os07g0154800|7:2942626-2942732:-,7,2942626,2942732,-,Os07t0154800-01,1,no,2276,1979,2051,4255,0.534900117508813,0.901142355008787,Oryza_sativa,high_confidence_IR
Os07g0166500,Os07g0166500.intron1,Os07g0166500|7:3573463-3573613:-,7,3573463,3573613,-,Os07t0166500-00,1,no,157,24,157,181,0.867403314917127,1,Oryza_sativa,high_confidence_IR
Os07g0170400,Os07g0170400.intron1,Os07g0170400|7:3727840-3727990:+,7,3727840,3727990,+,Os07t0170400-00,1,no,634,2019,548,2653,0.238974745571052,0.864353312302839,Oryza_sativa,high_confidence_IR
Os07g0170800,Os07g0170800.intron3,Os07g0170800|7:3748645-3749381:+,7,3748645,3749381,+,Os07t0170800-01,1,no,538,580,428,1118,0.481216457960644,0.795539033457249,Oryza_sativa,high_confidence_IR
Os07g0176500,Os07g0176500.intron1,Os07g0176500|7:4029654-4029845:-,7,4029654,4029845,-,Os07t0176500-01,1,no,61039,23,61039,61062,0.999623333660869,1,Oryza_sativa,high_confidence_IR
Os07g0188750,Os07g0188750.intron1,Os07g0188750|7:4732140-4732470:-,7,4732140,4732470,-,Os07t0188750-00,1,no,14,5,14,19,0.736842105263158,1,Oryza_sativa,high_confidence_IR
Os07g0190650,Os07g0190650.intron1,Os07g0190650|7:4879821-4879882:-,7,4879821,4879882,-,Os07t0190650-00,1,no,103,32,103,135,0.762962962962963,1,Oryza_sativa,high_confidence_IR
Os07g0192800,Os07g0192800.intron1,Os07g0192800|7:5009950-5010087:-,7,5009950,5010087,-,Os07t0192800-01,1,no,429,24,429,453,0.947019867549669,1,Oryza_sativa,high_confidence_IR
Os07g0208900,Os07g0208900.intron2,Os07g0208900|7:5881966-5882056:+,7,5881966,5882056,+,Os07t0208900-01,1,no,1533,277,1115,1810,0.846961325966851,0.727332028701892,Oryza_sativa,high_confidence_IR
Os07g0220600,Os07g0220600.intron3,Os07g0220600|7:6663033-6663120:+,7,6663033,6663120,+,Os07t0220600-01;Os07t0220600-02,2,no,3109,2126,2468,5235,0.59388729703916,0.793824380829849,Oryza_sativa,high_confidence_IR
Os07g0222700,Os07g0222700.intron2,Os07g0222700|7:6791837-6794997:+,7,6791837,6794997,+,Os07t0222700-01,1,no,3098,164,2884,3262,0.949724095646842,0.930923176242737,Oryza_sativa,high_confidence_IR
Os07g0223733,Os07g0223733.intron1,Os07g0223733|7:6844078-6844375:-,7,6844078,6844375,-,Os07t0223733-00,1,no,66,21,66,87,0.758620689655172,1,Oryza_sativa,high_confidence_IR
Os07g0224900,Os07g0224900.intron1,Os07g0224900|7:6950253-6950492:+,7,6950253,6950492,+,Os07t0224900-03,1,yes,1910,6,1910,1916,0.996868475991649,1,Oryza_sativa,high_confidence_IR
Os07g0227800,Os07g0227800.intron1,Os07g0227800|7:7157644-7157797:-,7,7157644,7157797,-,Os07t0227800-00,1,no,5263,15,3797,5278,0.997158014399394,0.721451643549306,Oryza_sativa,high_confidence_IR
Os07g0238800,Os07g0238800.intron1,Os07g0238800|7:7721666-7721764:+,7,7721666,7721764,+,Os07t0238800-01,1,no,305,636,261,941,0.324123273113709,0.855737704918033,Oryza_sativa,high_confidence_IR
Os07g0239200,Os07g0239200.intron1,Os07g0239200|7:7740276-7741549:-,7,7740276,7741549,-,Os07t0239200-01,1,no,165,435,144,600,0.275,0.872727272727273,Oryza_sativa,high_confidence_IR
Os07g0245200,Os07g0245200.intron3,Os07g0245200|7:8081311-8081406:-,7,8081311,8081406,-,Os07t0245200-01,1,no,5532,1170,4044,6702,0.825425246195166,0.731019522776573,Oryza_sativa,high_confidence_IR
Os07g0249100,Os07g0249100.intron1,Os07g0249100|7:8282359-8283226:-,7,8282359,8283226,-,Os07t0249100-02,1,yes,721,1948,721,2669,0.270138628699888,1,Oryza_sativa,high_confidence_IR
Os07g0267400,Os07g0267400.intron4,Os07g0267400|7:9569209-9569308:-,7,9569209,9569308,-,Os07t0267400-01,1,no,1681,2608,1376,4289,0.391932851480532,0.818560380725758,Oryza_sativa,high_confidence_IR
Os07g0274800,Os07g0274800.intron1,Os07g0274800|7:10248009-10248372:+,7,10248009,10248372,+,Os07t0274800-01,1,yes,1455,795,1194,2250,0.646666666666667,0.820618556701031,Oryza_sativa,high_confidence_IR
Os07g0276000,Os07g0276000.intron2,Os07g0276000|7:10306468-10306559:-,7,10306468,10306559,-,Os07t0276000-01,1,no,29,12,21,41,0.707317073170732,0.724137931034483,Oryza_sativa,high_confidence_IR
Os07g0278866,Os07g0278866.intron1,Os07g0278866|7:10513396-10513424:+,7,10513396,10513424,+,Os07t0278866-00,1,no,257,60,180,317,0.810725552050473,0.700389105058366,Oryza_sativa,high_confidence_IR
Os07g0296800,Os07g0296800.intron1,Os07g0296800|7:11615829-11615911:+,7,11615829,11615911,+,Os07t0296800-00,1,no,191,369,191,560,0.341071428571429,1,Oryza_sativa,high_confidence_IR
Os07g0298700,Os07g0298700.intron1,Os07g0298700|7:11723013-11723234:+,7,11723013,11723234,+,Os07t0298700-01,1,no,398,314,312,712,0.558988764044944,0.78391959798995,Oryza_sativa,high_confidence_IR
Os07g0298700,Os07g0298700.intron3,Os07g0298700|7:11724251-11726136:+,7,11724251,11726136,+,Os07t0298700-01,1,no,16,31,14,47,0.340425531914894,0.875,Oryza_sativa,high_confidence_IR
Os07g0299600,Os07g0299600.intron1,Os07g0299600|7:11780288-11785611:+,7,11780288,11785611,+,Os07t0299600-01,1,no,8309,8096,8077,16405,0.506491923194148,0.972078469129859,Oryza_sativa,high_confidence_IR
Os07g0405700,Os07g0405700.intron3,Os07g0405700|7:12448187-12449725:+,7,12448187,12449725,+,Os07t0405700-01,1,no,357,70,264,427,0.836065573770492,0.739495798319328,Oryza_sativa,high_confidence_IR
Os07g0435300,Os07g0435300.intron1,Os07g0435300|7:14533417-14533609:+,7,14533417,14533609,+,Os07t0435300-01,1,no,37100,336,34796,37436,0.991024682124159,0.937897574123989,Oryza_sativa,high_confidence_IR
Os07g0439100,Os07g0439100.intron2,Os07g0439100|7:14778336-14778404:-,7,14778336,14778404,-,Os07t0439100-01,1,no,102,64,90,166,0.614457831325301,0.882352941176471,Oryza_sativa,high_confidence_IR
Os07g0448150,Os07g0448150.intron1,Os07g0448150|7:15359894-15360016:-,7,15359894,15360016,-,Os07t0448150-00,1,no,5092,7700,4345,12792,0.398061288305191,0.853299293008641,Oryza_sativa,high_confidence_IR
Os07g0456400,Os07g0456400.intron7,Os07g0456400|7:15869963-15870055:-,7,15869963,15870055,-,Os07t0456400-01,1,yes,5481,2920,4547,8401,0.65242233067492,0.829593139937968,Oryza_sativa,high_confidence_IR
Os07g0461950,Os07g0461950.intron1,Os07g0461950|7:16210552-16210657:+,7,16210552,16210657,+,Os07t0461950-00,1,no,584,10,584,594,0.983164983164983,1,Oryza_sativa,high_confidence_IR
Os07g0462450,Os07g0462450.intron1,Os07g0462450|7:16227187-16230140:+,7,16227187,16230140,+,Os07t0462450-00,1,no,49,111,49,160,0.30625,1,Oryza_sativa,high_confidence_IR
Os07g0468900,Os07g0468900.intron1,Os07g0468900|7:16733294-16734898:-,7,16733294,16734898,-,Os07t0468900-02,1,yes,52,95,52,147,0.353741496598639,1,Oryza_sativa,high_confidence_IR
Os07g0474700,Os07g0474700.intron2,Os07g0474700|7:17129047-17129253:+,7,17129047,17129253,+,Os07t0474700-01,1,no,13649,117,12477,13766,0.991500799070173,0.914132903509415,Oryza_sativa,high_confidence_IR
Os07g0477866,Os07g0477866.intron2,Os07g0477866|7:17282580-17282658:-,7,17282580,17282658,-,Os07t0477866-01,1,no,148,69,138,217,0.682027649769585,0.932432432432432,Oryza_sativa,high_confidence_IR
Os07g0484700,Os07g0484700.intron3,Os07g0484700|7:17778518-17778708:+,7,17778518,17778708,+,Os07t0484700-01,1,no,3200,2099,2689,5299,0.603887525948292,0.8403125,Oryza_sativa,high_confidence_IR
Os07g0486400,Os07g0486400.intron1,Os07g0486400|7:17903681-17903922:+,7,17903681,17903922,+,Os07t0486400-01,1,no,25,8,25,33,0.757575757575758,1,Oryza_sativa,high_confidence_IR
Os07g0496900,Os07g0496900.intron2,Os07g0496900|7:18623936-18624319:+,7,18623936,18624319,+,Os07t0496900-02,1,yes,5354,355,4600,5709,0.937817481170082,0.859170713485245,Oryza_sativa,high_confidence_IR
Os07g0502550,Os07g0502550.intron1,Os07g0502550|7:18958459-18962660:+,7,18958459,18962660,+,Os07t0502550-00,1,no,16175,899,16175,17074,0.947346843153333,1,Oryza_sativa,high_confidence_IR
Os07g0505300,Os07g0505300.intron2,Os07g0505300|7:19102945-19103125:+,7,19102945,19103125,+,Os07t0505300-01,1,no,586,20,500,606,0.966996699669967,0.853242320819113,Oryza_sativa,high_confidence_IR
Os07g0515200,Os07g0515200.intron1,Os07g0515200|7:19782060-19782149:+,7,19782060,19782149,+,Os07t0515200-01,1,no,27,66,27,93,0.290322580645161,1,Oryza_sativa,high_confidence_IR
Os07g0515900,Os07g0515900.intron1,Os07g0515900|7:19840716-19840776:+,7,19840716,19840776,+,Os07t0515900-00,1,no,463,764,385,1227,0.377343113284434,0.831533477321814,Oryza_sativa,high_confidence_IR
Os07g0520300,Os07g0520300.intron1,Os07g0520300|7:20085926-20085997:+,7,20085926,20085997,+,Os07t0520300-01,1,no,107,328,107,435,0.245977011494253,1,Oryza_sativa,high_confidence_IR
Os07g0523400,Os07g0523400.intron1,Os07g0523400|7:20279076-20279194:-,7,20279076,20279194,-,Os07t0523400-01,1,no,19,55,19,74,0.256756756756757,1,Oryza_sativa,high_confidence_IR
Os07g0535100,Os07g0535100.intron1,Os07g0535100|7:20999563-20999749:+,7,20999563,20999749,+,Os07t0535100-01,1,no,476,1171,476,1647,0.289010321797207,1,Oryza_sativa,high_confidence_IR
Os07g0535200,Os07g0535200.intron1,Os07g0535200|7:21003025-21003206:+,7,21003025,21003206,+,Os07t0535200-01,1,no,480,619,480,1099,0.436760691537762,1,Oryza_sativa,high_confidence_IR
Os07g0541600,Os07g0541600.intron1,Os07g0541600|7:21392372-21392468:-,7,21392372,21392468,-,Os07t0541600-01,1,yes,238,85,238,323,0.736842105263158,1,Oryza_sativa,high_confidence_IR
Os07g0541700,Os07g0541700.intron2,Os07g0541700|7:21396198-21396294:-,7,21396198,21396294,-,Os07t0541700-01,1,no,246,258,222,504,0.488095238095238,0.902439024390244,Oryza_sativa,high_confidence_IR
Os07g0543500,Os07g0543500.intron1,Os07g0543500|7:21513358-21514109:+,7,21513358,21514109,+,Os07t0543500-00,1,no,169,94,142,263,0.642585551330799,0.840236686390533,Oryza_sativa,high_confidence_IR
Os07g0543700,Os07g0543700.intron1,Os07g0543700|7:21520562-21521013:+,7,21520562,21521013,+,Os07t0543700-01,1,no,2472,16,2472,2488,0.993569131832797,1,Oryza_sativa,high_confidence_IR
Os07g0546400,Os07g0546400.intron1,Os07g0546400|7:21654741-21655082:+,7,21654741,21655082,+,Os07t0546400-01,1,no,347,1350,256,1697,0.20447849145551,0.737752161383285,Oryza_sativa,high_confidence_IR
Os07g0553600,Os07g0553600.intron1,Os07g0553600|7:22037655-22037819:+,7,22037655,22037819,+,Os07t0553600-01;Os07t0553600-02,2,no,1391,364,1389,1755,0.792592592592593,0.998562185478073,Oryza_sativa,high_confidence_IR
Os07g0564750,Os07g0564750.intron1,Os07g0564750|7:22645410-22645542:-,7,22645410,22645542,-,Os07t0564750-00,1,no,22,41,22,63,0.349206349206349,1,Oryza_sativa,high_confidence_IR
Os07g0568300,Os07g0568300.intron2,Os07g0568300|7:22841184-22841473:+,7,22841184,22841473,+,Os07t0568300-02,1,yes,1550,1957,1296,3507,0.441973196464214,0.836129032258065,Oryza_sativa,high_confidence_IR
Os07g0573500,Os07g0573500.intron1,Os07g0573500|7:23184199-23184301:+,7,23184199,23184301,+,Os07t0573500-01,1,no,38,68,38,106,0.358490566037736,1,Oryza_sativa,high_confidence_IR
Os07g0574400,Os07g0574400.intron2,Os07g0574400|7:23218052-23220514:+,7,23218052,23220514,+,Os07t0574400-01,1,no,1964,2815,1848,4779,0.410964636953338,0.940936863543788,Oryza_sativa,high_confidence_IR
Os07g0577350,Os07g0577350.intron1,Os07g0577350|7:23347234-23348230:-,7,23347234,23348230,-,Os07t0577350-00,1,no,119,84,119,203,0.586206896551724,1,Oryza_sativa,high_confidence_IR
Os07g0578050,Os07g0578050.intron1,Os07g0578050|7:23376684-23377812:-,7,23376684,23377812,-,Os07t0578050-00,1,no,16,12,16,28,0.571428571428571,1,Oryza_sativa,high_confidence_IR
Os07g0578333,Os07g0578333.intron1,Os07g0578333|7:23401199-23401472:-,7,23401199,23401472,-,Os07t0578333-01,1,no,1958,284,1958,2242,0.873327386262266,1,Oryza_sativa,high_confidence_IR
Os07g0580900,Os07g0580900.intron2,Os07g0580900|7:23507353-23507707:-,7,23507353,23507707,-,Os07t0580900-02,1,yes,1040,1569,962,2609,0.398620160981219,0.925,Oryza_sativa,high_confidence_IR
Os07g0582850,Os07g0582850.intron1,Os07g0582850|7:23599961-23600057:-,7,23599961,23600057,-,Os07t0582850-00,1,no,652,128,652,780,0.835897435897436,1,Oryza_sativa,high_confidence_IR
Os07g0584200,Os07g0584200.intron4,Os07g0584200|7:23687275-23687603:+,7,23687275,23687603,+,Os07t0584200-01,1,no,670,14,568,684,0.97953216374269,0.847761194029851,Oryza_sativa,high_confidence_IR
Os07g0584366,Os07g0584366.intron2,Os07g0584366|7:23693688-23694542:-,7,23693688,23694542,-,Os07t0584366-00,1,no,237,24,232,261,0.908045977011494,0.978902953586498,Oryza_sativa,high_confidence_IR
Os07g0587200,Os07g0587200.intron2,Os07g0587200|7:23894616-23894746:-,7,23894616,23894746,-,Os07t0587200-01,1,no,1214,12,1115,1226,0.99021207177814,0.918451400329489,Oryza_sativa,high_confidence_IR
Os07g0591202,Os07g0591202.intron1,Os07g0591202|7:24088404-24088499:+,7,24088404,24088499,+,Os07t0591202-00,1,no,42,134,42,176,0.238636363636364,1,Oryza_sativa,high_confidence_IR
Os07g0591300,Os07g0591300.intron1,Os07g0591300|7:24097559-24097829:-,7,24097559,24097829,-,Os07t0591300-00,1,no,20,75,15,95,0.210526315789474,0.75,Oryza_sativa,high_confidence_IR
Os07g0592100,Os07g0592100.intron1,Os07g0592100|7:24128467-24128680:+,7,24128467,24128680,+,Os07t0592100-01,1,no,505,1214,505,1719,0.293775450843514,1,Oryza_sativa,high_confidence_IR
Os07g0593400,Os07g0593400.intron1,Os07g0593400|7:24181409-24181943:+,7,24181409,24181943,+,Os07t0593400-00,1,no,46,5,39,51,0.901960784313726,0.847826086956522,Oryza_sativa,high_confidence_IR
Os07g0597500,Os07g0597500.intron1,Os07g0597500|7:24371137-24371285:+,7,24371137,24371285,+,Os07t0597500-01,1,no,956,1735,956,2691,0.355258268301747,1,Oryza_sativa,high_confidence_IR
Os07g0606000,Os07g0606000.intron3,Os07g0606000|7:24861788-24861940:+,7,24861788,24861940,+,Os07t0606000-01,1,no,27,58,20,85,0.317647058823529,0.740740740740741,Oryza_sativa,high_confidence_IR
Os07g0606900,Os07g0606900.intron1,Os07g0606900|7:24935487-24936862:-,7,24935487,24936862,-,Os07t0606900-01,1,no,6146,356,6146,6502,0.945247616118117,1,Oryza_sativa,high_confidence_IR
Os07g0615900,Os07g0615900.intron3,Os07g0615900|7:25374737-25374912:+,7,25374737,25374912,+,Os07t0615900-01,1,yes,5612,918,4784,6530,0.859418070444104,0.852459016393443,Oryza_sativa,high_confidence_IR
Os07g0619800,Os07g0619800.intron3,Os07g0619800|7:25619946-25621679:-,7,25619946,25621679,-,Os07t0619800-01,1,yes,1721,7,1288,1728,0.995949074074074,0.748402091807089,Oryza_sativa,high_confidence_IR
Os07g0623501,Os07g0623501.intron1,Os07g0623501|7:25805327-25806499:+,7,25805327,25806499,+,Os07t0623501-00,1,no,352,31,352,383,0.919060052219321,1,Oryza_sativa,high_confidence_IR
Os07g0628500,Os07g0628500.intron1,Os07g0628500|7:26041913-26041990:-,7,26041913,26041990,-,Os07t0628500-01;Os07t0628500-02,2,no,981,2208,738,3189,0.307619943555974,0.752293577981651,Oryza_sativa,high_confidence_IR
Os07g0631950,Os07g0631950.intron1,Os07g0631950|7:26212153-26212666:-,7,26212153,26212666,-,Os07t0631950-00,1,no,5285,6326,5285,11611,0.455171819826027,1,Oryza_sativa,high_confidence_IR
Os07g0634900,Os07g0634900.intron1,Os07g0634900|7:26356156-26356707:+,7,26356156,26356707,+,Os07t0634900-00,1,no,1045,117,1045,1162,0.899311531841652,1,Oryza_sativa,high_confidence_IR
Os07g0635700,Os07g0635700.intron3,Os07g0635700|7:26395143-26395201:+,7,26395143,26395201,+,Os07t0635700-00,1,no,2031,3093,1450,5124,0.396370023419204,0.713934022648941,Oryza_sativa,high_confidence_IR
Os07g0636100,Os07g0636100.intron1,Os07g0636100|7:26413639-26413817:+,7,26413639,26413817,+,Os07t0636100-01,1,no,3451,10,3451,3461,0.99711066165848,1,Oryza_sativa,high_confidence_IR
Os07g0636900,Os07g0636900.intron1,Os07g0636900|7:26466073-26468834:-,7,26466073,26468834,-,Os07t0636900-01,1,no,251,130,220,381,0.658792650918635,0.876494023904382,Oryza_sativa,high_confidence_IR
Os07g0640900,Os07g0640900.intron1,Os07g0640900|7:26673810-26675810:+,7,26673810,26675810,+,Os07t0640900-01,1,yes,655,281,626,936,0.699786324786325,0.955725190839695,Oryza_sativa,high_confidence_IR
Os07g0649100,Os07g0649100.intron2,Os07g0649100|7:27136968-27137400:+,7,27136968,27137400,+,Os07t0649100-00,1,no,102,16,90,118,0.864406779661017,0.882352941176471,Oryza_sativa,high_confidence_IR
Os07g0649300,Os07g0649300.intron2,Os07g0649300|7:27144312-27144740:+,7,27144312,27144740,+,Os07t0649300-00,1,no,201,445,179,646,0.311145510835913,0.890547263681592,Oryza_sativa,high_confidence_IR
Os07g0649500,Os07g0649500.intron2,Os07g0649500|7:27153455-27153884:+,7,27153455,27153884,+,Os07t0649500-00,1,no,72,7,70,79,0.911392405063291,0.972222222222222,Oryza_sativa,high_confidence_IR
Os07g0656500,Os07g0656500.intron1,Os07g0656500|7:27624956-27625053:-,7,27624956,27625053,-,Os07t0656500-00,1,no,247,5,247,252,0.98015873015873,1,Oryza_sativa,high_confidence_IR
Os07g0658000,Os07g0658000.intron1,Os07g0658000|7:27700271-27700642:+,7,27700271,27700642,+,Os07t0658000-01,1,no,1064,34,1005,1098,0.969034608378871,0.944548872180451,Oryza_sativa,high_confidence_IR
Os07g0659700,Os07g0659700.intron1,Os07g0659700|7:27803746-27804726:+,7,27803746,27804726,+,Os07t0659700-01,1,no,5329,4238,4949,9567,0.557018919201422,0.928692062300619,Oryza_sativa,high_confidence_IR
Os07g0661700,Os07g0661700.intron5,Os07g0661700|7:27922450-27922745:-,7,27922450,27922745,-,Os07t0661700-01,1,no,26,9,20,35,0.742857142857143,0.769230769230769,Oryza_sativa,high_confidence_IR
Os07g0663800,Os07g0663800.intron1,Os07g0663800|7:28005069-28005247:+,7,28005069,28005247,+,Os07t0663800-01,1,no,13658,31321,13658,44979,0.303652815758465,1,Oryza_sativa,high_confidence_IR
Os07g0664600,Os07g0664600.intron1,Os07g0664600|7:28061476-28061556:+,7,28061476,28061556,+,Os07t0664600-01,1,no,4133,6201,4133,10334,0.399941939229727,1,Oryza_sativa,high_confidence_IR
Os07g0665000,Os07g0665000.intron1,Os07g0665000|7:28073898-28073982:+,7,28073898,28073982,+,Os07t0665000-00,1,no,1742,1583,1742,3325,0.52390977443609,1,Oryza_sativa,high_confidence_IR
Os07g0666600,Os07g0666600.intron1,Os07g0666600|7:28148591-28149564:-,7,28148591,28149564,-,Os07t0666600-01,1,no,4689,628,4413,5317,0.881888282866278,0.941138835572617,Oryza_sativa,high_confidence_IR
Os07g0668100,Os07g0668100.intron1,Os07g0668100|7:28213385-28213476:-,7,28213385,28213476,-,Os07t0668100-01,1,no,79,54,79,133,0.593984962406015,1,Oryza_sativa,high_confidence_IR
Os07g0671500,Os07g0671500.intron1,Os07g0671500|7:28397614-28400051:-,7,28397614,28400051,-,Os07t0671500-01,1,yes,736,450,546,1186,0.620573355817875,0.741847826086957,Oryza_sativa,high_confidence_IR
Os07g0680400,Os07g0680400.intron1,Os07g0680400|7:28831423-28831837:-,7,28831423,28831837,-,Os07t0680400-01,1,no,23,60,19,83,0.27710843373494,0.826086956521739,Oryza_sativa,high_confidence_IR
Os07g0681400,Os07g0681400.intron1,Os07g0681400|7:28889934-28891873:+,7,28889934,28891873,+,Os07t0681400-01,1,no,277,631,277,908,0.305066079295154,1,Oryza_sativa,high_confidence_IR
Os07g0684700,Os07g0684700.intron1,Os07g0684700|7:29030625-29030747:-,7,29030625,29030747,-,Os07t0684700-01,1,no,786,2723,683,3509,0.223995440296381,0.868956743002545,Oryza_sativa,high_confidence_IR
Os07g0686950,Os07g0686950.intron1,Os07g0686950|7:29188164-29188297:-,7,29188164,29188297,-,Os07t0686950-01,1,no,2745,16,2745,2761,0.994204998189062,1,Oryza_sativa,high_confidence_IR
Os07g0694500,Os07g0694500.intron3,Os07g0694500|7:29579208-29579316:+,7,29579208,29579316,+,Os07t0694500-02,1,no,95,376,68,471,0.201698513800425,0.715789473684211,Oryza_sativa,high_confidence_IR
Os08g0110800,Os08g0110800.intron6,Os08g0110800|8:574454-576877:+,8,574454,576877,+,Os08t0110800-04,1,yes,3689,11438,2697,15127,0.243868579361407,0.73109243697479,Oryza_sativa,high_confidence_IR
Os08g0113150,Os08g0113150.intron2,Os08g0113150|8:701522-702974:-,8,701522,702974,-,Os08t0113150-00,1,no,144509,102,132697,144611,0.999294659465739,0.918261146364586,Oryza_sativa,high_confidence_IR
Os08g0123101,Os08g0123101.intron1,Os08g0123101|8:1280543-1280713:-,8,1280543,1280713,-,Os08t0123101-01,1,no,37,75,37,112,0.330357142857143,1,Oryza_sativa,high_confidence_IR
Os08g0124000,Os08g0124000.intron2,Os08g0124000|8:1310819-1310952:-,8,1310819,1310952,-,Os08t0124000-01,1,yes,2999,1946,2685,4945,0.606471183013145,0.895298432810937,Oryza_sativa,high_confidence_IR
Os08g0124533,Os08g0124533.intron1,Os08g0124533|8:1341757-1341923:+,8,1341757,1341923,+,Os08t0124533-00,1,no,24,10,24,34,0.705882352941177,1,Oryza_sativa,high_confidence_IR
Os08g0124750,Os08g0124750.intron1,Os08g0124750|8:1372037-1372134:+,8,1372037,1372134,+,Os08t0124750-00,1,no,63,197,63,260,0.242307692307692,1,Oryza_sativa,high_confidence_IR
Os08g0132100,Os08g0132100.intron2,Os08g0132100|8:1796606-1799723:+,8,1796606,1799723,+,Os08t0132100-00,1,no,25,11,18,36,0.694444444444444,0.72,Oryza_sativa,high_confidence_IR
Os08g0143900,Os08g0143900.intron1,Os08g0143900|8:2427802-2429603:-,8,2427802,2429603,-,Os08t0143900-01,1,no,4507,3847,4507,8354,0.539502034953316,1,Oryza_sativa,high_confidence_IR
Os08g0146001,Os08g0146001.intron3,Os08g0146001|8:2583531-2583666:-,8,2583531,2583666,-,Os08t0146001-00,1,no,253,6,182,259,0.976833976833977,0.719367588932806,Oryza_sativa,high_confidence_IR
Os08g0148300,Os08g0148300.intron1,Os08g0148300|8:2772940-2773330:+,8,2772940,2773330,+,Os08t0148300-01,1,no,203,6,194,209,0.971291866028708,0.955665024630542,Oryza_sativa,high_confidence_IR
Os08g0150600,Os08g0150600.intron2,Os08g0150600|8:2910528-2911080:-,8,2910528,2911080,-,Os08t0150600-01,1,no,379,262,289,641,0.591263650546022,0.762532981530343,Oryza_sativa,high_confidence_IR
Os08g0151000,Os08g0151000.intron4,Os08g0151000|8:2938464-2939715:+,8,2938464,2939715,+,Os08t0151000-00,1,no,5605,7863,4753,13468,0.416171666171666,0.847992863514719,Oryza_sativa,high_confidence_IR
Os08g0152400,Os08g0152400.intron1,Os08g0152400|8:3008908-3009060:+,8,3008908,3009060,+,Os08t0152400-00,1,no,2423,7023,2423,9446,0.256510692356553,1,Oryza_sativa,high_confidence_IR
Os08g0159700,Os08g0159700.intron1,Os08g0159700|8:3494574-3494660:-,8,3494574,3494660,-,Os08t0159700-01,1,no,233,415,233,648,0.359567901234568,1,Oryza_sativa,high_confidence_IR
Os08g0162300,Os08g0162300.intron1,Os08g0162300|8:3684470-3686262:+,8,3684470,3686262,+,Os08t0162300-01,1,no,36,43,36,79,0.455696202531646,1,Oryza_sativa,high_confidence_IR
Os08g0166500,Os08g0166500.intron1,Os08g0166500|8:3864406-3864574:+,8,3864406,3864574,+,Os08t0166500-01,1,no,424,139,424,563,0.753108348134991,1,Oryza_sativa,high_confidence_IR
Os08g0170100,Os08g0170100.intron1,Os08g0170100|8:4105546-4105948:+,8,4105546,4105948,+,Os08t0170100-01,1,no,660,2552,660,3212,0.205479452054795,1,Oryza_sativa,high_confidence_IR
Os08g0174725,Os08g0174725.intron1,Os08g0174725|8:4348008-4348094:-,8,4348008,4348094,-,Os08t0174725-00,1,no,59,45,59,104,0.567307692307692,1,Oryza_sativa,high_confidence_IR
Os08g0183900,Os08g0183900.intron4,Os08g0183900|8:4898112-4898229:-,8,4898112,4898229,-,Os08t0183900-01,1,no,9010,9789,7442,18799,0.479280812809192,0.825971143174251,Oryza_sativa,high_confidence_IR
Os08g0193900,Os08g0193900.intron2,Os08g0193900|8:5475143-5475233:-,8,5475143,5475233,-,Os08t0193900-01,1,no,507,25,405,532,0.953007518796993,0.798816568047337,Oryza_sativa,high_confidence_IR
Os08g0194501,Os08g0194501.intron2,Os08g0194501|8:5532617-5535831:+,8,5532617,5535831,+,Os08t0194501-00,1,no,42,7,40,49,0.857142857142857,0.952380952380952,Oryza_sativa,high_confidence_IR
Os08g0197000,Os08g0197000.intron1,Os08g0197000|8:5609300-5609471:+,8,5609300,5609471,+,Os08t0197000-01,1,no,534,112,403,646,0.826625386996904,0.754681647940075,Oryza_sativa,high_confidence_IR
Os08g0197800,Os08g0197800.intron1,Os08g0197800|8:5652794-5652871:+,8,5652794,5652871,+,Os08t0197800-01,1,no,266,92,256,358,0.743016759776536,0.962406015037594,Oryza_sativa,high_confidence_IR
Os08g0198300,Os08g0198300.intron1,Os08g0198300|8:5681529-5681863:+,8,5681529,5681863,+,Os08t0198300-01,1,no,203,24,203,227,0.894273127753304,1,Oryza_sativa,high_confidence_IR
Os08g0199400,Os08g0199400.intron1,Os08g0199400|8:5753217-5753531:-,8,5753217,5753531,-,Os08t0199400-01,1,no,207,532,207,739,0.280108254397835,1,Oryza_sativa,high_confidence_IR
Os08g0201500,Os08g0201500.intron1,Os08g0201500|8:5878228-5879065:+,8,5878228,5879065,+,Os08t0201500-01,1,no,106,47,97,153,0.69281045751634,0.915094339622642,Oryza_sativa,high_confidence_IR
Os08g0233300,Os08g0233300.intron1,Os08g0233300|8:8105876-8105983:+,8,8105876,8105983,+,Os08t0233300-01,1,yes,1545,746,1400,2291,0.674378000872981,0.906148867313916,Oryza_sativa,high_confidence_IR
Os08g0236866,Os08g0236866.intron1,Os08g0236866|8:8304061-8304180:+,8,8304061,8304180,+,Os08t0236866-01,1,no,326,937,265,1263,0.258115597783056,0.812883435582822,Oryza_sativa,high_confidence_IR
Os08g0240566,Os08g0240566.intron2,Os08g0240566|8:8494754-8494928:+,8,8494754,8494928,+,Os08t0240566-00,1,no,62,113,56,175,0.354285714285714,0.903225806451613,Oryza_sativa,high_confidence_IR
Os08g0246001,Os08g0246001.intron2,Os08g0246001|8:8915552-8916493:-,8,8915552,8916493,-,Os08t0246001-01,1,no,566,460,464,1026,0.551656920077973,0.819787985865724,Oryza_sativa,high_confidence_IR
Os08g0249000,Os08g0249000.intron1,Os08g0249000|8:9098947-9099315:+,8,9098947,9099315,+,Os08t0249000-01,1,no,4955,53,4955,5008,0.989416932907348,1,Oryza_sativa,high_confidence_IR
Os08g0256300,Os08g0256300.intron2,Os08g0256300|8:9518719-9521031:-,8,9518719,9521031,-,Os08t0256300-01,1,no,23,5,20,28,0.821428571428571,0.869565217391304,Oryza_sativa,high_confidence_IR
Os08g0260000,Os08g0260000.intron3,Os08g0260000|8:9759584-9760369:+,8,9759584,9760369,+,Os08t0260000-01,1,no,3693,185,3027,3878,0.952294997421351,0.81965881397238,Oryza_sativa,high_confidence_IR
Os08g0263100,Os08g0263100.intron1,Os08g0263100|8:9965272-9965457:+,8,9965272,9965457,+,Os08t0263100-01,1,no,611,84,611,695,0.879136690647482,1,Oryza_sativa,high_confidence_IR
Os08g0263300,Os08g0263300.intron1,Os08g0263300|8:9979439-9979532:-,8,9979439,9979532,-,Os08t0263300-01,1,yes,4063,810,2977,4873,0.833777960188795,0.732709820329806,Oryza_sativa,high_confidence_IR
Os08g0281600,Os08g0281600.intron2,Os08g0281600|8:11036132-11036252:-,8,11036132,11036252,-,Os08t0281600-00,1,no,5335,11,4902,5346,0.997942386831276,0.91883786316776,Oryza_sativa,high_confidence_IR
Os08g0300501,Os08g0300501.intron2,Os08g0300501|8:12370991-12371073:+,8,12370991,12371073,+,Os08t0300501-00,1,no,17185,9363,15386,26548,0.64731806539099,0.895315682281059,Oryza_sativa,high_confidence_IR
Os08g0300901,Os08g0300901.intron1,Os08g0300901|8:12395890-12397039:-,8,12395890,12397039,-,Os08t0300901-01,1,no,1359,2531,1359,3890,0.349357326478149,1,Oryza_sativa,high_confidence_IR
Os08g0313600,Os08g0313600.intron2,Os08g0313600|8:13394026-13397331:-,8,13394026,13397331,-,Os08t0313600-00,1,no,5342,776,4359,6118,0.873161163779013,0.815986521901909,Oryza_sativa,high_confidence_IR
Os08g0326100,Os08g0326100.intron1,Os08g0326100|8:14327502-14327716:-,8,14327502,14327716,-,Os08t0326100-01,1,no,2617,3507,2105,6124,0.427335075114304,0.804356132976691,Oryza_sativa,high_confidence_IR
Os08g0327501,Os08g0327501.intron1,Os08g0327501|8:14424589-14424808:-,8,14424589,14424808,-,Os08t0327501-01,1,no,19,64,19,83,0.228915662650602,1,Oryza_sativa,high_confidence_IR
Os08g0332150,Os08g0332150.intron1,Os08g0332150|8:14691754-14691970:+,8,14691754,14691970,+,Os08t0332150-00,1,no,5,6,5,11,0.454545454545455,1,Oryza_sativa,high_confidence_IR
Os08g0332100,Os08g0332100.intron1,Os08g0332100|8:14695158-14695220:-,8,14695158,14695220,-,Os08t0332100-01,1,no,391,472,304,863,0.453070683661645,0.777493606138107,Oryza_sativa,high_confidence_IR
Os08g0338600,Os08g0338600.intron1,Os08g0338600|8:15227698-15229828:+,8,15227698,15229828,+,Os08t0338600-01,1,no,4712,474,4364,5186,0.908600077130737,0.926146010186757,Oryza_sativa,high_confidence_IR
Os08g0346800,Os08g0346800.intron1,Os08g0346800|8:15730206-15730299:-,8,15730206,15730299,-,Os08t0346800-01,1,no,316,57,316,373,0.847184986595174,1,Oryza_sativa,high_confidence_IR
Os08g0358050,Os08g0358050.intron1,Os08g0358050|8:16448101-16448429:+,8,16448101,16448429,+,Os08t0358050-00,1,no,70,93,63,163,0.429447852760736,0.9,Oryza_sativa,high_confidence_IR
Os08g0369400,Os08g0369400.intron1,Os08g0369400|8:17212086-17212553:+,8,17212086,17212553,+,Os08t0369400-01,1,no,617,215,617,832,0.741586538461538,1,Oryza_sativa,high_confidence_IR
Os08g0386800,Os08g0386800.intron10,Os08g0386800|8:18257124-18257214:+,8,18257124,18257214,+,Os08t0386800-01,1,yes,26603,1042,19624,27645,0.962307831434256,0.737661166033906,Oryza_sativa,high_confidence_IR
Os08g0412401,Os08g0412401.intron1,Os08g0412401|8:19730684-19731887:+,8,19730684,19731887,+,Os08t0412401-01,1,no,3528,113,2874,3641,0.968964570173029,0.814625850340136,Oryza_sativa,high_confidence_IR
Os08g0416400,Os08g0416400.intron1,Os08g0416400|8:19917222-19918263:-,8,19917222,19918263,-,Os08t0416400-01,1,no,872,1384,638,2256,0.386524822695035,0.731651376146789,Oryza_sativa,high_confidence_IR
Os08g0420800,Os08g0420800.intron1,Os08g0420800|8:20150359-20150715:-,8,20150359,20150715,-,Os08t0420800-01,1,no,26,6,26,32,0.8125,1,Oryza_sativa,high_confidence_IR
Os08g0421700,Os08g0421700.intron1,Os08g0421700|8:20184928-20185077:+,8,20184928,20185077,+,Os08t0421700-01,1,no,162,47,162,209,0.77511961722488,1,Oryza_sativa,high_confidence_IR
Os08g0422600,Os08g0422600.intron1,Os08g0422600|8:20251893-20254241:-,8,20251893,20254241,-,Os08t0422600-00,1,no,2309,24,1929,2333,0.989712816116588,0.835426591598094,Oryza_sativa,high_confidence_IR
Os08g0430300,Os08g0430300.intron1,Os08g0430300|8:20803826-20804128:-,8,20803826,20804128,-,Os08t0430300-01,1,no,3000,375,2608,3375,0.888888888888889,0.869333333333333,Oryza_sativa,high_confidence_IR
Os08g0430600,Os08g0430600.intron1,Os08g0430600|8:20820231-20820328:-,8,20820231,20820328,-,Os08t0430600-01,1,yes,3366,12792,2743,16158,0.208317861121426,0.814913844325609,Oryza_sativa,high_confidence_IR
Os08g0431700,Os08g0431700.intron1,Os08g0431700|8:20884056-20884732:+,8,20884056,20884732,+,Os08t0431700-01,1,no,1259,2543,1259,3802,0.331141504471331,1,Oryza_sativa,high_confidence_IR
Os08g0434000,Os08g0434000.intron1,Os08g0434000|8:21045535-21046286:+,8,21045535,21046286,+,Os08t0434000-01,1,no,125,14,93,139,0.899280575539568,0.744,Oryza_sativa,high_confidence_IR
Os08g0434150,Os08g0434150.intron1,Os08g0434150|8:21051048-21052004:-,8,21051048,21052004,-,Os08t0434150-00,1,no,672,102,672,774,0.868217054263566,1,Oryza_sativa,high_confidence_IR
Os08g0435900,Os08g0435900.intron3,Os08g0435900|8:21171423-21171486:-,8,21171423,21171486,-,Os08t0435900-03,1,yes,917356,13,789371,917369,0.999985829039351,0.860484915343662,Oryza_sativa,high_confidence_IR
Os08g0438400,Os08g0438400.intron1,Os08g0438400|8:21307899-21307961:-,8,21307899,21307961,-,Os08t0438400-01,1,no,6049,4261,6049,10310,0.586711930164888,1,Oryza_sativa,high_confidence_IR
Os08g0438600,Os08g0438600.intron1,Os08g0438600|8:21314881-21315147:+,8,21314881,21315147,+,Os08t0438600-01;Os08t0438600-02,2,no,216,638,190,854,0.252927400468384,0.87962962962963,Oryza_sativa,high_confidence_IR
Os08g0453200,Os08g0453200.intron1,Os08g0453200|8:22190370-22191042:+,8,22190370,22191042,+,Os08t0453200-01,1,no,31044,1103,27477,32147,0.965688866768283,0.885098569771937,Oryza_sativa,high_confidence_IR
Os08g0454500,Os08g0454500.intron1,Os08g0454500|8:22278153-22279143:-,8,22278153,22279143,-,Os08t0454500-00,1,no,130,449,130,579,0.224525043177893,1,Oryza_sativa,high_confidence_IR
Os08g0461800,Os08g0461800.intron1,Os08g0461800|8:22678839-22679087:-,8,22678839,22679087,-,Os08t0461800-02,1,yes,2568,53,1850,2621,0.979778710415872,0.720404984423676,Oryza_sativa,high_confidence_IR
Os08g0470000,Os08g0470000.intron2,Os08g0470000|8:23094523-23094598:+,8,23094523,23094598,+,Os08t0470000-01,1,no,25,20,20,45,0.555555555555556,0.8,Oryza_sativa,high_confidence_IR
Os08g0473800,Os08g0473800.intron1,Os08g0473800|8:23341381-23341638:-,8,23341381,23341638,-,Os08t0473800-01,1,no,19,14,19,33,0.575757575757576,1,Oryza_sativa,high_confidence_IR
Os08g0478700,Os08g0478700.intron1,Os08g0478700|8:23613501-23614201:-,8,23613501,23614201,-,Os08t0478700-01,1,no,40874,510,40874,41384,0.987676396675043,1,Oryza_sativa,high_confidence_IR
Os08g0485000,Os08g0485000.intron1,Os08g0485000|8:23970062-23970374:-,8,23970062,23970374,-,Os08t0485000-01,1,no,24962,10,24962,24972,0.999599551497677,1,Oryza_sativa,high_confidence_IR
Os08g0486200,Os08g0486200.intron8,Os08g0486200|8:24040431-24040531:-,8,24040431,24040531,-,Os08t0486200-02,1,yes,43729,4970,33340,48699,0.897944516314503,0.762423105947998,Oryza_sativa,high_confidence_IR
Os08g0486801,Os08g0486801.intron2,Os08g0486801|8:24075584-24075680:-,8,24075584,24075680,-,Os08t0486801-01,1,no,7,16,5,23,0.304347826086957,0.714285714285714,Oryza_sativa,high_confidence_IR
Os08g0495866,Os08g0495866.intron1,Os08g0495866|8:24478785-24478885:-,8,24478785,24478885,-,Os08t0495866-00,1,no,161,82,122,243,0.662551440329218,0.757763975155279,Oryza_sativa,high_confidence_IR
Os08g0499300,Os08g0499300.intron1,Os08g0499300|8:24648841-24649665:-,8,24648841,24649665,-,Os08t0499300-01,1,no,429,427,349,856,0.501168224299065,0.813519813519814,Oryza_sativa,high_confidence_IR
Os08g0502101,Os08g0502101.intron1,Os08g0502101|8:24801330-24801398:+,8,24801330,24801398,+,Os08t0502101-01,1,no,822,393,822,1215,0.676543209876543,1,Oryza_sativa,high_confidence_IR
Os08g0503600,Os08g0503600.intron1,Os08g0503600|8:24884269-24885203:-,8,24884269,24885203,-,Os08t0503600-01,1,no,174,128,174,302,0.576158940397351,1,Oryza_sativa,high_confidence_IR
Os08g0506000,Os08g0506000.intron1,Os08g0506000|8:25023665-25024167:+,8,25023665,25024167,+,Os08t0506000-01,1,no,295,607,226,902,0.327050997782705,0.766101694915254,Oryza_sativa,high_confidence_IR
Os08g0509500,Os08g0509500.intron3,Os08g0509500|8:25272927-25273101:+,8,25272927,25273101,+,Os08t0509500-01,1,no,610,1592,482,2202,0.277020890099909,0.790163934426229,Oryza_sativa,high_confidence_IR
Os08g0513000,Os08g0513000.intron2,Os08g0513000|8:25438211-25438286:+,8,25438211,25438286,+,Os08t0513000-01,1,no,5607,55,3941,5662,0.990286117979512,0.702871410736579,Oryza_sativa,high_confidence_IR
Os08g0514100,Os08g0514100.intron1,Os08g0514100|8:25499169-25499242:+,8,25499169,25499242,+,Os08t0514100-01,1,no,997,96,876,1093,0.912168344007319,0.878635907723169,Oryza_sativa,high_confidence_IR
Os08g0519100,Os08g0519100.intron1,Os08g0519100|8:25770014-25770187:-,8,25770014,25770187,-,Os08t0519100-01,1,yes,2359,9,2359,2368,0.996199324324324,1,Oryza_sativa,high_confidence_IR
Os08g0525050,Os08g0525050.intron1,Os08g0525050|8:26121105-26123018:+,8,26121105,26123018,+,Os08t0525050-00,1,no,126,10,126,136,0.926470588235294,1,Oryza_sativa,high_confidence_IR
Os08g0526200,Os08g0526200.intron1,Os08g0526200|8:26174333-26174411:+,8,26174333,26174411,+,Os08t0526200-01,1,yes,2603,28,2603,2631,0.989357658684911,1,Oryza_sativa,high_confidence_IR
Os08g0527733,Os08g0527733.intron1,Os08g0527733|8:26272889-26273001:-,8,26272889,26273001,-,Os08t0527733-00,1,no,84,63,84,147,0.571428571428571,1,Oryza_sativa,high_confidence_IR
Os08g0528000,Os08g0528000.intron1,Os08g0528000|8:26289425-26289959:-,8,26289425,26289959,-,Os08t0528000-00,1,no,90,49,65,139,0.647482014388489,0.722222222222222,Oryza_sativa,high_confidence_IR
Os08g0531100,Os08g0531100.intron10,Os08g0531100|8:26452269-26452348:+,8,26452269,26452348,+,Os08t0531100-01,1,no,1408,4398,1131,5806,0.242507750602825,0.803267045454545,Oryza_sativa,high_confidence_IR
Os08g0532600,Os08g0532600.intron1,Os08g0532600|8:26546556-26546661:+,8,26546556,26546661,+,Os08t0532600-01,1,no,85,49,75,134,0.634328358208955,0.882352941176471,Oryza_sativa,high_confidence_IR
Os08g0536100,Os08g0536100.intron5,Os08g0536100|8:26789473-26790099:+,8,26789473,26790099,+,Os08t0536100-02;Os08t0536100-04,2,yes,39760,16936,31354,56696,0.701284041202201,0.788581488933602,Oryza_sativa,high_confidence_IR
Os08g0536800,Os08g0536800.intron1,Os08g0536800|8:26843100-26843151:-,8,26843100,26843151,-,Os08t0536800-01,1,yes,4969,9,4133,4978,0.998192044997991,0.831756892734957,Oryza_sativa,high_confidence_IR
Os08g0540350,Os08g0540350.intron2,Os08g0540350|8:27052890-27052983:-,8,27052890,27052983,-,Os08t0540350-00,1,no,283,154,233,437,0.647597254004577,0.823321554770318,Oryza_sativa,high_confidence_IR
Os08g0542200,Os08g0542200.intron1,Os08g0542200|8:27131925-27132357:+,8,27131925,27132357,+,Os08t0542200-01,1,no,270,103,270,373,0.723860589812332,1,Oryza_sativa,high_confidence_IR
Os08g0543150,Os08g0543150.intron1,Os08g0543150|8:27186237-27186342:+,8,27186237,27186342,+,Os08t0543150-00,1,no,225,691,225,916,0.245633187772926,1,Oryza_sativa,high_confidence_IR
Os08g0543900,Os08g0543900.intron4,Os08g0543900|8:27240935-27241002:+,8,27240935,27241002,+,Os08t0543900-00,1,no,2270,138,1750,2408,0.942691029900332,0.770925110132159,Oryza_sativa,high_confidence_IR
Os08g0549000,Os08g0549000.intron1,Os08g0549000|8:27548792-27548867:-,8,27548792,27548867,-,Os08t0549000-01,1,no,20371,48673,20371,69044,0.295043740223626,1,Oryza_sativa,high_confidence_IR
Os08g0550600,Os08g0550600.intron1,Os08g0550600|8:27618152-27618475:+,8,27618152,27618475,+,Os08t0550600-01,1,no,55,32,55,87,0.632183908045977,1,Oryza_sativa,high_confidence_IR
Os08g0550850,Os08g0550850.intron1,Os08g0550850|8:27629989-27630112:-,8,27629989,27630112,-,Os08t0550850-01,1,no,161,381,161,542,0.297047970479705,1,Oryza_sativa,high_confidence_IR
Os08g0551600,Os08g0551600.intron1,Os08g0551600|8:27648176-27648305:-,8,27648176,27648305,-,Os08t0551600-01,1,no,164,643,164,807,0.203221809169765,1,Oryza_sativa,high_confidence_IR
Os08g0552200,Os08g0552200.intron3,Os08g0552200|8:27657116-27657273:-,8,27657116,27657273,-,Os08t0552200-01,1,no,165,180,117,345,0.478260869565217,0.709090909090909,Oryza_sativa,high_confidence_IR
Os08g0553800,Os08g0553800.intron8,Os08g0553800|8:27695843-27696010:-,8,27695843,27696010,-,Os08t0553800-03,1,no,2442,280,2090,2722,0.897134459955915,0.855855855855856,Oryza_sativa,high_confidence_IR
Os08g0555300,Os08g0555300.intron3,Os08g0555300|8:27795093-27795172:+,8,27795093,27795172,+,Os08t0555300-01,1,no,62,178,47,240,0.258333333333333,0.758064516129032,Oryza_sativa,high_confidence_IR
Os08g0557100,Os08g0557100.intron1,Os08g0557100|8:27881734-27882115:-,8,27881734,27882115,-,Os08t0557100-01,1,yes,56737,8,39953,56745,0.999859018415719,0.704178930856408,Oryza_sativa,high_confidence_IR
Os08g0559501,Os08g0559501.intron1,Os08g0559501|8:28003282-28003425:-,8,28003282,28003425,-,Os08t0559501-00,1,no,242,268,242,510,0.474509803921569,1,Oryza_sativa,high_confidence_IR
Os08g0560401,Os08g0560401.intron1,Os08g0560401|8:28060818-28060871:+,8,28060818,28060871,+,Os08t0560401-00,1,no,1102,16,1102,1118,0.985688729874776,1,Oryza_sativa,high_confidence_IR
Os08g0560300,Os08g0560300.intron1,Os08g0560300|8:28060822-28060883:-,8,28060822,28060883,-,Os08t0560300-01,1,no,1174,1708,1040,2882,0.40735600277585,0.885860306643952,Oryza_sativa,high_confidence_IR
Os08g0562500,Os08g0562500.intron1,Os08g0562500|8:28164268-28164788:-,8,28164268,28164788,-,Os08t0562500-01,1,yes,2400,8393,2400,10793,0.222366348559251,1,Oryza_sativa,high_confidence_IR
Os08g0566100,Os08g0566100.intron3,Os08g0566100|8:28356025-28356302:-,8,28356025,28356302,-,Os08t0566100-01,1,no,525,1632,451,2157,0.243393602225313,0.859047619047619,Oryza_sativa,high_confidence_IR
Os09g0103200,Os09g0103200.intron6,Os09g0103200|9:426421-426661:+,9,426421,426661,+,Os09t0103200-01,1,no,4221,1060,3411,5281,0.799280439310737,0.808102345415778,Oryza_sativa,high_confidence_IR
Os09g0103300,Os09g0103300.intron2,Os09g0103300|9:429209-429314:+,9,429209,429314,+,Os09t0103300-01,1,no,410,83,288,493,0.831643002028398,0.702439024390244,Oryza_sativa,high_confidence_IR
Os09g0111300,Os09g0111300.intron1,Os09g0111300|9:978528-978624:-,9,978528,978624,-,Os09t0111300-01,1,no,95,209,95,304,0.3125,1,Oryza_sativa,high_confidence_IR
Os09g0112100,Os09g0112100.intron1,Os09g0112100|9:997726-997878:-,9,997726,997878,-,Os09t0112100-03,1,no,482,1663,482,2145,0.224708624708625,1,Oryza_sativa,high_confidence_IR
Os09g0120033,Os09g0120033.intron1,Os09g0120033|9:1537130-1537561:-,9,1537130,1537561,-,Os09t0120033-01,1,yes,155,92,129,247,0.62753036437247,0.832258064516129,Oryza_sativa,high_confidence_IR
Os09g0124566,Os09g0124566.intron1,Os09g0124566|9:1889964-1890046:-,9,1889964,1890046,-,Os09t0124566-00,1,no,1686,1136,1686,2822,0.597448618001417,1,Oryza_sativa,high_confidence_IR
Os09g0125766,Os09g0125766.intron2,Os09g0125766|9:1988470-1989386:-,9,1988470,1989386,-,Os09t0125766-01,1,no,205,743,153,948,0.216244725738397,0.746341463414634,Oryza_sativa,high_confidence_IR
Os09g0125828,Os09g0125828.intron1,Os09g0125828|9:1988470-1989386:+,9,1988470,1989386,+,Os09t0125828-01,1,no,205,743,153,948,0.216244725738397,0.746341463414634,Oryza_sativa,high_confidence_IR
Os09g0125900,Os09g0125900.intron2,Os09g0125900|9:2010189-2013131:-,9,2010189,2013131,-,Os09t0125900-01,1,no,1027,509,841,1536,0.668619791666667,0.818889970788705,Oryza_sativa,high_confidence_IR
Os09g0130500,Os09g0130500.intron3,Os09g0130500|9:2348688-2349928:+,9,2348688,2349928,+,Os09t0130500-01,1,no,68,222,53,290,0.23448275862069,0.779411764705882,Oryza_sativa,high_confidence_IR
Os09g0132900,Os09g0132900.intron1,Os09g0132900|9:2502107-2502230:+,9,2502107,2502230,+,Os09t0132900-01,1,yes,3196,141,2804,3337,0.957746478873239,0.877346683354193,Oryza_sativa,high_confidence_IR
Os09g0133800,Os09g0133800.intron1,Os09g0133800|9:2564853-2565213:-,9,2564853,2565213,-,Os09t0133800-01,1,no,1816,3647,1291,5463,0.332418085301117,0.710903083700441,Oryza_sativa,high_confidence_IR
Os09g0239450,Os09g0239450.intron2,Os09g0239450|9:3029840-3030904:+,9,3029840,3030904,+,Os09t0239450-00,1,no,83,7,73,90,0.922222222222222,0.879518072289157,Oryza_sativa,high_confidence_IR
Os09g0248200,Os09g0248200.intron4,Os09g0248200|9:3657118-3660775:-,9,3657118,3660775,-,Os09t0248200-02,1,yes,17,8,14,25,0.68,0.823529411764706,Oryza_sativa,high_confidence_IR
Os09g0272401,Os09g0272401.intron1,Os09g0272401|9:5433777-5434017:-,9,5433777,5434017,-,Os09t0272401-00,1,no,378,727,378,1105,0.342081447963801,1,Oryza_sativa,high_confidence_IR
Os09g0284250,Os09g0284250.intron1,Os09g0284250|9:6240680-6241010:+,9,6240680,6241010,+,Os09t0284250-01,1,no,69,239,56,308,0.224025974025974,0.811594202898551,Oryza_sativa,high_confidence_IR
Os09g0293450,Os09g0293450.intron1,Os09g0293450|9:6949290-6950373:-,9,6949290,6950373,-,Os09t0293450-00,1,no,268,13,268,281,0.953736654804271,1,Oryza_sativa,high_confidence_IR
Os09g0315200,Os09g0315200.intron1,Os09g0315200|9:8666086-8666658:-,9,8666086,8666658,-,Os09t0315200-01,1,no,761,233,761,994,0.765593561368209,1,Oryza_sativa,high_confidence_IR
Os09g0327000,Os09g0327000.intron1,Os09g0327000|9:9641699-9641781:+,9,9641699,9641781,+,Os09t0327000-00,1,no,283,358,283,641,0.441497659906396,1,Oryza_sativa,high_confidence_IR
Os09g0332300,Os09g0332300.intron12,Os09g0332300|9:9945351-9945494:-,9,9945351,9945494,-,Os09t0332300-00,1,no,97,48,92,145,0.668965517241379,0.948453608247423,Oryza_sativa,high_confidence_IR
Os09g0356100,Os09g0356100.intron2,Os09g0356100|9:11442294-11442404:-,9,11442294,11442404,-,Os09t0356100-01,1,no,277,403,248,680,0.407352941176471,0.895306859205776,Oryza_sativa,high_confidence_IR
Os09g0367900,Os09g0367900.intron1,Os09g0367900|9:12126998-12127458:+,9,12126998,12127458,+,Os09t0367900-01,1,yes,8490,5,7017,8495,0.99941141848146,0.826501766784452,Oryza_sativa,high_confidence_IR
Os09g0380400,Os09g0380400.intron1,Os09g0380400|9:12834279-12834353:+,9,12834279,12834353,+,Os09t0380400-01,1,no,16026,12871,16026,28897,0.554590441914386,1,Oryza_sativa,high_confidence_IR
Os09g0383300,Os09g0383300.intron5,Os09g0383300|9:13015564-13015648:+,9,13015564,13015648,+,Os09t0383300-01,1,no,2133,1476,1517,3609,0.591022443890274,0.711204875761838,Oryza_sativa,high_confidence_IR
Os09g0387000,Os09g0387000.intron1,Os09g0387000|9:13216190-13217318:-,9,13216190,13217318,-,Os09t0387000-00,1,no,93,91,93,184,0.505434782608696,1,Oryza_sativa,high_confidence_IR
Os09g0387800,Os09g0387800.intron1,Os09g0387800|9:13259678-13259761:-,9,13259678,13259761,-,Os09t0387800-01,1,no,27,29,27,56,0.482142857142857,1,Oryza_sativa,high_confidence_IR
Os09g0396900,Os09g0396900.intron1,Os09g0396900|9:13832121-13832746:+,9,13832121,13832746,+,Os09t0396900-01,1,yes,16908,47,14503,16955,0.997227956355057,0.857759640406908,Oryza_sativa,high_confidence_IR
Os09g0400700,Os09g0400700.intron1,Os09g0400700|9:14020342-14020449:+,9,14020342,14020449,+,Os09t0400700-01,1,no,30553,122,30553,30675,0.996022819885901,1,Oryza_sativa,high_confidence_IR
Os09g0400600,Os09g0400600.intron3,Os09g0400600|9:14020675-14020757:-,9,14020675,14020757,-,Os09t0400600-01,1,no,14136,37,13817,14173,0.997389402384816,0.97743350311262,Oryza_sativa,high_confidence_IR
Os09g0408900,Os09g0408900.intron1,Os09g0408900|9:14464088-14468019:+,9,14464088,14468019,+,Os09t0408900-00,1,no,1317,20,1216,1337,0.985041136873598,0.923310554290053,Oryza_sativa,high_confidence_IR
Os09g0413500,Os09g0413500.intron1,Os09g0413500|9:14691671-14692952:-,9,14691671,14692952,-,Os09t0413500-01,1,no,57502,42,56690,57544,0.999270123731406,0.985878752043407,Oryza_sativa,high_confidence_IR
Os09g0413600,Os09g0413600.intron2,Os09g0413600|9:14697677-14698027:-,9,14697677,14698027,-,Os09t0413600-02,1,yes,2977,58,2183,3035,0.980889621087315,0.73328854551562,Oryza_sativa,high_confidence_IR
Os09g0414600,Os09g0414600.intron1,Os09g0414600|9:14813120-14813351:-,9,14813120,14813351,-,Os09t0414600-02,1,no,7326,5,7326,7331,0.999317964806984,1,Oryza_sativa,high_confidence_IR
Os09g0416500,Os09g0416500.intron2,Os09g0416500|9:14896474-14896615:+,9,14896474,14896615,+,Os09t0416500-01,1,no,2753,2515,2030,5268,0.522589217919514,0.737377406465674,Oryza_sativa,high_confidence_IR
Os09g0417600,Os09g0417600.intron2,Os09g0417600|9:14977145-14977479:-,9,14977145,14977479,-,Os09t0417600-03,1,yes,4829,46,4187,4875,0.990564102564103,0.867053220128391,Oryza_sativa,high_confidence_IR
Os09g0418000,Os09g0418000.intron1,Os09g0418000|9:15009296-15009529:-,9,15009296,15009529,-,Os09t0418000-02,1,yes,10094,320,10094,10414,0.969272133666219,1,Oryza_sativa,high_confidence_IR
Os09g0426000,Os09g0426000.intron6,Os09g0426000|9:15448010-15448114:-,9,15448010,15448114,-,Os09t0426000-01,1,no,3451,1208,2508,4659,0.740716892036918,0.726745870762098,Oryza_sativa,high_confidence_IR
Os09g0427125,Os09g0427125.intron1,Os09g0427125|9:15506058-15506095:-,9,15506058,15506095,-,Os09t0427125-00,1,no,2018,559,2018,2577,0.783081102056655,1,Oryza_sativa,high_confidence_IR
Os09g0428600,Os09g0428600.intron4,Os09g0428600|9:15574300-15574997:-,9,15574300,15574997,-,Os09t0428600-00,1,no,26,33,26,59,0.440677966101695,1,Oryza_sativa,high_confidence_IR
Os09g0428600,Os09g0428600.intron3,Os09g0428600|9:15575405-15576012:-,9,15575405,15576012,-,Os09t0428600-00,1,no,5,20,4,25,0.2,0.8,Oryza_sativa,high_confidence_IR
Os09g0449000,Os09g0449000.intron2,Os09g0449000|9:16786732-16786832:+,9,16786732,16786832,+,Os09t0449000-01,1,no,32,128,30,160,0.2,0.9375,Oryza_sativa,high_confidence_IR
Os09g0449400,Os09g0449400.intron1,Os09g0449400|9:16822715-16822938:+,9,16822715,16822938,+,Os09t0449400-02,1,yes,229,721,176,950,0.241052631578947,0.768558951965066,Oryza_sativa,high_confidence_IR
Os09g0449500,Os09g0449500.intron1,Os09g0449500|9:16829007-16829269:+,9,16829007,16829269,+,Os09t0449500-01,1,no,6,10,6,16,0.375,1,Oryza_sativa,high_confidence_IR
Os09g0450700,Os09g0450700.intron1,Os09g0450700|9:16879825-16879914:-,9,16879825,16879914,-,Os09t0450700-01,1,no,282,470,282,752,0.375,1,Oryza_sativa,high_confidence_IR
Os09g0456850,Os09g0456850.intron1,Os09g0456850|9:17222088-17227960:-,9,17222088,17227960,-,Os09t0456850-00,1,no,38,112,38,150,0.253333333333333,1,Oryza_sativa,high_confidence_IR
Os09g0457700,Os09g0457700.intron1,Os09g0457700|9:17303465-17303536:-,9,17303465,17303536,-,Os09t0457700-01,1,no,69,191,69,260,0.265384615384615,1,Oryza_sativa,high_confidence_IR
Os09g0460000,Os09g0460000.intron1,Os09g0460000|9:17393843-17394758:+,9,17393843,17394758,+,Os09t0460000-01,1,no,1654,5476,1654,7130,0.231977559607293,1,Oryza_sativa,high_confidence_IR
Os09g0462700,Os09g0462700.intron1,Os09g0462700|9:17499125-17499215:+,9,17499125,17499215,+,Os09t0462700-01,1,yes,1440,89,1353,1529,0.941792020928712,0.939583333333333,Oryza_sativa,high_confidence_IR
Os09g0469950,Os09g0469950.intron1,Os09g0469950|9:17882649-17882749:+,9,17882649,17882749,+,Os09t0469950-00,1,no,137,109,137,246,0.556910569105691,1,Oryza_sativa,high_confidence_IR
Os09g0471000,Os09g0471000.intron3,Os09g0471000|9:17930436-17931141:+,9,17930436,17931141,+,Os09t0471000-02,1,yes,105,344,88,449,0.233853006681514,0.838095238095238,Oryza_sativa,high_confidence_IR
Os09g0479000,Os09g0479000.intron2,Os09g0479000|9:18362621-18362704:+,9,18362621,18362704,+,Os09t0479000-01,1,no,575,2121,508,2696,0.213278931750742,0.883478260869565,Oryza_sativa,high_confidence_IR
Os09g0479400,Os09g0479400.intron2,Os09g0479400|9:18389894-18390564:+,9,18389894,18390564,+,Os09t0479400-01,1,no,10,39,8,49,0.204081632653061,0.8,Oryza_sativa,high_confidence_IR
Os09g0480700,Os09g0480700.intron1,Os09g0480700|9:18451692-18451867:+,9,18451692,18451867,+,Os09t0480700-01,1,no,7656,7,7656,7663,0.999086519639828,1,Oryza_sativa,high_confidence_IR
Os09g0481300,Os09g0481300.intron1,Os09g0481300|9:18473404-18473541:-,9,18473404,18473541,-,Os09t0481300-01,1,no,535,121,503,656,0.815548780487805,0.94018691588785,Oryza_sativa,high_confidence_IR
Os09g0481400,Os09g0481400.intron1,Os09g0481400|9:18476115-18476223:-,9,18476115,18476223,-,Os09t0481400-01,1,no,645,2348,470,2993,0.215502839959906,0.728682170542636,Oryza_sativa,high_confidence_IR
Os09g0482780,Os09g0482780.intron1,Os09g0482780|9:18611609-18611690:-,9,18611609,18611690,-,Os09t0482780-01,1,no,7168,7789,7168,14957,0.479240489402955,1,Oryza_sativa,high_confidence_IR
Os09g0484200,Os09g0484200.intron2,Os09g0484200|9:18686304-18686345:+,9,18686304,18686345,+,Os09t0484200-02,1,yes,142760,783,137631,143543,0.994545188549773,0.964072569347156,Oryza_sativa,high_confidence_IR
Os09g0487100,Os09g0487100.intron2,Os09g0487100|9:18779918-18780024:-,9,18779918,18780024,-,Os09t0487100-01,1,no,6253,23080,4604,29333,0.213172876964511,0.736286582440429,Oryza_sativa,high_confidence_IR
Os09g0491100,Os09g0491100.intron8,Os09g0491100|9:18906131-18906255:-,9,18906131,18906255,-,Os09t0491100-02,1,yes,14409,2136,12338,16545,0.870897552130553,0.856270386563953,Oryza_sativa,high_confidence_IR
Os09g0491852,Os09g0491852.intron4,Os09g0491852|9:19021130-19021727:-,9,19021130,19021727,-,Os09t0491852-01,1,no,7503,18848,5415,26351,0.284733027209594,0.721711315473811,Oryza_sativa,high_confidence_IR
Os09g0498000,Os09g0498000.intron1,Os09g0498000|9:19264982-19265139:+,9,19264982,19265139,+,Os09t0498000-01,1,no,2406,461,1905,2867,0.839204743634461,0.791770573566085,Oryza_sativa,high_confidence_IR
Os09g0504800,Os09g0504800.intron1,Os09g0504800|9:19507377-19507442:+,9,19507377,19507442,+,Os09t0504800-01,1,no,1428,2420,1207,3848,0.371101871101871,0.845238095238095,Oryza_sativa,high_confidence_IR
Os09g0506301,Os09g0506301.intron1,Os09g0506301|9:19584857-19585702:+,9,19584857,19585702,+,Os09t0506301-00,1,no,11,11,11,22,0.5,1,Oryza_sativa,high_confidence_IR
Os09g0506450,Os09g0506450.intron1,Os09g0506450|9:19597039-19597368:+,9,19597039,19597368,+,Os09t0506450-00,1,no,2213,5,2213,2218,0.997745716862038,1,Oryza_sativa,high_confidence_IR
Os09g0507100,Os09g0507100.intron2,Os09g0507100|9:19646720-19647427:+,9,19646720,19647427,+,Os09t0507100-01,1,no,508,225,463,733,0.693042291950887,0.911417322834646,Oryza_sativa,high_confidence_IR
Os09g0508200,Os09g0508200.intron1,Os09g0508200|9:19694299-19695419:-,9,19694299,19695419,-,Os09t0508200-01,1,no,927,1554,927,2481,0.373639661426844,1,Oryza_sativa,high_confidence_IR
Os09g0509400,Os09g0509400.intron5,Os09g0509400|9:19772925-19774074:+,9,19772925,19774074,+,Os09t0509400-02,1,yes,3698,4044,2677,7742,0.477654352880393,0.723904813412655,Oryza_sativa,high_confidence_IR
Os09g0514300,Os09g0514300.intron7,Os09g0514300|9:20022525-20023037:+,9,20022525,20023037,+,Os09t0514300-01,1,no,3538,179,2774,3717,0.951842884046274,0.784058790276993,Oryza_sativa,high_confidence_IR
Os09g0516200,Os09g0516200.intron1,Os09g0516200|9:20097917-20097952:-,9,20097917,20097952,-,Os09t0516200-02,1,yes,3311,16,2390,3327,0.995190862639014,0.721836303231652,Oryza_sativa,high_confidence_IR
Os09g0518500,Os09g0518500.intron1,Os09g0518500|9:20236757-20237095:+,9,20236757,20237095,+,Os09t0518500-01,1,no,10574,2473,8883,13047,0.810454510615467,0.840079440136183,Oryza_sativa,high_confidence_IR
Os09g0520100,Os09g0520100.intron2,Os09g0520100|9:20314441-20315513:-,9,20314441,20315513,-,Os09t0520100-02,1,yes,3372,2015,2766,5387,0.625951364395768,0.820284697508897,Oryza_sativa,high_confidence_IR
Os09g0521100,Os09g0521100.intron1,Os09g0521100|9:20357464-20357644:+,9,20357464,20357644,+,Os09t0521100-01,1,no,1499,14,1499,1513,0.99074686054197,1,Oryza_sativa,high_confidence_IR
Os09g0521700,Os09g0521700.intron1,Os09g0521700|9:20378189-20383488:+,9,20378189,20383488,+,Os09t0521700-02,1,yes,167,96,167,263,0.634980988593156,1,Oryza_sativa,high_confidence_IR
Os09g0528300,Os09g0528300.intron5,Os09g0528300|9:20674644-20674732:-,9,20674644,20674732,-,Os09t0528300-01,1,no,52,143,52,195,0.266666666666667,1,Oryza_sativa,high_confidence_IR
Os09g0532900,Os09g0532900.intron7,Os09g0532900|9:20919705-20919797:-,9,20919705,20919797,-,Os09t0532900-01,1,yes,3105,2753,2673,5858,0.53004438374872,0.860869565217391,Oryza_sativa,high_confidence_IR
Os09g0537000,Os09g0537000.intron1,Os09g0537000|9:21133626-21133722:-,9,21133626,21133722,-,Os09t0537000-01,1,no,1279,610,1279,1889,0.677077818951826,1,Oryza_sativa,high_confidence_IR
Os09g0539901,Os09g0539901.intron1,Os09g0539901|9:21260640-21260777:-,9,21260640,21260777,-,Os09t0539901-00,1,no,603,187,603,790,0.763291139240506,1,Oryza_sativa,high_confidence_IR
Os09g0541000,Os09g0541000.intron1,Os09g0541000|9:21310595-21310693:+,9,21310595,21310693,+,Os09t0541000-02,1,yes,493874,117,457479,493991,0.999763153579721,0.926307114770164,Oryza_sativa,high_confidence_IR
Os09g0551400,Os09g0551400.intron2,Os09g0551400|9:21843407-21843487:+,9,21843407,21843487,+,Os09t0551400-00,1,no,16,61,12,77,0.207792207792208,0.75,Oryza_sativa,high_confidence_IR
Os09g0560900,Os09g0560900.intron6,Os09g0560900|9:22287637-22289006:-,9,22287637,22289006,-,Os09t0560900-02,1,yes,6723,20076,4785,26799,0.250867569685436,0.71173583221776,Oryza_sativa,high_confidence_IR
Os09g0562200,Os09g0562200.intron1,Os09g0562200|9:22333115-22333219:+,9,22333115,22333219,+,Os09t0562200-00,1,no,56,16,56,72,0.777777777777778,1,Oryza_sativa,high_confidence_IR
Os09g0566700,Os09g0566700.intron1,Os09g0566700|9:22623266-22623362:+,9,22623266,22623362,+,Os09t0566700-01,1,no,33,18,33,51,0.647058823529412,1,Oryza_sativa,high_confidence_IR
Os09g0567000,Os09g0567000.intron1,Os09g0567000|9:22632740-22632817:-,9,22632740,22632817,-,Os09t0567000-01,1,no,6710,174,5907,6884,0.97472399767577,0.880327868852459,Oryza_sativa,high_confidence_IR
Os09g0568000,Os09g0568000.intron5,Os09g0568000|9:22686528-22686795:+,9,22686528,22686795,+,Os09t0568000-02,1,yes,1000,68,750,1068,0.936329588014981,0.75,Oryza_sativa,high_confidence_IR
Os09g0569000,Os09g0569000.intron1,Os09g0569000|9:22709290-22709400:-,9,22709290,22709400,-,Os09t0569000-01,1,no,59454,247,59454,59701,0.995862715867406,1,Oryza_sativa,high_confidence_IR
Os09g0571000,Os09g0571000.intron1,Os09g0571000|9:22800821-22800937:-,9,22800821,22800937,-,Os09t0571000-00,1,no,190,673,190,863,0.220162224797219,1,Oryza_sativa,high_confidence_IR
Os09g0572301,Os09g0572301.intron1,Os09g0572301|9:22859698-22861371:-,9,22859698,22861371,-,Os09t0572301-00,1,no,11,6,11,17,0.647058823529412,1,Oryza_sativa,high_confidence_IR
Os09g0572400,Os09g0572400.intron5,Os09g0572400|9:22883533-22883629:-,9,22883533,22883629,-,Os09t0572400-01,1,no,3997,13882,3390,17879,0.223558364561776,0.848136102076557,Oryza_sativa,high_confidence_IR
Os09g0572550,Os09g0572550.intron1,Os09g0572550|9:22903465-22903614:-,9,22903465,22903614,-,Os09t0572550-01,1,no,4307,699,4307,5006,0.860367558929285,1,Oryza_sativa,high_confidence_IR
