gene_id,intron_id,intron_uid,chromosome,start,end,strand,supporting_transcripts,anchor_count,exon_overlap_warning,N_retained,N_spliced,N_specific,N_informative,IR_ratio,IR_specificity,species,IR_class
Solyc01g005050.4,Solyc01g005050.4.intron2,Solyc01g005050.4|SL4.0ch01:73499-73626:+,SL4.0ch01,73499,73626,+,Solyc01g005050.4.1,1,no,405,106,327,511,0.792563600782779,0.807407407407407,Solanum_lycopersicum,high_confidence_IR
Solyc01g005290.4,Solyc01g005290.4.intron2,Solyc01g005290.4|SL4.0ch01:224437-224809:-,SL4.0ch01,224437,224809,-,Solyc01g005290.4.1,1,no,117,269,83,386,0.303108808290155,0.709401709401709,Solanum_lycopersicum,high_confidence_IR
Solyc01g005450.3,Solyc01g005450.3.intron2,Solyc01g005450.3|SL4.0ch01:329043-329754:-,SL4.0ch01,329043,329754,-,Solyc01g005450.3.1,1,no,53,158,48,211,0.251184834123223,0.905660377358491,Solanum_lycopersicum,high_confidence_IR
Solyc01g005960.3,Solyc01g005960.3.intron1,Solyc01g005960.3|SL4.0ch01:636421-637156:+,SL4.0ch01,636421,637156,+,Solyc01g005960.3.1,1,no,558,29,464,587,0.950596252129472,0.831541218637993,Solanum_lycopersicum,high_confidence_IR
Solyc01g006190.3,Solyc01g006190.3.intron1,Solyc01g006190.3|SL4.0ch01:832535-833472:-,SL4.0ch01,832535,833472,-,Solyc01g006190.3.1,1,no,244,60,193,304,0.802631578947368,0.790983606557377,Solanum_lycopersicum,high_confidence_IR
Solyc01g006340.3,Solyc01g006340.3.intron3,Solyc01g006340.3|SL4.0ch01:927348-927496:+,SL4.0ch01,927348,927496,+,Solyc01g006340.3.1,1,no,424,6,334,430,0.986046511627907,0.787735849056604,Solanum_lycopersicum,high_confidence_IR
Solyc01g006430.3,Solyc01g006430.3.intron1,Solyc01g006430.3|SL4.0ch01:1042285-1042372:-,SL4.0ch01,1042285,1042372,-,Solyc01g006430.3.1,1,no,1724,1138,1724,2862,0.602375960866527,1,Solanum_lycopersicum,high_confidence_IR
Solyc01g006860.3,Solyc01g006860.3.intron5,Solyc01g006860.3|SL4.0ch01:1430659-1431032:-,SL4.0ch01,1430659,1431032,-,Solyc01g006860.3.1,1,no,353,860,251,1213,0.291014014839242,0.711048158640227,Solanum_lycopersicum,high_confidence_IR
Solyc01g007140.3,Solyc01g007140.3.intron19,Solyc01g007140.3|SL4.0ch01:1709563-1709794:+,SL4.0ch01,1709563,1709794,+,Solyc01g007140.3.1,1,no,190,265,140,455,0.417582417582418,0.736842105263158,Solanum_lycopersicum,high_confidence_IR
Solyc01g007780.4,Solyc01g007780.4.intron1,Solyc01g007780.4|SL4.0ch01:1883309-1883922:-,SL4.0ch01,1883309,1883922,-,Solyc01g007780.4.1,1,no,376,133,312,509,0.738703339882122,0.829787234042553,Solanum_lycopersicum,high_confidence_IR
Solyc01g008020.4,Solyc01g008020.4.intron2,Solyc01g008020.4|SL4.0ch01:2135349-2135535:-,SL4.0ch01,2135349,2135535,-,Solyc01g008020.4.1,1,no,58,68,58,126,0.46031746031746,1,Solanum_lycopersicum,high_confidence_IR
Solyc01g008060.3,Solyc01g008060.3.intron2,Solyc01g008060.3|SL4.0ch01:2153523-2154838:+,SL4.0ch01,2153523,2154838,+,Solyc01g008060.3.1,1,no,3918,930,3441,4848,0.808168316831683,0.878254211332312,Solanum_lycopersicum,high_confidence_IR
Solyc01g008690.3,Solyc01g008690.3.intron1,Solyc01g008690.3|SL4.0ch01:2691036-2691719:-,SL4.0ch01,2691036,2691719,-,Solyc01g008690.3.1,1,no,82,233,60,315,0.26031746031746,0.731707317073171,Solanum_lycopersicum,high_confidence_IR
Solyc01g008900.4,Solyc01g008900.4.intron3,Solyc01g008900.4|SL4.0ch01:2872398-2872524:+,SL4.0ch01,2872398,2872524,+,Solyc01g008900.4.1,1,no,135,289,107,424,0.318396226415094,0.792592592592593,Solanum_lycopersicum,high_confidence_IR
Solyc01g009020.4,Solyc01g009020.4.intron1,Solyc01g009020.4|SL4.0ch01:2971766-2971888:-,SL4.0ch01,2971766,2971888,-,Solyc01g009020.4.1,1,no,96,279,94,375,0.256,0.979166666666667,Solanum_lycopersicum,high_confidence_IR
Solyc01g009190.3,Solyc01g009190.3.intron1,Solyc01g009190.3|SL4.0ch01:3181685-3182117:+,SL4.0ch01,3181685,3182117,+,Solyc01g009190.3.1,1,no,10,5,10,15,0.666666666666667,1,Solanum_lycopersicum,high_confidence_IR
Solyc01g009443.1,Solyc01g009443.1.intron1,Solyc01g009443.1|SL4.0ch01:3623822-3624452:-,SL4.0ch01,3623822,3624452,-,Solyc01g009443.1.1,1,no,5038,3928,4803,8966,0.561900513049297,0.953354505756252,Solanum_lycopersicum,high_confidence_IR
Solyc01g010160.3,Solyc01g010160.3.intron1,Solyc01g010160.3|SL4.0ch01:4971416-4971503:-,SL4.0ch01,4971416,4971503,-,Solyc01g010160.3.1,1,no,13,19,13,32,0.40625,1,Solanum_lycopersicum,high_confidence_IR
Solyc01g010365.1,Solyc01g010365.1.intron1,Solyc01g010365.1|SL4.0ch01:5215188-5215760:-,SL4.0ch01,5215188,5215760,-,Solyc01g010365.1.1,1,no,70,19,70,89,0.786516853932584,1,Solanum_lycopersicum,high_confidence_IR
Solyc01g010440.4,Solyc01g010440.4.intron4,Solyc01g010440.4|SL4.0ch01:5372945-5373206:-,SL4.0ch01,5372945,5373206,-,Solyc01g010440.4.1,1,no,3114,846,3046,3960,0.786363636363636,0.978163134232498,Solanum_lycopersicum,high_confidence_IR
Solyc01g010480.3,Solyc01g010480.3.intron3,Solyc01g010480.3|SL4.0ch01:5397380-5397483:-,SL4.0ch01,5397380,5397483,-,Solyc01g010480.3.1,1,no,1950,6165,1430,8115,0.240295748613678,0.733333333333333,Solanum_lycopersicum,high_confidence_IR
Solyc01g010490.4,Solyc01g010490.4.intron1,Solyc01g010490.4|SL4.0ch01:5404445-5404554:-,SL4.0ch01,5404445,5404554,-,Solyc01g010490.4.1,1,no,5,19,5,24,0.208333333333333,1,Solanum_lycopersicum,high_confidence_IR
Solyc01g010780.4,Solyc01g010780.4.intron4,Solyc01g010780.4|SL4.0ch01:5870294-5870365:-,SL4.0ch01,5870294,5870365,-,Solyc01g010780.4.1,1,no,237,515,180,752,0.315159574468085,0.759493670886076,Solanum_lycopersicum,high_confidence_IR
Solyc01g010890.4,Solyc01g010890.4.intron1,Solyc01g010890.4|SL4.0ch01:6375102-6376607:+,SL4.0ch01,6375102,6376607,+,Solyc01g010890.4.1,1,no,87,6,86,93,0.935483870967742,0.988505747126437,Solanum_lycopersicum,high_confidence_IR
Solyc01g014140.3,Solyc01g014140.3.intron1,Solyc01g014140.3|SL4.0ch01:11734694-11734772:+,SL4.0ch01,11734694,11734772,+,Solyc01g014140.3.1,1,no,300,48,300,348,0.862068965517241,1,Solanum_lycopersicum,high_confidence_IR
Solyc01g014270.3,Solyc01g014270.3.intron1,Solyc01g014270.3|SL4.0ch01:11996021-11998783:+,SL4.0ch01,11996021,11998783,+,Solyc01g014270.3.1,1,no,495,679,384,1174,0.421635434412266,0.775757575757576,Solanum_lycopersicum,high_confidence_IR
Solyc01g014320.4,Solyc01g014320.4.intron1,Solyc01g014320.4|SL4.0ch01:12090835-12091099:+,SL4.0ch01,12090835,12091099,+,Solyc01g014320.4.1,1,no,526,55,526,581,0.905335628227194,1,Solanum_lycopersicum,high_confidence_IR
Solyc01g014480.3,Solyc01g014480.3.intron1,Solyc01g014480.3|SL4.0ch01:13997297-13997808:-,SL4.0ch01,13997297,13997808,-,Solyc01g014480.3.1,1,no,983,1134,932,2117,0.464336324988191,0.948118006103764,Solanum_lycopersicum,high_confidence_IR
Solyc01g020372.1,Solyc01g020372.1.intron2,Solyc01g020372.1|SL4.0ch01:29476686-29476784:-,SL4.0ch01,29476686,29476784,-,Solyc01g020372.1.1,1,no,16,27,16,43,0.372093023255814,1,Solanum_lycopersicum,high_confidence_IR
Solyc01g022740.3,Solyc01g022740.3.intron1,Solyc01g022740.3|SL4.0ch01:32862814-32863096:-,SL4.0ch01,32862814,32863096,-,Solyc01g022740.3.1,1,no,113,227,111,340,0.332352941176471,0.982300884955752,Solanum_lycopersicum,high_confidence_IR
Solyc01g028830.3,Solyc01g028830.3.intron1,Solyc01g028830.3|SL4.0ch01:37046786-37047135:+,SL4.0ch01,37046786,37047135,+,Solyc01g028830.3.1,1,no,496,1792,382,2288,0.216783216783217,0.770161290322581,Solanum_lycopersicum,high_confidence_IR
Solyc01g044340.3,Solyc01g044340.3.intron1,Solyc01g044340.3|SL4.0ch01:38613043-38613190:+,SL4.0ch01,38613043,38613190,+,Solyc01g044340.3.1,1,no,1801,77,1801,1878,0.958998935037274,1,Solanum_lycopersicum,high_confidence_IR
Solyc01g049880.3,Solyc01g049880.3.intron3,Solyc01g049880.3|SL4.0ch01:42088499-42089411:-,SL4.0ch01,42088499,42089411,-,Solyc01g049880.3.1,1,no,69,197,49,266,0.259398496240602,0.710144927536232,Solanum_lycopersicum,high_confidence_IR
Solyc01g056600.2,Solyc01g056600.2.intron1,Solyc01g056600.2|SL4.0ch01:48263693-48264008:+,SL4.0ch01,48263693,48264008,+,Solyc01g056600.2.1,1,no,13,18,13,31,0.419354838709677,1,Solanum_lycopersicum,high_confidence_IR
Solyc01g056620.4,Solyc01g056620.4.intron3,Solyc01g056620.4|SL4.0ch01:48294167-48294912:+,SL4.0ch01,48294167,48294912,+,Solyc01g056620.4.1,1,no,92,215,74,307,0.299674267100977,0.804347826086957,Solanum_lycopersicum,high_confidence_IR
Solyc01g056720.4,Solyc01g056720.4.intron1,Solyc01g056720.4|SL4.0ch01:49550568-49550639:-,SL4.0ch01,49550568,49550639,-,Solyc01g056720.4.1,1,no,5465,32,5365,5497,0.994178642896125,0.981701738334858,Solanum_lycopersicum,high_confidence_IR
Solyc01g056790.3,Solyc01g056790.3.intron1,Solyc01g056790.3|SL4.0ch01:49805529-49807166:+,SL4.0ch01,49805529,49807166,+,Solyc01g056790.3.1,1,no,24,77,24,101,0.237623762376238,1,Solanum_lycopersicum,high_confidence_IR
Solyc01g057200.4,Solyc01g057200.4.intron2,Solyc01g057200.4|SL4.0ch01:52956562-52956648:-,SL4.0ch01,52956562,52956648,-,Solyc01g057200.4.1,1,no,1059,5,1025,1064,0.995300751879699,0.967894239848914,Solanum_lycopersicum,high_confidence_IR
Solyc01g057780.3,Solyc01g057780.3.intron1,Solyc01g057780.3|SL4.0ch01:57097182-57097748:-,SL4.0ch01,57097182,57097748,-,Solyc01g057780.3.1,1,no,291,919,239,1210,0.240495867768595,0.821305841924399,Solanum_lycopersicum,high_confidence_IR
Solyc01g057785.1,Solyc01g057785.1.intron1,Solyc01g057785.1|SL4.0ch01:57151829-57152039:-,SL4.0ch01,57151829,57152039,-,Solyc01g057785.1.1,1,no,8,15,8,23,0.347826086956522,1,Solanum_lycopersicum,high_confidence_IR
Solyc01g058010.3,Solyc01g058010.3.intron2,Solyc01g058010.3|SL4.0ch01:58188901-58189237:+,SL4.0ch01,58188901,58189237,+,Solyc01g058010.3.1,1,no,257,981,188,1238,0.207592891760905,0.731517509727626,Solanum_lycopersicum,high_confidence_IR
Solyc01g058170.4,Solyc01g058170.4.intron2,Solyc01g058170.4|SL4.0ch01:58726199-58726619:+,SL4.0ch01,58726199,58726619,+,Solyc01g058170.4.1,1,no,107,57,84,164,0.652439024390244,0.785046728971963,Solanum_lycopersicum,high_confidence_IR
Solyc01g058260.4,Solyc01g058260.4.intron3,Solyc01g058260.4|SL4.0ch01:59098934-59099350:-,SL4.0ch01,59098934,59099350,-,Solyc01g058260.4.1,1,no,8299,1208,7499,9507,0.872935731566214,0.90360284371611,Solanum_lycopersicum,high_confidence_IR
Solyc01g058673.1,Solyc01g058673.1.intron1,Solyc01g058673.1|SL4.0ch01:60766080-60766422:-,SL4.0ch01,60766080,60766422,-,Solyc01g058673.1.1,1,no,67,173,67,240,0.279166666666667,1,Solanum_lycopersicum,high_confidence_IR
Solyc01g060250.2,Solyc01g060250.2.intron1,Solyc01g060250.2|SL4.0ch01:63163859-63165692:+,SL4.0ch01,63163859,63165692,+,Solyc01g060250.2.1,1,no,237,15,237,252,0.94047619047619,1,Solanum_lycopersicum,high_confidence_IR
Solyc01g065740.3,Solyc01g065740.3.intron2,Solyc01g065740.3|SL4.0ch01:65117887-65118280:+,SL4.0ch01,65117887,65118280,+,Solyc01g065740.3.1,1,no,29,60,23,89,0.325842696629214,0.793103448275862,Solanum_lycopersicum,high_confidence_IR
Solyc01g066620.4,Solyc01g066620.4.intron16,Solyc01g066620.4|SL4.0ch01:67533885-67534561:+,SL4.0ch01,67533885,67534561,+,Solyc01g066620.4.1,1,no,10,34,8,44,0.227272727272727,0.8,Solanum_lycopersicum,high_confidence_IR
Solyc01g066880.3,Solyc01g066880.3.intron1,Solyc01g066880.3|SL4.0ch01:67892008-67892092:-,SL4.0ch01,67892008,67892092,-,Solyc01g066880.3.1,1,no,684,704,657,1388,0.492795389048991,0.960526315789474,Solanum_lycopersicum,high_confidence_IR
Solyc01g067120.4,Solyc01g067120.4.intron3,Solyc01g067120.4|SL4.0ch01:68253900-68255472:-,SL4.0ch01,68253900,68255472,-,Solyc01g067120.4.1,1,no,1162,25,944,1187,0.97893850042123,0.812392426850258,Solanum_lycopersicum,high_confidence_IR
Solyc01g067480.4,Solyc01g067480.4.intron15,Solyc01g067480.4|SL4.0ch01:68959647-68959775:+,SL4.0ch01,68959647,68959775,+,Solyc01g067480.4.1,1,no,995,26,818,1021,0.974534769833497,0.822110552763819,Solanum_lycopersicum,high_confidence_IR
Solyc01g067790.3,Solyc01g067790.3.intron1,Solyc01g067790.3|SL4.0ch01:69539326-69539643:+,SL4.0ch01,69539326,69539643,+,Solyc01g067790.3.1,1,no,20,15,14,35,0.571428571428571,0.7,Solanum_lycopersicum,high_confidence_IR
Solyc01g068020.4,Solyc01g068020.4.intron2,Solyc01g068020.4|SL4.0ch01:69838537-69839287:-,SL4.0ch01,69838537,69839287,-,Solyc01g068020.4.1,1,no,467,1378,406,1845,0.253116531165312,0.869379014989293,Solanum_lycopersicum,high_confidence_IR
Solyc01g068140.4,Solyc01g068140.4.intron2,Solyc01g068140.4|SL4.0ch01:70040186-70040307:+,SL4.0ch01,70040186,70040307,+,Solyc01g068140.4.1,1,no,74,233,61,307,0.241042345276873,0.824324324324324,Solanum_lycopersicum,high_confidence_IR
Solyc01g068470.4,Solyc01g068470.4.intron3,Solyc01g068470.4|SL4.0ch01:70505049-70506645:-,SL4.0ch01,70505049,70506645,-,Solyc01g068470.4.1,1,no,152,579,108,731,0.207934336525308,0.710526315789474,Solanum_lycopersicum,high_confidence_IR
Solyc01g079320.4,Solyc01g079320.4.intron2,Solyc01g079320.4|SL4.0ch01:70974063-70974134:-,SL4.0ch01,70974063,70974134,-,Solyc01g079320.4.1,1,no,644,40,610,684,0.941520467836257,0.947204968944099,Solanum_lycopersicum,high_confidence_IR
Solyc01g079360.4,Solyc01g079360.4.intron1,Solyc01g079360.4|SL4.0ch01:71029744-71029945:-,SL4.0ch01,71029744,71029945,-,Solyc01g079360.4.1,1,no,359,1062,306,1421,0.252638986629134,0.852367688022284,Solanum_lycopersicum,high_confidence_IR
Solyc01g079680.3,Solyc01g079680.3.intron1,Solyc01g079680.3|SL4.0ch01:71372156-71373050:+,SL4.0ch01,71372156,71373050,+,Solyc01g079680.3.1,1,no,1200,954,1200,2154,0.557103064066852,1,Solanum_lycopersicum,high_confidence_IR
Solyc01g080040.3,Solyc01g080040.3.intron5,Solyc01g080040.3|SL4.0ch01:71740024-71742848:+,SL4.0ch01,71740024,71742848,+,Solyc01g080040.3.1,1,no,359,469,259,828,0.433574879227053,0.721448467966574,Solanum_lycopersicum,high_confidence_IR
Solyc01g080360.3,Solyc01g080360.3.intron7,Solyc01g080360.3|SL4.0ch01:72188239-72188397:+,SL4.0ch01,72188239,72188397,+,Solyc01g080360.3.1,1,no,1999,1223,1726,3222,0.620422098075729,0.863431715857929,Solanum_lycopersicum,high_confidence_IR
Solyc01g080540.3,Solyc01g080540.3.intron1,Solyc01g080540.3|SL4.0ch01:72366332-72366529:+,SL4.0ch01,72366332,72366529,+,Solyc01g080540.3.1,1,no,1189,2983,1069,4172,0.284995206136146,0.899074852817494,Solanum_lycopersicum,high_confidence_IR
Solyc01g081010.4,Solyc01g081010.4.intron2,Solyc01g081010.4|SL4.0ch01:72893153-72893399:-,SL4.0ch01,72893153,72893399,-,Solyc01g081010.4.1,1,no,30756,11,30499,30767,0.999642474079371,0.991643906879958,Solanum_lycopersicum,high_confidence_IR
Solyc01g081310.3,Solyc01g081310.3.intron1,Solyc01g081310.3|SL4.0ch01:73127226-73127324:+,SL4.0ch01,73127226,73127324,+,Solyc01g081310.3.1,1,no,850,2763,850,3613,0.235261555494049,1,Solanum_lycopersicum,high_confidence_IR
Solyc01g081440.3,Solyc01g081440.3.intron1,Solyc01g081440.3|SL4.0ch01:73235630-73235737:-,SL4.0ch01,73235630,73235737,-,Solyc01g081440.3.1,1,no,1373,59,1178,1432,0.958798882681564,0.857975236707939,Solanum_lycopersicum,high_confidence_IR
Solyc01g081450.3,Solyc01g081450.3.intron1,Solyc01g081450.3|SL4.0ch01:73246499-73246605:-,SL4.0ch01,73246499,73246605,-,Solyc01g081450.3.1,1,no,259,47,257,306,0.84640522875817,0.992277992277992,Solanum_lycopersicum,high_confidence_IR
Solyc01g081640.4,Solyc01g081640.4.intron1,Solyc01g081640.4|SL4.0ch01:73419096-73419179:-,SL4.0ch01,73419096,73419179,-,Solyc01g081640.4.1,1,no,41,142,30,183,0.224043715846995,0.731707317073171,Solanum_lycopersicum,high_confidence_IR
Solyc01g074010.4,Solyc01g074010.4.intron4,Solyc01g074010.4|SL4.0ch01:73770499-73770625:-,SL4.0ch01,73770499,73770625,-,Solyc01g074010.4.1,1,no,905,19,762,924,0.979437229437229,0.841988950276243,Solanum_lycopersicum,high_confidence_IR
Solyc01g086680.4,Solyc01g086680.4.intron1,Solyc01g086680.4|SL4.0ch01:73894124-73894643:+,SL4.0ch01,73894124,73894643,+,Solyc01g086680.4.1,1,no,109,368,109,477,0.228511530398323,1,Solanum_lycopersicum,high_confidence_IR
Solyc01g087000.3,Solyc01g087000.3.intron1,Solyc01g087000.3|SL4.0ch01:74178505-74179476:-,SL4.0ch01,74178505,74179476,-,Solyc01g087000.3.1,1,no,94,14,94,108,0.87037037037037,1,Solanum_lycopersicum,high_confidence_IR
Solyc01g087010.3,Solyc01g087010.3.intron1,Solyc01g087010.3|SL4.0ch01:74184710-74185147:+,SL4.0ch01,74184710,74185147,+,Solyc01g087010.3.1,1,no,31,49,23,80,0.3875,0.741935483870968,Solanum_lycopersicum,high_confidence_IR
Solyc01g088010.1,Solyc01g088010.1.intron1,Solyc01g088010.1|SL4.0ch01:75094109-75094180:+,SL4.0ch01,75094109,75094180,+,Solyc01g088010.1.1,1,no,9,10,9,19,0.473684210526316,1,Solanum_lycopersicum,high_confidence_IR
Solyc01g088150.3,Solyc01g088150.3.intron1,Solyc01g088150.3|SL4.0ch01:75242489-75242563:-,SL4.0ch01,75242489,75242563,-,Solyc01g088150.3.1,1,no,864,789,786,1653,0.522686025408348,0.909722222222222,Solanum_lycopersicum,high_confidence_IR
Solyc01g088270.3,Solyc01g088270.3.intron1,Solyc01g088270.3|SL4.0ch01:75311114-75311267:-,SL4.0ch01,75311114,75311267,-,Solyc01g088270.3.1,1,no,5,6,5,11,0.454545454545455,1,Solanum_lycopersicum,high_confidence_IR
Solyc01g088340.2,Solyc01g088340.2.intron1,Solyc01g088340.2|SL4.0ch01:75361094-75361514:-,SL4.0ch01,75361094,75361514,-,Solyc01g088340.2.1,1,no,42,16,42,58,0.724137931034483,1,Solanum_lycopersicum,high_confidence_IR
Solyc01g088460.3,Solyc01g088460.3.intron1,Solyc01g088460.3|SL4.0ch01:75508563-75509172:+,SL4.0ch01,75508563,75509172,+,Solyc01g088460.3.1,1,no,307,104,307,411,0.746958637469586,1,Solanum_lycopersicum,high_confidence_IR
Solyc01g150146.1,Solyc01g150146.1.intron1,Solyc01g150146.1|SL4.0ch01:75524788-75525056:+,SL4.0ch01,75524788,75525056,+,Solyc01g150146.1.1,1,no,1238,3214,1096,4452,0.278077268643306,0.88529886914378,Solanum_lycopersicum,high_confidence_IR
Solyc01g088560.3,Solyc01g088560.3.intron6,Solyc01g088560.3|SL4.0ch01:75581270-75581395:-,SL4.0ch01,75581270,75581395,-,Solyc01g088560.3.1,1,no,12740,197,12071,12937,0.984772358352014,0.947488226059655,Solanum_lycopersicum,high_confidence_IR
Solyc01g088650.4,Solyc01g088650.4.intron1,Solyc01g088650.4|SL4.0ch01:75662508-75662600:-,SL4.0ch01,75662508,75662600,-,Solyc01g088650.4.1,1,no,1403,163,1134,1566,0.895913154533844,0.808267997148966,Solanum_lycopersicum,high_confidence_IR
Solyc01g088790.2,Solyc01g088790.2.intron1,Solyc01g088790.2|SL4.0ch01:75778089-75778160:+,SL4.0ch01,75778089,75778160,+,Solyc01g088790.2.1,1,no,20,31,18,51,0.392156862745098,0.9,Solanum_lycopersicum,high_confidence_IR
Solyc01g088810.4,Solyc01g088810.4.intron2,Solyc01g088810.4|SL4.0ch01:75791174-75791305:+,SL4.0ch01,75791174,75791305,+,Solyc01g088810.4.1,1,no,55,145,45,200,0.275,0.818181818181818,Solanum_lycopersicum,high_confidence_IR
Solyc01g089950.3,Solyc01g089950.3.intron2,Solyc01g089950.3|SL4.0ch01:75891971-75892854:+,SL4.0ch01,75891971,75892854,+,Solyc01g089950.3.1,1,no,42,80,38,122,0.344262295081967,0.904761904761905,Solanum_lycopersicum,high_confidence_IR
Solyc01g090050.4,Solyc01g090050.4.intron1,Solyc01g090050.4|SL4.0ch01:75974798-75974885:-,SL4.0ch01,75974798,75974885,-,Solyc01g090050.4.1,1,no,310,178,310,488,0.635245901639344,1,Solanum_lycopersicum,high_confidence_IR
Solyc01g090060.1,Solyc01g090060.1.intron1,Solyc01g090060.1|SL4.0ch01:75976313-75977182:+,SL4.0ch01,75976313,75977182,+,Solyc01g090060.1.1,1,no,129,8,129,137,0.941605839416058,1,Solanum_lycopersicum,high_confidence_IR
Solyc01g090090.3,Solyc01g090090.3.intron1,Solyc01g090090.3|SL4.0ch01:75986111-75987002:-,SL4.0ch01,75986111,75987002,-,Solyc01g090090.3.1,1,no,254,18,250,272,0.933823529411765,0.984251968503937,Solanum_lycopersicum,high_confidence_IR
Solyc01g090290.4,Solyc01g090290.4.intron7,Solyc01g090290.4|SL4.0ch01:76200567-76200885:+,SL4.0ch01,76200567,76200885,+,Solyc01g090290.4.1,1,no,1637,3138,1365,4775,0.34282722513089,0.833842394624313,Solanum_lycopersicum,high_confidence_IR
Solyc01g090480.4,Solyc01g090480.4.intron10,Solyc01g090480.4|SL4.0ch01:76398480-76398625:-,SL4.0ch01,76398480,76398625,-,Solyc01g090480.4.1,1,no,713,1797,571,2510,0.28406374501992,0.800841514726508,Solanum_lycopersicum,high_confidence_IR
Solyc01g090515.1,Solyc01g090515.1.intron1,Solyc01g090515.1|SL4.0ch01:76417110-76417673:+,SL4.0ch01,76417110,76417673,+,Solyc01g090515.1.1,1,no,37,103,37,140,0.264285714285714,1,Solanum_lycopersicum,high_confidence_IR
Solyc01g090630.4,Solyc01g090630.4.intron1,Solyc01g090630.4|SL4.0ch01:76522044-76522686:+,SL4.0ch01,76522044,76522686,+,Solyc01g090630.4.1,1,no,198,676,143,874,0.226544622425629,0.722222222222222,Solanum_lycopersicum,high_confidence_IR
Solyc01g090790.4,Solyc01g090790.4.intron3,Solyc01g090790.4|SL4.0ch01:76714747-76715055:-,SL4.0ch01,76714747,76715055,-,Solyc01g090790.4.1,1,no,897,3483,771,4380,0.204794520547945,0.859531772575251,Solanum_lycopersicum,high_confidence_IR
Solyc01g091130.4,Solyc01g091130.4.intron3,Solyc01g091130.4|SL4.0ch01:77078709-77078962:-,SL4.0ch01,77078709,77078962,-,Solyc01g091130.4.1,1,no,1806,5,1757,1811,0.997239094422971,0.972868217054264,Solanum_lycopersicum,high_confidence_IR
Solyc01g091170.3,Solyc01g091170.3.intron1,Solyc01g091170.3|SL4.0ch01:77107163-77107263:+,SL4.0ch01,77107163,77107263,+,Solyc01g091170.3.1,1,no,3117,7764,2733,10881,0.286462641301351,0.876804619826757,Solanum_lycopersicum,high_confidence_IR
Solyc01g091570.3,Solyc01g091570.3.intron2,Solyc01g091570.3|SL4.0ch01:77416096-77416241:+,SL4.0ch01,77416096,77416241,+,Solyc01g091570.3.1,1,no,1037,2912,846,3949,0.262598126107875,0.815814850530376,Solanum_lycopersicum,high_confidence_IR
Solyc01g094510.2,Solyc01g094510.2.intron1,Solyc01g094510.2|SL4.0ch01:78218468-78219029:+,SL4.0ch01,78218468,78219029,+,Solyc01g094510.2.1,1,no,96,15,96,111,0.864864864864865,1,Solanum_lycopersicum,high_confidence_IR
Solyc01g094540.4,Solyc01g094540.4.intron1,Solyc01g094540.4|SL4.0ch01:78231887-78233835:-,SL4.0ch01,78231887,78233835,-,Solyc01g094540.4.1,1,no,1043,5,1043,1048,0.995229007633588,1,Solanum_lycopersicum,high_confidence_IR
Solyc01g094560.4,Solyc01g094560.4.intron2,Solyc01g094560.4|SL4.0ch01:78250190-78251723:-,SL4.0ch01,78250190,78251723,-,Solyc01g094560.4.1,1,no,5933,23,5781,5956,0.996138347884486,0.97438058317883,Solanum_lycopersicum,high_confidence_IR
Solyc01g094630.3,Solyc01g094630.3.intron1,Solyc01g094630.3|SL4.0ch01:78326252-78330954:+,SL4.0ch01,78326252,78330954,+,Solyc01g094630.3.1,1,no,630,777,559,1407,0.447761194029851,0.887301587301587,Solanum_lycopersicum,high_confidence_IR
Solyc01g094770.4,Solyc01g094770.4.intron2,Solyc01g094770.4|SL4.0ch01:78447675-78447785:-,SL4.0ch01,78447675,78447785,-,Solyc01g094770.4.1,1,no,5433,3088,4900,8521,0.637601220514024,0.90189582182956,Solanum_lycopersicum,high_confidence_IR
Solyc01g094780.4,Solyc01g094780.4.intron3,Solyc01g094780.4|SL4.0ch01:78451046-78451132:-,SL4.0ch01,78451046,78451132,-,Solyc01g094780.4.1,1,no,121,55,97,176,0.6875,0.801652892561983,Solanum_lycopersicum,high_confidence_IR
Solyc01g094800.4,Solyc01g094800.4.intron1,Solyc01g094800.4|SL4.0ch01:78469831-78469983:+,SL4.0ch01,78469831,78469983,+,Solyc01g094800.4.1,1,no,178,29,128,207,0.859903381642512,0.719101123595506,Solanum_lycopersicum,high_confidence_IR
Solyc01g095490.3,Solyc01g095490.3.intron1,Solyc01g095490.3|SL4.0ch01:78994053-78994141:+,SL4.0ch01,78994053,78994141,+,Solyc01g095490.3.1,1,no,787,1511,769,2298,0.342471714534378,0.97712833545108,Solanum_lycopersicum,high_confidence_IR
Solyc01g095560.3,Solyc01g095560.3.intron1,Solyc01g095560.3|SL4.0ch01:79036651-79036745:+,SL4.0ch01,79036651,79036745,+,Solyc01g095560.3.1,1,no,56,215,56,271,0.206642066420664,1,Solanum_lycopersicum,high_confidence_IR
Solyc01g095590.3,Solyc01g095590.3.intron2,Solyc01g095590.3|SL4.0ch01:79071644-79071739:+,SL4.0ch01,79071644,79071739,+,Solyc01g095590.3.1,1,no,674,584,540,1258,0.53577106518283,0.801186943620178,Solanum_lycopersicum,high_confidence_IR
Solyc01g096370.4,Solyc01g096370.4.intron1,Solyc01g096370.4|SL4.0ch01:79711777-79712019:+,SL4.0ch01,79711777,79712019,+,Solyc01g096370.4.1,1,no,223,281,223,504,0.442460317460317,1,Solanum_lycopersicum,high_confidence_IR
Solyc01g097360.4,Solyc01g097360.4.intron1,Solyc01g097360.4|SL4.0ch01:80517929-80518022:+,SL4.0ch01,80517929,80518022,+,Solyc01g097360.4.1,1,no,2293,1421,2293,3714,0.617393645665051,1,Solanum_lycopersicum,high_confidence_IR
Solyc01g098530.3,Solyc01g098530.3.intron1,Solyc01g098530.3|SL4.0ch01:81285684-81285810:-,SL4.0ch01,81285684,81285810,-,Solyc01g098530.3.1,1,no,1266,508,951,1774,0.713641488162345,0.751184834123223,Solanum_lycopersicum,high_confidence_IR
Solyc01g098590.3,Solyc01g098590.3.intron1,Solyc01g098590.3|SL4.0ch01:81332142-81332319:+,SL4.0ch01,81332142,81332319,+,Solyc01g098590.3.1,1,no,1198,4585,1198,5783,0.207158914058447,1,Solanum_lycopersicum,high_confidence_IR
Solyc01g098800.4,Solyc01g098800.4.intron2,Solyc01g098800.4|SL4.0ch01:81479242-81479368:-,SL4.0ch01,81479242,81479368,-,Solyc01g098800.4.1,1,no,2345,12,2180,2357,0.994908782350445,0.929637526652452,Solanum_lycopersicum,high_confidence_IR
Solyc01g098960.3,Solyc01g098960.3.intron1,Solyc01g098960.3|SL4.0ch01:81585622-81585822:+,SL4.0ch01,81585622,81585822,+,Solyc01g098960.3.1,1,no,7,27,7,34,0.205882352941176,1,Solanum_lycopersicum,high_confidence_IR
Solyc01g099230.3,Solyc01g099230.3.intron3,Solyc01g099230.3|SL4.0ch01:81796287-81796756:+,SL4.0ch01,81796287,81796756,+,Solyc01g099230.3.1,1,no,103,390,79,493,0.208924949290061,0.766990291262136,Solanum_lycopersicum,high_confidence_IR
Solyc01g099480.4,Solyc01g099480.4.intron1,Solyc01g099480.4|SL4.0ch01:81987084-81987787:+,SL4.0ch01,81987084,81987787,+,Solyc01g099480.4.1,1,no,71,171,63,242,0.293388429752066,0.887323943661972,Solanum_lycopersicum,high_confidence_IR
Solyc01g099520.3,Solyc01g099520.3.intron1,Solyc01g099520.3|SL4.0ch01:82004417-82004491:-,SL4.0ch01,82004417,82004491,-,Solyc01g099520.3.1,1,no,80,15,80,95,0.842105263157895,1,Solanum_lycopersicum,high_confidence_IR
Solyc01g099640.4,Solyc01g099640.4.intron1,Solyc01g099640.4|SL4.0ch01:82084978-82090148:-,SL4.0ch01,82084978,82090148,-,Solyc01g099640.4.1,1,no,275,287,267,562,0.48932384341637,0.970909090909091,Solanum_lycopersicum,high_confidence_IR
Solyc01g099940.3,Solyc01g099940.3.intron2,Solyc01g099940.3|SL4.0ch01:82310291-82311349:-,SL4.0ch01,82310291,82311349,-,Solyc01g099940.3.1,1,no,328529,6,255815,328535,0.999981737105636,0.778667941034125,Solanum_lycopersicum,high_confidence_IR
Solyc01g099950.1,Solyc01g099950.1.intron2,Solyc01g099950.1|SL4.0ch01:82314126-82315321:-,SL4.0ch01,82314126,82315321,-,Solyc01g099950.1.1,1,no,13,34,12,47,0.276595744680851,0.923076923076923,Solanum_lycopersicum,high_confidence_IR
Solyc01g100110.4,Solyc01g100110.4.intron1,Solyc01g100110.4|SL4.0ch01:82465111-82465289:-,SL4.0ch01,82465111,82465289,-,Solyc01g100110.4.1,1,no,3810,2432,3244,6242,0.610381288048702,0.851443569553806,Solanum_lycopersicum,high_confidence_IR
Solyc01g100180.4,Solyc01g100180.4.intron1,Solyc01g100180.4|SL4.0ch01:82509378-82510183:-,SL4.0ch01,82509378,82510183,-,Solyc01g100180.4.1,1,no,270,1056,246,1326,0.203619909502262,0.911111111111111,Solanum_lycopersicum,high_confidence_IR
Solyc01g100290.4,Solyc01g100290.4.intron1,Solyc01g100290.4|SL4.0ch01:82628551-82628714:+,SL4.0ch01,82628551,82628714,+,Solyc01g100290.4.1,1,no,144,195,125,339,0.424778761061947,0.868055555555556,Solanum_lycopersicum,high_confidence_IR
Solyc01g100370.3,Solyc01g100370.3.intron1,Solyc01g100370.3|SL4.0ch01:82689481-82689588:+,SL4.0ch01,82689481,82689588,+,Solyc01g100370.3.1,1,no,14294,35854,13842,50148,0.285036292573981,0.968378340562474,Solanum_lycopersicum,high_confidence_IR
Solyc01g100400.3,Solyc01g100400.3.intron2,Solyc01g100400.3|SL4.0ch01:82704697-82705635:-,SL4.0ch01,82704697,82705635,-,Solyc01g100400.3.1,1,no,107,176,76,283,0.378091872791519,0.710280373831776,Solanum_lycopersicum,high_confidence_IR
Solyc01g100690.3,Solyc01g100690.3.intron3,Solyc01g100690.3|SL4.0ch01:82927636-82928224:+,SL4.0ch01,82927636,82928224,+,Solyc01g100690.3.1,1,no,1185,254,950,1439,0.823488533703961,0.80168776371308,Solanum_lycopersicum,high_confidence_IR
Solyc01g101010.4,Solyc01g101010.4.intron7,Solyc01g101010.4|SL4.0ch01:83150372-83150933:-,SL4.0ch01,83150372,83150933,-,Solyc01g101010.4.1,1,no,473,1033,379,1506,0.314077025232404,0.801268498942918,Solanum_lycopersicum,high_confidence_IR
Solyc01g101130.3,Solyc01g101130.3.intron2,Solyc01g101130.3|SL4.0ch01:83250556-83251871:-,SL4.0ch01,83250556,83251871,-,Solyc01g101130.3.1,1,no,1649,1271,1478,2920,0.56472602739726,0.89630078835658,Solanum_lycopersicum,high_confidence_IR
Solyc01g101250.3,Solyc01g101250.3.intron4,Solyc01g101250.3|SL4.0ch01:83339355-83339597:-,SL4.0ch01,83339355,83339597,-,Solyc01g101250.3.1,1,no,1815,971,1640,2786,0.651471643933956,0.903581267217631,Solanum_lycopersicum,high_confidence_IR
Solyc01g102280.3,Solyc01g102280.3.intron1,Solyc01g102280.3|SL4.0ch01:83370173-83370341:-,SL4.0ch01,83370173,83370341,-,Solyc01g102280.3.1,1,no,86,170,86,256,0.3359375,1,Solanum_lycopersicum,high_confidence_IR
Solyc01g102640.2,Solyc01g102640.2.intron1,Solyc01g102640.2|SL4.0ch01:83668180-83669248:+,SL4.0ch01,83668180,83669248,+,Solyc01g102640.2.1,1,no,80,53,80,133,0.601503759398496,1,Solanum_lycopersicum,high_confidence_IR
Solyc01g102660.4,Solyc01g102660.4.intron10,Solyc01g102660.4|SL4.0ch01:83683298-83683438:+,SL4.0ch01,83683298,83683438,+,Solyc01g102660.4.1,1,no,26243,6,21476,26249,0.999771419863614,0.818351560416111,Solanum_lycopersicum,high_confidence_IR
Solyc01g103020.4,Solyc01g103020.4.intron2,Solyc01g103020.4|SL4.0ch01:83963806-83964397:+,SL4.0ch01,83963806,83964397,+,Solyc01g103020.4.1,1,no,683,1844,494,2527,0.270280965571824,0.723279648609078,Solanum_lycopersicum,high_confidence_IR
Solyc01g103090.4,Solyc01g103090.4.intron4,Solyc01g103090.4|SL4.0ch01:84033250-84034848:-,SL4.0ch01,84033250,84034848,-,Solyc01g103090.4.1,1,no,495,252,351,747,0.662650602409639,0.709090909090909,Solanum_lycopersicum,high_confidence_IR
Solyc01g103180.4,Solyc01g103180.4.intron1,Solyc01g103180.4|SL4.0ch01:84122258-84122344:+,SL4.0ch01,84122258,84122344,+,Solyc01g103180.4.1,1,no,1147,46,954,1193,0.961441743503772,0.831734960767219,Solanum_lycopersicum,high_confidence_IR
Solyc01g150153.1,Solyc01g150153.1.intron6,Solyc01g150153.1|SL4.0ch01:84210057-84210316:+,SL4.0ch01,84210057,84210316,+,Solyc01g150153.1.1,1,no,6,11,5,17,0.352941176470588,0.833333333333333,Solanum_lycopersicum,high_confidence_IR
Solyc01g103480.3,Solyc01g103480.3.intron1,Solyc01g103480.3|SL4.0ch01:84367689-84368221:-,SL4.0ch01,84367689,84368221,-,Solyc01g103480.3.1,1,no,19250,1952,18268,21202,0.90793321384775,0.948987012987013,Solanum_lycopersicum,high_confidence_IR
Solyc01g103540.3,Solyc01g103540.3.intron4,Solyc01g103540.3|SL4.0ch01:84419985-84420785:+,SL4.0ch01,84419985,84420785,+,Solyc01g103540.3.1,1,no,61572,4747,51121,66319,0.928421719265972,0.830263756252842,Solanum_lycopersicum,high_confidence_IR
Solyc01g103595.1,Solyc01g103595.1.intron1,Solyc01g103595.1|SL4.0ch01:84467892-84468013:-,SL4.0ch01,84467892,84468013,-,Solyc01g103595.1.1,1,no,49,97,35,146,0.335616438356164,0.714285714285714,Solanum_lycopersicum,high_confidence_IR
Solyc01g103640.4,Solyc01g103640.4.intron1,Solyc01g103640.4|SL4.0ch01:84484858-84484956:-,SL4.0ch01,84484858,84484956,-,Solyc01g103640.4.1,1,no,57,147,57,204,0.279411764705882,1,Solanum_lycopersicum,high_confidence_IR
Solyc01g103790.3,Solyc01g103790.3.intron1,Solyc01g103790.3|SL4.0ch01:84607651-84608770:+,SL4.0ch01,84607651,84608770,+,Solyc01g103790.3.1,1,no,131,22,131,153,0.856209150326797,1,Solanum_lycopersicum,high_confidence_IR
Solyc01g104130.4,Solyc01g104130.4.intron1,Solyc01g104130.4|SL4.0ch01:84908056-84908777:+,SL4.0ch01,84908056,84908777,+,Solyc01g104130.4.1,1,no,400,1098,353,1498,0.267022696929239,0.8825,Solanum_lycopersicum,high_confidence_IR
Solyc01g104310.3,Solyc01g104310.3.intron5,Solyc01g104310.3|SL4.0ch01:85035749-85036745:-,SL4.0ch01,85035749,85036745,-,Solyc01g104310.3.1,1,no,298,1167,237,1465,0.203412969283276,0.795302013422819,Solanum_lycopersicum,high_confidence_IR
Solyc01g104340.2,Solyc01g104340.2.intron1,Solyc01g104340.2|SL4.0ch01:85057120-85057292:+,SL4.0ch01,85057120,85057292,+,Solyc01g104340.2.1,1,no,31,76,31,107,0.289719626168224,1,Solanum_lycopersicum,high_confidence_IR
Solyc01g104560.3,Solyc01g104560.3.intron8,Solyc01g104560.3|SL4.0ch01:85336863-85337300:+,SL4.0ch01,85336863,85337300,+,Solyc01g104560.3.1,1,no,1860,3395,1635,5255,0.35394862036156,0.879032258064516,Solanum_lycopersicum,high_confidence_IR
Solyc01g105230.4,Solyc01g105230.4.intron9,Solyc01g105230.4|SL4.0ch01:85776800-85777321:+,SL4.0ch01,85776800,85777321,+,Solyc01g105230.4.1,1,no,385,1147,311,1532,0.251305483028721,0.807792207792208,Solanum_lycopersicum,high_confidence_IR
Solyc01g105320.4,Solyc01g105320.4.intron3,Solyc01g105320.4|SL4.0ch01:85834595-85834684:-,SL4.0ch01,85834595,85834684,-,Solyc01g105320.4.1,1,no,78,169,67,247,0.315789473684211,0.858974358974359,Solanum_lycopersicum,high_confidence_IR
Solyc01g105330.3,Solyc01g105330.3.intron3,Solyc01g105330.3|SL4.0ch01:85837397-85837592:-,SL4.0ch01,85837397,85837592,-,Solyc01g105330.3.1,1,no,209,828,151,1037,0.201542912246866,0.722488038277512,Solanum_lycopersicum,high_confidence_IR
Solyc01g105387.1,Solyc01g105387.1.intron3,Solyc01g105387.1|SL4.0ch01:85880371-85880448:-,SL4.0ch01,85880371,85880448,-,Solyc01g105387.1.1,1,no,83,57,61,140,0.592857142857143,0.734939759036145,Solanum_lycopersicum,high_confidence_IR
Solyc01g105500.4,Solyc01g105500.4.intron1,Solyc01g105500.4|SL4.0ch01:85959321-85959395:+,SL4.0ch01,85959321,85959395,+,Solyc01g105500.4.1,1,no,73,56,52,129,0.565891472868217,0.712328767123288,Solanum_lycopersicum,high_confidence_IR
Solyc01g105660.4,Solyc01g105660.4.intron3,Solyc01g105660.4|SL4.0ch01:86066739-86066908:+,SL4.0ch01,86066739,86066908,+,Solyc01g105660.4.1,1,no,2435,6100,2173,8535,0.285295840656122,0.892402464065708,Solanum_lycopersicum,high_confidence_IR
Solyc01g105680.4,Solyc01g105680.4.intron2,Solyc01g105680.4|SL4.0ch01:86076674-86076805:+,SL4.0ch01,86076674,86076805,+,Solyc01g105680.4.1,1,no,553,1617,413,2170,0.254838709677419,0.746835443037975,Solanum_lycopersicum,high_confidence_IR
Solyc01g105850.3,Solyc01g105850.3.intron2,Solyc01g105850.3|SL4.0ch01:86189831-86190271:+,SL4.0ch01,86189831,86190271,+,Solyc01g105850.3.1,1,no,10,6,10,16,0.625,1,Solanum_lycopersicum,high_confidence_IR
Solyc01g106010.3,Solyc01g106010.3.intron1,Solyc01g106010.3|SL4.0ch01:86324596-86325152:-,SL4.0ch01,86324596,86325152,-,Solyc01g106010.3.1,1,no,471,1721,464,2192,0.214872262773723,0.985138004246285,Solanum_lycopersicum,high_confidence_IR
Solyc01g106110.2,Solyc01g106110.2.intron1,Solyc01g106110.2|SL4.0ch01:86419812-86420769:+,SL4.0ch01,86419812,86420769,+,Solyc01g106110.2.1,1,no,147,545,131,692,0.21242774566474,0.891156462585034,Solanum_lycopersicum,high_confidence_IR
Solyc01g107030.3,Solyc01g107030.3.intron2,Solyc01g107030.3|SL4.0ch01:87015129-87015652:+,SL4.0ch01,87015129,87015652,+,Solyc01g107030.3.1,1,no,1974,2955,1689,4929,0.400486914181376,0.855623100303951,Solanum_lycopersicum,high_confidence_IR
Solyc01g107180.3,Solyc01g107180.3.intron1,Solyc01g107180.3|SL4.0ch01:87115528-87116335:+,SL4.0ch01,87115528,87116335,+,Solyc01g107180.3.1,1,no,154,546,124,700,0.22,0.805194805194805,Solanum_lycopersicum,high_confidence_IR
Solyc01g107290.3,Solyc01g107290.3.intron1,Solyc01g107290.3|SL4.0ch01:87192076-87192164:+,SL4.0ch01,87192076,87192164,+,Solyc01g107290.3.1,1,no,1041,1092,928,2133,0.488045007032349,0.891450528338136,Solanum_lycopersicum,high_confidence_IR
Solyc01g107470.4,Solyc01g107470.4.intron2,Solyc01g107470.4|SL4.0ch01:87321957-87322115:+,SL4.0ch01,87321957,87322115,+,Solyc01g107470.4.1,1,no,1767,25,1745,1792,0.986049107142857,0.987549518958687,Solanum_lycopersicum,high_confidence_IR
Solyc01g107620.4,Solyc01g107620.4.intron5,Solyc01g107620.4|SL4.0ch01:87420750-87424725:+,SL4.0ch01,87420750,87424725,+,Solyc01g107620.4.1,1,no,3203,5,2901,3208,0.998441396508728,0.905713393693412,Solanum_lycopersicum,high_confidence_IR
Solyc01g107630.4,Solyc01g107630.4.intron1,Solyc01g107630.4|SL4.0ch01:87426553-87426777:+,SL4.0ch01,87426553,87426777,+,Solyc01g107630.4.1,1,no,71,68,71,139,0.510791366906475,1,Solanum_lycopersicum,high_confidence_IR
Solyc01g107750.3,Solyc01g107750.3.intron1,Solyc01g107750.3|SL4.0ch01:87504199-87505652:-,SL4.0ch01,87504199,87505652,-,Solyc01g107750.3.1,1,no,5150,1854,4426,7004,0.735294117647059,0.859417475728155,Solanum_lycopersicum,high_confidence_IR
Solyc01g107990.3,Solyc01g107990.3.intron1,Solyc01g107990.3|SL4.0ch01:87688297-87688466:-,SL4.0ch01,87688297,87688466,-,Solyc01g107990.3.1,1,no,289,880,268,1169,0.247219846022241,0.927335640138408,Solanum_lycopersicum,high_confidence_IR
Solyc01g108510.3,Solyc01g108510.3.intron3,Solyc01g108510.3|SL4.0ch01:88128569-88133117:-,SL4.0ch01,88128569,88133117,-,Solyc01g108510.3.1,1,no,166,596,155,762,0.217847769028871,0.933734939759036,Solanum_lycopersicum,high_confidence_IR
Solyc01g108680.4,Solyc01g108680.4.intron1,Solyc01g108680.4|SL4.0ch01:88250812-88250880:+,SL4.0ch01,88250812,88250880,+,Solyc01g108680.4.1,1,no,519,117,497,636,0.816037735849057,0.957610789980732,Solanum_lycopersicum,high_confidence_IR
Solyc01g108720.2,Solyc01g108720.2.intron1,Solyc01g108720.2|SL4.0ch01:88279321-88279448:-,SL4.0ch01,88279321,88279448,-,Solyc01g108720.2.1,1,no,7,9,7,16,0.4375,1,Solanum_lycopersicum,high_confidence_IR
Solyc01g108790.3,Solyc01g108790.3.intron1,Solyc01g108790.3|SL4.0ch01:88322663-88323043:+,SL4.0ch01,88322663,88323043,+,Solyc01g108790.3.1,1,no,50,8,37,58,0.862068965517241,0.74,Solanum_lycopersicum,high_confidence_IR
Solyc01g109340.4,Solyc01g109340.4.intron1,Solyc01g109340.4|SL4.0ch01:88656789-88657522:-,SL4.0ch01,88656789,88657522,-,Solyc01g109340.4.1,1,no,84,7,84,91,0.923076923076923,1,Solanum_lycopersicum,high_confidence_IR
Solyc01g109370.3,Solyc01g109370.3.intron1,Solyc01g109370.3|SL4.0ch01:88691583-88692109:+,SL4.0ch01,88691583,88692109,+,Solyc01g109370.3.1,1,no,235,474,226,709,0.331452750352609,0.961702127659574,Solanum_lycopersicum,high_confidence_IR
Solyc01g109440.2,Solyc01g109440.2.intron3,Solyc01g109440.2|SL4.0ch01:88735980-88736155:+,SL4.0ch01,88735980,88736155,+,Solyc01g109440.2.1,1,no,65,14,52,79,0.822784810126582,0.8,Solanum_lycopersicum,high_confidence_IR
Solyc01g109660.2,Solyc01g109660.2.intron1,Solyc01g109660.2|SL4.0ch01:88905629-88905949:+,SL4.0ch01,88905629,88905949,+,Solyc01g109660.2.1,1,no,82467,238253,82467,320720,0.25713083063108,1,Solanum_lycopersicum,high_confidence_IR
Solyc01g109740.3,Solyc01g109740.3.intron2,Solyc01g109740.3|SL4.0ch01:88961215-88961283:+,SL4.0ch01,88961215,88961283,+,Solyc01g109740.3.1,1,no,27,62,27,89,0.303370786516854,1,Solanum_lycopersicum,high_confidence_IR
Solyc01g109990.4,Solyc01g109990.4.intron19,Solyc01g109990.4|SL4.0ch01:89166232-89166361:+,SL4.0ch01,89166232,89166361,+,Solyc01g109990.4.1,1,no,221,123,174,344,0.642441860465116,0.787330316742081,Solanum_lycopersicum,high_confidence_IR
Solyc01g110120.3,Solyc01g110120.3.intron1,Solyc01g110120.3|SL4.0ch01:89249307-89249373:-,SL4.0ch01,89249307,89249373,-,Solyc01g110120.3.1,1,no,364,99,316,463,0.786177105831533,0.868131868131868,Solanum_lycopersicum,high_confidence_IR
Solyc01g110180.4,Solyc01g110180.4.intron2,Solyc01g110180.4|SL4.0ch01:89293259-89293441:+,SL4.0ch01,89293259,89293441,+,Solyc01g110180.4.1,1,no,41,46,32,87,0.471264367816092,0.780487804878049,Solanum_lycopersicum,high_confidence_IR
Solyc01g110310.3,Solyc01g110310.3.intron1,Solyc01g110310.3|SL4.0ch01:89392968-89393069:+,SL4.0ch01,89392968,89393069,+,Solyc01g110310.3.1,1,no,1335,4844,1335,6179,0.216054377731024,1,Solanum_lycopersicum,high_confidence_IR
Solyc01g110370.4,Solyc01g110370.4.intron5,Solyc01g110370.4|SL4.0ch01:89433122-89434603:-,SL4.0ch01,89433122,89434603,-,Solyc01g110370.4.1,1,no,2648,5,2093,2653,0.998115341123257,0.790407854984894,Solanum_lycopersicum,high_confidence_IR
Solyc01g110670.3,Solyc01g110670.3.intron1,Solyc01g110670.3|SL4.0ch01:89641908-89642003:-,SL4.0ch01,89641908,89642003,-,Solyc01g110670.3.1,1,no,38,6,38,44,0.863636363636364,1,Solanum_lycopersicum,high_confidence_IR
Solyc01g111270.3,Solyc01g111270.3.intron3,Solyc01g111270.3|SL4.0ch01:89938303-89938401:+,SL4.0ch01,89938303,89938401,+,Solyc01g111270.3.1,1,no,8049,3000,6185,11049,0.728482215585121,0.768418437072928,Solanum_lycopersicum,high_confidence_IR
Solyc01g111300.4,Solyc01g111300.4.intron1,Solyc01g111300.4|SL4.0ch01:89942972-89943040:-,SL4.0ch01,89942972,89943040,-,Solyc01g111300.4.1,1,no,12461,17,12461,12478,0.998637602179837,1,Solanum_lycopersicum,high_confidence_IR
Solyc01g111570.3,Solyc01g111570.3.intron1,Solyc01g111570.3|SL4.0ch01:90152670-90152824:+,SL4.0ch01,90152670,90152824,+,Solyc01g111570.3.1,1,no,975,1342,782,2317,0.42080276219249,0.802051282051282,Solanum_lycopersicum,high_confidence_IR
Solyc01g111680.4,Solyc01g111680.4.intron7,Solyc01g111680.4|SL4.0ch01:90224964-90225092:-,SL4.0ch01,90224964,90225092,-,Solyc01g111680.4.1,1,no,557,1288,445,1845,0.30189701897019,0.798922800718133,Solanum_lycopersicum,high_confidence_IR
Solyc01g111750.4,Solyc01g111750.4.intron3,Solyc01g111750.4|SL4.0ch01:90285478-90285807:-,SL4.0ch01,90285478,90285807,-,Solyc01g111750.4.1,1,no,63,128,60,191,0.329842931937173,0.952380952380952,Solanum_lycopersicum,high_confidence_IR
Solyc01g111770.2,Solyc01g111770.2.intron1,Solyc01g111770.2|SL4.0ch01:90303633-90303727:-,SL4.0ch01,90303633,90303727,-,Solyc01g111770.2.1,1,no,815,673,682,1488,0.547715053763441,0.83680981595092,Solanum_lycopersicum,high_confidence_IR
Solyc01g111880.4,Solyc01g111880.4.intron6,Solyc01g111880.4|SL4.0ch01:90399650-90399850:-,SL4.0ch01,90399650,90399850,-,Solyc01g111880.4.1,1,no,812,2602,644,3414,0.23784417106034,0.793103448275862,Solanum_lycopersicum,high_confidence_IR
Solyc01g111890.3,Solyc01g111890.3.intron1,Solyc01g111890.3|SL4.0ch01:90415777-90416376:-,SL4.0ch01,90415777,90416376,-,Solyc01g111890.3.1,1,no,3012,48,2508,3060,0.984313725490196,0.832669322709163,Solanum_lycopersicum,high_confidence_IR
Solyc02g005003.1,Solyc02g005003.1.intron4,Solyc02g005003.1|SL4.0ch02:5902758-5904439:+,SL4.0ch02,5902758,5904439,+,Solyc02g005003.1.1,1,no,48,149,36,197,0.243654822335025,0.75,Solanum_lycopersicum,high_confidence_IR
Solyc02g014130.3,Solyc02g014130.3.intron3,Solyc02g014130.3|SL4.0ch02:13998433-13998525:-,SL4.0ch02,13998433,13998525,-,Solyc02g014130.3.1,1,no,868,11,755,879,0.987485779294653,0.869815668202765,Solanum_lycopersicum,high_confidence_IR
Solyc02g021160.2,Solyc02g021160.2.intron2,Solyc02g021160.2|SL4.0ch02:20195044-20195643:+,SL4.0ch02,20195044,20195643,+,Solyc02g021160.2.1,1,no,71,34,67,105,0.676190476190476,0.943661971830986,Solanum_lycopersicum,high_confidence_IR
Solyc02g022890.3,Solyc02g022890.3.intron1,Solyc02g022890.3|SL4.0ch02:22849820-22850220:+,SL4.0ch02,22849820,22850220,+,Solyc02g022890.3.1,1,no,168,28,148,196,0.857142857142857,0.880952380952381,Solanum_lycopersicum,high_confidence_IR
Solyc02g024020.3,Solyc02g024020.3.intron1,Solyc02g024020.3|SL4.0ch02:23337825-23338672:-,SL4.0ch02,23337825,23338672,-,Solyc02g024020.3.1,1,no,209,205,181,414,0.504830917874396,0.866028708133971,Solanum_lycopersicum,high_confidence_IR
Solyc02g030460.2,Solyc02g030460.2.intron1,Solyc02g030460.2|SL4.0ch02:24516761-24517823:-,SL4.0ch02,24516761,24517823,-,Solyc02g030460.2.1,1,no,8,16,8,24,0.333333333333333,1,Solanum_lycopersicum,high_confidence_IR
Solyc02g031790.3,Solyc02g031790.3.intron1,Solyc02g031790.3|SL4.0ch02:25599659-25599921:+,SL4.0ch02,25599659,25599921,+,Solyc02g031790.3.1,1,no,24,48,24,72,0.333333333333333,1,Solanum_lycopersicum,high_confidence_IR
Solyc02g032120.3,Solyc02g032120.3.intron6,Solyc02g032120.3|SL4.0ch02:26200684-26201381:+,SL4.0ch02,26200684,26201381,+,Solyc02g032120.3.1,1,no,869,1963,738,2832,0.306850282485876,0.849252013808976,Solanum_lycopersicum,high_confidence_IR
Solyc02g033030.3,Solyc02g033030.3.intron1,Solyc02g033030.3|SL4.0ch02:28274145-28274413:-,SL4.0ch02,28274145,28274413,-,Solyc02g033030.3.1,1,no,38,66,38,104,0.365384615384615,1,Solanum_lycopersicum,high_confidence_IR
Solyc02g033060.3,Solyc02g033060.3.intron2,Solyc02g033060.3|SL4.0ch02:28327467-28327879:-,SL4.0ch02,28327467,28327879,-,Solyc02g033060.3.1,1,no,188,672,150,860,0.218604651162791,0.797872340425532,Solanum_lycopersicum,high_confidence_IR
Solyc02g036280.3,Solyc02g036280.3.intron3,Solyc02g036280.3|SL4.0ch02:29165919-29166045:+,SL4.0ch02,29165919,29166045,+,Solyc02g036280.3.1,1,no,127,87,104,214,0.593457943925234,0.818897637795276,Solanum_lycopersicum,high_confidence_IR
Solyc02g038813.1,Solyc02g038813.1.intron1,Solyc02g038813.1|SL4.0ch02:30638902-30639021:+,SL4.0ch02,30638902,30639021,+,Solyc02g038813.1.1,1,no,74,38,61,112,0.660714285714286,0.824324324324324,Solanum_lycopersicum,high_confidence_IR
Solyc02g038816.1,Solyc02g038816.1.intron1,Solyc02g038816.1|SL4.0ch02:30658025-30659172:+,SL4.0ch02,30658025,30659172,+,Solyc02g038816.1.1,1,no,1189,4368,1189,5557,0.213964369263991,1,Solanum_lycopersicum,high_confidence_IR
Solyc02g061990.3,Solyc02g061990.3.intron1,Solyc02g061990.3|SL4.0ch02:31563174-31563442:+,SL4.0ch02,31563174,31563442,+,Solyc02g061990.3.1,1,no,31,35,26,66,0.46969696969697,0.838709677419355,Solanum_lycopersicum,high_confidence_IR
Solyc02g062370.4,Solyc02g062370.4.intron11,Solyc02g062370.4|SL4.0ch02:31985126-31985224:+,SL4.0ch02,31985126,31985224,+,Solyc02g062370.4.1,1,no,1542,122,1118,1664,0.926682692307692,0.72503242542153,Solanum_lycopersicum,high_confidence_IR
Solyc02g062410.2,Solyc02g062410.2.intron1,Solyc02g062410.2|SL4.0ch02:32010625-32010892:-,SL4.0ch02,32010625,32010892,-,Solyc02g062410.2.1,1,no,97,290,97,387,0.250645994832041,1,Solanum_lycopersicum,high_confidence_IR
Solyc02g062870.3,Solyc02g062870.3.intron1,Solyc02g062870.3|SL4.0ch02:32835985-32836072:+,SL4.0ch02,32835985,32836072,+,Solyc02g062870.3.1,1,no,58,16,58,74,0.783783783783784,1,Solanum_lycopersicum,high_confidence_IR
Solyc02g063160.4,Solyc02g063160.4.intron1,Solyc02g063160.4|SL4.0ch02:33263139-33263216:+,SL4.0ch02,33263139,33263216,+,Solyc02g063160.4.1,1,no,897,395,701,1292,0.694272445820433,0.78149386845039,Solanum_lycopersicum,high_confidence_IR
Solyc02g063180.4,Solyc02g063180.4.intron1,Solyc02g063180.4|SL4.0ch02:33273185-33273264:-,SL4.0ch02,33273185,33273264,-,Solyc02g063180.4.1,1,no,138,143,138,281,0.491103202846975,1,Solanum_lycopersicum,high_confidence_IR
Solyc02g063250.3,Solyc02g063250.3.intron1,Solyc02g063250.3|SL4.0ch02:33334374-33334486:+,SL4.0ch02,33334374,33334486,+,Solyc02g063250.3.1,1,no,99,366,77,465,0.212903225806452,0.777777777777778,Solanum_lycopersicum,high_confidence_IR
Solyc02g064775.1,Solyc02g064775.1.intron1,Solyc02g064775.1|SL4.0ch02:33918543-33918640:+,SL4.0ch02,33918543,33918640,+,Solyc02g064775.1.1,1,no,44,141,44,185,0.237837837837838,1,Solanum_lycopersicum,high_confidence_IR
Solyc02g065230.3,Solyc02g065230.3.intron1,Solyc02g065230.3|SL4.0ch02:34428010-34428091:+,SL4.0ch02,34428010,34428091,+,Solyc02g065230.3.1,1,no,56,71,56,127,0.440944881889764,1,Solanum_lycopersicum,high_confidence_IR
Solyc02g065420.3,Solyc02g065420.3.intron1,Solyc02g065420.3|SL4.0ch02:34609614-34611841:+,SL4.0ch02,34609614,34611841,+,Solyc02g065420.3.1,1,no,98,234,84,332,0.295180722891566,0.857142857142857,Solanum_lycopersicum,high_confidence_IR
Solyc02g065550.4,Solyc02g065550.4.intron1,Solyc02g065550.4|SL4.0ch02:34736829-34737563:-,SL4.0ch02,34736829,34737563,-,Solyc02g065550.4.1,1,no,1709,1559,1709,3268,0.522949816401469,1,Solanum_lycopersicum,high_confidence_IR
Solyc02g065760.3,Solyc02g065760.3.intron1,Solyc02g065760.3|SL4.0ch02:34941490-34941599:+,SL4.0ch02,34941490,34941599,+,Solyc02g065760.3.1,1,no,15,44,15,59,0.254237288135593,1,Solanum_lycopersicum,high_confidence_IR
Solyc02g067200.4,Solyc02g067200.4.intron1,Solyc02g067200.4|SL4.0ch02:35409036-35409224:-,SL4.0ch02,35409036,35409224,-,Solyc02g067200.4.1,1,no,182,13,182,195,0.933333333333333,1,Solanum_lycopersicum,high_confidence_IR
Solyc02g067210.3,Solyc02g067210.3.intron1,Solyc02g067210.3|SL4.0ch02:35420196-35421575:-,SL4.0ch02,35420196,35421575,-,Solyc02g067210.3.1,1,no,17,20,14,37,0.459459459459459,0.823529411764706,Solanum_lycopersicum,high_confidence_IR
Solyc02g067310.4,Solyc02g067310.4.intron1,Solyc02g067310.4|SL4.0ch02:35513271-35513359:+,SL4.0ch02,35513271,35513359,+,Solyc02g067310.4.1,1,no,1067,100,1067,1167,0.914310197086547,1,Solanum_lycopersicum,high_confidence_IR
Solyc02g067440.3,Solyc02g067440.3.intron3,Solyc02g067440.3|SL4.0ch02:35644554-35644807:-,SL4.0ch02,35644554,35644807,-,Solyc02g067440.3.1,1,no,989,1991,782,2980,0.331879194630873,0.790697674418605,Solanum_lycopersicum,high_confidence_IR
Solyc02g067520.4,Solyc02g067520.4.intron1,Solyc02g067520.4|SL4.0ch02:35706308-35706891:-,SL4.0ch02,35706308,35706891,-,Solyc02g067520.4.1,1,no,3247,726,3247,3973,0.817266549207148,1,Solanum_lycopersicum,high_confidence_IR
Solyc02g067655.1,Solyc02g067655.1.intron1,Solyc02g067655.1|SL4.0ch02:35803244-35804339:+,SL4.0ch02,35803244,35804339,+,Solyc02g067655.1.1,1,no,46,19,46,65,0.707692307692308,1,Solanum_lycopersicum,high_confidence_IR
Solyc02g067790.4,Solyc02g067790.4.intron2,Solyc02g067790.4|SL4.0ch02:35918470-35919101:+,SL4.0ch02,35918470,35919101,+,Solyc02g067790.4.1,1,no,5,8,5,13,0.384615384615385,1,Solanum_lycopersicum,high_confidence_IR
Solyc02g068040.3,Solyc02g068040.3.intron2,Solyc02g068040.3|SL4.0ch02:36100192-36104064:-,SL4.0ch02,36100192,36104064,-,Solyc02g068040.3.1,1,no,150,28,144,178,0.842696629213483,0.96,Solanum_lycopersicum,high_confidence_IR
Solyc02g068270.4,Solyc02g068270.4.intron3,Solyc02g068270.4|SL4.0ch02:36264342-36265295:-,SL4.0ch02,36264342,36265295,-,Solyc02g068270.4.1,1,no,655,16,586,671,0.976154992548435,0.894656488549618,Solanum_lycopersicum,high_confidence_IR
Solyc02g068290.2,Solyc02g068290.2.intron1,Solyc02g068290.2|SL4.0ch02:36282645-36285639:-,SL4.0ch02,36282645,36285639,-,Solyc02g068290.2.1,1,no,509,1525,509,2034,0.250245821042281,1,Solanum_lycopersicum,high_confidence_IR
Solyc02g068440.3,Solyc02g068440.3.intron4,Solyc02g068440.3|SL4.0ch02:36406415-36406654:-,SL4.0ch02,36406415,36406654,-,Solyc02g068440.3.1,1,no,1717,160,1233,1877,0.914757591901971,0.718112987769365,Solanum_lycopersicum,high_confidence_IR
Solyc02g068900.3,Solyc02g068900.3.intron1,Solyc02g068900.3|SL4.0ch02:36794843-36794889:+,SL4.0ch02,36794843,36794889,+,Solyc02g068900.3.1,1,no,140,123,107,263,0.532319391634981,0.764285714285714,Solanum_lycopersicum,high_confidence_IR
Solyc02g069060.4,Solyc02g069060.4.intron2,Solyc02g069060.4|SL4.0ch02:37049403-37049620:-,SL4.0ch02,37049403,37049620,-,Solyc02g069060.4.1,1,no,117,262,92,379,0.308707124010554,0.786324786324786,Solanum_lycopersicum,high_confidence_IR
Solyc02g069290.3,Solyc02g069290.3.intron4,Solyc02g069290.3|SL4.0ch02:37241318-37241399:-,SL4.0ch02,37241318,37241399,-,Solyc02g069290.3.1,1,no,1122,3345,882,4467,0.251175285426461,0.786096256684492,Solanum_lycopersicum,high_confidence_IR
Solyc02g069390.2,Solyc02g069390.2.intron1,Solyc02g069390.2|SL4.0ch02:37315707-37316638:-,SL4.0ch02,37315707,37316638,-,Solyc02g069390.2.1,1,no,32,44,32,76,0.421052631578947,1,Solanum_lycopersicum,high_confidence_IR
Solyc02g069400.3,Solyc02g069400.3.intron1,Solyc02g069400.3|SL4.0ch02:37319678-37319759:+,SL4.0ch02,37319678,37319759,+,Solyc02g069400.3.1,1,no,223,840,173,1063,0.209783631232361,0.775784753363229,Solanum_lycopersicum,high_confidence_IR
Solyc02g070380.1,Solyc02g070380.1.intron1,Solyc02g070380.1|SL4.0ch02:38133084-38133214:-,SL4.0ch02,38133084,38133214,-,Solyc02g070380.1.1,1,no,123,29,123,152,0.809210526315789,1,Solanum_lycopersicum,high_confidence_IR
Solyc02g070420.2,Solyc02g070420.2.intron1,Solyc02g070420.2|SL4.0ch02:38158005-38158073:-,SL4.0ch02,38158005,38158073,-,Solyc02g070420.2.1,1,no,458,7,387,465,0.98494623655914,0.844978165938865,Solanum_lycopersicum,high_confidence_IR
Solyc02g070780.4,Solyc02g070780.4.intron13,Solyc02g070780.4|SL4.0ch02:38402163-38402431:-,SL4.0ch02,38402163,38402431,-,Solyc02g070780.4.1,1,no,838,2780,764,3618,0.231619679380873,0.911694510739857,Solanum_lycopersicum,high_confidence_IR
Solyc02g071060.3,Solyc02g071060.3.intron1,Solyc02g071060.3|SL4.0ch02:38564326-38564414:-,SL4.0ch02,38564326,38564414,-,Solyc02g071060.3.1,1,no,147,129,147,276,0.532608695652174,1,Solanum_lycopersicum,high_confidence_IR
Solyc02g071170.3,Solyc02g071170.3.intron6,Solyc02g071170.3|SL4.0ch02:38674534-38674681:+,SL4.0ch02,38674534,38674681,+,Solyc02g071170.3.1,1,no,8116,188,7536,8304,0.977360308285164,0.928536224741252,Solanum_lycopersicum,high_confidence_IR
Solyc02g071200.4,Solyc02g071200.4.intron1,Solyc02g071200.4|SL4.0ch02:38696112-38696861:+,SL4.0ch02,38696112,38696861,+,Solyc02g071200.4.1,1,no,80,162,75,242,0.330578512396694,0.9375,Solanum_lycopersicum,high_confidence_IR
Solyc02g071410.3,Solyc02g071410.3.intron3,Solyc02g071410.3|SL4.0ch02:38887732-38887796:-,SL4.0ch02,38887732,38887796,-,Solyc02g071410.3.1,1,no,177,169,160,346,0.511560693641618,0.903954802259887,Solanum_lycopersicum,high_confidence_IR
Solyc02g072000.3,Solyc02g072000.3.intron1,Solyc02g072000.3|SL4.0ch02:39338586-39338776:+,SL4.0ch02,39338586,39338776,+,Solyc02g072000.3.1,1,no,311,522,280,833,0.373349339735894,0.90032154340836,Solanum_lycopersicum,high_confidence_IR
Solyc02g072440.4,Solyc02g072440.4.intron3,Solyc02g072440.4|SL4.0ch02:39657382-39657747:+,SL4.0ch02,39657382,39657747,+,Solyc02g072440.4.1,1,no,22,80,17,102,0.215686274509804,0.772727272727273,Solanum_lycopersicum,high_confidence_IR
Solyc02g076940.2,Solyc02g076940.2.intron1,Solyc02g076940.2|SL4.0ch02:40034515-40035987:+,SL4.0ch02,40034515,40035987,+,Solyc02g076940.2.1,1,no,12,19,11,31,0.387096774193548,0.916666666666667,Solanum_lycopersicum,high_confidence_IR
Solyc02g077050.3,Solyc02g077050.3.intron1,Solyc02g077050.3|SL4.0ch02:40108623-40108845:+,SL4.0ch02,40108623,40108845,+,Solyc02g077050.3.1,1,no,425,471,425,896,0.474330357142857,1,Solanum_lycopersicum,high_confidence_IR
Solyc02g077090.4,Solyc02g077090.4.intron1,Solyc02g077090.4|SL4.0ch02:40135267-40135385:-,SL4.0ch02,40135267,40135385,-,Solyc02g077090.4.1,1,no,735,7,653,742,0.990566037735849,0.88843537414966,Solanum_lycopersicum,high_confidence_IR
Solyc02g077100.3,Solyc02g077100.3.intron1,Solyc02g077100.3|SL4.0ch02:40152503-40152771:+,SL4.0ch02,40152503,40152771,+,Solyc02g077100.3.1,1,no,3031,1722,3031,4753,0.637702503681885,1,Solanum_lycopersicum,high_confidence_IR
Solyc02g077200.3,Solyc02g077200.3.intron1,Solyc02g077200.3|SL4.0ch02:40188882-40189242:-,SL4.0ch02,40188882,40189242,-,Solyc02g077200.3.1,1,no,15,10,15,25,0.6,1,Solanum_lycopersicum,high_confidence_IR
Solyc02g077430.4,Solyc02g077430.4.intron1,Solyc02g077430.4|SL4.0ch02:40364317-40364383:-,SL4.0ch02,40364317,40364383,-,Solyc02g077430.4.1,1,no,760,2632,760,3392,0.224056603773585,1,Solanum_lycopersicum,high_confidence_IR
Solyc02g077510.4,Solyc02g077510.4.intron1,Solyc02g077510.4|SL4.0ch02:40399987-40401033:+,SL4.0ch02,40399987,40401033,+,Solyc02g077510.4.1,1,no,3942,20,3023,3962,0.994952044422009,0.766869609335363,Solanum_lycopersicum,high_confidence_IR
Solyc02g077550.4,Solyc02g077550.4.intron1,Solyc02g077550.4|SL4.0ch02:40424856-40424996:+,SL4.0ch02,40424856,40424996,+,Solyc02g077550.4.1,1,no,32,87,32,119,0.26890756302521,1,Solanum_lycopersicum,high_confidence_IR
Solyc02g077980.3,Solyc02g077980.3.intron1,Solyc02g077980.3|SL4.0ch02:40780360-40780576:-,SL4.0ch02,40780360,40780576,-,Solyc02g077980.3.1,1,no,97,34,97,131,0.740458015267176,1,Solanum_lycopersicum,high_confidence_IR
Solyc02g078170.3,Solyc02g078170.3.intron1,Solyc02g078170.3|SL4.0ch02:40922947-40923061:-,SL4.0ch02,40922947,40923061,-,Solyc02g078170.3.1,1,no,343,83,343,426,0.805164319248826,1,Solanum_lycopersicum,high_confidence_IR
Solyc02g078210.3,Solyc02g078210.3.intron1,Solyc02g078210.3|SL4.0ch02:40950516-40950561:+,SL4.0ch02,40950516,40950561,+,Solyc02g078210.3.1,1,no,4580,39,4097,4619,0.991556613985711,0.894541484716157,Solanum_lycopersicum,high_confidence_IR
Solyc02g078240.4,Solyc02g078240.4.intron4,Solyc02g078240.4|SL4.0ch02:40979831-40980003:+,SL4.0ch02,40979831,40980003,+,Solyc02g078240.4.1,1,no,586,675,419,1261,0.464710547184774,0.715017064846416,Solanum_lycopersicum,high_confidence_IR
Solyc02g078260.3,Solyc02g078260.3.intron19,Solyc02g078260.3|SL4.0ch02:40996649-40996761:+,SL4.0ch02,40996649,40996761,+,Solyc02g078260.3.1,1,no,4676,28,4255,4704,0.994047619047619,0.909965782720274,Solanum_lycopersicum,high_confidence_IR
Solyc02g078285.1,Solyc02g078285.1.intron4,Solyc02g078285.1|SL4.0ch02:41010309-41018030:-,SL4.0ch02,41010309,41018030,-,Solyc02g078285.1.1,1,no,109,29,92,138,0.789855072463768,0.844036697247706,Solanum_lycopersicum,high_confidence_IR
Solyc02g078330.3,Solyc02g078330.3.intron2,Solyc02g078330.3|SL4.0ch02:41040409-41040842:-,SL4.0ch02,41040409,41040842,-,Solyc02g078330.3.1,1,no,76,93,74,169,0.449704142011834,0.973684210526316,Solanum_lycopersicum,high_confidence_IR
Solyc02g078390.3,Solyc02g078390.3.intron1,Solyc02g078390.3|SL4.0ch02:41074171-41074945:-,SL4.0ch02,41074171,41074945,-,Solyc02g078390.3.1,1,no,235,810,184,1045,0.22488038277512,0.782978723404255,Solanum_lycopersicum,high_confidence_IR
Solyc02g078470.4,Solyc02g078470.4.intron1,Solyc02g078470.4|SL4.0ch02:41121736-41123656:+,SL4.0ch02,41121736,41123656,+,Solyc02g078470.4.1,1,no,772,579,729,1351,0.571428571428571,0.944300518134715,Solanum_lycopersicum,high_confidence_IR
Solyc02g078490.3,Solyc02g078490.3.intron1,Solyc02g078490.3|SL4.0ch02:41142195-41143991:+,SL4.0ch02,41142195,41143991,+,Solyc02g078490.3.1,1,no,249,278,188,527,0.472485768500949,0.755020080321285,Solanum_lycopersicum,high_confidence_IR
Solyc02g078500.2,Solyc02g078500.2.intron4,Solyc02g078500.2|SL4.0ch02:41151099-41151505:+,SL4.0ch02,41151099,41151505,+,Solyc02g078500.2.1,1,no,124,207,100,331,0.374622356495468,0.806451612903226,Solanum_lycopersicum,high_confidence_IR
Solyc02g078630.2,Solyc02g078630.2.intron1,Solyc02g078630.2|SL4.0ch02:41261919-41262102:-,SL4.0ch02,41261919,41262102,-,Solyc02g078630.2.1,1,no,197,55,172,252,0.781746031746032,0.873096446700508,Solanum_lycopersicum,high_confidence_IR
Solyc02g078740.4,Solyc02g078740.4.intron1,Solyc02g078740.4|SL4.0ch02:41378714-41378949:-,SL4.0ch02,41378714,41378949,-,Solyc02g078740.4.1,1,no,148,130,148,278,0.532374100719424,1,Solanum_lycopersicum,high_confidence_IR
Solyc02g078820.3,Solyc02g078820.3.intron1,Solyc02g078820.3|SL4.0ch02:41459187-41459414:+,SL4.0ch02,41459187,41459414,+,Solyc02g078820.3.1,1,no,782,124,604,906,0.863134657836645,0.772378516624041,Solanum_lycopersicum,high_confidence_IR
Solyc02g078980.3,Solyc02g078980.3.intron1,Solyc02g078980.3|SL4.0ch02:41572704-41572802:-,SL4.0ch02,41572704,41572802,-,Solyc02g078980.3.1,1,no,334,681,334,1015,0.329064039408867,1,Solanum_lycopersicum,high_confidence_IR
Solyc02g079180.1,Solyc02g079180.1.intron1,Solyc02g079180.1|SL4.0ch02:41772014-41772104:-,SL4.0ch02,41772014,41772104,-,Solyc02g079180.1.1,1,no,22,18,22,40,0.55,1,Solanum_lycopersicum,high_confidence_IR
Solyc02g079250.4,Solyc02g079250.4.intron1,Solyc02g079250.4|SL4.0ch02:41836980-41837054:+,SL4.0ch02,41836980,41837054,+,Solyc02g079250.4.1,1,no,465,16,334,481,0.966735966735967,0.718279569892473,Solanum_lycopersicum,high_confidence_IR
Solyc02g079340.3,Solyc02g079340.3.intron3,Solyc02g079340.3|SL4.0ch02:41922641-41922931:-,SL4.0ch02,41922641,41922931,-,Solyc02g079340.3.1,1,no,951,17,828,968,0.982438016528926,0.870662460567823,Solanum_lycopersicum,high_confidence_IR
Solyc02g079790.3,Solyc02g079790.3.intron1,Solyc02g079790.3|SL4.0ch02:42219853-42220077:+,SL4.0ch02,42219853,42220077,+,Solyc02g079790.3.1,1,no,802,787,802,1589,0.50471994965387,1,Solanum_lycopersicum,high_confidence_IR
Solyc02g079810.3,Solyc02g079810.3.intron1,Solyc02g079810.3|SL4.0ch02:42223891-42223987:-,SL4.0ch02,42223891,42223987,-,Solyc02g079810.3.1,1,no,205,371,162,576,0.355902777777778,0.790243902439024,Solanum_lycopersicum,high_confidence_IR
Solyc02g080430.3,Solyc02g080430.3.intron1,Solyc02g080430.3|SL4.0ch02:42636095-42636170:-,SL4.0ch02,42636095,42636170,-,Solyc02g080430.3.1,1,no,2048,1701,1916,3749,0.546279007735396,0.935546875,Solanum_lycopersicum,high_confidence_IR
Solyc02g080910.4,Solyc02g080910.4.intron7,Solyc02g080910.4|SL4.0ch02:42996626-42996714:-,SL4.0ch02,42996626,42996714,-,Solyc02g080910.4.1,1,no,91,18,88,109,0.834862385321101,0.967032967032967,Solanum_lycopersicum,high_confidence_IR
Solyc02g080970.4,Solyc02g080970.4.intron1,Solyc02g080970.4|SL4.0ch02:43029993-43030111:-,SL4.0ch02,43029993,43030111,-,Solyc02g080970.4.1,1,no,519,7,379,526,0.986692015209126,0.730250481695568,Solanum_lycopersicum,high_confidence_IR
Solyc02g081330.4,Solyc02g081330.4.intron1,Solyc02g081330.4|SL4.0ch02:43321667-43321819:+,SL4.0ch02,43321667,43321819,+,Solyc02g081330.4.1,1,no,884,941,728,1825,0.484383561643836,0.823529411764706,Solanum_lycopersicum,high_confidence_IR
Solyc02g081470.4,Solyc02g081470.4.intron1,Solyc02g081470.4|SL4.0ch02:43416950-43417509:-,SL4.0ch02,43416950,43417509,-,Solyc02g081470.4.1,1,no,21,6,21,27,0.777777777777778,1,Solanum_lycopersicum,high_confidence_IR
Solyc02g081540.2,Solyc02g081540.2.intron1,Solyc02g081540.2|SL4.0ch02:43451862-43451935:-,SL4.0ch02,43451862,43451935,-,Solyc02g081540.2.1,1,no,29,53,29,82,0.353658536585366,1,Solanum_lycopersicum,high_confidence_IR
Solyc02g081620.3,Solyc02g081620.3.intron6,Solyc02g081620.3|SL4.0ch02:43500462-43501160:+,SL4.0ch02,43500462,43501160,+,Solyc02g081620.3.1,1,no,2014,1904,1882,3918,0.514037774374681,0.934458788480636,Solanum_lycopersicum,high_confidence_IR
Solyc02g081740.2,Solyc02g081740.2.intron1,Solyc02g081740.2|SL4.0ch02:43561481-43561577:-,SL4.0ch02,43561481,43561577,-,Solyc02g081740.2.1,1,no,13,26,13,39,0.333333333333333,1,Solanum_lycopersicum,high_confidence_IR
Solyc02g081960.3,Solyc02g081960.3.intron3,Solyc02g081960.3|SL4.0ch02:43706852-43707017:+,SL4.0ch02,43706852,43707017,+,Solyc02g081960.3.1,1,no,476,632,375,1108,0.429602888086643,0.78781512605042,Solanum_lycopersicum,high_confidence_IR
Solyc02g082210.4,Solyc02g082210.4.intron2,Solyc02g082210.4|SL4.0ch02:43895741-43896158:-,SL4.0ch02,43895741,43896158,-,Solyc02g082210.4.1,1,no,494,213,363,707,0.698727015558699,0.734817813765182,Solanum_lycopersicum,high_confidence_IR
Solyc02g082220.3,Solyc02g082220.3.intron13,Solyc02g082220.3|SL4.0ch02:43911878-43912143:+,SL4.0ch02,43911878,43912143,+,Solyc02g082220.3.1,1,no,2484,22,2165,2506,0.99122106943336,0.871578099838969,Solanum_lycopersicum,high_confidence_IR
Solyc02g082480.3,Solyc02g082480.3.intron1,Solyc02g082480.3|SL4.0ch02:44182709-44182887:-,SL4.0ch02,44182709,44182887,-,Solyc02g082480.3.1,1,no,565,118,486,683,0.827232796486091,0.860176991150442,Solanum_lycopersicum,high_confidence_IR
Solyc02g082637.1,Solyc02g082637.1.intron2,Solyc02g082637.1|SL4.0ch02:44287713-44288422:+,SL4.0ch02,44287713,44288422,+,Solyc02g082637.1.1,1,no,30,10,22,40,0.75,0.733333333333333,Solanum_lycopersicum,high_confidence_IR
Solyc02g082680.4,Solyc02g082680.4.intron1,Solyc02g082680.4|SL4.0ch02:44328274-44329301:-,SL4.0ch02,44328274,44329301,-,Solyc02g082680.4.1,1,no,112,399,88,511,0.219178082191781,0.785714285714286,Solanum_lycopersicum,high_confidence_IR
Solyc02g083130.4,Solyc02g083130.4.intron7,Solyc02g083130.4|SL4.0ch02:44642112-44642204:+,SL4.0ch02,44642112,44642204,+,Solyc02g083130.4.1,1,no,2632,14,2437,2646,0.994708994708995,0.925911854103343,Solanum_lycopersicum,high_confidence_IR
Solyc02g083370.1,Solyc02g083370.1.intron1,Solyc02g083370.1|SL4.0ch02:44805246-44805409:+,SL4.0ch02,44805246,44805409,+,Solyc02g083370.1.1,1,no,107,7,107,114,0.93859649122807,1,Solanum_lycopersicum,high_confidence_IR
Solyc02g083730.4,Solyc02g083730.4.intron1,Solyc02g083730.4|SL4.0ch02:45027129-45027232:-,SL4.0ch02,45027129,45027232,-,Solyc02g083730.4.1,1,no,117,266,99,383,0.305483028720627,0.846153846153846,Solanum_lycopersicum,high_confidence_IR
Solyc02g083900.3,Solyc02g083900.3.intron22,Solyc02g083900.3|SL4.0ch02:45152151-45152712:-,SL4.0ch02,45152151,45152712,-,Solyc02g083900.3.1,1,no,6,8,5,14,0.428571428571429,0.833333333333333,Solanum_lycopersicum,high_confidence_IR
Solyc02g084177.1,Solyc02g084177.1.intron1,Solyc02g084177.1|SL4.0ch02:45365996-45367292:-,SL4.0ch02,45365996,45367292,-,Solyc02g084177.1.1,1,no,68,47,68,115,0.591304347826087,1,Solanum_lycopersicum,high_confidence_IR
Solyc02g084190.3,Solyc02g084190.3.intron1,Solyc02g084190.3|SL4.0ch02:45371047-45371434:-,SL4.0ch02,45371047,45371434,-,Solyc02g084190.3.1,1,no,58,34,58,92,0.630434782608696,1,Solanum_lycopersicum,high_confidence_IR
Solyc02g150138.1,Solyc02g150138.1.intron1,Solyc02g150138.1|SL4.0ch02:45429713-45429790:-,SL4.0ch02,45429713,45429790,-,Solyc02g150138.1.1,1,no,7,10,7,17,0.411764705882353,1,Solanum_lycopersicum,high_confidence_IR
Solyc02g084730.3,Solyc02g084730.3.intron1,Solyc02g084730.3|SL4.0ch02:45853386-45853804:+,SL4.0ch02,45853386,45853804,+,Solyc02g084730.3.1,1,no,31,116,31,147,0.210884353741497,1,Solanum_lycopersicum,high_confidence_IR
Solyc02g084830.4,Solyc02g084830.4.intron1,Solyc02g084830.4|SL4.0ch02:45932020-45932118:+,SL4.0ch02,45932020,45932118,+,Solyc02g084830.4.1,1,no,514,7,514,521,0.986564299424184,1,Solanum_lycopersicum,high_confidence_IR
Solyc02g085005.1,Solyc02g085005.1.intron1,Solyc02g085005.1|SL4.0ch02:46054157-46054487:-,SL4.0ch02,46054157,46054487,-,Solyc02g085005.1.1,1,no,26,17,26,43,0.604651162790698,1,Solanum_lycopersicum,high_confidence_IR
Solyc02g085490.2,Solyc02g085490.2.intron1,Solyc02g085490.2|SL4.0ch02:46372932-46372998:-,SL4.0ch02,46372932,46372998,-,Solyc02g085490.2.1,1,no,319,236,275,555,0.574774774774775,0.862068965517241,Solanum_lycopersicum,high_confidence_IR
Solyc02g085570.4,Solyc02g085570.4.intron4,Solyc02g085570.4|SL4.0ch02:46415962-46416570:+,SL4.0ch02,46415962,46416570,+,Solyc02g085570.4.1,1,no,741,1872,570,2613,0.283582089552239,0.769230769230769,Solanum_lycopersicum,high_confidence_IR
Solyc02g085580.4,Solyc02g085580.4.intron1,Solyc02g085580.4|SL4.0ch02:46424692-46424810:+,SL4.0ch02,46424692,46424810,+,Solyc02g085580.4.1,1,no,532,230,454,762,0.698162729658793,0.853383458646617,Solanum_lycopersicum,high_confidence_IR
Solyc02g085670.3,Solyc02g085670.3.intron2,Solyc02g085670.3|SL4.0ch02:46512273-46512370:+,SL4.0ch02,46512273,46512370,+,Solyc02g085670.3.1,1,no,368,900,313,1268,0.290220820189274,0.85054347826087,Solanum_lycopersicum,high_confidence_IR
Solyc02g086350.3,Solyc02g086350.3.intron1,Solyc02g086350.3|SL4.0ch02:47033965-47034036:+,SL4.0ch02,47033965,47034036,+,Solyc02g086350.3.1,1,no,289,900,289,1189,0.243061396131203,1,Solanum_lycopersicum,high_confidence_IR
Solyc02g086440.4,Solyc02g086440.4.intron1,Solyc02g086440.4|SL4.0ch02:47120304-47122028:+,SL4.0ch02,47120304,47122028,+,Solyc02g086440.4.1,1,no,288,20,288,308,0.935064935064935,1,Solanum_lycopersicum,high_confidence_IR
Solyc02g086490.3,Solyc02g086490.3.intron1,Solyc02g086490.3|SL4.0ch02:47178269-47178336:+,SL4.0ch02,47178269,47178336,+,Solyc02g086490.3.1,1,no,19,75,19,94,0.202127659574468,1,Solanum_lycopersicum,high_confidence_IR
Solyc02g086910.4,Solyc02g086910.4.intron3,Solyc02g086910.4|SL4.0ch02:47514204-47514856:-,SL4.0ch02,47514204,47514856,-,Solyc02g086910.4.1,1,no,1864,5156,1386,7020,0.265527065527066,0.743562231759657,Solanum_lycopersicum,high_confidence_IR
Solyc02g087120.4,Solyc02g087120.4.intron2,Solyc02g087120.4|SL4.0ch02:47637801-47638755:-,SL4.0ch02,47637801,47638755,-,Solyc02g087120.4.1,1,no,21,48,21,69,0.304347826086957,1,Solanum_lycopersicum,high_confidence_IR
Solyc02g087220.4,Solyc02g087220.4.intron8,Solyc02g087220.4|SL4.0ch02:47687269-47687355:-,SL4.0ch02,47687269,47687355,-,Solyc02g087220.4.1,1,no,14490,5,14460,14495,0.999655053466713,0.997929606625259,Solanum_lycopersicum,high_confidence_IR
Solyc02g087430.4,Solyc02g087430.4.intron6,Solyc02g087430.4|SL4.0ch02:47913946-47914054:-,SL4.0ch02,47913946,47914054,-,Solyc02g087430.4.1,1,no,2703,11,1903,2714,0.995946941783346,0.704032556418794,Solanum_lycopersicum,high_confidence_IR
Solyc02g087600.3,Solyc02g087600.3.intron2,Solyc02g087600.3|SL4.0ch02:48013850-48013982:+,SL4.0ch02,48013850,48013982,+,Solyc02g087600.3.1,1,no,581,560,553,1141,0.50920245398773,0.951807228915663,Solanum_lycopersicum,high_confidence_IR
Solyc02g088600.4,Solyc02g088600.4.intron3,Solyc02g088600.4|SL4.0ch02:48691316-48691443:+,SL4.0ch02,48691316,48691443,+,Solyc02g088600.4.1,1,no,785,536,636,1321,0.594246782740348,0.810191082802548,Solanum_lycopersicum,high_confidence_IR
Solyc02g088930.4,Solyc02g088930.4.intron1,Solyc02g088930.4|SL4.0ch02:48899471-48903280:+,SL4.0ch02,48899471,48903280,+,Solyc02g088930.4.1,1,no,7726,24,7726,7750,0.996903225806452,1,Solanum_lycopersicum,high_confidence_IR
Solyc02g088950.3,Solyc02g088950.3.intron1,Solyc02g088950.3|SL4.0ch02:48919370-48920730:+,SL4.0ch02,48919370,48920730,+,Solyc02g088950.3.1,1,no,49,36,49,85,0.576470588235294,1,Solanum_lycopersicum,high_confidence_IR
Solyc02g088980.3,Solyc02g088980.3.intron1,Solyc02g088980.3|SL4.0ch02:48946655-48948168:+,SL4.0ch02,48946655,48948168,+,Solyc02g088980.3.1,1,no,19,5,19,24,0.791666666666667,1,Solanum_lycopersicum,high_confidence_IR
Solyc02g089130.4,Solyc02g089130.4.intron5,Solyc02g089130.4|SL4.0ch02:49058747-49058854:-,SL4.0ch02,49058747,49058854,-,Solyc02g089130.4.1,1,no,370,480,303,850,0.435294117647059,0.818918918918919,Solanum_lycopersicum,high_confidence_IR
Solyc02g089175.2,Solyc02g089175.2.intron12,Solyc02g089175.2|SL4.0ch02:49099898-49100000:-,SL4.0ch02,49099898,49100000,-,Solyc02g089175.2.1,1,no,3006,565,2712,3571,0.841781013721647,0.902195608782435,Solanum_lycopersicum,high_confidence_IR
Solyc02g089270.1,Solyc02g089270.1.intron1,Solyc02g089270.1|SL4.0ch02:49197263-49197631:-,SL4.0ch02,49197263,49197631,-,Solyc02g089270.1.1,1,no,676,7,676,683,0.989751098096633,1,Solanum_lycopersicum,high_confidence_IR
Solyc02g089490.4,Solyc02g089490.4.intron1,Solyc02g089490.4|SL4.0ch02:49349608-49350053:+,SL4.0ch02,49349608,49350053,+,Solyc02g089490.4.1,1,no,61,17,61,78,0.782051282051282,1,Solanum_lycopersicum,high_confidence_IR
Solyc02g089500.4,Solyc02g089500.4.intron1,Solyc02g089500.4|SL4.0ch02:49351927-49352093:-,SL4.0ch02,49351927,49352093,-,Solyc02g089500.4.1,1,no,124,20,124,144,0.861111111111111,1,Solanum_lycopersicum,high_confidence_IR
Solyc02g089840.3,Solyc02g089840.3.intron1,Solyc02g089840.3|SL4.0ch02:49594032-49594268:+,SL4.0ch02,49594032,49594268,+,Solyc02g089840.3.1,1,no,321,647,321,968,0.331611570247934,1,Solanum_lycopersicum,high_confidence_IR
Solyc02g089930.4,Solyc02g089930.4.intron1,Solyc02g089930.4|SL4.0ch02:49648404-49649245:-,SL4.0ch02,49648404,49649245,-,Solyc02g089930.4.1,1,no,229,30,177,259,0.884169884169884,0.77292576419214,Solanum_lycopersicum,high_confidence_IR
Solyc02g090060.1,Solyc02g090060.1.intron1,Solyc02g090060.1|SL4.0ch02:49753111-49754413:-,SL4.0ch02,49753111,49754413,-,Solyc02g090060.1.1,1,no,415,21,415,436,0.951834862385321,1,Solanum_lycopersicum,high_confidence_IR
Solyc02g090560.3,Solyc02g090560.3.intron1,Solyc02g090560.3|SL4.0ch02:50138993-50139084:-,SL4.0ch02,50138993,50139084,-,Solyc02g090560.3.1,1,no,93,285,93,378,0.246031746031746,1,Solanum_lycopersicum,high_confidence_IR
Solyc02g090900.3,Solyc02g090900.3.intron1,Solyc02g090900.3|SL4.0ch02:50422265-50422939:+,SL4.0ch02,50422265,50422939,+,Solyc02g090900.3.1,1,no,187,709,134,896,0.208705357142857,0.716577540106952,Solanum_lycopersicum,high_confidence_IR
Solyc02g090930.3,Solyc02g090930.3.intron3,Solyc02g090930.3|SL4.0ch02:50439232-50441126:-,SL4.0ch02,50439232,50441126,-,Solyc02g090930.3.1,1,no,902,3155,789,4057,0.222331772245502,0.874722838137472,Solanum_lycopersicum,high_confidence_IR
Solyc02g090940.3,Solyc02g090940.3.intron4,Solyc02g090940.3|SL4.0ch02:50444164-50444239:-,SL4.0ch02,50444164,50444239,-,Solyc02g090940.3.1,1,no,169,640,140,809,0.208899876390606,0.828402366863905,Solanum_lycopersicum,high_confidence_IR
Solyc02g091310.2,Solyc02g091310.2.intron1,Solyc02g091310.2|SL4.0ch02:50680703-50680799:+,SL4.0ch02,50680703,50680799,+,Solyc02g091310.2.1,1,no,8,8,8,16,0.5,1,Solanum_lycopersicum,high_confidence_IR
Solyc02g091370.2,Solyc02g091370.2.intron1,Solyc02g091370.2|SL4.0ch02:50722724-50722800:+,SL4.0ch02,50722724,50722800,+,Solyc02g091370.2.1,1,no,150,402,150,552,0.271739130434783,1,Solanum_lycopersicum,high_confidence_IR
Solyc02g091430.4,Solyc02g091430.4.intron2,Solyc02g091430.4|SL4.0ch02:50757547-50757651:-,SL4.0ch02,50757547,50757651,-,Solyc02g091430.4.1,1,no,1417,35,1248,1452,0.975895316804408,0.880733944954128,Solanum_lycopersicum,high_confidence_IR
Solyc02g091560.3,Solyc02g091560.3.intron16,Solyc02g091560.3|SL4.0ch02:50867234-50867604:+,SL4.0ch02,50867234,50867604,+,Solyc02g091560.3.1,1,no,46221,83554,33365,129775,0.356162589096513,0.721858029899829,Solanum_lycopersicum,high_confidence_IR
Solyc02g091690.3,Solyc02g091690.3.intron1,Solyc02g091690.3|SL4.0ch02:50965908-50965967:+,SL4.0ch02,50965908,50965967,+,Solyc02g091690.3.1,1,no,681,792,547,1473,0.462321792260692,0.803230543318649,Solanum_lycopersicum,high_confidence_IR
Solyc02g091710.3,Solyc02g091710.3.intron1,Solyc02g091710.3|SL4.0ch02:50995875-50995996:+,SL4.0ch02,50995875,50995996,+,Solyc02g091710.3.1,1,no,1239,526,1239,1765,0.701983002832861,1,Solanum_lycopersicum,high_confidence_IR
Solyc02g091800.4,Solyc02g091800.4.intron1,Solyc02g091800.4|SL4.0ch02:51050810-51050883:+,SL4.0ch02,51050810,51050883,+,Solyc02g091800.4.1,1,no,98,318,83,416,0.235576923076923,0.846938775510204,Solanum_lycopersicum,high_confidence_IR
Solyc02g091910.2,Solyc02g091910.2.intron2,Solyc02g091910.2|SL4.0ch02:51160797-51160865:-,SL4.0ch02,51160797,51160865,-,Solyc02g091910.2.1,1,no,13,51,10,64,0.203125,0.769230769230769,Solanum_lycopersicum,high_confidence_IR
Solyc02g092360.3,Solyc02g092360.3.intron1,Solyc02g092360.3|SL4.0ch02:51483530-51483678:+,SL4.0ch02,51483530,51483678,+,Solyc02g092360.3.1,1,no,1160,87,943,1247,0.930232558139535,0.812931034482759,Solanum_lycopersicum,high_confidence_IR
Solyc02g092525.1,Solyc02g092525.1.intron1,Solyc02g092525.1|SL4.0ch02:51641298-51641428:+,SL4.0ch02,51641298,51641428,+,Solyc02g092525.1.1,1,no,92,73,92,165,0.557575757575758,1,Solanum_lycopersicum,high_confidence_IR
Solyc02g092650.3,Solyc02g092650.3.intron2,Solyc02g092650.3|SL4.0ch02:51718146-51718943:-,SL4.0ch02,51718146,51718943,-,Solyc02g092650.3.1,1,no,391,974,339,1365,0.286446886446886,0.867007672634271,Solanum_lycopersicum,high_confidence_IR
Solyc02g093160.3,Solyc02g093160.3.intron1,Solyc02g093160.3|SL4.0ch02:52156918-52157031:+,SL4.0ch02,52156918,52157031,+,Solyc02g093160.3.1,1,no,601,1213,514,1814,0.331312017640573,0.855241264559068,Solanum_lycopersicum,high_confidence_IR
Solyc02g093525.1,Solyc02g093525.1.intron1,Solyc02g093525.1|SL4.0ch02:52423486-52423571:+,SL4.0ch02,52423486,52423571,+,Solyc02g093525.1.1,1,no,165,530,165,695,0.237410071942446,1,Solanum_lycopersicum,high_confidence_IR
Solyc02g093550.3,Solyc02g093550.3.intron1,Solyc02g093550.3|SL4.0ch02:52438667-52438734:+,SL4.0ch02,52438667,52438734,+,Solyc02g093550.3.1,1,no,324,886,288,1210,0.267768595041322,0.888888888888889,Solanum_lycopersicum,high_confidence_IR
Solyc02g093600.3,Solyc02g093600.3.intron1,Solyc02g093600.3|SL4.0ch02:52458250-52458495:+,SL4.0ch02,52458250,52458495,+,Solyc02g093600.3.1,1,no,275,1055,275,1330,0.206766917293233,1,Solanum_lycopersicum,high_confidence_IR
Solyc02g093800.3,Solyc02g093800.3.intron2,Solyc02g093800.3|SL4.0ch02:52608447-52608767:-,SL4.0ch02,52608447,52608767,-,Solyc02g093800.3.1,1,no,541,526,453,1067,0.507029053420806,0.837338262476895,Solanum_lycopersicum,high_confidence_IR
Solyc02g093810.3,Solyc02g093810.3.intron13,Solyc02g093810.3|SL4.0ch02:52611147-52611223:-,SL4.0ch02,52611147,52611223,-,Solyc02g093810.3.1,1,no,1111,142,834,1253,0.886671987230646,0.750675067506751,Solanum_lycopersicum,high_confidence_IR
Solyc02g093820.4,Solyc02g093820.4.intron7,Solyc02g093820.4|SL4.0ch02:52627201-52627284:+,SL4.0ch02,52627201,52627284,+,Solyc02g093820.4.1,1,no,6198,31,5302,6229,0.995023278214802,0.855437237818651,Solanum_lycopersicum,high_confidence_IR
Solyc02g093880.3,Solyc02g093880.3.intron1,Solyc02g093880.3|SL4.0ch02:52674268-52674392:-,SL4.0ch02,52674268,52674392,-,Solyc02g093880.3.1,1,no,2392,694,1718,3086,0.775113415424498,0.718227424749164,Solanum_lycopersicum,high_confidence_IR
Solyc02g094010.2,Solyc02g094010.2.intron1,Solyc02g094010.2|SL4.0ch02:52760415-52760485:-,SL4.0ch02,52760415,52760485,-,Solyc02g094010.2.1,1,no,8,21,8,29,0.275862068965517,1,Solanum_lycopersicum,high_confidence_IR
Solyc02g094090.4,Solyc02g094090.4.intron1,Solyc02g094090.4|SL4.0ch02:52821712-52824746:-,SL4.0ch02,52821712,52824746,-,Solyc02g094090.4.1,1,no,1668,3865,1288,5533,0.301463943611061,0.772182254196643,Solanum_lycopersicum,high_confidence_IR
Solyc02g150150.1,Solyc02g150150.1.intron1,Solyc02g150150.1|SL4.0ch02:52936767-52937856:+,SL4.0ch02,52936767,52937856,+,Solyc02g150150.1.1,1,no,253,678,253,931,0.271750805585392,1,Solanum_lycopersicum,high_confidence_IR
Solyc02g094330.3,Solyc02g094330.3.intron1,Solyc02g094330.3|SL4.0ch02:52981097-52981302:-,SL4.0ch02,52981097,52981302,-,Solyc02g094330.3.1,1,no,338,8,307,346,0.976878612716763,0.908284023668639,Solanum_lycopersicum,high_confidence_IR
Solyc02g094360.3,Solyc02g094360.3.intron1,Solyc02g094360.3|SL4.0ch02:53005296-53006517:-,SL4.0ch02,53005296,53006517,-,Solyc02g094360.3.1,1,no,606,676,505,1282,0.472698907956318,0.833333333333333,Solanum_lycopersicum,high_confidence_IR
Solyc02g094410.4,Solyc02g094410.4.intron10,Solyc02g094410.4|SL4.0ch02:53039900-53040255:+,SL4.0ch02,53039900,53040255,+,Solyc02g094410.4.1,1,no,460,1520,345,1980,0.232323232323232,0.75,Solanum_lycopersicum,high_confidence_IR
Solyc02g094510.4,Solyc02g094510.4.intron3,Solyc02g094510.4|SL4.0ch02:53124870-53125580:-,SL4.0ch02,53124870,53125580,-,Solyc02g094510.4.1,1,no,4328,18,3588,4346,0.995858260469397,0.82902033271719,Solanum_lycopersicum,high_confidence_IR
Solyc03g005650.1,Solyc03g005650.1.intron1,Solyc03g005650.1|SL4.0ch03:471444-471529:-,SL4.0ch03,471444,471529,-,Solyc03g005650.1.1,1,no,143,251,143,394,0.362944162436548,1,Solanum_lycopersicum,high_confidence_IR
Solyc03g005970.4,Solyc03g005970.4.intron2,Solyc03g005970.4|SL4.0ch03:660121-660524:-,SL4.0ch03,660121,660524,-,Solyc03g005970.4.1,1,no,42,91,35,133,0.315789473684211,0.833333333333333,Solanum_lycopersicum,high_confidence_IR
Solyc03g006170.4,Solyc03g006170.4.intron1,Solyc03g006170.4|SL4.0ch03:840423-840823:-,SL4.0ch03,840423,840823,-,Solyc03g006170.4.1,1,no,832,14,832,846,0.983451536643026,1,Solanum_lycopersicum,high_confidence_IR
Solyc03g006860.3,Solyc03g006860.3.intron7,Solyc03g006860.3|SL4.0ch03:1410108-1410218:-,SL4.0ch03,1410108,1410218,-,Solyc03g006860.3.1,1,no,2362,133,1948,2495,0.946693386773547,0.824724809483489,Solanum_lycopersicum,high_confidence_IR
Solyc03g006890.3,Solyc03g006890.3.intron1,Solyc03g006890.3|SL4.0ch03:1459886-1460066:+,SL4.0ch03,1459886,1460066,+,Solyc03g006890.3.1,1,no,124,99,102,223,0.556053811659193,0.82258064516129,Solanum_lycopersicum,high_confidence_IR
Solyc03g007440.4,Solyc03g007440.4.intron2,Solyc03g007440.4|SL4.0ch03:2019434-2019670:+,SL4.0ch03,2019434,2019670,+,Solyc03g007440.4.1,1,no,3507,20,3410,3527,0.994329458463283,0.972341032221272,Solanum_lycopersicum,high_confidence_IR
Solyc03g007600.3,Solyc03g007600.3.intron1,Solyc03g007600.3|SL4.0ch03:2170939-2171234:+,SL4.0ch03,2170939,2171234,+,Solyc03g007600.3.1,1,no,5288,102,4996,5390,0.981076066790353,0.944780635400908,Solanum_lycopersicum,high_confidence_IR
Solyc03g007680.3,Solyc03g007680.3.intron1,Solyc03g007680.3|SL4.0ch03:2234539-2234693:+,SL4.0ch03,2234539,2234693,+,Solyc03g007680.3.1,1,no,3130,275,2819,3405,0.919236417033774,0.900638977635783,Solanum_lycopersicum,high_confidence_IR
Solyc03g007930.4,Solyc03g007930.4.intron3,Solyc03g007930.4|SL4.0ch03:2458593-2458679:+,SL4.0ch03,2458593,2458679,+,Solyc03g007930.4.1,1,no,207,43,190,250,0.828,0.917874396135266,Solanum_lycopersicum,high_confidence_IR
Solyc03g007950.3,Solyc03g007950.3.intron1,Solyc03g007950.3|SL4.0ch03:2466456-2466569:-,SL4.0ch03,2466456,2466569,-,Solyc03g007950.3.1,1,no,96,230,76,326,0.294478527607362,0.791666666666667,Solanum_lycopersicum,high_confidence_IR
Solyc03g025117.1,Solyc03g025117.1.intron1,Solyc03g025117.1|SL4.0ch03:2560229-2560351:-,SL4.0ch03,2560229,2560351,-,Solyc03g025117.1.1,1,no,8,13,8,21,0.380952380952381,1,Solanum_lycopersicum,high_confidence_IR
Solyc03g025160.4,Solyc03g025160.4.intron1,Solyc03g025160.4|SL4.0ch03:2590673-2592057:-,SL4.0ch03,2590673,2592057,-,Solyc03g025160.4.1,1,no,1058,38,1034,1096,0.965328467153285,0.977315689981096,Solanum_lycopersicum,high_confidence_IR
Solyc03g025330.4,Solyc03g025330.4.intron1,Solyc03g025330.4|SL4.0ch03:2746319-2747508:-,SL4.0ch03,2746319,2747508,-,Solyc03g025330.4.1,1,no,39,126,39,165,0.236363636363636,1,Solanum_lycopersicum,high_confidence_IR
Solyc03g150102.1,Solyc03g150102.1.intron1,Solyc03g150102.1|SL4.0ch03:3323667-3323807:+,SL4.0ch03,3323667,3323807,+,Solyc03g150102.1.1,1,no,1179,45,1179,1224,0.963235294117647,1,Solanum_lycopersicum,high_confidence_IR
Solyc03g025950.4,Solyc03g025950.4.intron2,Solyc03g025950.4|SL4.0ch03:3373284-3373508:+,SL4.0ch03,3373284,3373508,+,Solyc03g025950.4.1,1,no,83,87,82,170,0.488235294117647,0.987951807228916,Solanum_lycopersicum,high_confidence_IR
Solyc03g026240.4,Solyc03g026240.4.intron2,Solyc03g026240.4|SL4.0ch03:3664524-3665947:-,SL4.0ch03,3664524,3665947,-,Solyc03g026240.4.1,1,no,1658,2300,1433,3958,0.418898433552299,0.864294330518697,Solanum_lycopersicum,high_confidence_IR
Solyc03g026300.4,Solyc03g026300.4.intron1,Solyc03g026300.4|SL4.0ch03:3721427-3724357:-,SL4.0ch03,3721427,3724357,-,Solyc03g026300.4.1,1,no,2180,46,1688,2226,0.979335130278526,0.774311926605505,Solanum_lycopersicum,high_confidence_IR
Solyc03g026320.4,Solyc03g026320.4.intron3,Solyc03g026320.4|SL4.0ch03:3754715-3754858:+,SL4.0ch03,3754715,3754858,+,Solyc03g026320.4.1,1,no,1770,30,1641,1800,0.983333333333333,0.927118644067797,Solanum_lycopersicum,high_confidence_IR
Solyc03g033330.3,Solyc03g033330.3.intron1,Solyc03g033330.3|SL4.0ch03:4777400-4778601:+,SL4.0ch03,4777400,4778601,+,Solyc03g033330.3.1,1,no,568,1601,461,2169,0.261871830336561,0.811619718309859,Solanum_lycopersicum,high_confidence_IR
Solyc03g033470.3,Solyc03g033470.3.intron5,Solyc03g033470.3|SL4.0ch03:4893977-4894764:+,SL4.0ch03,4893977,4894764,+,Solyc03g033470.3.1,1,no,294,112,229,406,0.724137931034483,0.77891156462585,Solanum_lycopersicum,high_confidence_IR
Solyc03g033620.3,Solyc03g033620.3.intron12,Solyc03g033620.3|SL4.0ch03:5077881-5077987:+,SL4.0ch03,5077881,5077987,+,Solyc03g033620.3.1,1,no,2633,1055,2460,3688,0.713937093275488,0.934295480440562,Solanum_lycopersicum,high_confidence_IR
Solyc03g033740.4,Solyc03g033740.4.intron3,Solyc03g033740.4|SL4.0ch03:5190500-5191867:-,SL4.0ch03,5190500,5191867,-,Solyc03g033740.4.1,1,no,313,56,291,369,0.848238482384824,0.929712460063898,Solanum_lycopersicum,high_confidence_IR
Solyc03g043720.4,Solyc03g043720.4.intron1,Solyc03g043720.4|SL4.0ch03:6535411-6535525:+,SL4.0ch03,6535411,6535525,+,Solyc03g043720.4.1,1,no,1998,9,1985,2007,0.995515695067265,0.993493493493493,Solanum_lycopersicum,high_confidence_IR
Solyc03g043760.4,Solyc03g043760.4.intron6,Solyc03g043760.4|SL4.0ch03:6612029-6612132:+,SL4.0ch03,6612029,6612132,+,Solyc03g043760.4.1,1,no,1765,5395,1293,7160,0.246508379888268,0.73257790368272,Solanum_lycopersicum,high_confidence_IR
Solyc03g043870.3,Solyc03g043870.3.intron1,Solyc03g043870.3|SL4.0ch03:6833213-6833296:-,SL4.0ch03,6833213,6833296,-,Solyc03g043870.3.1,1,no,227,18,183,245,0.926530612244898,0.806167400881057,Solanum_lycopersicum,high_confidence_IR
Solyc03g043920.4,Solyc03g043920.4.intron1,Solyc03g043920.4|SL4.0ch03:6934461-6935409:-,SL4.0ch03,6934461,6935409,-,Solyc03g043920.4.1,1,no,130,58,126,188,0.691489361702128,0.969230769230769,Solanum_lycopersicum,high_confidence_IR
Solyc03g044744.1,Solyc03g044744.1.intron1,Solyc03g044744.1|SL4.0ch03:9751610-9752743:+,SL4.0ch03,9751610,9752743,+,Solyc03g044744.1.1,1,no,534,240,534,774,0.689922480620155,1,Solanum_lycopersicum,high_confidence_IR
Solyc03g044800.2,Solyc03g044800.2.intron1,Solyc03g044800.2|SL4.0ch03:9835622-9836034:-,SL4.0ch03,9835622,9836034,-,Solyc03g044800.2.1,1,no,14,6,14,20,0.7,1,Solanum_lycopersicum,high_confidence_IR
Solyc03g070440.4,Solyc03g070440.4.intron1,Solyc03g070440.4|SL4.0ch03:13144780-13144883:+,SL4.0ch03,13144780,13144883,+,Solyc03g070440.4.1,1,no,158,272,118,430,0.367441860465116,0.746835443037975,Solanum_lycopersicum,high_confidence_IR
Solyc03g071560.4,Solyc03g071560.4.intron2,Solyc03g071560.4|SL4.0ch03:15053126-15053214:+,SL4.0ch03,15053126,15053214,+,Solyc03g071560.4.1,1,no,1533,157,1248,1690,0.907100591715976,0.814090019569472,Solanum_lycopersicum,high_confidence_IR
Solyc03g053060.3,Solyc03g053060.3.intron1,Solyc03g053060.3|SL4.0ch03:18472512-18472598:+,SL4.0ch03,18472512,18472598,+,Solyc03g053060.3.1,1,no,23,82,23,105,0.219047619047619,1,Solanum_lycopersicum,high_confidence_IR
Solyc03g059123.1,Solyc03g059123.1.intron1,Solyc03g059123.1|SL4.0ch03:23820930-23821029:-,SL4.0ch03,23820930,23821029,-,Solyc03g059123.1.1,1,no,5,7,5,12,0.416666666666667,1,Solanum_lycopersicum,high_confidence_IR
Solyc03g063370.3,Solyc03g063370.3.intron1,Solyc03g063370.3|SL4.0ch03:30542847-30543734:-,SL4.0ch03,30542847,30543734,-,Solyc03g063370.3.1,1,no,14,24,14,38,0.368421052631579,1,Solanum_lycopersicum,high_confidence_IR
Solyc03g063760.4,Solyc03g063760.4.intron15,Solyc03g063760.4|SL4.0ch03:32017600-32017836:-,SL4.0ch03,32017600,32017836,-,Solyc03g063760.4.1,1,no,1081,67,806,1148,0.941637630662021,0.745605920444033,Solanum_lycopersicum,high_confidence_IR
Solyc03g065237.1,Solyc03g065237.1.intron1,Solyc03g065237.1|SL4.0ch03:36967522-36967631:-,SL4.0ch03,36967522,36967631,-,Solyc03g065237.1.1,1,no,351,140,351,491,0.714867617107943,1,Solanum_lycopersicum,high_confidence_IR
Solyc03g104790.3,Solyc03g104790.3.intron1,Solyc03g104790.3|SL4.0ch03:38541787-38542962:+,SL4.0ch03,38541787,38542962,+,Solyc03g104790.3.1,1,no,297,61,297,358,0.829608938547486,1,Solanum_lycopersicum,high_confidence_IR
Solyc03g078090.4,Solyc03g078090.4.intron1,Solyc03g078090.4|SL4.0ch03:44587668-44587778:+,SL4.0ch03,44587668,44587778,+,Solyc03g078090.4.1,1,no,6828,10,5089,6838,0.998537584088915,0.745313415348565,Solanum_lycopersicum,high_confidence_IR
Solyc03g078720.4,Solyc03g078720.4.intron1,Solyc03g078720.4|SL4.0ch03:45957656-45957866:+,SL4.0ch03,45957656,45957866,+,Solyc03g078720.4.1,1,no,128,8,111,136,0.941176470588235,0.8671875,Solanum_lycopersicum,high_confidence_IR
Solyc03g082460.1,Solyc03g082460.1.intron1,Solyc03g082460.1|SL4.0ch03:46961797-46962536:-,SL4.0ch03,46961797,46962536,-,Solyc03g082460.1.1,1,no,11,16,11,27,0.407407407407407,1,Solanum_lycopersicum,high_confidence_IR
Solyc03g082470.4,Solyc03g082470.4.intron1,Solyc03g082470.4|SL4.0ch03:46967097-46967221:+,SL4.0ch03,46967097,46967221,+,Solyc03g082470.4.1,1,no,89,216,89,305,0.291803278688525,1,Solanum_lycopersicum,high_confidence_IR
Solyc03g082540.4,Solyc03g082540.4.intron1,Solyc03g082540.4|SL4.0ch03:47037364-47037519:-,SL4.0ch03,47037364,47037519,-,Solyc03g082540.4.1,1,no,3016,156,3016,3172,0.950819672131147,1,Solanum_lycopersicum,high_confidence_IR
Solyc03g082550.3,Solyc03g082550.3.intron1,Solyc03g082550.3|SL4.0ch03:47063654-47063754:+,SL4.0ch03,47063654,47063754,+,Solyc03g082550.3.1,1,no,366,253,366,619,0.591276252019386,1,Solanum_lycopersicum,high_confidence_IR
Solyc03g082590.4,Solyc03g082590.4.intron1,Solyc03g082590.4|SL4.0ch03:47086371-47088345:+,SL4.0ch03,47086371,47088345,+,Solyc03g082590.4.1,1,no,1649,2230,1490,3879,0.425109564320701,0.903577926015767,Solanum_lycopersicum,high_confidence_IR
Solyc03g082620.4,Solyc03g082620.4.intron1,Solyc03g082620.4|SL4.0ch03:47108805-47108890:-,SL4.0ch03,47108805,47108890,-,Solyc03g082620.4.1,1,no,725,2755,646,3480,0.208333333333333,0.891034482758621,Solanum_lycopersicum,high_confidence_IR
Solyc03g082740.3,Solyc03g082740.3.intron1,Solyc03g082740.3|SL4.0ch03:47203481-47204036:+,SL4.0ch03,47203481,47204036,+,Solyc03g082740.3.1,1,no,242,591,242,833,0.290516206482593,1,Solanum_lycopersicum,high_confidence_IR
Solyc03g083010.3,Solyc03g083010.3.intron9,Solyc03g083010.3|SL4.0ch03:47436820-47437286:+,SL4.0ch03,47436820,47437286,+,Solyc03g083010.3.1,1,no,518,1960,374,2478,0.209039548022599,0.722007722007722,Solanum_lycopersicum,high_confidence_IR
Solyc03g083090.4,Solyc03g083090.4.intron1,Solyc03g083090.4|SL4.0ch03:47499344-47499490:-,SL4.0ch03,47499344,47499490,-,Solyc03g083090.4.1,1,no,385,476,290,861,0.447154471544715,0.753246753246753,Solanum_lycopersicum,high_confidence_IR
Solyc03g083200.4,Solyc03g083200.4.intron1,Solyc03g083200.4|SL4.0ch03:47625745-47625835:+,SL4.0ch03,47625745,47625835,+,Solyc03g083200.4.1,1,no,388,388,388,776,0.5,1,Solanum_lycopersicum,high_confidence_IR
Solyc03g083320.4,Solyc03g083320.4.intron1,Solyc03g083320.4|SL4.0ch03:47731997-47732159:+,SL4.0ch03,47731997,47732159,+,Solyc03g083320.4.1,1,no,188,227,157,415,0.453012048192771,0.835106382978723,Solanum_lycopersicum,high_confidence_IR
Solyc03g083430.3,Solyc03g083430.3.intron13,Solyc03g083430.3|SL4.0ch03:47877303-47877380:-,SL4.0ch03,47877303,47877380,-,Solyc03g083430.3.1,1,no,9894,384,8875,10278,0.962638645650905,0.897008287851223,Solanum_lycopersicum,high_confidence_IR
Solyc03g083610.4,Solyc03g083610.4.intron1,Solyc03g083610.4|SL4.0ch03:48141238-48141325:+,SL4.0ch03,48141238,48141325,+,Solyc03g083610.4.1,1,no,744,245,606,989,0.752275025278059,0.814516129032258,Solanum_lycopersicum,high_confidence_IR
Solyc03g083810.4,Solyc03g083810.4.intron1,Solyc03g083810.4|SL4.0ch03:48292598-48292975:-,SL4.0ch03,48292598,48292975,-,Solyc03g083810.4.1,1,no,518,36,518,554,0.935018050541516,1,Solanum_lycopersicum,high_confidence_IR
Solyc03g095250.3,Solyc03g095250.3.intron1,Solyc03g095250.3|SL4.0ch03:50805219-50805647:-,SL4.0ch03,50805219,50805647,-,Solyc03g095250.3.1,1,no,402,557,305,959,0.419186652763295,0.758706467661692,Solanum_lycopersicum,high_confidence_IR
Solyc03g095810.3,Solyc03g095810.3.intron4,Solyc03g095810.3|SL4.0ch03:52025096-52025175:-,SL4.0ch03,52025096,52025175,-,Solyc03g095810.3.1,1,no,59,181,43,240,0.245833333333333,0.728813559322034,Solanum_lycopersicum,high_confidence_IR
Solyc03g095980.3,Solyc03g095980.3.intron1,Solyc03g095980.3|SL4.0ch03:52355493-52355560:-,SL4.0ch03,52355493,52355560,-,Solyc03g095980.3.1,1,no,94,207,94,301,0.312292358803987,1,Solanum_lycopersicum,high_confidence_IR
Solyc03g096740.4,Solyc03g096740.4.intron1,Solyc03g096740.4|SL4.0ch03:53667793-53669575:-,SL4.0ch03,53667793,53669575,-,Solyc03g096740.4.1,1,no,242,610,206,852,0.284037558685446,0.851239669421488,Solanum_lycopersicum,high_confidence_IR
Solyc03g096800.4,Solyc03g096800.4.intron1,Solyc03g096800.4|SL4.0ch03:53731169-53733387:+,SL4.0ch03,53731169,53733387,+,Solyc03g096800.4.1,1,no,361,865,330,1226,0.294453507340946,0.914127423822715,Solanum_lycopersicum,high_confidence_IR
Solyc03g096880.4,Solyc03g096880.4.intron3,Solyc03g096880.4|SL4.0ch03:53819079-53819400:-,SL4.0ch03,53819079,53819400,-,Solyc03g096880.4.1,1,no,594,24,545,618,0.961165048543689,0.917508417508417,Solanum_lycopersicum,high_confidence_IR
Solyc03g097000.3,Solyc03g097000.3.intron1,Solyc03g097000.3|SL4.0ch03:53935574-53936324:+,SL4.0ch03,53935574,53936324,+,Solyc03g097000.3.1,1,no,96,73,79,169,0.568047337278107,0.822916666666667,Solanum_lycopersicum,high_confidence_IR
Solyc03g097080.4,Solyc03g097080.4.intron3,Solyc03g097080.4|SL4.0ch03:54005740-54006865:+,SL4.0ch03,54005740,54006865,+,Solyc03g097080.4.1,1,no,79,240,74,319,0.247648902821317,0.936708860759494,Solanum_lycopersicum,high_confidence_IR
Solyc03g097120.3,Solyc03g097120.3.intron1,Solyc03g097120.3|SL4.0ch03:54031481-54032771:-,SL4.0ch03,54031481,54032771,-,Solyc03g097120.3.1,1,no,2377,930,2377,3307,0.718778348956758,1,Solanum_lycopersicum,high_confidence_IR
Solyc03g097360.3,Solyc03g097360.3.intron3,Solyc03g097360.3|SL4.0ch03:54253657-54253846:+,SL4.0ch03,54253657,54253846,+,Solyc03g097360.3.1,1,no,2912,1462,2782,4374,0.665752171925011,0.955357142857143,Solanum_lycopersicum,high_confidence_IR
Solyc03g097720.4,Solyc03g097720.4.intron1,Solyc03g097720.4|SL4.0ch03:54635987-54636233:+,SL4.0ch03,54635987,54636233,+,Solyc03g097720.4.1,1,no,62,52,46,114,0.543859649122807,0.741935483870968,Solanum_lycopersicum,high_confidence_IR
Solyc03g097930.3,Solyc03g097930.3.intron1,Solyc03g097930.3|SL4.0ch03:54832920-54833010:-,SL4.0ch03,54832920,54833010,-,Solyc03g097930.3.1,1,no,1672,2575,1672,4247,0.393689663291735,1,Solanum_lycopersicum,high_confidence_IR
Solyc03g097940.3,Solyc03g097940.3.intron1,Solyc03g097940.3|SL4.0ch03:54832922-54833126:+,SL4.0ch03,54832922,54833126,+,Solyc03g097940.3.1,1,no,1668,2282,1574,3950,0.422278481012658,0.943645083932854,Solanum_lycopersicum,high_confidence_IR
Solyc03g098070.3,Solyc03g098070.3.intron1,Solyc03g098070.3|SL4.0ch03:54937048-54937149:-,SL4.0ch03,54937048,54937149,-,Solyc03g098070.3.1,1,no,147,325,144,472,0.311440677966102,0.979591836734694,Solanum_lycopersicum,high_confidence_IR
Solyc03g098150.3,Solyc03g098150.3.intron3,Solyc03g098150.3|SL4.0ch03:54990358-54990426:+,SL4.0ch03,54990358,54990426,+,Solyc03g098150.3.1,1,no,1786,312,1293,2098,0.851286939942803,0.723964165733483,Solanum_lycopersicum,high_confidence_IR
Solyc03g098560.2,Solyc03g098560.2.intron1,Solyc03g098560.2|SL4.0ch03:55396999-55397095:+,SL4.0ch03,55396999,55397095,+,Solyc03g098560.2.1,1,no,6,23,6,29,0.206896551724138,1,Solanum_lycopersicum,high_confidence_IR
Solyc03g098620.3,Solyc03g098620.3.intron8,Solyc03g098620.3|SL4.0ch03:55442652-55442885:+,SL4.0ch03,55442652,55442885,+,Solyc03g098620.3.1,1,no,1319,546,973,1865,0.707238605898123,0.737680060652009,Solanum_lycopersicum,high_confidence_IR
Solyc03g019930.4,Solyc03g019930.4.intron1,Solyc03g019930.4|SL4.0ch03:55748148-55748411:+,SL4.0ch03,55748148,55748411,+,Solyc03g019930.4.1,1,no,633,5,590,638,0.992163009404389,0.932069510268562,Solanum_lycopersicum,high_confidence_IR
Solyc03g019810.3,Solyc03g019810.3.intron4,Solyc03g019810.3|SL4.0ch03:55822502-55823167:-,SL4.0ch03,55822502,55823167,-,Solyc03g019810.3.1,1,no,475,301,376,776,0.612113402061856,0.791578947368421,Solanum_lycopersicum,high_confidence_IR
Solyc03g019800.4,Solyc03g019800.4.intron1,Solyc03g019800.4|SL4.0ch03:55829223-55829357:+,SL4.0ch03,55829223,55829357,+,Solyc03g019800.4.1,1,no,1152,70,1152,1222,0.942716857610475,1,Solanum_lycopersicum,high_confidence_IR
Solyc03g019710.3,Solyc03g019710.3.intron4,Solyc03g019710.3|SL4.0ch03:55901336-55902100:-,SL4.0ch03,55901336,55902100,-,Solyc03g019710.3.1,1,no,262,53,250,315,0.831746031746032,0.954198473282443,Solanum_lycopersicum,high_confidence_IR
Solyc03g110920.2,Solyc03g110920.2.intron2,Solyc03g110920.2|SL4.0ch03:56060429-56060678:-,SL4.0ch03,56060429,56060678,-,Solyc03g110920.2.1,1,no,392,1416,282,1808,0.216814159292035,0.719387755102041,Solanum_lycopersicum,high_confidence_IR
Solyc03g111070.3,Solyc03g111070.3.intron1,Solyc03g111070.3|SL4.0ch03:56151984-56152243:+,SL4.0ch03,56151984,56152243,+,Solyc03g111070.3.1,1,no,220,7,220,227,0.969162995594714,1,Solanum_lycopersicum,high_confidence_IR
Solyc03g111330.4,Solyc03g111330.4.intron1,Solyc03g111330.4|SL4.0ch03:56351777-56352548:+,SL4.0ch03,56351777,56352548,+,Solyc03g111330.4.1,1,no,959,1820,732,2779,0.345088161209068,0.763295099061522,Solanum_lycopersicum,high_confidence_IR
Solyc03g111870.3,Solyc03g111870.3.intron1,Solyc03g111870.3|SL4.0ch03:56881796-56882986:-,SL4.0ch03,56881796,56882986,-,Solyc03g111870.3.1,1,no,1171,3652,1055,4823,0.242794940908148,0.900939368061486,Solanum_lycopersicum,high_confidence_IR
Solyc03g112090.3,Solyc03g112090.3.intron1,Solyc03g112090.3|SL4.0ch03:57041433-57042517:-,SL4.0ch03,57041433,57042517,-,Solyc03g112090.3.1,1,no,67,23,67,90,0.744444444444444,1,Solanum_lycopersicum,high_confidence_IR
Solyc03g112230.4,Solyc03g112230.4.intron1,Solyc03g112230.4|SL4.0ch03:57126723-57126860:-,SL4.0ch03,57126723,57126860,-,Solyc03g112230.4.1,1,no,7163,2089,6183,9252,0.774210981409425,0.863185815998883,Solanum_lycopersicum,high_confidence_IR
Solyc03g112300.3,Solyc03g112300.3.intron2,Solyc03g112300.3|SL4.0ch03:57171965-57172971:-,SL4.0ch03,57171965,57172971,-,Solyc03g112300.3.1,1,no,907,403,860,1310,0.692366412213741,0.948180815876516,Solanum_lycopersicum,high_confidence_IR
Solyc03g112450.4,Solyc03g112450.4.intron1,Solyc03g112450.4|SL4.0ch03:57280128-57281506:-,SL4.0ch03,57280128,57281506,-,Solyc03g112450.4.1,1,no,2449,1982,2147,4431,0.552696908147145,0.876684360963659,Solanum_lycopersicum,high_confidence_IR
Solyc03g113180.3,Solyc03g113180.3.intron1,Solyc03g113180.3|SL4.0ch03:57848342-57848518:+,SL4.0ch03,57848342,57848518,+,Solyc03g113180.3.1,1,no,65,152,65,217,0.299539170506912,1,Solanum_lycopersicum,high_confidence_IR
Solyc03g113510.2,Solyc03g113510.2.intron1,Solyc03g113510.2|SL4.0ch03:58061981-58062053:-,SL4.0ch03,58061981,58062053,-,Solyc03g113510.2.1,1,no,18,65,18,83,0.216867469879518,1,Solanum_lycopersicum,high_confidence_IR
Solyc03g113760.3,Solyc03g113760.3.intron11,Solyc03g113760.3|SL4.0ch03:58248018-58248110:+,SL4.0ch03,58248018,58248110,+,Solyc03g113760.3.1,1,no,50,15,47,65,0.769230769230769,0.94,Solanum_lycopersicum,high_confidence_IR
Solyc03g114200.4,Solyc03g114200.4.intron5,Solyc03g114200.4|SL4.0ch03:58624998-58625095:+,SL4.0ch03,58624998,58625095,+,Solyc03g114200.4.1,1,no,7,14,6,21,0.333333333333333,0.857142857142857,Solanum_lycopersicum,high_confidence_IR
Solyc03g114290.4,Solyc03g114290.4.intron2,Solyc03g114290.4|SL4.0ch03:58728713-58729838:+,SL4.0ch03,58728713,58729838,+,Solyc03g114290.4.1,1,no,413,1215,369,1628,0.253685503685504,0.893462469733656,Solanum_lycopersicum,high_confidence_IR
Solyc03g114400.3,Solyc03g114400.3.intron3,Solyc03g114400.3|SL4.0ch03:58816106-58816848:-,SL4.0ch03,58816106,58816848,-,Solyc03g114400.3.1,1,no,495,1855,390,2350,0.21063829787234,0.787878787878788,Solanum_lycopersicum,high_confidence_IR
Solyc03g114680.3,Solyc03g114680.3.intron1,Solyc03g114680.3|SL4.0ch03:59005784-59007711:-,SL4.0ch03,59005784,59007711,-,Solyc03g114680.3.1,1,no,2996,6,2996,3002,0.998001332445037,1,Solanum_lycopersicum,high_confidence_IR
Solyc03g114930.3,Solyc03g114930.3.intron1,Solyc03g114930.3|SL4.0ch03:59205857-59206085:+,SL4.0ch03,59205857,59206085,+,Solyc03g114930.3.1,1,no,860,2932,774,3792,0.226793248945148,0.9,Solanum_lycopersicum,high_confidence_IR
Solyc03g115000.3,Solyc03g115000.3.intron1,Solyc03g115000.3|SL4.0ch03:59272677-59273512:+,SL4.0ch03,59272677,59273512,+,Solyc03g115000.3.1,1,no,41,112,36,153,0.26797385620915,0.878048780487805,Solanum_lycopersicum,high_confidence_IR
Solyc03g115020.3,Solyc03g115020.3.intron2,Solyc03g115020.3|SL4.0ch03:59298776-59299140:-,SL4.0ch03,59298776,59299140,-,Solyc03g115020.3.1,1,no,4001,5,3934,4006,0.998751872191712,0.983254186453387,Solanum_lycopersicum,high_confidence_IR
Solyc03g115150.4,Solyc03g115150.4.intron9,Solyc03g115150.4|SL4.0ch03:59362572-59362659:-,SL4.0ch03,59362572,59362659,-,Solyc03g115150.4.1,1,no,3653,245,3342,3898,0.937147255002565,0.914864494935669,Solanum_lycopersicum,high_confidence_IR
Solyc03g115290.3,Solyc03g115290.3.intron1,Solyc03g115290.3|SL4.0ch03:59491563-59492946:+,SL4.0ch03,59491563,59492946,+,Solyc03g115290.3.1,1,no,17,63,15,80,0.2125,0.882352941176471,Solanum_lycopersicum,high_confidence_IR
Solyc03g115310.1,Solyc03g115310.1.intron1,Solyc03g115310.1|SL4.0ch03:59497590-59497703:-,SL4.0ch03,59497590,59497703,-,Solyc03g115310.1.1,1,no,26,32,26,58,0.448275862068966,1,Solanum_lycopersicum,high_confidence_IR
Solyc03g115510.3,Solyc03g115510.3.intron1,Solyc03g115510.3|SL4.0ch03:59603654-59606965:+,SL4.0ch03,59603654,59606965,+,Solyc03g115510.3.1,1,no,507,26,493,533,0.951219512195122,0.972386587771203,Solanum_lycopersicum,high_confidence_IR
Solyc03g115920.3,Solyc03g115920.3.intron1,Solyc03g115920.3|SL4.0ch03:59922332-59922418:-,SL4.0ch03,59922332,59922418,-,Solyc03g115920.3.1,1,no,2493,2014,2493,4507,0.553139560683381,1,Solanum_lycopersicum,high_confidence_IR
Solyc03g115950.3,Solyc03g115950.3.intron1,Solyc03g115950.3|SL4.0ch03:59948352-59948458:+,SL4.0ch03,59948352,59948458,+,Solyc03g115950.3.1,1,no,2156,4595,1579,6751,0.31936009480077,0.732374768089054,Solanum_lycopersicum,high_confidence_IR
Solyc03g116130.2,Solyc03g116130.2.intron1,Solyc03g116130.2|SL4.0ch03:60054635-60054813:-,SL4.0ch03,60054635,60054813,-,Solyc03g116130.2.1,1,no,20,20,20,40,0.5,1,Solanum_lycopersicum,high_confidence_IR
Solyc03g116290.3,Solyc03g116290.3.intron2,Solyc03g116290.3|SL4.0ch03:60227795-60228068:+,SL4.0ch03,60227795,60228068,+,Solyc03g116290.3.1,1,no,26,88,19,114,0.228070175438596,0.730769230769231,Solanum_lycopersicum,high_confidence_IR
Solyc03g116550.4,Solyc03g116550.4.intron2,Solyc03g116550.4|SL4.0ch03:60379472-60379954:+,SL4.0ch03,60379472,60379954,+,Solyc03g116550.4.1,1,no,1138,439,822,1577,0.721623335447051,0.72231985940246,Solanum_lycopersicum,high_confidence_IR
Solyc03g117060.4,Solyc03g117060.4.intron1,Solyc03g117060.4|SL4.0ch03:60777108-60777670:-,SL4.0ch03,60777108,60777670,-,Solyc03g117060.4.1,1,no,5773,7462,5704,13235,0.436191915375897,0.98804780876494,Solanum_lycopersicum,high_confidence_IR
Solyc03g117110.4,Solyc03g117110.4.intron9,Solyc03g117110.4|SL4.0ch03:60811393-60811474:-,SL4.0ch03,60811393,60811474,-,Solyc03g117110.4.1,1,no,1765,2807,1322,4572,0.386045494313211,0.749008498583569,Solanum_lycopersicum,high_confidence_IR
Solyc03g117760.4,Solyc03g117760.4.intron1,Solyc03g117760.4|SL4.0ch03:61247850-61247950:-,SL4.0ch03,61247850,61247950,-,Solyc03g117760.4.1,1,no,7113,297,7113,7410,0.959919028340081,1,Solanum_lycopersicum,high_confidence_IR
Solyc03g117780.2,Solyc03g117780.2.intron1,Solyc03g117780.2|SL4.0ch03:61261993-61262079:-,SL4.0ch03,61261993,61262079,-,Solyc03g117780.2.1,1,no,2187,295,1881,2482,0.881144238517325,0.860082304526749,Solanum_lycopersicum,high_confidence_IR
Solyc03g118050.3,Solyc03g118050.3.intron1,Solyc03g118050.3|SL4.0ch03:61494127-61494230:-,SL4.0ch03,61494127,61494230,-,Solyc03g118050.3.1,1,no,14,13,11,27,0.518518518518518,0.785714285714286,Solanum_lycopersicum,high_confidence_IR
Solyc03g118190.4,Solyc03g118190.4.intron1,Solyc03g118190.4|SL4.0ch03:61583862-61583986:-,SL4.0ch03,61583862,61583986,-,Solyc03g118190.4.1,1,no,93,236,93,329,0.282674772036474,1,Solanum_lycopersicum,high_confidence_IR
Solyc03g118470.4,Solyc03g118470.4.intron4,Solyc03g118470.4|SL4.0ch03:61779856-61779934:+,SL4.0ch03,61779856,61779934,+,Solyc03g118470.4.1,1,no,8312,857,7396,9169,0.90653288253899,0.889797882579403,Solanum_lycopersicum,high_confidence_IR
Solyc03g118940.4,Solyc03g118940.4.intron1,Solyc03g118940.4|SL4.0ch03:62150514-62150587:-,SL4.0ch03,62150514,62150587,-,Solyc03g118940.4.1,1,no,21,31,20,52,0.403846153846154,0.952380952380952,Solanum_lycopersicum,high_confidence_IR
Solyc03g119030.4,Solyc03g119030.4.intron1,Solyc03g119030.4|SL4.0ch03:62200487-62200593:-,SL4.0ch03,62200487,62200593,-,Solyc03g119030.4.1,1,no,45,31,34,76,0.592105263157895,0.755555555555556,Solanum_lycopersicum,high_confidence_IR
Solyc03g119440.3,Solyc03g119440.3.intron1,Solyc03g119440.3|SL4.0ch03:62498443-62498785:+,SL4.0ch03,62498443,62498785,+,Solyc03g119440.3.1,1,no,799,413,637,1212,0.659240924092409,0.797246558197747,Solanum_lycopersicum,high_confidence_IR
Solyc03g119500.1,Solyc03g119500.1.intron1,Solyc03g119500.1|SL4.0ch03:62535790-62535893:-,SL4.0ch03,62535790,62535893,-,Solyc03g119500.1.1,1,no,6,8,6,14,0.428571428571429,1,Solanum_lycopersicum,high_confidence_IR
Solyc03g119520.4,Solyc03g119520.4.intron1,Solyc03g119520.4|SL4.0ch03:62548545-62548740:+,SL4.0ch03,62548545,62548740,+,Solyc03g119520.4.1,1,no,1767,6603,1369,8370,0.211111111111111,0.77475947934352,Solanum_lycopersicum,high_confidence_IR
Solyc03g119630.4,Solyc03g119630.4.intron1,Solyc03g119630.4|SL4.0ch03:62638772-62639147:+,SL4.0ch03,62638772,62639147,+,Solyc03g119630.4.1,1,no,95,15,88,110,0.863636363636364,0.926315789473684,Solanum_lycopersicum,high_confidence_IR
Solyc03g119710.4,Solyc03g119710.4.intron7,Solyc03g119710.4|SL4.0ch03:62704436-62704563:+,SL4.0ch03,62704436,62704563,+,Solyc03g119710.4.1,1,no,1925,202,1431,2127,0.905030559473437,0.743376623376623,Solanum_lycopersicum,high_confidence_IR
Solyc03g119723.1,Solyc03g119723.1.intron2,Solyc03g119723.1|SL4.0ch03:62718740-62718859:+,SL4.0ch03,62718740,62718859,+,Solyc03g119723.1.1,1,no,563,118,532,681,0.826725403817915,0.9449378330373,Solanum_lycopersicum,high_confidence_IR
Solyc03g120050.3,Solyc03g120050.3.intron1,Solyc03g120050.3|SL4.0ch03:62993486-62995287:-,SL4.0ch03,62993486,62995287,-,Solyc03g120050.3.1,1,no,162,91,162,253,0.640316205533597,1,Solanum_lycopersicum,high_confidence_IR
Solyc03g120190.3,Solyc03g120190.3.intron1,Solyc03g120190.3|SL4.0ch03:63093956-63094089:+,SL4.0ch03,63093956,63094089,+,Solyc03g120190.3.1,1,no,146,15,146,161,0.906832298136646,1,Solanum_lycopersicum,high_confidence_IR
Solyc03g120585.1,Solyc03g120585.1.intron1,Solyc03g120585.1|SL4.0ch03:63394195-63394520:+,SL4.0ch03,63394195,63394520,+,Solyc03g120585.1.1,1,no,629,16,629,645,0.975193798449612,1,Solanum_lycopersicum,high_confidence_IR
Solyc03g120630.4,Solyc03g120630.4.intron1,Solyc03g120630.4|SL4.0ch03:63416315-63416808:-,SL4.0ch03,63416315,63416808,-,Solyc03g120630.4.1,1,no,127,24,127,151,0.841059602649007,1,Solanum_lycopersicum,high_confidence_IR
Solyc03g120660.4,Solyc03g120660.4.intron1,Solyc03g120660.4|SL4.0ch03:63425586-63426679:+,SL4.0ch03,63425586,63426679,+,Solyc03g120660.4.1,1,no,7,18,7,25,0.28,1,Solanum_lycopersicum,high_confidence_IR
Solyc03g121070.3,Solyc03g121070.3.intron1,Solyc03g121070.3|SL4.0ch03:63745374-63745515:-,SL4.0ch03,63745374,63745515,-,Solyc03g121070.3.1,1,no,76,19,69,95,0.8,0.907894736842105,Solanum_lycopersicum,high_confidence_IR
Solyc03g121090.4,Solyc03g121090.4.intron1,Solyc03g121090.4|SL4.0ch03:63752526-63752648:-,SL4.0ch03,63752526,63752648,-,Solyc03g121090.4.1,1,no,15252,41,13844,15293,0.997319034852547,0.907684238132704,Solanum_lycopersicum,high_confidence_IR
Solyc03g121110.3,Solyc03g121110.3.intron1,Solyc03g121110.3|SL4.0ch03:63769813-63770953:-,SL4.0ch03,63769813,63770953,-,Solyc03g121110.3.1,1,no,540,892,540,1432,0.377094972067039,1,Solanum_lycopersicum,high_confidence_IR
Solyc03g121300.2,Solyc03g121300.2.intron1,Solyc03g121300.2|SL4.0ch03:63884474-63884593:+,SL4.0ch03,63884474,63884593,+,Solyc03g121300.2.1,1,no,892,2922,760,3814,0.233875196643943,0.852017937219731,Solanum_lycopersicum,high_confidence_IR
Solyc03g121490.4,Solyc03g121490.4.intron1,Solyc03g121490.4|SL4.0ch03:64013889-64013967:-,SL4.0ch03,64013889,64013967,-,Solyc03g121490.4.1,1,no,1076,160,1076,1236,0.870550161812298,1,Solanum_lycopersicum,high_confidence_IR
Solyc03g121550.3,Solyc03g121550.3.intron1,Solyc03g121550.3|SL4.0ch03:64078618-64078696:+,SL4.0ch03,64078618,64078696,+,Solyc03g121550.3.1,1,no,83,70,83,153,0.542483660130719,1,Solanum_lycopersicum,high_confidence_IR
Solyc03g121880.4,Solyc03g121880.4.intron1,Solyc03g121880.4|SL4.0ch03:64349619-64350665:+,SL4.0ch03,64349619,64350665,+,Solyc03g121880.4.1,1,no,2628,3199,2134,5827,0.451003947142612,0.812024353120244,Solanum_lycopersicum,high_confidence_IR
Solyc03g122060.3,Solyc03g122060.3.intron1,Solyc03g122060.3|SL4.0ch03:64484455-64484561:-,SL4.0ch03,64484455,64484561,-,Solyc03g122060.3.1,1,no,6,19,6,25,0.24,1,Solanum_lycopersicum,high_confidence_IR
Solyc03g122240.3,Solyc03g122240.3.intron1,Solyc03g122240.3|SL4.0ch03:64566505-64566570:+,SL4.0ch03,64566505,64566570,+,Solyc03g122240.3.1,1,no,1812,158,1812,1970,0.919796954314721,1,Solanum_lycopersicum,high_confidence_IR
Solyc03g122250.3,Solyc03g122250.3.intron5,Solyc03g122250.3|SL4.0ch03:64569348-64569525:-,SL4.0ch03,64569348,64569525,-,Solyc03g122250.3.1,1,no,119,54,116,173,0.687861271676301,0.974789915966387,Solanum_lycopersicum,high_confidence_IR
Solyc03g123540.3,Solyc03g123540.3.intron1,Solyc03g123540.3|SL4.0ch03:64823092-64823159:-,SL4.0ch03,64823092,64823159,-,Solyc03g123540.3.1,1,no,15252,54667,15252,69919,0.218138131266179,1,Solanum_lycopersicum,high_confidence_IR
Solyc03g123590.4,Solyc03g123590.4.intron1,Solyc03g123590.4|SL4.0ch03:64855709-64855805:+,SL4.0ch03,64855709,64855805,+,Solyc03g123590.4.1,1,no,274,316,214,590,0.464406779661017,0.781021897810219,Solanum_lycopersicum,high_confidence_IR
Solyc03g123650.3,Solyc03g123650.3.intron1,Solyc03g123650.3|SL4.0ch03:64897914-64897988:-,SL4.0ch03,64897914,64897988,-,Solyc03g123650.3.1,1,no,244,143,244,387,0.630490956072351,1,Solanum_lycopersicum,high_confidence_IR
Solyc03g123710.3,Solyc03g123710.3.intron1,Solyc03g123710.3|SL4.0ch03:64919989-64920062:-,SL4.0ch03,64919989,64920062,-,Solyc03g123710.3.1,1,no,1550,3793,1550,5343,0.290099195208684,1,Solanum_lycopersicum,high_confidence_IR
Solyc03g123780.4,Solyc03g123780.4.intron1,Solyc03g123780.4|SL4.0ch03:64971463-64971588:-,SL4.0ch03,64971463,64971588,-,Solyc03g123780.4.1,1,no,659,5,659,664,0.992469879518072,1,Solanum_lycopersicum,high_confidence_IR
Solyc04g005320.3,Solyc04g005320.3.intron7,Solyc04g005320.3|SL4.0ch04:246591-247035:-,SL4.0ch04,246591,247035,-,Solyc04g005320.3.1,1,no,19,42,14,61,0.311475409836066,0.736842105263158,Solanum_lycopersicum,high_confidence_IR
Solyc04g007050.4,Solyc04g007050.4.intron2,Solyc04g007050.4|SL4.0ch04:804875-804967:+,SL4.0ch04,804875,804967,+,Solyc04g007050.4.1,1,no,1431,44,1355,1475,0.970169491525424,0.946890286512928,Solanum_lycopersicum,high_confidence_IR
Solyc04g007150.3,Solyc04g007150.3.intron3,Solyc04g007150.3|SL4.0ch04:907080-907159:+,SL4.0ch04,907080,907159,+,Solyc04g007150.3.1,1,no,1874,30,1857,1904,0.984243697478992,0.990928495197439,Solanum_lycopersicum,high_confidence_IR
Solyc04g007420.4,Solyc04g007420.4.intron2,Solyc04g007420.4|SL4.0ch04:1132386-1132481:+,SL4.0ch04,1132386,1132481,+,Solyc04g007420.4.1,1,no,671,22,649,693,0.968253968253968,0.967213114754098,Solanum_lycopersicum,high_confidence_IR
Solyc04g007700.3,Solyc04g007700.3.intron1,Solyc04g007700.3|SL4.0ch04:1417764-1418863:+,SL4.0ch04,1417764,1418863,+,Solyc04g007700.3.1,1,no,496,890,399,1386,0.357864357864358,0.804435483870968,Solanum_lycopersicum,high_confidence_IR
Solyc04g007950.4,Solyc04g007950.4.intron3,Solyc04g007950.4|SL4.0ch04:1626496-1626573:-,SL4.0ch04,1626496,1626573,-,Solyc04g007950.4.1,1,no,1610,233,1469,1843,0.873575691806837,0.912422360248447,Solanum_lycopersicum,high_confidence_IR
Solyc04g008130.3,Solyc04g008130.3.intron1,Solyc04g008130.3|SL4.0ch04:1873539-1874116:+,SL4.0ch04,1873539,1874116,+,Solyc04g008130.3.1,1,no,203,10,196,213,0.953051643192488,0.96551724137931,Solanum_lycopersicum,high_confidence_IR
Solyc04g008220.4,Solyc04g008220.4.intron1,Solyc04g008220.4|SL4.0ch04:1928427-1929493:+,SL4.0ch04,1928427,1929493,+,Solyc04g008220.4.1,1,no,380,34,319,414,0.917874396135266,0.839473684210526,Solanum_lycopersicum,high_confidence_IR
Solyc04g008280.2,Solyc04g008280.2.intron1,Solyc04g008280.2|SL4.0ch04:1987405-1989402:+,SL4.0ch04,1987405,1989402,+,Solyc04g008280.2.1,1,no,11511,17,11511,11528,0.9985253296322,1,Solanum_lycopersicum,high_confidence_IR
Solyc04g008550.4,Solyc04g008550.4.intron3,Solyc04g008550.4|SL4.0ch04:2197340-2197429:-,SL4.0ch04,2197340,2197429,-,Solyc04g008550.4.1,1,no,2176,69,2069,2245,0.969265033407572,0.950827205882353,Solanum_lycopersicum,high_confidence_IR
Solyc04g008590.3,Solyc04g008590.3.intron1,Solyc04g008590.3|SL4.0ch04:2225215-2225442:+,SL4.0ch04,2225215,2225442,+,Solyc04g008590.3.1,1,no,3374,419,3191,3793,0.88953335090957,0.945761707172496,Solanum_lycopersicum,high_confidence_IR
Solyc04g009060.4,Solyc04g009060.4.intron10,Solyc04g009060.4|SL4.0ch04:2654101-2654170:-,SL4.0ch04,2654101,2654170,-,Solyc04g009060.4.1,1,no,3229,642,2457,3871,0.834151382071816,0.76091669247445,Solanum_lycopersicum,high_confidence_IR
Solyc04g009140.4,Solyc04g009140.4.intron1,Solyc04g009140.4|SL4.0ch04:2688260-2688920:-,SL4.0ch04,2688260,2688920,-,Solyc04g009140.4.1,1,no,1274,61,1190,1335,0.954307116104869,0.934065934065934,Solanum_lycopersicum,high_confidence_IR
Solyc04g009650.4,Solyc04g009650.4.intron7,Solyc04g009650.4|SL4.0ch04:3056400-3056545:-,SL4.0ch04,3056400,3056545,-,Solyc04g009650.4.1,1,no,1662,16,1510,1678,0.99046483909416,0.908543922984356,Solanum_lycopersicum,high_confidence_IR
Solyc04g009660.2,Solyc04g009660.2.intron1,Solyc04g009660.2|SL4.0ch04:3066950-3067392:-,SL4.0ch04,3066950,3067392,-,Solyc04g009660.2.1,1,no,16,30,16,46,0.347826086956522,1,Solanum_lycopersicum,high_confidence_IR
Solyc04g009970.4,Solyc04g009970.4.intron2,Solyc04g009970.4|SL4.0ch04:3318244-3320853:+,SL4.0ch04,3318244,3320853,+,Solyc04g009970.4.1,1,no,697,7,539,704,0.990056818181818,0.773314203730273,Solanum_lycopersicum,high_confidence_IR
Solyc04g014460.4,Solyc04g014460.4.intron2,Solyc04g014460.4|SL4.0ch04:4713454-4714303:+,SL4.0ch04,4713454,4714303,+,Solyc04g014460.4.1,1,no,5332,7414,3990,12746,0.418327318374392,0.748312078019505,Solanum_lycopersicum,high_confidence_IR
Solyc04g014640.2,Solyc04g014640.2.intron1,Solyc04g014640.2|SL4.0ch04:4932565-4933085:-,SL4.0ch04,4932565,4933085,-,Solyc04g014640.2.1,1,no,7,7,7,14,0.5,1,Solanum_lycopersicum,high_confidence_IR
Solyc04g014960.4,Solyc04g014960.4.intron1,Solyc04g014960.4|SL4.0ch04:5212960-5213456:+,SL4.0ch04,5212960,5213456,+,Solyc04g014960.4.1,1,no,509,34,469,543,0.937384898710866,0.921414538310413,Solanum_lycopersicum,high_confidence_IR
Solyc04g015200.3,Solyc04g015200.3.intron1,Solyc04g015200.3|SL4.0ch04:5412525-5413601:-,SL4.0ch04,5412525,5413601,-,Solyc04g015200.3.1,1,no,168,532,134,700,0.24,0.797619047619048,Solanum_lycopersicum,high_confidence_IR
Solyc04g015440.4,Solyc04g015440.4.intron1,Solyc04g015440.4|SL4.0ch04:5660136-5660234:+,SL4.0ch04,5660136,5660234,+,Solyc04g015440.4.1,1,no,624,10,624,634,0.984227129337539,1,Solanum_lycopersicum,high_confidence_IR
Solyc04g015560.4,Solyc04g015560.4.intron1,Solyc04g015560.4|SL4.0ch04:5848660-5848845:+,SL4.0ch04,5848660,5848845,+,Solyc04g015560.4.1,1,no,36,41,31,77,0.467532467532468,0.861111111111111,Solanum_lycopersicum,high_confidence_IR
Solyc04g016050.3,Solyc04g016050.3.intron7,Solyc04g016050.3|SL4.0ch04:6755006-6755515:-,SL4.0ch04,6755006,6755515,-,Solyc04g016050.3.1,1,no,167,309,133,476,0.350840336134454,0.796407185628742,Solanum_lycopersicum,high_confidence_IR
Solyc04g016480.3,Solyc04g016480.3.intron1,Solyc04g016480.3|SL4.0ch04:7349698-7350359:-,SL4.0ch04,7349698,7350359,-,Solyc04g016480.3.1,1,no,178,36,150,214,0.831775700934579,0.842696629213483,Solanum_lycopersicum,high_confidence_IR
Solyc04g016560.2,Solyc04g016560.2.intron2,Solyc04g016560.2|SL4.0ch04:7426118-7426480:-,SL4.0ch04,7426118,7426480,-,Solyc04g016560.2.1,1,no,73,20,66,93,0.78494623655914,0.904109589041096,Solanum_lycopersicum,high_confidence_IR
Solyc04g018080.4,Solyc04g018080.4.intron1,Solyc04g018080.4|SL4.0ch04:9529595-9530090:+,SL4.0ch04,9529595,9530090,+,Solyc04g018080.4.1,1,no,536,358,536,894,0.599552572706935,1,Solanum_lycopersicum,high_confidence_IR
Solyc04g040160.4,Solyc04g040160.4.intron3,Solyc04g040160.4|SL4.0ch04:11727090-11727180:+,SL4.0ch04,11727090,11727180,+,Solyc04g040160.4.1,1,no,367,15,304,382,0.960732984293194,0.828337874659401,Solanum_lycopersicum,high_confidence_IR
Solyc04g039920.1,Solyc04g039920.1.intron1,Solyc04g039920.1|SL4.0ch04:12134983-12135065:+,SL4.0ch04,12134983,12135065,+,Solyc04g039920.1.1,1,no,5,8,5,13,0.384615384615385,1,Solanum_lycopersicum,high_confidence_IR
Solyc04g024840.3,Solyc04g024840.3.intron3,Solyc04g024840.3|SL4.0ch04:27904190-27904266:+,SL4.0ch04,27904190,27904266,+,Solyc04g024840.3.1,1,no,94,252,70,346,0.271676300578035,0.74468085106383,Solanum_lycopersicum,high_confidence_IR
Solyc04g024430.3,Solyc04g024430.3.intron1,Solyc04g024430.3|SL4.0ch04:30550922-30551012:-,SL4.0ch04,30550922,30551012,-,Solyc04g024430.3.1,1,no,1839,265,1701,2104,0.874049429657795,0.924959216965742,Solanum_lycopersicum,high_confidence_IR
Solyc04g045560.4,Solyc04g045560.4.intron3,Solyc04g045560.4|SL4.0ch04:33229224-33232396:+,SL4.0ch04,33229224,33232396,+,Solyc04g045560.4.1,1,no,57,142,46,199,0.28643216080402,0.807017543859649,Solanum_lycopersicum,high_confidence_IR
Solyc04g049080.4,Solyc04g049080.4.intron1,Solyc04g049080.4|SL4.0ch04:38753904-38754089:+,SL4.0ch04,38753904,38754089,+,Solyc04g049080.4.1,1,no,2062,57,1985,2119,0.973100519112789,0.962657613967022,Solanum_lycopersicum,high_confidence_IR
Solyc04g049407.1,Solyc04g049407.1.intron1,Solyc04g049407.1|SL4.0ch04:41085795-41087263:+,SL4.0ch04,41085795,41087263,+,Solyc04g049407.1.1,1,no,40,18,40,58,0.689655172413793,1,Solanum_lycopersicum,high_confidence_IR
Solyc04g049795.1,Solyc04g049795.1.intron1,Solyc04g049795.1|SL4.0ch04:42638781-42638889:+,SL4.0ch04,42638781,42638889,+,Solyc04g049795.1.1,1,no,40,5,40,45,0.888888888888889,1,Solanum_lycopersicum,high_confidence_IR
Solyc04g050220.2,Solyc04g050220.2.intron1,Solyc04g050220.2|SL4.0ch04:45462878-45463250:-,SL4.0ch04,45462878,45463250,-,Solyc04g050220.2.1,1,no,71,151,71,222,0.31981981981982,1,Solanum_lycopersicum,high_confidence_IR
Solyc04g050240.3,Solyc04g050240.3.intron1,Solyc04g050240.3|SL4.0ch04:45540175-45540419:-,SL4.0ch04,45540175,45540419,-,Solyc04g050240.3.1,1,no,856,2386,757,3242,0.264034546576188,0.884345794392523,Solanum_lycopersicum,high_confidence_IR
Solyc04g050760.4,Solyc04g050760.4.intron4,Solyc04g050760.4|SL4.0ch04:47468078-47468184:+,SL4.0ch04,47468078,47468184,+,Solyc04g050760.4.1,1,no,203,287,188,490,0.414285714285714,0.926108374384236,Solanum_lycopersicum,high_confidence_IR
Solyc04g051100.3,Solyc04g051100.3.intron1,Solyc04g051100.3|SL4.0ch04:48858406-48858746:-,SL4.0ch04,48858406,48858746,-,Solyc04g051100.3.1,1,no,293,18,293,311,0.942122186495177,1,Solanum_lycopersicum,high_confidence_IR
Solyc04g051400.2,Solyc04g051400.2.intron2,Solyc04g051400.2|SL4.0ch04:49762588-49764028:+,SL4.0ch04,49762588,49764028,+,Solyc04g051400.2.1,1,no,8,27,8,35,0.228571428571429,1,Solanum_lycopersicum,high_confidence_IR
Solyc04g051610.3,Solyc04g051610.3.intron1,Solyc04g051610.3|SL4.0ch04:50137539-50138401:-,SL4.0ch04,50137539,50138401,-,Solyc04g051610.3.1,1,no,131,479,131,610,0.214754098360656,1,Solanum_lycopersicum,high_confidence_IR
Solyc04g054140.4,Solyc04g054140.4.intron9,Solyc04g054140.4|SL4.0ch04:51079888-51080551:-,SL4.0ch04,51079888,51080551,-,Solyc04g054140.4.1,1,no,240,849,176,1089,0.220385674931129,0.733333333333333,Solanum_lycopersicum,high_confidence_IR
Solyc04g054270.4,Solyc04g054270.4.intron2,Solyc04g054270.4|SL4.0ch04:51559780-51561104:+,SL4.0ch04,51559780,51561104,+,Solyc04g054270.4.1,1,no,121,155,107,276,0.438405797101449,0.884297520661157,Solanum_lycopersicum,high_confidence_IR
Solyc04g054320.4,Solyc04g054320.4.intron1,Solyc04g054320.4|SL4.0ch04:51595563-51595675:-,SL4.0ch04,51595563,51595675,-,Solyc04g054320.4.1,1,no,3554,525,2690,4079,0.871291983329247,0.756893640967923,Solanum_lycopersicum,high_confidence_IR
Solyc04g056370.3,Solyc04g056370.3.intron2,Solyc04g056370.3|SL4.0ch04:53472000-53472083:-,SL4.0ch04,53472000,53472083,-,Solyc04g056370.3.1,1,no,811,5,788,816,0.993872549019608,0.971639950678175,Solanum_lycopersicum,high_confidence_IR
Solyc04g056380.3,Solyc04g056380.3.intron1,Solyc04g056380.3|SL4.0ch04:53479098-53480056:+,SL4.0ch04,53479098,53480056,+,Solyc04g056380.3.1,1,no,11,40,11,51,0.215686274509804,1,Solanum_lycopersicum,high_confidence_IR
Solyc04g057780.4,Solyc04g057780.4.intron1,Solyc04g057780.4|SL4.0ch04:54238823-54241838:+,SL4.0ch04,54238823,54241838,+,Solyc04g057780.4.1,1,no,116,116,116,232,0.5,1,Solanum_lycopersicum,high_confidence_IR
Solyc04g058050.1,Solyc04g058050.1.intron1,Solyc04g058050.1|SL4.0ch04:54480654-54480817:-,SL4.0ch04,54480654,54480817,-,Solyc04g058050.1.1,1,no,10,28,10,38,0.263157894736842,1,Solanum_lycopersicum,high_confidence_IR
Solyc04g063245.1,Solyc04g063245.1.intron1,Solyc04g063245.1|SL4.0ch04:54736186-54736271:+,SL4.0ch04,54736186,54736271,+,Solyc04g063245.1.1,1,no,134,277,134,411,0.326034063260341,1,Solanum_lycopersicum,high_confidence_IR
Solyc04g063280.3,Solyc04g063280.3.intron1,Solyc04g063280.3|SL4.0ch04:54758646-54759161:-,SL4.0ch04,54758646,54759161,-,Solyc04g063280.3.1,1,no,988,1221,912,2209,0.44726120416478,0.923076923076923,Solanum_lycopersicum,high_confidence_IR
Solyc04g064480.3,Solyc04g064480.3.intron2,Solyc04g064480.3|SL4.0ch04:54977052-54978699:-,SL4.0ch04,54977052,54978699,-,Solyc04g064480.3.1,1,no,313,683,294,996,0.31425702811245,0.939297124600639,Solanum_lycopersicum,high_confidence_IR
Solyc04g064510.3,Solyc04g064510.3.intron1,Solyc04g064510.3|SL4.0ch04:55020736-55020927:-,SL4.0ch04,55020736,55020927,-,Solyc04g064510.3.1,1,no,2549,661,2370,3210,0.794080996884735,0.929776382895253,Solanum_lycopersicum,high_confidence_IR
Solyc04g064520.4,Solyc04g064520.4.intron1,Solyc04g064520.4|SL4.0ch04:55030956-55031065:+,SL4.0ch04,55030956,55031065,+,Solyc04g064520.4.1,1,no,808,70,808,878,0.920273348519362,1,Solanum_lycopersicum,high_confidence_IR
Solyc04g064560.4,Solyc04g064560.4.intron14,Solyc04g064560.4|SL4.0ch04:55076088-55076178:-,SL4.0ch04,55076088,55076178,-,Solyc04g064560.4.1,1,no,1067,10,841,1077,0.990714948932219,0.788191190253046,Solanum_lycopersicum,high_confidence_IR
Solyc04g070970.4,Solyc04g070970.4.intron2,Solyc04g070970.4|SL4.0ch04:55585643-55585839:-,SL4.0ch04,55585643,55585839,-,Solyc04g070970.4.1,1,no,28,8,21,36,0.777777777777778,0.75,Solanum_lycopersicum,high_confidence_IR
Solyc04g150160.1,Solyc04g150160.1.intron1,Solyc04g150160.1|SL4.0ch04:55797260-55797428:+,SL4.0ch04,55797260,55797428,+,Solyc04g150160.1.1,1,no,1345,4300,1345,5645,0.238263950398583,1,Solanum_lycopersicum,high_confidence_IR
Solyc04g150161.1,Solyc04g150161.1.intron1,Solyc04g150161.1|SL4.0ch04:55822398-55822488:+,SL4.0ch04,55822398,55822488,+,Solyc04g150161.1.1,1,no,100677,10,98394,100687,0.999900682312513,0.977323519771149,Solanum_lycopersicum,high_confidence_IR
Solyc04g071330.4,Solyc04g071330.4.intron1,Solyc04g071330.4|SL4.0ch04:56071826-56074003:+,SL4.0ch04,56071826,56074003,+,Solyc04g071330.4.1,1,no,64,89,47,153,0.418300653594771,0.734375,Solanum_lycopersicum,high_confidence_IR
Solyc04g071780.3,Solyc04g071780.3.intron1,Solyc04g071780.3|SL4.0ch04:56587013-56587080:+,SL4.0ch04,56587013,56587080,+,Solyc04g071780.3.1,1,no,280,864,280,1144,0.244755244755245,1,Solanum_lycopersicum,high_confidence_IR
Solyc04g150164.1,Solyc04g150164.1.intron1,Solyc04g150164.1|SL4.0ch04:56644328-56644404:+,SL4.0ch04,56644328,56644404,+,Solyc04g150164.1.1,1,no,17,55,17,72,0.236111111111111,1,Solanum_lycopersicum,high_confidence_IR
Solyc04g072240.3,Solyc04g072240.3.intron2,Solyc04g072240.3|SL4.0ch04:57182534-57182648:+,SL4.0ch04,57182534,57182648,+,Solyc04g072240.3.1,1,no,10102,198,9848,10300,0.980776699029126,0.974856464066521,Solanum_lycopersicum,high_confidence_IR
Solyc04g072460.3,Solyc04g072460.3.intron1,Solyc04g072460.3|SL4.0ch04:57422705-57423640:+,SL4.0ch04,57422705,57423640,+,Solyc04g072460.3.1,1,no,380,900,343,1280,0.296875,0.902631578947368,Solanum_lycopersicum,high_confidence_IR
Solyc04g072510.3,Solyc04g072510.3.intron1,Solyc04g072510.3|SL4.0ch04:57457769-57459617:+,SL4.0ch04,57457769,57459617,+,Solyc04g072510.3.1,1,no,1550,25,1550,1575,0.984126984126984,1,Solanum_lycopersicum,high_confidence_IR
Solyc04g072600.3,Solyc04g072600.3.intron1,Solyc04g072600.3|SL4.0ch04:57511340-57511630:+,SL4.0ch04,57511340,57511630,+,Solyc04g072600.3.1,1,no,5,5,5,10,0.5,1,Solanum_lycopersicum,high_confidence_IR
Solyc04g072607.1,Solyc04g072607.1.intron1,Solyc04g072607.1|SL4.0ch04:57517931-57518979:-,SL4.0ch04,57517931,57518979,-,Solyc04g072607.1.1,1,no,256,6,256,262,0.977099236641221,1,Solanum_lycopersicum,high_confidence_IR
Solyc04g072670.4,Solyc04g072670.4.intron1,Solyc04g072670.4|SL4.0ch04:57573671-57573976:-,SL4.0ch04,57573671,57573976,-,Solyc04g072670.4.1,1,no,4210,347,4011,4557,0.923853412332675,0.952731591448931,Solanum_lycopersicum,high_confidence_IR
Solyc04g074050.4,Solyc04g074050.4.intron1,Solyc04g074050.4|SL4.0ch04:58032114-58032812:+,SL4.0ch04,58032114,58032812,+,Solyc04g074050.4.1,1,no,147,91,120,238,0.617647058823529,0.816326530612245,Solanum_lycopersicum,high_confidence_IR
Solyc04g074220.4,Solyc04g074220.4.intron3,Solyc04g074220.4|SL4.0ch04:58179471-58179624:+,SL4.0ch04,58179471,58179624,+,Solyc04g074220.4.1,1,no,637,511,585,1148,0.554878048780488,0.918367346938776,Solanum_lycopersicum,high_confidence_IR
Solyc04g074360.3,Solyc04g074360.3.intron1,Solyc04g074360.3|SL4.0ch04:58313665-58313871:-,SL4.0ch04,58313665,58313871,-,Solyc04g074360.3.1,1,no,59,9,59,68,0.867647058823529,1,Solanum_lycopersicum,high_confidence_IR
Solyc04g074390.3,Solyc04g074390.3.intron1,Solyc04g074390.3|SL4.0ch04:58334437-58334500:-,SL4.0ch04,58334437,58334500,-,Solyc04g074390.3.1,1,no,193,332,193,525,0.367619047619048,1,Solanum_lycopersicum,high_confidence_IR
Solyc04g074760.3,Solyc04g074760.3.intron5,Solyc04g074760.3|SL4.0ch04:58641708-58641805:-,SL4.0ch04,58641708,58641805,-,Solyc04g074760.3.1,1,no,414,1251,370,1665,0.248648648648649,0.893719806763285,Solanum_lycopersicum,high_confidence_IR
Solyc04g074990.3,Solyc04g074990.3.intron2,Solyc04g074990.3|SL4.0ch04:58844762-58845061:+,SL4.0ch04,58844762,58845061,+,Solyc04g074990.3.1,1,no,434,14,420,448,0.96875,0.967741935483871,Solanum_lycopersicum,high_confidence_IR
Solyc04g076130.3,Solyc04g076130.3.intron1,Solyc04g076130.3|SL4.0ch04:59071733-59071825:+,SL4.0ch04,59071733,59071825,+,Solyc04g076130.3.1,1,no,44,145,44,189,0.232804232804233,1,Solanum_lycopersicum,high_confidence_IR
Solyc04g076200.3,Solyc04g076200.3.intron1,Solyc04g076200.3|SL4.0ch04:59129601-59129690:-,SL4.0ch04,59129601,59129690,-,Solyc04g076200.3.1,1,no,1914,3002,1708,4916,0.389340927583401,0.892371995820272,Solanum_lycopersicum,high_confidence_IR
Solyc04g076410.3,Solyc04g076410.3.intron1,Solyc04g076410.3|SL4.0ch04:59307447-59309313:-,SL4.0ch04,59307447,59309313,-,Solyc04g076410.3.1,1,no,200,787,200,987,0.202634245187437,1,Solanum_lycopersicum,high_confidence_IR
Solyc04g076560.3,Solyc04g076560.3.intron8,Solyc04g076560.3|SL4.0ch04:59466619-59466739:+,SL4.0ch04,59466619,59466739,+,Solyc04g076560.3.1,1,no,1237,755,1113,1992,0.620983935742972,0.899757477768795,Solanum_lycopersicum,high_confidence_IR
Solyc04g076790.3,Solyc04g076790.3.intron15,Solyc04g076790.3|SL4.0ch04:59668182-59668521:+,SL4.0ch04,59668182,59668521,+,Solyc04g076790.3.1,1,no,6926,57,5816,6983,0.991837319203781,0.839734334392146,Solanum_lycopersicum,high_confidence_IR
Solyc04g076870.4,Solyc04g076870.4.intron3,Solyc04g076870.4|SL4.0ch04:59786626-59787008:-,SL4.0ch04,59786626,59787008,-,Solyc04g076870.4.1,1,no,15299,63,14918,15362,0.995898971488087,0.975096411530165,Solanum_lycopersicum,high_confidence_IR
Solyc04g076970.3,Solyc04g076970.3.intron1,Solyc04g076970.3|SL4.0ch04:59913699-59913921:+,SL4.0ch04,59913699,59913921,+,Solyc04g076970.3.1,1,no,492,510,492,1002,0.491017964071856,1,Solanum_lycopersicum,high_confidence_IR
Solyc04g077340.3,Solyc04g077340.3.intron4,Solyc04g077340.3|SL4.0ch04:60272809-60272888:+,SL4.0ch04,60272809,60272888,+,Solyc04g077340.3.1,1,no,296,289,263,585,0.505982905982906,0.888513513513513,Solanum_lycopersicum,high_confidence_IR
Solyc04g077450.3,Solyc04g077450.3.intron4,Solyc04g077450.3|SL4.0ch04:60357091-60357202:+,SL4.0ch04,60357091,60357202,+,Solyc04g077450.3.1,1,no,580,304,473,884,0.656108597285068,0.81551724137931,Solanum_lycopersicum,high_confidence_IR
Solyc04g077480.3,Solyc04g077480.3.intron7,Solyc04g077480.3|SL4.0ch04:60385962-60386061:-,SL4.0ch04,60385962,60386061,-,Solyc04g077480.3.1,1,no,542,1296,490,1838,0.294885745375408,0.904059040590406,Solanum_lycopersicum,high_confidence_IR
Solyc04g077535.1,Solyc04g077535.1.intron1,Solyc04g077535.1|SL4.0ch04:60481136-60481283:-,SL4.0ch04,60481136,60481283,-,Solyc04g077535.1.1,1,no,27,74,22,101,0.267326732673267,0.814814814814815,Solanum_lycopersicum,high_confidence_IR
Solyc04g077590.4,Solyc04g077590.4.intron1,Solyc04g077590.4|SL4.0ch04:60530928-60532020:-,SL4.0ch04,60530928,60532020,-,Solyc04g077590.4.1,1,no,25,7,25,32,0.78125,1,Solanum_lycopersicum,high_confidence_IR
Solyc04g077750.2,Solyc04g077750.2.intron1,Solyc04g077750.2|SL4.0ch04:60646113-60647356:-,SL4.0ch04,60646113,60647356,-,Solyc04g077750.2.1,1,no,46,16,46,62,0.741935483870968,1,Solanum_lycopersicum,high_confidence_IR
Solyc04g077840.2,Solyc04g077840.2.intron1,Solyc04g077840.2|SL4.0ch04:60708156-60709026:+,SL4.0ch04,60708156,60709026,+,Solyc04g077840.2.1,1,no,1451,16,1451,1467,0.989093387866394,1,Solanum_lycopersicum,high_confidence_IR
Solyc04g078340.3,Solyc04g078340.3.intron1,Solyc04g078340.3|SL4.0ch04:61086889-61086947:+,SL4.0ch04,61086889,61086947,+,Solyc04g078340.3.1,1,no,373,682,373,1055,0.353554502369668,1,Solanum_lycopersicum,high_confidence_IR
Solyc04g078360.1,Solyc04g078360.1.intron1,Solyc04g078360.1|SL4.0ch04:61090339-61091265:+,SL4.0ch04,61090339,61091265,+,Solyc04g078360.1.1,1,no,36,70,36,106,0.339622641509434,1,Solanum_lycopersicum,high_confidence_IR
Solyc04g078750.3,Solyc04g078750.3.intron2,Solyc04g078750.3|SL4.0ch04:61397857-61398110:+,SL4.0ch04,61397857,61398110,+,Solyc04g078750.3.1,1,no,6346,5577,5677,11923,0.532248595152227,0.894579262527576,Solanum_lycopersicum,high_confidence_IR
Solyc04g078840.3,Solyc04g078840.3.intron1,Solyc04g078840.3|SL4.0ch04:61485218-61485341:-,SL4.0ch04,61485218,61485341,-,Solyc04g078840.3.1,1,no,711,495,649,1206,0.58955223880597,0.912798874824191,Solanum_lycopersicum,high_confidence_IR
Solyc04g078880.3,Solyc04g078880.3.intron4,Solyc04g078880.3|SL4.0ch04:61522628-61522719:+,SL4.0ch04,61522628,61522719,+,Solyc04g078880.3.1,1,no,750,670,603,1420,0.528169014084507,0.804,Solanum_lycopersicum,high_confidence_IR
Solyc04g078930.4,Solyc04g078930.4.intron1,Solyc04g078930.4|SL4.0ch04:61567114-61567245:+,SL4.0ch04,61567114,61567245,+,Solyc04g078930.4.1,1,no,72,122,65,194,0.371134020618557,0.902777777777778,Solanum_lycopersicum,high_confidence_IR
Solyc04g079000.4,Solyc04g079000.4.intron8,Solyc04g079000.4|SL4.0ch04:61594907-61594988:-,SL4.0ch04,61594907,61594988,-,Solyc04g079000.4.1,1,no,1778,1447,1551,3225,0.551317829457364,0.872328458942632,Solanum_lycopersicum,high_confidence_IR
Solyc04g079550.4,Solyc04g079550.4.intron6,Solyc04g079550.4|SL4.0ch04:61949495-61949702:-,SL4.0ch04,61949495,61949702,-,Solyc04g079550.4.1,1,no,12213,3859,10729,16072,0.759892981582877,0.878490133464341,Solanum_lycopersicum,high_confidence_IR
Solyc04g079690.3,Solyc04g079690.3.intron3,Solyc04g079690.3|SL4.0ch04:62034567-62034982:+,SL4.0ch04,62034567,62034982,+,Solyc04g079690.3.1,1,no,184,187,129,371,0.495956873315364,0.701086956521739,Solanum_lycopersicum,high_confidence_IR
Solyc04g079790.3,Solyc04g079790.3.intron2,Solyc04g079790.3|SL4.0ch04:62095307-62095412:-,SL4.0ch04,62095307,62095412,-,Solyc04g079790.3.1,1,no,11588,47,11350,11635,0.995960464116889,0.979461511908871,Solanum_lycopersicum,high_confidence_IR
Solyc04g080280.3,Solyc04g080280.3.intron2,Solyc04g080280.3|SL4.0ch04:62491640-62492486:+,SL4.0ch04,62491640,62492486,+,Solyc04g080280.3.1,1,no,119099,8304,106202,127403,0.934821001075328,0.891711937127936,Solanum_lycopersicum,high_confidence_IR
Solyc04g080350.4,Solyc04g080350.4.intron5,Solyc04g080350.4|SL4.0ch04:62540936-62541028:+,SL4.0ch04,62540936,62541028,+,Solyc04g080350.4.1,1,no,1418,117,1012,1535,0.923778501628664,0.713681241184767,Solanum_lycopersicum,high_confidence_IR
Solyc04g080380.3,Solyc04g080380.3.intron1,Solyc04g080380.3|SL4.0ch04:62558555-62559268:+,SL4.0ch04,62558555,62559268,+,Solyc04g080380.3.1,1,no,1122,2996,1122,4118,0.272462360369111,1,Solanum_lycopersicum,high_confidence_IR
Solyc04g080440.4,Solyc04g080440.4.intron4,Solyc04g080440.4|SL4.0ch04:62592933-62594059:-,SL4.0ch04,62592933,62594059,-,Solyc04g080440.4.1,1,no,845,2282,738,3127,0.270227054685002,0.873372781065089,Solanum_lycopersicum,high_confidence_IR
Solyc04g080580.3,Solyc04g080580.3.intron8,Solyc04g080580.3|SL4.0ch04:62677090-62677180:+,SL4.0ch04,62677090,62677180,+,Solyc04g080580.3.1,1,no,3472,41,2867,3513,0.988329063478508,0.825748847926267,Solanum_lycopersicum,high_confidence_IR
Solyc04g080790.3,Solyc04g080790.3.intron1,Solyc04g080790.3|SL4.0ch04:62848000-62848583:-,SL4.0ch04,62848000,62848583,-,Solyc04g080790.3.1,1,no,299,100,212,399,0.74937343358396,0.709030100334448,Solanum_lycopersicum,high_confidence_IR
Solyc04g081490.3,Solyc04g081490.3.intron3,Solyc04g081490.3|SL4.0ch04:63413745-63413814:-,SL4.0ch04,63413745,63413814,-,Solyc04g081490.3.1,1,no,90607,244,87902,90851,0.997314283827366,0.970145794475041,Solanum_lycopersicum,high_confidence_IR
Solyc04g081660.3,Solyc04g081660.3.intron3,Solyc04g081660.3|SL4.0ch04:63581482-63581598:-,SL4.0ch04,63581482,63581598,-,Solyc04g081660.3.1,1,no,569,189,462,758,0.75065963060686,0.81195079086116,Solanum_lycopersicum,high_confidence_IR
Solyc04g081730.3,Solyc04g081730.3.intron1,Solyc04g081730.3|SL4.0ch04:63637225-63638515:-,SL4.0ch04,63637225,63638515,-,Solyc04g081730.3.1,1,no,14107,6247,13096,20354,0.693082440797878,0.92833345147799,Solanum_lycopersicum,high_confidence_IR
Solyc04g081980.2,Solyc04g081980.2.intron1,Solyc04g081980.2|SL4.0ch04:63775601-63776365:-,SL4.0ch04,63775601,63776365,-,Solyc04g081980.2.1,1,no,823,42,823,865,0.951445086705202,1,Solanum_lycopersicum,high_confidence_IR
Solyc04g082050.3,Solyc04g082050.3.intron3,Solyc04g082050.3|SL4.0ch04:63826659-63826851:+,SL4.0ch04,63826659,63826851,+,Solyc04g082050.3.1,1,no,869,88,793,957,0.908045977011494,0.912543153049482,Solanum_lycopersicum,high_confidence_IR
Solyc04g082060.4,Solyc04g082060.4.intron1,Solyc04g082060.4|SL4.0ch04:63827938-63828911:-,SL4.0ch04,63827938,63828911,-,Solyc04g082060.4.1,1,no,2064,5,2064,2069,0.99758337361044,1,Solanum_lycopersicum,high_confidence_IR
Solyc04g082260.4,Solyc04g082260.4.intron1,Solyc04g082260.4|SL4.0ch04:63960166-63960405:-,SL4.0ch04,63960166,63960405,-,Solyc04g082260.4.1,1,no,1278,222,1166,1500,0.852,0.912363067292645,Solanum_lycopersicum,high_confidence_IR
Solyc04g082480.3,Solyc04g082480.3.intron1,Solyc04g082480.3|SL4.0ch04:64090391-64091004:+,SL4.0ch04,64090391,64091004,+,Solyc04g082480.3.1,1,no,627,579,571,1206,0.519900497512438,0.910685805422648,Solanum_lycopersicum,high_confidence_IR
Solyc04g082610.3,Solyc04g082610.3.intron1,Solyc04g082610.3|SL4.0ch04:64205306-64206304:+,SL4.0ch04,64205306,64206304,+,Solyc04g082610.3.1,1,no,257,128,194,385,0.667532467532468,0.754863813229572,Solanum_lycopersicum,high_confidence_IR
Solyc05g005210.3,Solyc05g005210.3.intron1,Solyc05g005210.3|SL4.0ch05:229849-229928:-,SL4.0ch05,229849,229928,-,Solyc05g005210.3.1,1,no,1299,293,1104,1592,0.815954773869347,0.849884526558891,Solanum_lycopersicum,high_confidence_IR
Solyc05g005290.4,Solyc05g005290.4.intron3,Solyc05g005290.4|SL4.0ch05:278622-278857:-,SL4.0ch05,278622,278857,-,Solyc05g005290.4.1,1,no,618,165,442,783,0.789272030651341,0.715210355987055,Solanum_lycopersicum,high_confidence_IR
Solyc05g006100.4,Solyc05g006100.4.intron1,Solyc05g006100.4|SL4.0ch05:869724-871274:+,SL4.0ch05,869724,871274,+,Solyc05g006100.4.1,1,no,579,109,579,688,0.841569767441861,1,Solanum_lycopersicum,high_confidence_IR
Solyc05g006215.1,Solyc05g006215.1.intron1,Solyc05g006215.1|SL4.0ch05:926636-926737:-,SL4.0ch05,926636,926737,-,Solyc05g006215.1.1,1,no,1124,1029,1076,2153,0.522062238736647,0.95729537366548,Solanum_lycopersicum,high_confidence_IR
Solyc05g006430.3,Solyc05g006430.3.intron1,Solyc05g006430.3|SL4.0ch05:1119106-1119192:+,SL4.0ch05,1119106,1119192,+,Solyc05g006430.3.1,1,no,162,411,162,573,0.282722513089005,1,Solanum_lycopersicum,high_confidence_IR
Solyc05g006700.4,Solyc05g006700.4.intron1,Solyc05g006700.4|SL4.0ch05:1416647-1416745:-,SL4.0ch05,1416647,1416745,-,Solyc05g006700.4.1,1,no,244,597,244,841,0.29013079667063,1,Solanum_lycopersicum,high_confidence_IR
Solyc05g007090.4,Solyc05g007090.4.intron5,Solyc05g007090.4|SL4.0ch05:1719324-1719509:-,SL4.0ch05,1719324,1719509,-,Solyc05g007090.4.1,1,no,291,231,216,522,0.557471264367816,0.742268041237113,Solanum_lycopersicum,high_confidence_IR
Solyc05g007180.3,Solyc05g007180.3.intron1,Solyc05g007180.3|SL4.0ch05:1847394-1847754:+,SL4.0ch05,1847394,1847754,+,Solyc05g007180.3.1,1,no,1250,3620,1189,4870,0.256673511293634,0.9512,Solanum_lycopersicum,high_confidence_IR
Solyc05g007490.3,Solyc05g007490.3.intron1,Solyc05g007490.3|SL4.0ch05:2101613-2101703:-,SL4.0ch05,2101613,2101703,-,Solyc05g007490.3.1,1,no,4024,15,3756,4039,0.996286209457787,0.933399602385686,Solanum_lycopersicum,high_confidence_IR
Solyc05g007770.3,Solyc05g007770.3.intron1,Solyc05g007770.3|SL4.0ch05:2278324-2278433:+,SL4.0ch05,2278324,2278433,+,Solyc05g007770.3.1,1,no,481,1669,341,2150,0.223720930232558,0.708939708939709,Solanum_lycopersicum,high_confidence_IR
Solyc05g007820.4,Solyc05g007820.4.intron1,Solyc05g007820.4|SL4.0ch05:2310818-2310950:+,SL4.0ch05,2310818,2310950,+,Solyc05g007820.4.1,1,no,3202,48,3202,3250,0.985230769230769,1,Solanum_lycopersicum,high_confidence_IR
Solyc05g007850.2,Solyc05g007850.2.intron1,Solyc05g007850.2|SL4.0ch05:2340365-2340638:+,SL4.0ch05,2340365,2340638,+,Solyc05g007850.2.1,1,no,24,67,22,91,0.263736263736264,0.916666666666667,Solanum_lycopersicum,high_confidence_IR
Solyc05g007880.4,Solyc05g007880.4.intron1,Solyc05g007880.4|SL4.0ch05:2369360-2370282:-,SL4.0ch05,2369360,2370282,-,Solyc05g007880.4.1,1,no,751,1744,751,2495,0.301002004008016,1,Solanum_lycopersicum,high_confidence_IR
Solyc05g008105.1,Solyc05g008105.1.intron1,Solyc05g008105.1|SL4.0ch05:2576461-2577028:-,SL4.0ch05,2576461,2577028,-,Solyc05g008105.1.1,1,no,320,13,320,333,0.960960960960961,1,Solanum_lycopersicum,high_confidence_IR
Solyc05g008240.2,Solyc05g008240.2.intron1,Solyc05g008240.2|SL4.0ch05:2675655-2676166:-,SL4.0ch05,2675655,2676166,-,Solyc05g008240.2.1,1,no,110,19,110,129,0.852713178294574,1,Solanum_lycopersicum,high_confidence_IR
Solyc05g008350.3,Solyc05g008350.3.intron11,Solyc05g008350.3|SL4.0ch05:2764652-2764792:+,SL4.0ch05,2764652,2764792,+,Solyc05g008350.3.1,1,no,2886,4531,2393,7417,0.38910610759067,0.829175329175329,Solanum_lycopersicum,high_confidence_IR
Solyc05g008810.4,Solyc05g008810.4.intron1,Solyc05g008810.4|SL4.0ch05:3093274-3094538:-,SL4.0ch05,3093274,3094538,-,Solyc05g008810.4.1,1,no,370,362,282,732,0.505464480874317,0.762162162162162,Solanum_lycopersicum,high_confidence_IR
Solyc05g009540.3,Solyc05g009540.3.intron1,Solyc05g009540.3|SL4.0ch05:3796411-3796897:+,SL4.0ch05,3796411,3796897,+,Solyc05g009540.3.1,1,no,271,681,252,952,0.284663865546218,0.929889298892989,Solanum_lycopersicum,high_confidence_IR
Solyc05g009630.4,Solyc05g009630.4.intron2,Solyc05g009630.4|SL4.0ch05:3872134-3875038:-,SL4.0ch05,3872134,3875038,-,Solyc05g009630.4.1,1,no,752,534,716,1286,0.584758942457232,0.952127659574468,Solanum_lycopersicum,high_confidence_IR
Solyc05g009760.3,Solyc05g009760.3.intron1,Solyc05g009760.3|SL4.0ch05:4004441-4004711:-,SL4.0ch05,4004441,4004711,-,Solyc05g009760.3.1,1,no,1006,123,1006,1129,0.891054030115146,1,Solanum_lycopersicum,high_confidence_IR
Solyc05g010790.3,Solyc05g010790.3.intron1,Solyc05g010790.3|SL4.0ch05:5030151-5030423:-,SL4.0ch05,5030151,5030423,-,Solyc05g010790.3.1,1,no,133,43,133,176,0.755681818181818,1,Solanum_lycopersicum,high_confidence_IR
Solyc05g010813.1,Solyc05g010813.1.intron1,Solyc05g010813.1|SL4.0ch05:5041043-5041629:-,SL4.0ch05,5041043,5041629,-,Solyc05g010813.1.1,1,no,5457,4002,5457,9459,0.576910878528386,1,Solanum_lycopersicum,high_confidence_IR
Solyc05g011970.3,Solyc05g011970.3.intron1,Solyc05g011970.3|SL4.0ch05:5258076-5258450:+,SL4.0ch05,5258076,5258450,+,Solyc05g011970.3.1,1,no,1088,3500,930,4588,0.237140366172624,0.854779411764706,Solanum_lycopersicum,high_confidence_IR
Solyc05g012010.3,Solyc05g012010.3.intron1,Solyc05g012010.3|SL4.0ch05:5289776-5290468:+,SL4.0ch05,5289776,5290468,+,Solyc05g012010.3.1,1,no,193,496,179,689,0.28011611030479,0.927461139896373,Solanum_lycopersicum,high_confidence_IR
Solyc05g012110.4,Solyc05g012110.4.intron1,Solyc05g012110.4|SL4.0ch05:5397314-5398358:-,SL4.0ch05,5397314,5398358,-,Solyc05g012110.4.1,1,no,3600,114,2910,3714,0.969305331179321,0.808333333333333,Solanum_lycopersicum,high_confidence_IR
Solyc05g012230.4,Solyc05g012230.4.intron1,Solyc05g012230.4|SL4.0ch05:5589072-5589667:-,SL4.0ch05,5589072,5589667,-,Solyc05g012230.4.1,1,no,450,903,425,1353,0.332594235033259,0.944444444444444,Solanum_lycopersicum,high_confidence_IR
Solyc05g012650.4,Solyc05g012650.4.intron1,Solyc05g012650.4|SL4.0ch05:5928925-5932346:-,SL4.0ch05,5928925,5932346,-,Solyc05g012650.4.1,1,no,171,191,165,362,0.472375690607735,0.964912280701754,Solanum_lycopersicum,high_confidence_IR
Solyc05g012780.4,Solyc05g012780.4.intron1,Solyc05g012780.4|SL4.0ch05:6022427-6023892:-,SL4.0ch05,6022427,6023892,-,Solyc05g012780.4.1,1,no,80,229,69,309,0.258899676375405,0.8625,Solanum_lycopersicum,high_confidence_IR
Solyc05g012790.4,Solyc05g012790.4.intron1,Solyc05g012790.4|SL4.0ch05:6039570-6040045:+,SL4.0ch05,6039570,6040045,+,Solyc05g012790.4.1,1,no,59,51,52,110,0.536363636363636,0.88135593220339,Solanum_lycopersicum,high_confidence_IR
Solyc05g012940.4,Solyc05g012940.4.intron1,Solyc05g012940.4|SL4.0ch05:6135751-6135890:+,SL4.0ch05,6135751,6135890,+,Solyc05g012940.4.1,1,no,420,244,336,664,0.632530120481928,0.8,Solanum_lycopersicum,high_confidence_IR
Solyc05g013040.3,Solyc05g013040.3.intron3,Solyc05g013040.3|SL4.0ch05:6234367-6234514:+,SL4.0ch05,6234367,6234514,+,Solyc05g013040.3.1,1,no,182,139,153,321,0.566978193146417,0.840659340659341,Solanum_lycopersicum,high_confidence_IR
Solyc05g013280.4,Solyc05g013280.4.intron5,Solyc05g013280.4|SL4.0ch05:6464683-6465267:+,SL4.0ch05,6464683,6465267,+,Solyc05g013280.4.1,1,no,361,10,326,371,0.973045822102426,0.903047091412742,Solanum_lycopersicum,high_confidence_IR
Solyc05g013330.4,Solyc05g013330.4.intron1,Solyc05g013330.4|SL4.0ch05:6498319-6498513:+,SL4.0ch05,6498319,6498513,+,Solyc05g013330.4.1,1,no,231,120,231,351,0.658119658119658,1,Solanum_lycopersicum,high_confidence_IR
Solyc05g013660.4,Solyc05g013660.4.intron1,Solyc05g013660.4|SL4.0ch05:7029541-7031091:-,SL4.0ch05,7029541,7031091,-,Solyc05g013660.4.1,1,no,458,173,398,631,0.725832012678288,0.868995633187773,Solanum_lycopersicum,high_confidence_IR
Solyc05g013710.3,Solyc05g013710.3.intron1,Solyc05g013710.3|SL4.0ch05:7076067-7078328:-,SL4.0ch05,7076067,7078328,-,Solyc05g013710.3.1,1,no,99,175,99,274,0.361313868613139,1,Solanum_lycopersicum,high_confidence_IR
Solyc05g013760.4,Solyc05g013760.4.intron1,Solyc05g013760.4|SL4.0ch05:7140862-7141271:+,SL4.0ch05,7140862,7141271,+,Solyc05g013760.4.1,1,no,30,86,30,116,0.258620689655172,1,Solanum_lycopersicum,high_confidence_IR
Solyc05g014030.3,Solyc05g014030.3.intron2,Solyc05g014030.3|SL4.0ch05:7598082-7598176:-,SL4.0ch05,7598082,7598176,-,Solyc05g014030.3.1,1,no,3285,3833,2679,7118,0.461506041022759,0.815525114155251,Solanum_lycopersicum,high_confidence_IR
Solyc05g014280.4,Solyc05g014280.4.intron2,Solyc05g014280.4|SL4.0ch05:8154652-8155722:-,SL4.0ch05,8154652,8155722,-,Solyc05g014280.4.1,1,no,22153,4223,22075,26376,0.839892326357294,0.996479032185257,Solanum_lycopersicum,high_confidence_IR
Solyc05g014390.4,Solyc05g014390.4.intron4,Solyc05g014390.4|SL4.0ch05:8303168-8303231:+,SL4.0ch05,8303168,8303231,+,Solyc05g014390.4.1,1,no,542,11,449,553,0.980108499095841,0.828413284132841,Solanum_lycopersicum,high_confidence_IR
Solyc05g014400.4,Solyc05g014400.4.intron1,Solyc05g014400.4|SL4.0ch05:8311269-8312565:-,SL4.0ch05,8311269,8312565,-,Solyc05g014400.4.1,1,no,478,103,368,581,0.822719449225473,0.769874476987448,Solanum_lycopersicum,high_confidence_IR
Solyc05g014750.2,Solyc05g014750.2.intron1,Solyc05g014750.2|SL4.0ch05:8948451-8952778:-,SL4.0ch05,8948451,8952778,-,Solyc05g014750.2.1,1,no,401,34,361,435,0.92183908045977,0.900249376558603,Solanum_lycopersicum,high_confidence_IR
Solyc05g015060.4,Solyc05g015060.4.intron1,Solyc05g015060.4|SL4.0ch05:9823919-9823991:+,SL4.0ch05,9823919,9823991,+,Solyc05g015060.4.1,1,no,38,44,38,82,0.463414634146341,1,Solanum_lycopersicum,high_confidence_IR
Solyc05g015460.3,Solyc05g015460.3.intron1,Solyc05g015460.3|SL4.0ch05:10637759-10638512:-,SL4.0ch05,10637759,10638512,-,Solyc05g015460.3.1,1,no,79,5,79,84,0.94047619047619,1,Solanum_lycopersicum,high_confidence_IR
Solyc05g015510.3,Solyc05g015510.3.intron3,Solyc05g015510.3|SL4.0ch05:10817411-10818334:-,SL4.0ch05,10817411,10818334,-,Solyc05g015510.3.1,1,no,240,949,200,1189,0.201850294365013,0.833333333333333,Solanum_lycopersicum,high_confidence_IR
Solyc05g015800.3,Solyc05g015800.3.intron1,Solyc05g015800.3|SL4.0ch05:12119626-12119919:+,SL4.0ch05,12119626,12119919,+,Solyc05g015800.3.1,1,no,130,375,130,505,0.257425742574257,1,Solanum_lycopersicum,high_confidence_IR
Solyc05g015840.3,Solyc05g015840.3.intron1,Solyc05g015840.3|SL4.0ch05:12454086-12455088:+,SL4.0ch05,12454086,12455088,+,Solyc05g015840.3.1,1,no,189,104,154,293,0.645051194539249,0.814814814814815,Solanum_lycopersicum,high_confidence_IR
Solyc05g016180.3,Solyc05g016180.3.intron1,Solyc05g016180.3|SL4.0ch05:14769503-14769719:+,SL4.0ch05,14769503,14769719,+,Solyc05g016180.3.1,1,no,252,106,252,358,0.70391061452514,1,Solanum_lycopersicum,high_confidence_IR
Solyc05g017990.4,Solyc05g017990.4.intron1,Solyc05g017990.4|SL4.0ch05:19409678-19409860:+,SL4.0ch05,19409678,19409860,+,Solyc05g017990.4.1,1,no,1444,31,1444,1475,0.978983050847458,1,Solanum_lycopersicum,high_confidence_IR
Solyc05g018700.4,Solyc05g018700.4.intron10,Solyc05g018700.4|SL4.0ch05:22899129-22899848:-,SL4.0ch05,22899129,22899848,-,Solyc05g018700.4.1,1,no,678,11,590,689,0.984034833091437,0.870206489675516,Solanum_lycopersicum,high_confidence_IR
Solyc05g020020.4,Solyc05g020020.4.intron1,Solyc05g020020.4|SL4.0ch05:25941368-25942521:-,SL4.0ch05,25941368,25942521,-,Solyc05g020020.4.1,1,no,1893,6,1556,1899,0.996840442338073,0.821975699947174,Solanum_lycopersicum,high_confidence_IR
Solyc05g021510.2,Solyc05g021510.2.intron1,Solyc05g021510.2|SL4.0ch05:28110979-28111444:-,SL4.0ch05,28110979,28111444,-,Solyc05g021510.2.1,1,no,12,21,12,33,0.363636363636364,1,Solanum_lycopersicum,high_confidence_IR
Solyc05g024180.3,Solyc05g024180.3.intron1,Solyc05g024180.3|SL4.0ch05:30723361-30723821:-,SL4.0ch05,30723361,30723821,-,Solyc05g024180.3.1,1,no,202,75,202,277,0.729241877256318,1,Solanum_lycopersicum,high_confidence_IR
Solyc05g025790.3,Solyc05g025790.3.intron1,Solyc05g025790.3|SL4.0ch05:36880721-36882194:-,SL4.0ch05,36880721,36882194,-,Solyc05g025790.3.1,1,no,41,19,41,60,0.683333333333333,1,Solanum_lycopersicum,high_confidence_IR
Solyc05g025920.3,Solyc05g025920.3.intron2,Solyc05g025920.3|SL4.0ch05:38182000-38182396:+,SL4.0ch05,38182000,38182396,+,Solyc05g025920.3.1,1,no,1623,30,1405,1653,0.981851179673321,0.865680837954405,Solanum_lycopersicum,high_confidence_IR
Solyc05g026217.1,Solyc05g026217.1.intron1,Solyc05g026217.1|SL4.0ch05:40315324-40316292:-,SL4.0ch05,40315324,40316292,-,Solyc05g026217.1.1,1,no,570,7,560,577,0.987868284228769,0.982456140350877,Solanum_lycopersicum,high_confidence_IR
Solyc05g032750.3,Solyc05g032750.3.intron1,Solyc05g032750.3|SL4.0ch05:44327251-44327459:-,SL4.0ch05,44327251,44327459,-,Solyc05g032750.3.1,1,no,392,463,349,855,0.458479532163743,0.89030612244898,Solanum_lycopersicum,high_confidence_IR
Solyc05g039990.4,Solyc05g039990.4.intron1,Solyc05g039990.4|SL4.0ch05:47841109-47841317:+,SL4.0ch05,47841109,47841317,+,Solyc05g039990.4.1,1,no,173,46,173,219,0.789954337899543,1,Solanum_lycopersicum,high_confidence_IR
Solyc05g046340.2,Solyc05g046340.2.intron10,Solyc05g046340.2|SL4.0ch05:57953104-57953203:+,SL4.0ch05,57953104,57953203,+,Solyc05g046340.2.1,1,no,75,11,62,86,0.872093023255814,0.826666666666667,Solanum_lycopersicum,high_confidence_IR
Solyc05g047460.3,Solyc05g047460.3.intron1,Solyc05g047460.3|SL4.0ch05:58253535-58253620:-,SL4.0ch05,58253535,58253620,-,Solyc05g047460.3.1,1,no,519,5,433,524,0.990458015267176,0.834296724470135,Solanum_lycopersicum,high_confidence_IR
Solyc05g049950.3,Solyc05g049950.3.intron1,Solyc05g049950.3|SL4.0ch05:59176794-59178309:+,SL4.0ch05,59176794,59178309,+,Solyc05g049950.3.1,1,no,7082,22,7082,7104,0.996903153153153,1,Solanum_lycopersicum,high_confidence_IR
Solyc05g049960.4,Solyc05g049960.4.intron1,Solyc05g049960.4|SL4.0ch05:59191722-59191839:-,SL4.0ch05,59191722,59191839,-,Solyc05g049960.4.1,1,no,402,41,394,443,0.90744920993228,0.980099502487562,Solanum_lycopersicum,high_confidence_IR
Solyc05g050240.3,Solyc05g050240.3.intron1,Solyc05g050240.3|SL4.0ch05:59667576-59667701:+,SL4.0ch05,59667576,59667701,+,Solyc05g050240.3.1,1,no,157,356,157,513,0.306042884990253,1,Solanum_lycopersicum,high_confidence_IR
Solyc05g050390.4,Solyc05g050390.4.intron1,Solyc05g050390.4|SL4.0ch05:59897362-59897443:-,SL4.0ch05,59897362,59897443,-,Solyc05g050390.4.1,1,no,81,92,58,173,0.468208092485549,0.716049382716049,Solanum_lycopersicum,high_confidence_IR
Solyc05g050530.3,Solyc05g050530.3.intron7,Solyc05g050530.3|SL4.0ch05:60054842-60055578:+,SL4.0ch05,60054842,60055578,+,Solyc05g050530.3.1,1,no,330,95,286,425,0.776470588235294,0.866666666666667,Solanum_lycopersicum,high_confidence_IR
Solyc05g050630.4,Solyc05g050630.4.intron23,Solyc05g050630.4|SL4.0ch05:60149248-60149351:-,SL4.0ch05,60149248,60149351,-,Solyc05g050630.4.1,1,no,95,373,72,468,0.202991452991453,0.757894736842105,Solanum_lycopersicum,high_confidence_IR
Solyc05g050920.3,Solyc05g050920.3.intron4,Solyc05g050920.3|SL4.0ch05:60525915-60526157:-,SL4.0ch05,60525915,60526157,-,Solyc05g050920.3.1,1,no,280,1057,209,1337,0.209424083769634,0.746428571428571,Solanum_lycopersicum,high_confidence_IR
Solyc05g051320.2,Solyc05g051320.2.intron3,Solyc05g051320.2|SL4.0ch05:61002170-61002509:+,SL4.0ch05,61002170,61002509,+,Solyc05g051320.2.1,1,no,43,31,31,74,0.581081081081081,0.720930232558139,Solanum_lycopersicum,high_confidence_IR
Solyc05g051380.4,Solyc05g051380.4.intron3,Solyc05g051380.4|SL4.0ch05:61064168-61065827:+,SL4.0ch05,61064168,61065827,+,Solyc05g051380.4.1,1,no,76,87,61,163,0.466257668711656,0.802631578947368,Solanum_lycopersicum,high_confidence_IR
Solyc05g051400.4,Solyc05g051400.4.intron1,Solyc05g051400.4|SL4.0ch05:61096949-61097005:+,SL4.0ch05,61096949,61097005,+,Solyc05g051400.4.1,1,no,1430,247,1430,1677,0.852713178294574,1,Solanum_lycopersicum,high_confidence_IR
Solyc05g051583.1,Solyc05g051583.1.intron1,Solyc05g051583.1|SL4.0ch05:61363292-61363772:-,SL4.0ch05,61363292,61363772,-,Solyc05g051583.1.1,1,no,7,18,7,25,0.28,1,Solanum_lycopersicum,high_confidence_IR
Solyc05g052020.3,Solyc05g052020.3.intron10,Solyc05g052020.3|SL4.0ch05:61762087-61762206:+,SL4.0ch05,61762087,61762206,+,Solyc05g052020.3.1,1,no,572,633,407,1205,0.474688796680498,0.711538461538462,Solanum_lycopersicum,high_confidence_IR
Solyc05g052210.3,Solyc05g052210.3.intron1,Solyc05g052210.3|SL4.0ch05:61888321-61888549:-,SL4.0ch05,61888321,61888549,-,Solyc05g052210.3.1,1,no,196,749,163,945,0.207407407407407,0.831632653061224,Solanum_lycopersicum,high_confidence_IR
Solyc05g052260.3,Solyc05g052260.3.intron6,Solyc05g052260.3|SL4.0ch05:61920773-61922955:+,SL4.0ch05,61920773,61922955,+,Solyc05g052260.3.1,1,no,808,3164,719,3972,0.203423967774421,0.889851485148515,Solanum_lycopersicum,high_confidence_IR
Solyc05g052630.4,Solyc05g052630.4.intron2,Solyc05g052630.4|SL4.0ch05:62239849-62242693:-,SL4.0ch05,62239849,62242693,-,Solyc05g052630.4.1,1,no,1240,4566,1218,5806,0.213572166724079,0.982258064516129,Solanum_lycopersicum,high_confidence_IR
Solyc05g052640.3,Solyc05g052640.3.intron1,Solyc05g052640.3|SL4.0ch05:62253810-62253897:-,SL4.0ch05,62253810,62253897,-,Solyc05g052640.3.1,1,no,424,550,331,974,0.435318275154004,0.780660377358491,Solanum_lycopersicum,high_confidence_IR
Solyc05g052880.4,Solyc05g052880.4.intron3,Solyc05g052880.4|SL4.0ch05:62446661-62446994:-,SL4.0ch05,62446661,62446994,-,Solyc05g052880.4.1,1,no,385,17,352,402,0.95771144278607,0.914285714285714,Solanum_lycopersicum,high_confidence_IR
Solyc05g052960.4,Solyc05g052960.4.intron3,Solyc05g052960.4|SL4.0ch05:62524018-62525474:-,SL4.0ch05,62524018,62525474,-,Solyc05g052960.4.1,1,no,987,2798,912,3785,0.260766182298547,0.924012158054711,Solanum_lycopersicum,high_confidence_IR
Solyc05g053230.3,Solyc05g053230.3.intron1,Solyc05g053230.3|SL4.0ch05:62753942-62754043:-,SL4.0ch05,62753942,62754043,-,Solyc05g053230.3.1,1,no,2153,516,1802,2669,0.806669164481079,0.83697166744078,Solanum_lycopersicum,high_confidence_IR
Solyc05g053260.3,Solyc05g053260.3.intron11,Solyc05g053260.3|SL4.0ch05:62801237-62801313:+,SL4.0ch05,62801237,62801313,+,Solyc05g053260.3.1,1,no,1340,94,1128,1434,0.934449093444909,0.841791044776119,Solanum_lycopersicum,high_confidence_IR
Solyc05g053380.4,Solyc05g053380.4.intron2,Solyc05g053380.4|SL4.0ch05:62876443-62876716:-,SL4.0ch05,62876443,62876716,-,Solyc05g053380.4.1,1,no,122,215,105,337,0.362017804154303,0.860655737704918,Solanum_lycopersicum,high_confidence_IR
Solyc05g053650.3,Solyc05g053650.3.intron13,Solyc05g053650.3|SL4.0ch05:63105659-63105739:+,SL4.0ch05,63105659,63105739,+,Solyc05g053650.3.1,1,no,2504,2277,2333,4781,0.523739803388412,0.931709265175719,Solanum_lycopersicum,high_confidence_IR
Solyc05g053720.4,Solyc05g053720.4.intron9,Solyc05g053720.4|SL4.0ch05:63141800-63141886:-,SL4.0ch05,63141800,63141886,-,Solyc05g053720.4.1,1,no,1126,174,826,1300,0.866153846153846,0.733570159857904,Solanum_lycopersicum,high_confidence_IR
Solyc05g053900.4,Solyc05g053900.4.intron6,Solyc05g053900.4|SL4.0ch05:63306081-63307218:-,SL4.0ch05,63306081,63307218,-,Solyc05g053900.4.1,1,no,150,323,137,473,0.317124735729387,0.913333333333333,Solanum_lycopersicum,high_confidence_IR
Solyc05g054300.2,Solyc05g054300.2.intron1,Solyc05g054300.2|SL4.0ch05:63626072-63626913:+,SL4.0ch05,63626072,63626913,+,Solyc05g054300.2.1,1,no,311,7,311,318,0.977987421383648,1,Solanum_lycopersicum,high_confidence_IR
Solyc05g054310.4,Solyc05g054310.4.intron7,Solyc05g054310.4|SL4.0ch05:63631968-63632099:+,SL4.0ch05,63631968,63632099,+,Solyc05g054310.4.1,1,no,124,50,88,174,0.71264367816092,0.709677419354839,Solanum_lycopersicum,high_confidence_IR
Solyc05g054520.4,Solyc05g054520.4.intron7,Solyc05g054520.4|SL4.0ch05:63814211-63814795:+,SL4.0ch05,63814211,63814795,+,Solyc05g054520.4.1,1,no,294,1085,232,1379,0.213197969543147,0.789115646258503,Solanum_lycopersicum,high_confidence_IR
Solyc05g054870.3,Solyc05g054870.3.intron2,Solyc05g054870.3|SL4.0ch05:64058388-64058469:+,SL4.0ch05,64058388,64058469,+,Solyc05g054870.3.1,1,no,79,295,75,374,0.211229946524064,0.949367088607595,Solanum_lycopersicum,high_confidence_IR
Solyc05g054980.3,Solyc05g054980.3.intron13,Solyc05g054980.3|SL4.0ch05:64144295-64144491:-,SL4.0ch05,64144295,64144491,-,Solyc05g054980.3.1,1,no,2035,209,1578,2244,0.906862745098039,0.775429975429975,Solanum_lycopersicum,high_confidence_IR
Solyc05g055340.4,Solyc05g055340.4.intron3,Solyc05g055340.4|SL4.0ch05:64403883-64404639:+,SL4.0ch05,64403883,64404639,+,Solyc05g055340.4.1,1,no,238,209,226,447,0.532438478747204,0.949579831932773,Solanum_lycopersicum,high_confidence_IR
Solyc05g055430.4,Solyc05g055430.4.intron3,Solyc05g055430.4|SL4.0ch05:64470318-64471466:-,SL4.0ch05,64470318,64471466,-,Solyc05g055430.4.1,1,no,594,1181,491,1775,0.334647887323944,0.826599326599327,Solanum_lycopersicum,high_confidence_IR
Solyc05g055510.3,Solyc05g055510.3.intron1,Solyc05g055510.3|SL4.0ch05:64513525-64514172:+,SL4.0ch05,64513525,64514172,+,Solyc05g055510.3.1,1,no,111,388,80,499,0.222444889779559,0.720720720720721,Solanum_lycopersicum,high_confidence_IR
Solyc05g055650.3,Solyc05g055650.3.intron1,Solyc05g055650.3|SL4.0ch05:64594082-64594173:-,SL4.0ch05,64594082,64594173,-,Solyc05g055650.3.1,1,no,41,160,41,201,0.203980099502488,1,Solanum_lycopersicum,high_confidence_IR
Solyc05g056540.4,Solyc05g056540.4.intron1,Solyc05g056540.4|SL4.0ch05:65203559-65203689:-,SL4.0ch05,65203559,65203689,-,Solyc05g056540.4.1,1,no,36,39,29,75,0.48,0.805555555555556,Solanum_lycopersicum,high_confidence_IR
Solyc06g005330.3,Solyc06g005330.3.intron1,Solyc06g005330.3|SL4.0ch06:371949-372080:-,SL4.0ch06,371949,372080,-,Solyc06g005330.3.1,1,no,3346,175,3073,3521,0.950298210735587,0.918410041841004,Solanum_lycopersicum,high_confidence_IR
Solyc06g005350.3,Solyc06g005350.3.intron4,Solyc06g005350.3|SL4.0ch06:382223-382693:-,SL4.0ch06,382223,382693,-,Solyc06g005350.3.1,1,no,321,246,293,567,0.566137566137566,0.912772585669782,Solanum_lycopersicum,high_confidence_IR
Solyc06g005840.4,Solyc06g005840.4.intron2,Solyc06g005840.4|SL4.0ch06:882818-883040:-,SL4.0ch06,882818,883040,-,Solyc06g005840.4.1,1,no,275,554,251,829,0.331724969843185,0.912727272727273,Solanum_lycopersicum,high_confidence_IR
Solyc06g005850.3,Solyc06g005850.3.intron1,Solyc06g005850.3|SL4.0ch06:886543-887445:+,SL4.0ch06,886543,887445,+,Solyc06g005850.3.1,1,no,41,140,41,181,0.226519337016575,1,Solanum_lycopersicum,high_confidence_IR
Solyc06g005965.1,Solyc06g005965.1.intron1,Solyc06g005965.1|SL4.0ch06:959823-960758:-,SL4.0ch06,959823,960758,-,Solyc06g005965.1.1,1,no,44,39,44,83,0.530120481927711,1,Solanum_lycopersicum,high_confidence_IR
Solyc06g006080.3,Solyc06g006080.3.intron6,Solyc06g006080.3|SL4.0ch06:1125979-1126141:+,SL4.0ch06,1125979,1126141,+,Solyc06g006080.3.1,1,no,464,1639,375,2103,0.220637184973847,0.808189655172414,Solanum_lycopersicum,high_confidence_IR
Solyc06g007275.1,Solyc06g007275.1.intron1,Solyc06g007275.1|SL4.0ch06:1336832-1337409:-,SL4.0ch06,1336832,1337409,-,Solyc06g007275.1.1,1,no,83,39,83,122,0.680327868852459,1,Solanum_lycopersicum,high_confidence_IR
Solyc06g007760.4,Solyc06g007760.4.intron3,Solyc06g007760.4|SL4.0ch06:1734820-1735188:+,SL4.0ch06,1734820,1735188,+,Solyc06g007760.4.1,1,no,716,38,671,754,0.949602122015915,0.937150837988827,Solanum_lycopersicum,high_confidence_IR
Solyc06g007850.3,Solyc06g007850.3.intron1,Solyc06g007850.3|SL4.0ch06:1767425-1768560:-,SL4.0ch06,1767425,1768560,-,Solyc06g007850.3.1,1,no,164,12,164,176,0.931818181818182,1,Solanum_lycopersicum,high_confidence_IR
Solyc06g008030.3,Solyc06g008030.3.intron5,Solyc06g008030.3|SL4.0ch06:1883232-1884204:-,SL4.0ch06,1883232,1884204,-,Solyc06g008030.3.1,1,no,991,3539,763,4530,0.218763796909492,0.769929364278507,Solanum_lycopersicum,high_confidence_IR
Solyc06g008110.4,Solyc06g008110.4.intron5,Solyc06g008110.4|SL4.0ch06:2012645-2012835:-,SL4.0ch06,2012645,2012835,-,Solyc06g008110.4.1,1,no,3095,53,2747,3148,0.983163913595934,0.887560581583199,Solanum_lycopersicum,high_confidence_IR
Solyc06g008130.4,Solyc06g008130.4.intron2,Solyc06g008130.4|SL4.0ch06:2027158-2028874:+,SL4.0ch06,2027158,2028874,+,Solyc06g008130.4.1,1,no,1208,1076,908,2284,0.528896672504378,0.751655629139073,Solanum_lycopersicum,high_confidence_IR
Solyc06g008160.4,Solyc06g008160.4.intron1,Solyc06g008160.4|SL4.0ch06:2056753-2059606:-,SL4.0ch06,2056753,2059606,-,Solyc06g008160.4.1,1,no,1666,397,1635,2063,0.807561803199224,0.981392557022809,Solanum_lycopersicum,high_confidence_IR
Solyc06g008860.3,Solyc06g008860.3.intron1,Solyc06g008860.3|SL4.0ch06:2808707-2809690:-,SL4.0ch06,2808707,2809690,-,Solyc06g008860.3.1,1,no,315,288,292,603,0.522388059701492,0.926984126984127,Solanum_lycopersicum,high_confidence_IR
Solyc06g009090.1,Solyc06g009090.1.intron2,Solyc06g009090.1|SL4.0ch06:3026905-3026985:-,SL4.0ch06,3026905,3026985,-,Solyc06g009090.1.1,1,no,59,101,46,160,0.36875,0.779661016949153,Solanum_lycopersicum,high_confidence_IR
Solyc06g009260.3,Solyc06g009260.3.intron1,Solyc06g009260.3|SL4.0ch06:3228363-3228638:-,SL4.0ch06,3228363,3228638,-,Solyc06g009260.3.1,1,no,79,239,74,318,0.248427672955975,0.936708860759494,Solanum_lycopersicum,high_confidence_IR
Solyc06g009335.1,Solyc06g009335.1.intron2,Solyc06g009335.1|SL4.0ch06:3291996-3292239:+,SL4.0ch06,3291996,3292239,+,Solyc06g009335.1.1,1,no,1189,354,1138,1543,0.770576798444588,0.957106812447435,Solanum_lycopersicum,high_confidence_IR
Solyc06g009370.4,Solyc06g009370.4.intron1,Solyc06g009370.4|SL4.0ch06:3296865-3296952:-,SL4.0ch06,3296865,3296952,-,Solyc06g009370.4.1,1,no,2773,142,2773,2915,0.951286449399657,1,Solanum_lycopersicum,high_confidence_IR
Solyc06g009490.3,Solyc06g009490.3.intron1,Solyc06g009490.3|SL4.0ch06:3454833-3455496:+,SL4.0ch06,3454833,3455496,+,Solyc06g009490.3.1,1,no,277,59,277,336,0.824404761904762,1,Solanum_lycopersicum,high_confidence_IR
Solyc06g009790.4,Solyc06g009790.4.intron2,Solyc06g009790.4|SL4.0ch06:3822075-3822714:-,SL4.0ch06,3822075,3822714,-,Solyc06g009790.4.1,1,no,174,656,126,830,0.209638554216867,0.724137931034483,Solanum_lycopersicum,high_confidence_IR
Solyc06g009810.4,Solyc06g009810.4.intron1,Solyc06g009810.4|SL4.0ch06:3843321-3843403:-,SL4.0ch06,3843321,3843403,-,Solyc06g009810.4.1,1,no,53,32,53,85,0.623529411764706,1,Solanum_lycopersicum,high_confidence_IR
Solyc06g009820.3,Solyc06g009820.3.intron3,Solyc06g009820.3|SL4.0ch06:3878897-3880833:+,SL4.0ch06,3878897,3880833,+,Solyc06g009820.3.1,1,no,169,632,166,801,0.210986267166042,0.982248520710059,Solanum_lycopersicum,high_confidence_IR
Solyc06g010260.3,Solyc06g010260.3.intron1,Solyc06g010260.3|SL4.0ch06:5596543-5596663:-,SL4.0ch06,5596543,5596663,-,Solyc06g010260.3.1,1,no,168,526,136,694,0.24207492795389,0.80952380952381,Solanum_lycopersicum,high_confidence_IR
Solyc06g011540.4,Solyc06g011540.4.intron4,Solyc06g011540.4|SL4.0ch06:8074577-8074718:+,SL4.0ch06,8074577,8074718,+,Solyc06g011540.4.1,1,no,1213,625,1026,1838,0.659956474428727,0.845836768342951,Solanum_lycopersicum,high_confidence_IR
Solyc06g011575.1,Solyc06g011575.1.intron1,Solyc06g011575.1|SL4.0ch06:8208901-8209010:-,SL4.0ch06,8208901,8209010,-,Solyc06g011575.1.1,1,no,4387,20,4387,4407,0.99546176537327,1,Solanum_lycopersicum,high_confidence_IR
Solyc06g030510.4,Solyc06g030510.4.intron1,Solyc06g030510.4|SL4.0ch06:16839012-16839101:+,SL4.0ch06,16839012,16839101,+,Solyc06g030510.4.1,1,no,283,27,252,310,0.912903225806452,0.890459363957597,Solanum_lycopersicum,high_confidence_IR
Solyc06g031680.2,Solyc06g031680.2.intron4,Solyc06g031680.2|SL4.0ch06:18357246-18357329:+,SL4.0ch06,18357246,18357329,+,Solyc06g031680.2.1,1,no,1198,143,1095,1341,0.893363161819538,0.914023372287145,Solanum_lycopersicum,high_confidence_IR
Solyc06g034230.2,Solyc06g034230.2.intron1,Solyc06g034230.2|SL4.0ch06:21709178-21710889:-,SL4.0ch06,21709178,21710889,-,Solyc06g034230.2.1,1,no,192,264,192,456,0.421052631578947,1,Solanum_lycopersicum,high_confidence_IR
Solyc06g034410.3,Solyc06g034410.3.intron1,Solyc06g034410.3|SL4.0ch06:22008087-22008158:-,SL4.0ch06,22008087,22008158,-,Solyc06g034410.3.1,1,no,22,32,22,54,0.407407407407407,1,Solanum_lycopersicum,high_confidence_IR
Solyc06g035720.3,Solyc06g035720.3.intron1,Solyc06g035720.3|SL4.0ch06:22579020-22579694:-,SL4.0ch06,22579020,22579694,-,Solyc06g035720.3.1,1,no,101,163,97,264,0.382575757575758,0.96039603960396,Solanum_lycopersicum,high_confidence_IR
Solyc06g035960.3,Solyc06g035960.3.intron2,Solyc06g035960.3|SL4.0ch06:23167314-23167388:+,SL4.0ch06,23167314,23167388,+,Solyc06g035960.3.1,1,no,766,1517,598,2283,0.335523434077968,0.780678851174935,Solanum_lycopersicum,high_confidence_IR
Solyc06g036580.4,Solyc06g036580.4.intron1,Solyc06g036580.4|SL4.0ch06:24531647-24531706:-,SL4.0ch06,24531647,24531706,-,Solyc06g036580.4.1,1,no,1172,16,999,1188,0.986531986531986,0.852389078498293,Solanum_lycopersicum,high_confidence_IR
Solyc06g043260.2,Solyc06g043260.2.intron1,Solyc06g043260.2|SL4.0ch06:26677012-26677597:+,SL4.0ch06,26677012,26677597,+,Solyc06g043260.2.1,1,no,10,6,10,16,0.625,1,Solanum_lycopersicum,high_confidence_IR
Solyc06g043170.4,Solyc06g043170.4.intron8,Solyc06g043170.4|SL4.0ch06:27433813-27433904:+,SL4.0ch06,27433813,27433904,+,Solyc06g043170.4.1,1,no,1058,104,749,1162,0.910499139414802,0.707939508506616,Solanum_lycopersicum,high_confidence_IR
Solyc06g048860.3,Solyc06g048860.3.intron4,Solyc06g048860.3|SL4.0ch06:29514027-29514374:+,SL4.0ch06,29514027,29514374,+,Solyc06g048860.3.1,1,no,16,25,13,41,0.390243902439024,0.8125,Solanum_lycopersicum,high_confidence_IR
Solyc06g049030.4,Solyc06g049030.4.intron1,Solyc06g049030.4|SL4.0ch06:29968123-29968822:-,SL4.0ch06,29968123,29968822,-,Solyc06g049030.4.1,1,no,70,248,70,318,0.220125786163522,1,Solanum_lycopersicum,high_confidence_IR
Solyc06g049090.3,Solyc06g049090.3.intron2,Solyc06g049090.3|SL4.0ch06:30055320-30056178:-,SL4.0ch06,30055320,30056178,-,Solyc06g049090.3.1,1,no,415,135,365,550,0.754545454545455,0.879518072289157,Solanum_lycopersicum,high_confidence_IR
Solyc06g050220.4,Solyc06g050220.4.intron3,Solyc06g050220.4|SL4.0ch06:30453563-30459400:-,SL4.0ch06,30453563,30459400,-,Solyc06g050220.4.1,1,no,56,155,48,211,0.265402843601896,0.857142857142857,Solanum_lycopersicum,high_confidence_IR
Solyc06g050230.4,Solyc06g050230.4.intron3,Solyc06g050230.4|SL4.0ch06:30495376-30495538:-,SL4.0ch06,30495376,30495538,-,Solyc06g050230.4.1,1,no,4005,9,3521,4014,0.997757847533632,0.879151061173533,Solanum_lycopersicum,high_confidence_IR
Solyc06g050500.2,Solyc06g050500.2.intron1,Solyc06g050500.2|SL4.0ch06:30899421-30899582:-,SL4.0ch06,30899421,30899582,-,Solyc06g050500.2.1,1,no,2507,353,2507,2860,0.876573426573427,1,Solanum_lycopersicum,high_confidence_IR
Solyc06g050510.3,Solyc06g050510.3.intron1,Solyc06g050510.3|SL4.0ch06:30923698-30924520:-,SL4.0ch06,30923698,30924520,-,Solyc06g050510.3.1,1,no,1549,807,1412,2356,0.657470288624788,0.911555842479019,Solanum_lycopersicum,high_confidence_IR
Solyc06g050610.3,Solyc06g050610.3.intron4,Solyc06g050610.3|SL4.0ch06:31055254-31055338:-,SL4.0ch06,31055254,31055338,-,Solyc06g050610.3.1,1,no,59,222,49,281,0.209964412811388,0.830508474576271,Solanum_lycopersicum,high_confidence_IR
Solyc06g050710.4,Solyc06g050710.4.intron3,Solyc06g050710.4|SL4.0ch06:31203722-31204291:-,SL4.0ch06,31203722,31204291,-,Solyc06g050710.4.1,1,no,156,90,112,246,0.634146341463415,0.717948717948718,Solanum_lycopersicum,high_confidence_IR
Solyc06g050730.4,Solyc06g050730.4.intron3,Solyc06g050730.4|SL4.0ch06:31234895-31235004:-,SL4.0ch06,31234895,31235004,-,Solyc06g050730.4.1,1,no,64,5,53,69,0.927536231884058,0.828125,Solanum_lycopersicum,high_confidence_IR
Solyc06g050950.3,Solyc06g050950.3.intron1,Solyc06g050950.3|SL4.0ch06:31664920-31665558:-,SL4.0ch06,31664920,31665558,-,Solyc06g050950.3.1,1,no,24,38,24,62,0.387096774193548,1,Solanum_lycopersicum,high_confidence_IR
Solyc06g051230.4,Solyc06g051230.4.intron1,Solyc06g051230.4|SL4.0ch06:32203478-32203583:+,SL4.0ch06,32203478,32203583,+,Solyc06g051230.4.1,1,no,650,1052,519,1702,0.381903642773208,0.798461538461538,Solanum_lycopersicum,high_confidence_IR
Solyc06g051425.1,Solyc06g051425.1.intron5,Solyc06g051425.1|SL4.0ch06:32592048-32594437:-,SL4.0ch06,32592048,32594437,-,Solyc06g051425.1.1,1,no,208,792,168,1000,0.208,0.807692307692308,Solanum_lycopersicum,high_confidence_IR
Solyc06g051460.4,Solyc06g051460.4.intron3,Solyc06g051460.4|SL4.0ch06:32651545-32651697:-,SL4.0ch06,32651545,32651697,-,Solyc06g051460.4.1,1,no,809,5,760,814,0.993857493857494,0.939431396786156,Solanum_lycopersicum,high_confidence_IR
Solyc06g053160.3,Solyc06g053160.3.intron5,Solyc06g053160.3|SL4.0ch06:33675049-33675281:-,SL4.0ch06,33675049,33675281,-,Solyc06g053160.3.1,1,no,1311,810,1099,2121,0.618104667609618,0.838291380625477,Solanum_lycopersicum,high_confidence_IR
Solyc06g053220.3,Solyc06g053220.3.intron1,Solyc06g053220.3|SL4.0ch06:33740584-33740666:-,SL4.0ch06,33740584,33740666,-,Solyc06g053220.3.1,1,no,259,978,259,1237,0.209377526273242,1,Solanum_lycopersicum,high_confidence_IR
Solyc06g053230.4,Solyc06g053230.4.intron2,Solyc06g053230.4|SL4.0ch06:33756944-33757091:+,SL4.0ch06,33756944,33757091,+,Solyc06g053230.4.1,1,no,180,171,127,351,0.512820512820513,0.705555555555556,Solanum_lycopersicum,high_confidence_IR
Solyc06g053250.2,Solyc06g053250.2.intron1,Solyc06g053250.2|SL4.0ch06:33757349-33757520:+,SL4.0ch06,33757349,33757520,+,Solyc06g053250.2.1,1,no,30,89,30,119,0.252100840336134,1,Solanum_lycopersicum,high_confidence_IR
Solyc06g053620.4,Solyc06g053620.4.intron1,Solyc06g053620.4|SL4.0ch06:34240131-34240363:-,SL4.0ch06,34240131,34240363,-,Solyc06g053620.4.1,1,no,1478,369,1399,1847,0.800216567406605,0.946549391069012,Solanum_lycopersicum,high_confidence_IR
Solyc06g053660.3,Solyc06g053660.3.intron1,Solyc06g053660.3|SL4.0ch06:34281786-34284303:+,SL4.0ch06,34281786,34284303,+,Solyc06g053660.3.1,1,no,1680,2312,1457,3992,0.420841683366733,0.867261904761905,Solanum_lycopersicum,high_confidence_IR
Solyc06g053810.3,Solyc06g053810.3.intron1,Solyc06g053810.3|SL4.0ch06:34459338-34459512:+,SL4.0ch06,34459338,34459512,+,Solyc06g053810.3.1,1,no,619,996,484,1615,0.38328173374613,0.781906300484653,Solanum_lycopersicum,high_confidence_IR
Solyc06g054070.3,Solyc06g054070.3.intron1,Solyc06g054070.3|SL4.0ch06:34702256-34702341:+,SL4.0ch06,34702256,34702341,+,Solyc06g054070.3.1,1,no,220,494,220,714,0.30812324929972,1,Solanum_lycopersicum,high_confidence_IR
Solyc06g054440.2,Solyc06g054440.2.intron1,Solyc06g054440.2|SL4.0ch06:35010524-35010637:+,SL4.0ch06,35010524,35010637,+,Solyc06g054440.2.1,1,no,15,13,11,28,0.535714285714286,0.733333333333333,Solanum_lycopersicum,high_confidence_IR
Solyc06g054590.3,Solyc06g054590.3.intron1,Solyc06g054590.3|SL4.0ch06:35119793-35120986:+,SL4.0ch06,35119793,35120986,+,Solyc06g054590.3.1,1,no,661,1085,661,1746,0.378579610538373,1,Solanum_lycopersicum,high_confidence_IR
Solyc06g060560.3,Solyc06g060560.3.intron1,Solyc06g060560.3|SL4.0ch06:36238966-36239141:-,SL4.0ch06,36238966,36239141,-,Solyc06g060560.3.1,1,no,286,878,286,1164,0.245704467353952,1,Solanum_lycopersicum,high_confidence_IR
Solyc06g060690.3,Solyc06g060690.3.intron1,Solyc06g060690.3|SL4.0ch06:36383600-36383690:-,SL4.0ch06,36383600,36383690,-,Solyc06g060690.3.1,1,no,11019,239,11019,11258,0.978770651980814,1,Solanum_lycopersicum,high_confidence_IR
Solyc06g061030.3,Solyc06g061030.3.intron1,Solyc06g061030.3|SL4.0ch06:36736314-36736606:+,SL4.0ch06,36736314,36736606,+,Solyc06g061030.3.1,1,no,78,151,57,229,0.34061135371179,0.730769230769231,Solanum_lycopersicum,high_confidence_IR
Solyc06g061050.4,Solyc06g061050.4.intron1,Solyc06g061050.4|SL4.0ch06:36754316-36758733:-,SL4.0ch06,36754316,36758733,-,Solyc06g061050.4.1,1,no,10,14,10,24,0.416666666666667,1,Solanum_lycopersicum,high_confidence_IR
Solyc06g062320.3,Solyc06g062320.3.intron1,Solyc06g062320.3|SL4.0ch06:36971118-36971579:+,SL4.0ch06,36971118,36971579,+,Solyc06g062320.3.1,1,no,24,91,24,115,0.208695652173913,1,Solanum_lycopersicum,high_confidence_IR
Solyc06g062420.4,Solyc06g062420.4.intron1,Solyc06g062420.4|SL4.0ch06:37028808-37028921:-,SL4.0ch06,37028808,37028921,-,Solyc06g062420.4.1,1,no,198,528,198,726,0.272727272727273,1,Solanum_lycopersicum,high_confidence_IR
Solyc06g062480.4,Solyc06g062480.4.intron1,Solyc06g062480.4|SL4.0ch06:37074564-37075456:+,SL4.0ch06,37074564,37075456,+,Solyc06g062480.4.1,1,no,773,428,666,1201,0.643630308076603,0.861578266494179,Solanum_lycopersicum,high_confidence_IR
Solyc06g062730.2,Solyc06g062730.2.intron2,Solyc06g062730.2|SL4.0ch06:37232015-37232451:+,SL4.0ch06,37232015,37232451,+,Solyc06g062730.2.1,1,no,11,31,10,42,0.261904761904762,0.909090909090909,Solanum_lycopersicum,high_confidence_IR
Solyc06g062780.4,Solyc06g062780.4.intron8,Solyc06g062780.4|SL4.0ch06:37261347-37262208:+,SL4.0ch06,37261347,37262208,+,Solyc06g062780.4.1,1,no,362,1088,293,1450,0.249655172413793,0.80939226519337,Solanum_lycopersicum,high_confidence_IR
Solyc06g062800.4,Solyc06g062800.4.intron1,Solyc06g062800.4|SL4.0ch06:37278039-37278732:-,SL4.0ch06,37278039,37278732,-,Solyc06g062800.4.1,1,no,61,200,61,261,0.233716475095785,1,Solanum_lycopersicum,high_confidence_IR
Solyc06g063030.3,Solyc06g063030.3.intron1,Solyc06g063030.3|SL4.0ch06:37449052-37450406:-,SL4.0ch06,37449052,37450406,-,Solyc06g063030.3.1,1,no,684,2642,520,3326,0.205652435357787,0.760233918128655,Solanum_lycopersicum,high_confidence_IR
Solyc06g064490.2,Solyc06g064490.2.intron3,Solyc06g064490.2|SL4.0ch06:37799471-37799835:-,SL4.0ch06,37799471,37799835,-,Solyc06g064490.2.1,1,no,166,473,140,639,0.259780907668232,0.843373493975904,Solanum_lycopersicum,high_confidence_IR
Solyc06g065290.4,Solyc06g065290.4.intron1,Solyc06g065290.4|SL4.0ch06:38358506-38359653:+,SL4.0ch06,38358506,38359653,+,Solyc06g065290.4.1,1,no,23,51,23,74,0.310810810810811,1,Solanum_lycopersicum,high_confidence_IR
Solyc06g065570.3,Solyc06g065570.3.intron1,Solyc06g065570.3|SL4.0ch06:38605793-38605898:-,SL4.0ch06,38605793,38605898,-,Solyc06g065570.3.1,1,no,911,323,825,1234,0.738249594813614,0.905598243688255,Solanum_lycopersicum,high_confidence_IR
Solyc06g065820.3,Solyc06g065820.3.intron1,Solyc06g065820.3|SL4.0ch06:38890985-38891420:-,SL4.0ch06,38890985,38891420,-,Solyc06g065820.3.1,1,no,283,797,283,1080,0.262037037037037,1,Solanum_lycopersicum,high_confidence_IR
Solyc06g065920.4,Solyc06g065920.4.intron4,Solyc06g065920.4|SL4.0ch06:38953903-38953970:-,SL4.0ch06,38953903,38953970,-,Solyc06g065920.4.1,1,no,594,8,531,602,0.98671096345515,0.893939393939394,Solanum_lycopersicum,high_confidence_IR
Solyc06g066010.3,Solyc06g066010.3.intron3,Solyc06g066010.3|SL4.0ch06:39004877-39005566:-,SL4.0ch06,39004877,39005566,-,Solyc06g066010.3.1,1,no,469,1599,393,2068,0.22678916827853,0.837953091684435,Solanum_lycopersicum,high_confidence_IR
Solyc06g066440.3,Solyc06g066440.3.intron1,Solyc06g066440.3|SL4.0ch06:39349024-39349234:-,SL4.0ch06,39349024,39349234,-,Solyc06g066440.3.1,1,no,317,221,261,538,0.589219330855019,0.823343848580442,Solanum_lycopersicum,high_confidence_IR
Solyc06g068600.3,Solyc06g068600.3.intron2,Solyc06g068600.3|SL4.0ch06:40156215-40156356:-,SL4.0ch06,40156215,40156356,-,Solyc06g068600.3.1,1,no,220,291,179,511,0.430528375733855,0.813636363636364,Solanum_lycopersicum,high_confidence_IR
Solyc06g068630.4,Solyc06g068630.4.intron1,Solyc06g068630.4|SL4.0ch06:40178601-40179698:-,SL4.0ch06,40178601,40179698,-,Solyc06g068630.4.1,1,no,72,90,72,162,0.444444444444444,1,Solanum_lycopersicum,high_confidence_IR
Solyc06g068815.1,Solyc06g068815.1.intron1,Solyc06g068815.1|SL4.0ch06:40275465-40275585:+,SL4.0ch06,40275465,40275585,+,Solyc06g068815.1.1,1,no,190,5,190,195,0.974358974358974,1,Solanum_lycopersicum,high_confidence_IR
Solyc06g069270.1,Solyc06g069270.1.intron1,Solyc06g069270.1|SL4.0ch06:40669427-40669552:-,SL4.0ch06,40669427,40669552,-,Solyc06g069270.1.1,1,no,511,127,511,638,0.800940438871473,1,Solanum_lycopersicum,high_confidence_IR
Solyc06g069310.3,Solyc06g069310.3.intron1,Solyc06g069310.3|SL4.0ch06:40699196-40699755:-,SL4.0ch06,40699196,40699755,-,Solyc06g069310.3.1,1,no,215,20,182,235,0.914893617021277,0.846511627906977,Solanum_lycopersicum,high_confidence_IR
Solyc06g069630.4,Solyc06g069630.4.intron1,Solyc06g069630.4|SL4.0ch06:40993311-40995065:-,SL4.0ch06,40993311,40995065,-,Solyc06g069630.4.1,1,no,262,619,250,881,0.29738933030647,0.954198473282443,Solanum_lycopersicum,high_confidence_IR
Solyc06g069820.4,Solyc06g069820.4.intron1,Solyc06g069820.4|SL4.0ch06:41105281-41106441:+,SL4.0ch06,41105281,41106441,+,Solyc06g069820.4.1,1,no,429,1705,388,2134,0.201030927835052,0.904428904428904,Solanum_lycopersicum,high_confidence_IR
Solyc06g070930.3,Solyc06g070930.3.intron1,Solyc06g070930.3|SL4.0ch06:41224753-41225885:-,SL4.0ch06,41224753,41225885,-,Solyc06g070930.3.1,1,no,15890,4342,12118,20232,0.785389482008699,0.762617998741347,Solanum_lycopersicum,high_confidence_IR
Solyc06g071040.4,Solyc06g071040.4.intron5,Solyc06g071040.4|SL4.0ch06:41306714-41309336:-,SL4.0ch06,41306714,41309336,-,Solyc06g071040.4.1,1,no,288,520,212,808,0.356435643564356,0.736111111111111,Solanum_lycopersicum,high_confidence_IR
Solyc06g071690.3,Solyc06g071690.3.intron1,Solyc06g071690.3|SL4.0ch06:41825689-41825914:+,SL4.0ch06,41825689,41825914,+,Solyc06g071690.3.1,1,no,34,92,24,126,0.26984126984127,0.705882352941177,Solanum_lycopersicum,high_confidence_IR
Solyc06g071750.3,Solyc06g071750.3.intron1,Solyc06g071750.3|SL4.0ch06:41861528-41861594:+,SL4.0ch06,41861528,41861594,+,Solyc06g071750.3.1,1,no,352,1334,352,1686,0.208778173190985,1,Solanum_lycopersicum,high_confidence_IR
Solyc06g071900.3,Solyc06g071900.3.intron2,Solyc06g071900.3|SL4.0ch06:41960574-41961057:-,SL4.0ch06,41960574,41961057,-,Solyc06g071900.3.1,1,no,127,410,113,537,0.236499068901304,0.889763779527559,Solanum_lycopersicum,high_confidence_IR
Solyc06g071990.4,Solyc06g071990.4.intron3,Solyc06g071990.4|SL4.0ch06:42018848-42019184:+,SL4.0ch06,42018848,42019184,+,Solyc06g071990.4.1,1,no,6925,33,6249,6958,0.995257257832711,0.902382671480144,Solanum_lycopersicum,high_confidence_IR
Solyc06g072280.3,Solyc06g072280.3.intron1,Solyc06g072280.3|SL4.0ch06:42230058-42230133:+,SL4.0ch06,42230058,42230133,+,Solyc06g072280.3.1,1,no,136,11,117,147,0.925170068027211,0.860294117647059,Solanum_lycopersicum,high_confidence_IR
Solyc06g072900.4,Solyc06g072900.4.intron2,Solyc06g072900.4|SL4.0ch06:42611095-42611174:+,SL4.0ch06,42611095,42611174,+,Solyc06g072900.4.1,1,no,14,24,10,38,0.368421052631579,0.714285714285714,Solanum_lycopersicum,high_confidence_IR
Solyc06g073460.4,Solyc06g073460.4.intron1,Solyc06g073460.4|SL4.0ch06:42942932-42943020:-,SL4.0ch06,42942932,42943020,-,Solyc06g073460.4.1,1,no,252,53,190,305,0.826229508196721,0.753968253968254,Solanum_lycopersicum,high_confidence_IR
Solyc06g073660.3,Solyc06g073660.3.intron2,Solyc06g073660.3|SL4.0ch06:43114464-43114653:+,SL4.0ch06,43114464,43114653,+,Solyc06g073660.3.1,1,no,121,392,115,513,0.235867446393762,0.950413223140496,Solanum_lycopersicum,high_confidence_IR
Solyc06g073980.4,Solyc06g073980.4.intron2,Solyc06g073980.4|SL4.0ch06:43391729-43393189:+,SL4.0ch06,43391729,43393189,+,Solyc06g073980.4.1,1,no,160,22,123,182,0.879120879120879,0.76875,Solanum_lycopersicum,high_confidence_IR
Solyc06g074130.4,Solyc06g074130.4.intron2,Solyc06g074130.4|SL4.0ch06:43513695-43514116:+,SL4.0ch06,43513695,43514116,+,Solyc06g074130.4.1,1,no,576,689,506,1265,0.455335968379447,0.878472222222222,Solanum_lycopersicum,high_confidence_IR
Solyc06g074220.3,Solyc06g074220.3.intron7,Solyc06g074220.3|SL4.0ch06:43553259-43553351:-,SL4.0ch06,43553259,43553351,-,Solyc06g074220.3.1,1,no,1227,2312,913,3539,0.34670810963549,0.744091279543602,Solanum_lycopersicum,high_confidence_IR
Solyc06g074440.2,Solyc06g074440.2.intron1,Solyc06g074440.2|SL4.0ch06:43737607-43737673:-,SL4.0ch06,43737607,43737673,-,Solyc06g074440.2.1,1,no,860,37,860,897,0.958751393534002,1,Solanum_lycopersicum,high_confidence_IR
Solyc06g074620.3,Solyc06g074620.3.intron1,Solyc06g074620.3|SL4.0ch06:43818117-43818274:+,SL4.0ch06,43818117,43818274,+,Solyc06g074620.3.1,1,no,722,2042,722,2764,0.261215629522431,1,Solanum_lycopersicum,high_confidence_IR
Solyc06g075140.3,Solyc06g075140.3.intron1,Solyc06g075140.3|SL4.0ch06:44291565-44294102:+,SL4.0ch06,44291565,44294102,+,Solyc06g075140.3.1,1,no,14,52,14,66,0.212121212121212,1,Solanum_lycopersicum,high_confidence_IR
Solyc06g075310.4,Solyc06g075310.4.intron2,Solyc06g075310.4|SL4.0ch06:44419467-44419609:+,SL4.0ch06,44419467,44419609,+,Solyc06g075310.4.1,1,no,640,438,630,1078,0.593692022263451,0.984375,Solanum_lycopersicum,high_confidence_IR
Solyc06g075420.1,Solyc06g075420.1.intron3,Solyc06g075420.1|SL4.0ch06:44483619-44483735:+,SL4.0ch06,44483619,44483735,+,Solyc06g075420.1.1,1,no,72,80,65,152,0.473684210526316,0.902777777777778,Solanum_lycopersicum,high_confidence_IR
Solyc06g075970.4,Solyc06g075970.4.intron2,Solyc06g075970.4|SL4.0ch06:44844314-44844473:-,SL4.0ch06,44844314,44844473,-,Solyc06g075970.4.1,1,no,12,30,12,42,0.285714285714286,1,Solanum_lycopersicum,high_confidence_IR
Solyc06g076120.2,Solyc06g076120.2.intron1,Solyc06g076120.2|SL4.0ch06:44945161-44945275:-,SL4.0ch06,44945161,44945275,-,Solyc06g076120.2.1,1,no,1353,106,1353,1459,0.927347498286498,1,Solanum_lycopersicum,high_confidence_IR
Solyc06g076230.1,Solyc06g076230.1.intron1,Solyc06g076230.1|SL4.0ch06:45051181-45052882:-,SL4.0ch06,45051181,45052882,-,Solyc06g076230.1.1,1,no,111,44,111,155,0.716129032258065,1,Solanum_lycopersicum,high_confidence_IR
Solyc06g076400.3,Solyc06g076400.3.intron1,Solyc06g076400.3|SL4.0ch06:45153510-45153791:+,SL4.0ch06,45153510,45153791,+,Solyc06g076400.3.1,1,no,1267,1365,1091,2632,0.481382978723404,0.861089187056038,Solanum_lycopersicum,high_confidence_IR
Solyc06g076910.3,Solyc06g076910.3.intron1,Solyc06g076910.3|SL4.0ch06:45461468-45462072:-,SL4.0ch06,45461468,45462072,-,Solyc06g076910.3.1,1,no,10,38,10,48,0.208333333333333,1,Solanum_lycopersicum,high_confidence_IR
Solyc06g082060.3,Solyc06g082060.3.intron2,Solyc06g082060.3|SL4.0ch06:45578711-45580804:-,SL4.0ch06,45578711,45580804,-,Solyc06g082060.3.1,1,no,8,12,8,20,0.4,1,Solanum_lycopersicum,high_confidence_IR
Solyc06g082450.1,Solyc06g082450.1.intron1,Solyc06g082450.1|SL4.0ch06:45831241-45831686:-,SL4.0ch06,45831241,45831686,-,Solyc06g082450.1.1,1,no,61,32,61,93,0.655913978494624,1,Solanum_lycopersicum,high_confidence_IR
Solyc06g083060.4,Solyc06g083060.4.intron1,Solyc06g083060.4|SL4.0ch06:46184299-46186694:-,SL4.0ch06,46184299,46186694,-,Solyc06g083060.4.1,1,no,769,211,744,980,0.78469387755102,0.967490247074122,Solanum_lycopersicum,high_confidence_IR
Solyc06g083630.4,Solyc06g083630.4.intron1,Solyc06g083630.4|SL4.0ch06:46554828-46555652:-,SL4.0ch06,46554828,46555652,-,Solyc06g083630.4.1,1,no,814,1130,760,1944,0.418724279835391,0.933660933660934,Solanum_lycopersicum,high_confidence_IR
Solyc06g083660.4,Solyc06g083660.4.intron5,Solyc06g083660.4|SL4.0ch06:46576312-46576426:-,SL4.0ch06,46576312,46576426,-,Solyc06g083660.4.1,1,no,507,1984,442,2491,0.203532717784022,0.871794871794872,Solanum_lycopersicum,high_confidence_IR
Solyc06g083950.3,Solyc06g083950.3.intron1,Solyc06g083950.3|SL4.0ch06:46809663-46809999:-,SL4.0ch06,46809663,46809999,-,Solyc06g083950.3.1,1,no,1293,283,1073,1576,0.820431472081218,0.82985305491106,Solanum_lycopersicum,high_confidence_IR
Solyc06g084500.3,Solyc06g084500.3.intron2,Solyc06g084500.3|SL4.0ch06:47157518-47157636:-,SL4.0ch06,47157518,47157636,-,Solyc06g084500.3.1,1,no,456,1498,353,1954,0.233367451381781,0.774122807017544,Solanum_lycopersicum,high_confidence_IR
Solyc07g005305.1,Solyc07g005305.1.intron1,Solyc07g005305.1|SL4.0ch07:225364-225466:-,SL4.0ch07,225364,225466,-,Solyc07g005305.1.1,1,no,182,49,182,231,0.787878787878788,1,Solanum_lycopersicum,high_confidence_IR
Solyc07g005450.3,Solyc07g005450.3.intron1,Solyc07g005450.3|SL4.0ch07:350268-350359:-,SL4.0ch07,350268,350359,-,Solyc07g005450.3.1,1,no,1047,352,790,1399,0.748391708363117,0.754536771728749,Solanum_lycopersicum,high_confidence_IR
Solyc07g005920.3,Solyc07g005920.3.intron1,Solyc07g005920.3|SL4.0ch07:736983-737732:-,SL4.0ch07,736983,737732,-,Solyc07g005920.3.1,1,no,287,5,267,292,0.982876712328767,0.930313588850174,Solanum_lycopersicum,high_confidence_IR
Solyc07g005990.3,Solyc07g005990.3.intron2,Solyc07g005990.3|SL4.0ch07:826799-826880:-,SL4.0ch07,826799,826880,-,Solyc07g005990.3.1,1,no,1521,3741,1127,5262,0.289053591790194,0.740959894806049,Solanum_lycopersicum,high_confidence_IR
Solyc07g006030.4,Solyc07g006030.4.intron21,Solyc07g006030.4|SL4.0ch07:853164-853245:-,SL4.0ch07,853164,853245,-,Solyc07g006030.4.1,1,no,597,1882,458,2479,0.240822912464703,0.767169179229481,Solanum_lycopersicum,high_confidence_IR
Solyc07g006170.4,Solyc07g006170.4.intron1,Solyc07g006170.4|SL4.0ch07:988101-988390:+,SL4.0ch07,988101,988390,+,Solyc07g006170.4.1,1,no,71,242,71,313,0.226837060702875,1,Solanum_lycopersicum,high_confidence_IR
Solyc07g006480.4,Solyc07g006480.4.intron1,Solyc07g006480.4|SL4.0ch07:1238855-1239046:-,SL4.0ch07,1238855,1239046,-,Solyc07g006480.4.1,1,no,405,913,405,1318,0.307283763277693,1,Solanum_lycopersicum,high_confidence_IR
Solyc07g006550.2,Solyc07g006550.2.intron1,Solyc07g006550.2|SL4.0ch07:1348015-1348092:+,SL4.0ch07,1348015,1348092,+,Solyc07g006550.2.1,1,no,290,286,290,576,0.503472222222222,1,Solanum_lycopersicum,high_confidence_IR
Solyc07g006910.4,Solyc07g006910.4.intron7,Solyc07g006910.4|SL4.0ch07:1733662-1733729:-,SL4.0ch07,1733662,1733729,-,Solyc07g006910.4.1,1,no,1157,32,867,1189,0.973086627417998,0.749351771823682,Solanum_lycopersicum,high_confidence_IR
Solyc07g007210.3,Solyc07g007210.3.intron1,Solyc07g007210.3|SL4.0ch07:1920243-1920516:+,SL4.0ch07,1920243,1920516,+,Solyc07g007210.3.1,1,no,2630,2107,2463,4737,0.555203715431708,0.936501901140684,Solanum_lycopersicum,high_confidence_IR
Solyc07g007510.4,Solyc07g007510.4.intron1,Solyc07g007510.4|SL4.0ch07:2174196-2175305:-,SL4.0ch07,2174196,2175305,-,Solyc07g007510.4.1,1,no,139,48,139,187,0.74331550802139,1,Solanum_lycopersicum,high_confidence_IR
Solyc07g007780.3,Solyc07g007780.3.intron1,Solyc07g007780.3|SL4.0ch07:2397191-2397682:-,SL4.0ch07,2397191,2397682,-,Solyc07g007780.3.1,1,no,1702,935,1496,2637,0.645430413348502,0.878965922444183,Solanum_lycopersicum,high_confidence_IR
Solyc07g007940.3,Solyc07g007940.3.intron4,Solyc07g007940.3|SL4.0ch07:2570302-2574445:-,SL4.0ch07,2570302,2574445,-,Solyc07g007940.3.1,1,no,226,367,170,593,0.381112984822934,0.752212389380531,Solanum_lycopersicum,high_confidence_IR
Solyc07g008320.3,Solyc07g008320.3.intron1,Solyc07g008320.3|SL4.0ch07:3072259-3072642:-,SL4.0ch07,3072259,3072642,-,Solyc07g008320.3.1,1,no,1036,486,858,1522,0.680683311432326,0.828185328185328,Solanum_lycopersicum,high_confidence_IR
Solyc07g008475.1,Solyc07g008475.1.intron1,Solyc07g008475.1|SL4.0ch07:3360830-3362729:-,SL4.0ch07,3360830,3362729,-,Solyc07g008475.1.1,1,no,149,32,147,181,0.823204419889503,0.986577181208054,Solanum_lycopersicum,high_confidence_IR
Solyc07g009233.1,Solyc07g009233.1.intron1,Solyc07g009233.1|SL4.0ch07:4247297-4247418:+,SL4.0ch07,4247297,4247418,+,Solyc07g009233.1.1,1,no,67,12,67,79,0.848101265822785,1,Solanum_lycopersicum,high_confidence_IR
Solyc07g009460.3,Solyc07g009460.3.intron3,Solyc07g009460.3|SL4.0ch07:4534397-4534621:+,SL4.0ch07,4534397,4534621,+,Solyc07g009460.3.1,1,no,453,1047,386,1500,0.302,0.852097130242826,Solanum_lycopersicum,high_confidence_IR
Solyc07g014610.4,Solyc07g014610.4.intron1,Solyc07g014610.4|SL4.0ch07:4996143-4996232:-,SL4.0ch07,4996143,4996232,-,Solyc07g014610.4.1,1,no,1233,40,1233,1273,0.968578161822467,1,Solanum_lycopersicum,high_confidence_IR
Solyc07g015860.3,Solyc07g015860.3.intron1,Solyc07g015860.3|SL4.0ch07:5709334-5709430:+,SL4.0ch07,5709334,5709430,+,Solyc07g015860.3.1,1,no,77,156,62,233,0.330472103004292,0.805194805194805,Solanum_lycopersicum,high_confidence_IR
Solyc07g150110.1,Solyc07g150110.1.intron1,Solyc07g150110.1|SL4.0ch07:6838872-6838971:-,SL4.0ch07,6838872,6838971,-,Solyc07g150110.1.1,1,no,71,51,71,122,0.581967213114754,1,Solanum_lycopersicum,high_confidence_IR
Solyc07g017660.3,Solyc07g017660.3.intron1,Solyc07g017660.3|SL4.0ch07:7830478-7830873:+,SL4.0ch07,7830478,7830873,+,Solyc07g017660.3.1,1,no,27,18,25,45,0.6,0.925925925925926,Solanum_lycopersicum,high_confidence_IR
Solyc07g017675.1,Solyc07g017675.1.intron3,Solyc07g017675.1|SL4.0ch07:7837201-7843747:+,SL4.0ch07,7837201,7843747,+,Solyc07g017675.1.1,1,no,43,6,42,49,0.877551020408163,0.976744186046512,Solanum_lycopersicum,high_confidence_IR
Solyc07g018390.3,Solyc07g018390.3.intron1,Solyc07g018390.3|SL4.0ch07:10606996-10607082:-,SL4.0ch07,10606996,10607082,-,Solyc07g018390.3.1,1,no,32,14,32,46,0.695652173913043,1,Solanum_lycopersicum,high_confidence_IR
Solyc07g026680.2,Solyc07g026680.2.intron1,Solyc07g026680.2|SL4.0ch07:30473840-30474105:-,SL4.0ch07,30473840,30474105,-,Solyc07g026680.2.1,1,no,240,434,240,674,0.356083086053412,1,Solanum_lycopersicum,high_confidence_IR
Solyc07g026770.3,Solyc07g026770.3.intron2,Solyc07g026770.3|SL4.0ch07:31381292-31384186:-,SL4.0ch07,31381292,31384186,-,Solyc07g026770.3.1,1,no,13367,6,13067,13373,0.999551334779032,0.97755666940974,Solanum_lycopersicum,high_confidence_IR
Solyc07g032180.3,Solyc07g032180.3.intron4,Solyc07g032180.3|SL4.0ch07:35942253-35942393:+,SL4.0ch07,35942253,35942393,+,Solyc07g032180.3.1,1,no,182,395,137,577,0.315424610051993,0.752747252747253,Solanum_lycopersicum,high_confidence_IR
Solyc07g032220.3,Solyc07g032220.3.intron1,Solyc07g032220.3|SL4.0ch07:36106000-36106075:+,SL4.0ch07,36106000,36106075,+,Solyc07g032220.3.1,1,no,191,756,177,947,0.20168954593453,0.926701570680628,Solanum_lycopersicum,high_confidence_IR
Solyc07g032260.3,Solyc07g032260.3.intron1,Solyc07g032260.3|SL4.0ch07:36446867-36451030:+,SL4.0ch07,36446867,36451030,+,Solyc07g032260.3.1,1,no,2225,54,1836,2279,0.976305397103993,0.825168539325843,Solanum_lycopersicum,high_confidence_IR
Solyc07g039380.3,Solyc07g039380.3.intron1,Solyc07g039380.3|SL4.0ch07:47139541-47139618:+,SL4.0ch07,47139541,47139618,+,Solyc07g039380.3.1,1,no,946,145,946,1091,0.867094408799267,1,Solanum_lycopersicum,high_confidence_IR
Solyc07g040780.4,Solyc07g040780.4.intron1,Solyc07g040780.4|SL4.0ch07:49513383-49532901:-,SL4.0ch07,49513383,49532901,-,Solyc07g040780.4.1,1,no,1313,56,1187,1369,0.9590942293645,0.904036557501904,Solanum_lycopersicum,high_confidence_IR
Solyc07g040990.4,Solyc07g040990.4.intron1,Solyc07g040990.4|SL4.0ch07:51321215-51321935:+,SL4.0ch07,51321215,51321935,+,Solyc07g040990.4.1,1,no,341,38,296,379,0.899736147757256,0.868035190615836,Solanum_lycopersicum,high_confidence_IR
Solyc07g041070.3,Solyc07g041070.3.intron1,Solyc07g041070.3|SL4.0ch07:51587041-51587139:+,SL4.0ch07,51587041,51587139,+,Solyc07g041070.3.1,1,no,373,7,373,380,0.981578947368421,1,Solanum_lycopersicum,high_confidence_IR
Solyc07g041640.3,Solyc07g041640.3.intron2,Solyc07g041640.3|SL4.0ch07:53660674-53660754:-,SL4.0ch07,53660674,53660754,-,Solyc07g041640.3.1,1,no,33,127,28,160,0.20625,0.848484848484849,Solanum_lycopersicum,high_confidence_IR
Solyc07g041760.3,Solyc07g041760.3.intron1,Solyc07g041760.3|SL4.0ch07:53941771-53941949:+,SL4.0ch07,53941771,53941949,+,Solyc07g041760.3.1,1,no,72,248,52,320,0.225,0.722222222222222,Solanum_lycopersicum,high_confidence_IR
Solyc07g041830.4,Solyc07g041830.4.intron1,Solyc07g041830.4|SL4.0ch07:53976608-53976745:+,SL4.0ch07,53976608,53976745,+,Solyc07g041830.4.1,1,no,536,73,418,609,0.880131362889984,0.779850746268657,Solanum_lycopersicum,high_confidence_IR
Solyc07g041980.3,Solyc07g041980.3.intron1,Solyc07g041980.3|SL4.0ch07:54584610-54585021:-,SL4.0ch07,54584610,54585021,-,Solyc07g041980.3.1,1,no,57,65,42,122,0.467213114754098,0.736842105263158,Solanum_lycopersicum,high_confidence_IR
Solyc07g042380.4,Solyc07g042380.4.intron1,Solyc07g042380.4|SL4.0ch07:55336384-55337318:-,SL4.0ch07,55336384,55337318,-,Solyc07g042380.4.1,1,no,261,33,225,294,0.887755102040816,0.862068965517241,Solanum_lycopersicum,high_confidence_IR
Solyc07g042440.3,Solyc07g042440.3.intron4,Solyc07g042440.3|SL4.0ch07:55396100-55396193:-,SL4.0ch07,55396100,55396193,-,Solyc07g042440.3.1,1,no,16605,2987,15794,19592,0.847539812168232,0.951159289370672,Solanum_lycopersicum,high_confidence_IR
Solyc07g042800.2,Solyc07g042800.2.intron2,Solyc07g042800.2|SL4.0ch07:56141131-56141967:+,SL4.0ch07,56141131,56141967,+,Solyc07g042800.2.1,1,no,22,9,18,31,0.709677419354839,0.818181818181818,Solanum_lycopersicum,high_confidence_IR
Solyc07g043710.4,Solyc07g043710.4.intron1,Solyc07g043710.4|SL4.0ch07:57528790-57528857:+,SL4.0ch07,57528790,57528857,+,Solyc07g043710.4.1,1,no,84,326,84,410,0.204878048780488,1,Solanum_lycopersicum,high_confidence_IR
Solyc07g044785.1,Solyc07g044785.1.intron3,Solyc07g044785.1|SL4.0ch07:57715772-57715939:-,SL4.0ch07,57715772,57715939,-,Solyc07g044785.1.1,1,no,10,26,9,36,0.277777777777778,0.9,Solanum_lycopersicum,high_confidence_IR
Solyc07g045353.1,Solyc07g045353.1.intron3,Solyc07g045353.1|SL4.0ch07:58356280-58358935:+,SL4.0ch07,58356280,58358935,+,Solyc07g045353.1.1,1,no,30,51,24,81,0.37037037037037,0.8,Solanum_lycopersicum,high_confidence_IR
Solyc07g045520.4,Solyc07g045520.4.intron1,Solyc07g045520.4|SL4.0ch07:58521909-58522311:+,SL4.0ch07,58521909,58522311,+,Solyc07g045520.4.1,1,no,371,11,355,382,0.971204188481675,0.956873315363881,Solanum_lycopersicum,high_confidence_IR
Solyc07g048010.4,Solyc07g048010.4.intron1,Solyc07g048010.4|SL4.0ch07:59099034-59099694:-,SL4.0ch07,59099034,59099694,-,Solyc07g048010.4.1,1,no,125,301,113,426,0.293427230046948,0.904,Solanum_lycopersicum,high_confidence_IR
Solyc07g049220.4,Solyc07g049220.4.intron1,Solyc07g049220.4|SL4.0ch07:59429586-59430640:+,SL4.0ch07,59429586,59430640,+,Solyc07g049220.4.1,1,no,1534,359,1468,1893,0.810353935552034,0.956975228161669,Solanum_lycopersicum,high_confidence_IR
Solyc07g049270.4,Solyc07g049270.4.intron1,Solyc07g049270.4|SL4.0ch07:59455060-59455162:-,SL4.0ch07,59455060,59455162,-,Solyc07g049270.4.1,1,no,43,136,33,179,0.240223463687151,0.767441860465116,Solanum_lycopersicum,high_confidence_IR
Solyc07g049430.3,Solyc07g049430.3.intron2,Solyc07g049430.3|SL4.0ch07:59617488-59617660:+,SL4.0ch07,59617488,59617660,+,Solyc07g049430.3.1,1,no,27,47,27,74,0.364864864864865,1,Solanum_lycopersicum,high_confidence_IR
Solyc07g049450.3,Solyc07g049450.3.intron1,Solyc07g049450.3|SL4.0ch07:59642767-59642843:-,SL4.0ch07,59642767,59642843,-,Solyc07g049450.3.1,1,no,85,11,83,96,0.885416666666667,0.976470588235294,Solanum_lycopersicum,high_confidence_IR
Solyc07g049590.3,Solyc07g049590.3.intron1,Solyc07g049590.3|SL4.0ch07:59842224-59844317:+,SL4.0ch07,59842224,59844317,+,Solyc07g049590.3.1,1,no,164,306,132,470,0.348936170212766,0.804878048780488,Solanum_lycopersicum,high_confidence_IR
Solyc07g049645.1,Solyc07g049645.1.intron1,Solyc07g049645.1|SL4.0ch07:59910305-59910464:-,SL4.0ch07,59910305,59910464,-,Solyc07g049645.1.1,1,no,6430,26,6430,6456,0.995972738537794,1,Solanum_lycopersicum,high_confidence_IR
Solyc07g049655.1,Solyc07g049655.1.intron1,Solyc07g049655.1|SL4.0ch07:59943441-59943600:+,SL4.0ch07,59943441,59943600,+,Solyc07g049655.1.1,1,no,2326,10,2326,2336,0.995719178082192,1,Solanum_lycopersicum,high_confidence_IR
Solyc07g052060.2,Solyc07g052060.2.intron1,Solyc07g052060.2|SL4.0ch07:60520581-60520692:-,SL4.0ch07,60520581,60520692,-,Solyc07g052060.2.1,1,no,595,6,595,601,0.990016638935108,1,Solanum_lycopersicum,high_confidence_IR
Solyc07g052240.3,Solyc07g052240.3.intron1,Solyc07g052240.3|SL4.0ch07:60641793-60641947:-,SL4.0ch07,60641793,60641947,-,Solyc07g052240.3.1,1,no,42,31,35,73,0.575342465753425,0.833333333333333,Solanum_lycopersicum,high_confidence_IR
Solyc07g052420.3,Solyc07g052420.3.intron1,Solyc07g052420.3|SL4.0ch07:60844198-60846700:-,SL4.0ch07,60844198,60846700,-,Solyc07g052420.3.1,1,no,2569,14,2547,2583,0.994579945799458,0.991436356558972,Solanum_lycopersicum,high_confidence_IR
Solyc07g053060.3,Solyc07g053060.3.intron3,Solyc07g053060.3|SL4.0ch07:61435729-61435797:-,SL4.0ch07,61435729,61435797,-,Solyc07g053060.3.1,1,no,1557,210,1144,1767,0.881154499151104,0.734746307000642,Solanum_lycopersicum,high_confidence_IR
Solyc07g053360.4,Solyc07g053360.4.intron1,Solyc07g053360.4|SL4.0ch07:61747892-61747980:+,SL4.0ch07,61747892,61747980,+,Solyc07g053360.4.1,1,no,35,119,35,154,0.227272727272727,1,Solanum_lycopersicum,high_confidence_IR
Solyc07g054190.4,Solyc07g054190.4.intron1,Solyc07g054190.4|SL4.0ch07:62474550-62476015:-,SL4.0ch07,62474550,62476015,-,Solyc07g054190.4.1,1,no,58,5,58,63,0.920634920634921,1,Solanum_lycopersicum,high_confidence_IR
Solyc07g054300.3,Solyc07g054300.3.intron1,Solyc07g054300.3|SL4.0ch07:62574732-62575055:+,SL4.0ch07,62574732,62575055,+,Solyc07g054300.3.1,1,no,134,55,100,189,0.708994708994709,0.746268656716418,Solanum_lycopersicum,high_confidence_IR
Solyc07g054450.4,Solyc07g054450.4.intron1,Solyc07g054450.4|SL4.0ch07:62689723-62689921:+,SL4.0ch07,62689723,62689921,+,Solyc07g054450.4.1,1,no,697,1489,515,2186,0.318847209515096,0.738880918220947,Solanum_lycopersicum,high_confidence_IR
Solyc07g054880.4,Solyc07g054880.4.intron1,Solyc07g054880.4|SL4.0ch07:62976637-62976764:+,SL4.0ch07,62976637,62976764,+,Solyc07g054880.4.1,1,no,288,56,243,344,0.837209302325581,0.84375,Solanum_lycopersicum,high_confidence_IR
Solyc07g055160.4,Solyc07g055160.4.intron2,Solyc07g055160.4|SL4.0ch07:63207641-63208628:-,SL4.0ch07,63207641,63208628,-,Solyc07g055160.4.1,1,no,149,414,138,563,0.264653641207815,0.926174496644295,Solanum_lycopersicum,high_confidence_IR
Solyc07g055215.1,Solyc07g055215.1.intron1,Solyc07g055215.1|SL4.0ch07:63244210-63244382:+,SL4.0ch07,63244210,63244382,+,Solyc07g055215.1.1,1,no,33,72,33,105,0.314285714285714,1,Solanum_lycopersicum,high_confidence_IR
Solyc07g055380.1,Solyc07g055380.1.intron1,Solyc07g055380.1|SL4.0ch07:63358372-63358446:-,SL4.0ch07,63358372,63358446,-,Solyc07g055380.1.1,1,no,5,20,4,25,0.2,0.8,Solanum_lycopersicum,high_confidence_IR
Solyc07g055460.3,Solyc07g055460.3.intron1,Solyc07g055460.3|SL4.0ch07:63401634-63402055:-,SL4.0ch07,63401634,63402055,-,Solyc07g055460.3.1,1,no,48,6,41,54,0.888888888888889,0.854166666666667,Solanum_lycopersicum,high_confidence_IR
Solyc07g055490.4,Solyc07g055490.4.intron3,Solyc07g055490.4|SL4.0ch07:63422895-63422977:-,SL4.0ch07,63422895,63422977,-,Solyc07g055490.4.1,1,no,154,558,111,712,0.216292134831461,0.720779220779221,Solanum_lycopersicum,high_confidence_IR
Solyc07g055830.3,Solyc07g055830.3.intron1,Solyc07g055830.3|SL4.0ch07:63669545-63672194:+,SL4.0ch07,63669545,63672194,+,Solyc07g055830.3.1,1,no,1082,2423,978,3505,0.308701854493581,0.903881700554529,Solanum_lycopersicum,high_confidence_IR
Solyc07g056030.3,Solyc07g056030.3.intron8,Solyc07g056030.3|SL4.0ch07:63854278-63854354:+,SL4.0ch07,63854278,63854354,+,Solyc07g056030.3.1,1,no,3136,327,2588,3463,0.905573202425643,0.825255102040816,Solanum_lycopersicum,high_confidence_IR
Solyc07g056340.4,Solyc07g056340.4.intron1,Solyc07g056340.4|SL4.0ch07:64130418-64130529:-,SL4.0ch07,64130418,64130529,-,Solyc07g056340.4.1,1,no,410,1568,295,1978,0.207280080889788,0.719512195121951,Solanum_lycopersicum,high_confidence_IR
Solyc07g056550.3,Solyc07g056550.3.intron9,Solyc07g056550.3|SL4.0ch07:64257459-64257559:+,SL4.0ch07,64257459,64257559,+,Solyc07g056550.3.1,1,no,8128,11,7105,8139,0.998648482614572,0.874138779527559,Solanum_lycopersicum,high_confidence_IR
Solyc07g056617.1,Solyc07g056617.1.intron1,Solyc07g056617.1|SL4.0ch07:64353484-64353793:-,SL4.0ch07,64353484,64353793,-,Solyc07g056617.1.1,1,no,29,54,29,83,0.349397590361446,1,Solanum_lycopersicum,high_confidence_IR
Solyc07g056685.1,Solyc07g056685.1.intron1,Solyc07g056685.1|SL4.0ch07:64403696-64404156:+,SL4.0ch07,64403696,64404156,+,Solyc07g056685.1.1,1,no,5,13,5,18,0.277777777777778,1,Solanum_lycopersicum,high_confidence_IR
Solyc07g061740.4,Solyc07g061740.4.intron1,Solyc07g061740.4|SL4.0ch07:64545615-64546535:+,SL4.0ch07,64545615,64546535,+,Solyc07g061740.4.1,1,no,1002,51,912,1053,0.951566951566952,0.910179640718563,Solanum_lycopersicum,high_confidence_IR
Solyc07g061750.4,Solyc07g061750.4.intron2,Solyc07g061750.4|SL4.0ch07:64557928-64558175:+,SL4.0ch07,64557928,64558175,+,Solyc07g061750.4.1,1,no,92,289,85,381,0.241469816272966,0.923913043478261,Solanum_lycopersicum,high_confidence_IR
Solyc07g061950.4,Solyc07g061950.4.intron12,Solyc07g061950.4|SL4.0ch07:64663780-64663854:-,SL4.0ch07,64663780,64663854,-,Solyc07g061950.4.1,1,no,3043,16,2668,3059,0.99476953252697,0.8767663489977,Solanum_lycopersicum,high_confidence_IR
Solyc07g062140.3,Solyc07g062140.3.intron2,Solyc07g062140.3|SL4.0ch07:64797094-64800312:-,SL4.0ch07,64797094,64800312,-,Solyc07g062140.3.1,1,no,567,427,449,994,0.570422535211268,0.791887125220459,Solanum_lycopersicum,high_confidence_IR
Solyc07g062150.3,Solyc07g062150.3.intron1,Solyc07g062150.3|SL4.0ch07:64808832-64811464:+,SL4.0ch07,64808832,64811464,+,Solyc07g062150.3.1,1,no,186,587,169,773,0.240620957309185,0.908602150537634,Solanum_lycopersicum,high_confidence_IR
Solyc07g062450.3,Solyc07g062450.3.intron3,Solyc07g062450.3|SL4.0ch07:65031089-65031328:+,SL4.0ch07,65031089,65031328,+,Solyc07g062450.3.1,1,no,282,592,229,874,0.322654462242563,0.812056737588652,Solanum_lycopersicum,high_confidence_IR
Solyc07g062470.4,Solyc07g062470.4.intron1,Solyc07g062470.4|SL4.0ch07:65036249-65038360:-,SL4.0ch07,65036249,65038360,-,Solyc07g062470.4.1,1,no,28,56,28,84,0.333333333333333,1,Solanum_lycopersicum,high_confidence_IR
Solyc07g062600.4,Solyc07g062600.4.intron2,Solyc07g062600.4|SL4.0ch07:65138516-65138692:-,SL4.0ch07,65138516,65138692,-,Solyc07g062600.4.1,1,no,802,220,666,1022,0.784735812133072,0.830423940149626,Solanum_lycopersicum,high_confidence_IR
Solyc07g062640.3,Solyc07g062640.3.intron1,Solyc07g062640.3|SL4.0ch07:65175463-65177049:+,SL4.0ch07,65175463,65177049,+,Solyc07g062640.3.1,1,no,632,1441,473,2073,0.304872165943078,0.748417721518987,Solanum_lycopersicum,high_confidence_IR
Solyc07g062830.3,Solyc07g062830.3.intron1,Solyc07g062830.3|SL4.0ch07:65318275-65318587:-,SL4.0ch07,65318275,65318587,-,Solyc07g062830.3.1,1,no,39,13,39,52,0.75,1,Solanum_lycopersicum,high_confidence_IR
Solyc07g062890.4,Solyc07g062890.4.intron1,Solyc07g062890.4|SL4.0ch07:65364789-65365523:+,SL4.0ch07,65364789,65365523,+,Solyc07g062890.4.1,1,no,143,90,117,233,0.613733905579399,0.818181818181818,Solanum_lycopersicum,high_confidence_IR
Solyc07g063000.4,Solyc07g063000.4.intron1,Solyc07g063000.4|SL4.0ch07:65453421-65453501:-,SL4.0ch07,65453421,65453501,-,Solyc07g063000.4.1,1,no,529,71,529,600,0.881666666666667,1,Solanum_lycopersicum,high_confidence_IR
Solyc07g063180.3,Solyc07g063180.3.intron1,Solyc07g063180.3|SL4.0ch07:65560796-65560880:-,SL4.0ch07,65560796,65560880,-,Solyc07g063180.3.1,1,no,63,218,63,281,0.224199288256228,1,Solanum_lycopersicum,high_confidence_IR
Solyc07g063320.3,Solyc07g063320.3.intron5,Solyc07g063320.3|SL4.0ch07:65642193-65642272:+,SL4.0ch07,65642193,65642272,+,Solyc07g063320.3.1,1,no,8,27,6,35,0.228571428571429,0.75,Solanum_lycopersicum,high_confidence_IR
Solyc07g063330.4,Solyc07g063330.4.intron1,Solyc07g063330.4|SL4.0ch07:65648784-65648957:-,SL4.0ch07,65648784,65648957,-,Solyc07g063330.4.1,1,no,653,506,487,1159,0.563416738567731,0.745788667687596,Solanum_lycopersicum,high_confidence_IR
Solyc07g063340.3,Solyc07g063340.3.intron3,Solyc07g063340.3|SL4.0ch07:65662308-65662519:-,SL4.0ch07,65662308,65662519,-,Solyc07g063340.3.1,1,no,1490,974,1207,2464,0.604707792207792,0.81006711409396,Solanum_lycopersicum,high_confidence_IR
Solyc07g063480.3,Solyc07g063480.3.intron1,Solyc07g063480.3|SL4.0ch07:65794991-65795356:+,SL4.0ch07,65794991,65795356,+,Solyc07g063480.3.1,1,no,142,28,142,170,0.835294117647059,1,Solanum_lycopersicum,high_confidence_IR
Solyc07g064030.4,Solyc07g064030.4.intron1,Solyc07g064030.4|SL4.0ch07:66158089-66158180:+,SL4.0ch07,66158089,66158180,+,Solyc07g064030.4.1,1,no,1011,43,799,1054,0.959203036053131,0.790306627101879,Solanum_lycopersicum,high_confidence_IR
Solyc07g064490.4,Solyc07g064490.4.intron2,Solyc07g064490.4|SL4.0ch07:66445119-66445228:+,SL4.0ch07,66445119,66445228,+,Solyc07g064490.4.1,1,no,163,166,122,329,0.495440729483283,0.748466257668712,Solanum_lycopersicum,high_confidence_IR
Solyc07g064625.1,Solyc07g064625.1.intron1,Solyc07g064625.1|SL4.0ch07:66519551-66520867:+,SL4.0ch07,66519551,66520867,+,Solyc07g064625.1.1,1,no,249,140,245,389,0.640102827763496,0.983935742971888,Solanum_lycopersicum,high_confidence_IR
Solyc07g064850.3,Solyc07g064850.3.intron2,Solyc07g064850.3|SL4.0ch07:66669173-66669333:-,SL4.0ch07,66669173,66669333,-,Solyc07g064850.3.1,1,no,371,773,285,1144,0.324300699300699,0.768194070080862,Solanum_lycopersicum,high_confidence_IR
Solyc07g065275.1,Solyc07g065275.1.intron2,Solyc07g065275.1|SL4.0ch07:66930212-66932057:-,SL4.0ch07,66930212,66932057,-,Solyc07g065275.1.1,1,no,15,22,13,37,0.405405405405405,0.866666666666667,Solanum_lycopersicum,high_confidence_IR
Solyc07g065300.3,Solyc07g065300.3.intron1,Solyc07g065300.3|SL4.0ch07:66944800-66945059:+,SL4.0ch07,66944800,66945059,+,Solyc07g065300.3.1,1,no,6,14,6,20,0.3,1,Solanum_lycopersicum,high_confidence_IR
Solyc07g065300.3,Solyc07g065300.3.intron3,Solyc07g065300.3|SL4.0ch07:66947067-66947153:+,SL4.0ch07,66947067,66947153,+,Solyc07g065300.3.1,1,no,15,8,15,23,0.652173913043478,1,Solanum_lycopersicum,high_confidence_IR
Solyc07g065360.2,Solyc07g065360.2.intron4,Solyc07g065360.2|SL4.0ch07:66985074-66985284:+,SL4.0ch07,66985074,66985284,+,Solyc07g065360.2.1,1,no,23,27,20,50,0.46,0.869565217391304,Solanum_lycopersicum,high_confidence_IR
Solyc07g066170.4,Solyc07g066170.4.intron1,Solyc07g066170.4|SL4.0ch07:67501582-67502623:-,SL4.0ch07,67501582,67502623,-,Solyc07g066170.4.1,1,no,1137,942,1044,2079,0.546897546897547,0.91820580474934,Solanum_lycopersicum,high_confidence_IR
Solyc07g066450.4,Solyc07g066450.4.intron2,Solyc07g066450.4|SL4.0ch07:67728567-67729722:+,SL4.0ch07,67728567,67729722,+,Solyc07g066450.4.1,1,no,370,942,284,1312,0.282012195121951,0.767567567567568,Solanum_lycopersicum,high_confidence_IR
Solyc08g005705.1,Solyc08g005705.1.intron2,Solyc08g005705.1|SL4.0ch08:578796-579562:+,SL4.0ch08,578796,579562,+,Solyc08g005705.1.1,1,no,38,38,36,76,0.5,0.947368421052632,Solanum_lycopersicum,high_confidence_IR
Solyc08g005920.3,Solyc08g005920.3.intron1,Solyc08g005920.3|SL4.0ch08:714482-715157:-,SL4.0ch08,714482,715157,-,Solyc08g005920.3.1,1,no,482,349,465,831,0.580024067388688,0.964730290456432,Solanum_lycopersicum,high_confidence_IR
Solyc08g006180.4,Solyc08g006180.4.intron1,Solyc08g006180.4|SL4.0ch08:907594-907753:+,SL4.0ch08,907594,907753,+,Solyc08g006180.4.1,1,no,295,53,295,348,0.847701149425287,1,Solanum_lycopersicum,high_confidence_IR
Solyc08g006330.3,Solyc08g006330.3.intron1,Solyc08g006330.3|SL4.0ch08:1003581-1003765:-,SL4.0ch08,1003581,1003765,-,Solyc08g006330.3.1,1,no,892,1023,892,1915,0.46579634464752,1,Solanum_lycopersicum,high_confidence_IR
Solyc08g006460.3,Solyc08g006460.3.intron1,Solyc08g006460.3|SL4.0ch08:1072648-1073972:+,SL4.0ch08,1072648,1073972,+,Solyc08g006460.3.1,1,no,25,17,18,42,0.595238095238095,0.72,Solanum_lycopersicum,high_confidence_IR
Solyc08g006470.4,Solyc08g006470.4.intron4,Solyc08g006470.4|SL4.0ch08:1079749-1079844:+,SL4.0ch08,1079749,1079844,+,Solyc08g006470.4.1,1,no,1123,9,797,1132,0.992049469964664,0.709706144256456,Solanum_lycopersicum,high_confidence_IR
Solyc08g006640.3,Solyc08g006640.3.intron1,Solyc08g006640.3|SL4.0ch08:1245095-1245179:-,SL4.0ch08,1245095,1245179,-,Solyc08g006640.3.1,1,no,5327,677,4136,6004,0.887241838774151,0.776422001126338,Solanum_lycopersicum,high_confidence_IR
Solyc08g006670.3,Solyc08g006670.3.intron3,Solyc08g006670.3|SL4.0ch08:1257876-1257956:-,SL4.0ch08,1257876,1257956,-,Solyc08g006670.3.1,1,no,637,1976,618,2613,0.243781094527363,0.970172684458399,Solanum_lycopersicum,high_confidence_IR
Solyc08g006700.3,Solyc08g006700.3.intron4,Solyc08g006700.3|SL4.0ch08:1269508-1269649:-,SL4.0ch08,1269508,1269649,-,Solyc08g006700.3.1,1,no,2107,1317,1681,3424,0.61536214953271,0.79781680113906,Solanum_lycopersicum,high_confidence_IR
Solyc08g007080.4,Solyc08g007080.4.intron10,Solyc08g007080.4|SL4.0ch08:1646477-1646562:-,SL4.0ch08,1646477,1646562,-,Solyc08g007080.4.1,1,no,1157,539,820,1696,0.682193396226415,0.708729472774417,Solanum_lycopersicum,high_confidence_IR
Solyc08g007380.4,Solyc08g007380.4.intron1,Solyc08g007380.4|SL4.0ch08:1968207-1968307:+,SL4.0ch08,1968207,1968307,+,Solyc08g007380.4.1,1,no,190,409,179,599,0.317195325542571,0.942105263157895,Solanum_lycopersicum,high_confidence_IR
Solyc08g007790.3,Solyc08g007790.3.intron1,Solyc08g007790.3|SL4.0ch08:2305821-2305905:-,SL4.0ch08,2305821,2305905,-,Solyc08g007790.3.1,1,no,2632,273,2358,2905,0.906024096385542,0.895896656534954,Solanum_lycopersicum,high_confidence_IR
Solyc08g007890.3,Solyc08g007890.3.intron2,Solyc08g007890.3|SL4.0ch08:2402677-2403790:-,SL4.0ch08,2402677,2403790,-,Solyc08g007890.3.1,1,no,18,17,15,35,0.514285714285714,0.833333333333333,Solanum_lycopersicum,high_confidence_IR
Solyc08g008350.3,Solyc08g008350.3.intron5,Solyc08g008350.3|SL4.0ch08:2783131-2784783:+,SL4.0ch08,2783131,2784783,+,Solyc08g008350.3.1,1,no,1685,2353,1530,4038,0.4172857850421,0.908011869436202,Solanum_lycopersicum,high_confidence_IR
Solyc08g013680.4,Solyc08g013680.4.intron4,Solyc08g013680.4|SL4.0ch08:3072743-3072870:+,SL4.0ch08,3072743,3072870,+,Solyc08g013680.4.1,1,no,45,126,39,171,0.263157894736842,0.866666666666667,Solanum_lycopersicum,high_confidence_IR
Solyc08g013750.3,Solyc08g013750.3.intron1,Solyc08g013750.3|SL4.0ch08:3136199-3140420:+,SL4.0ch08,3136199,3140420,+,Solyc08g013750.3.1,1,no,303,808,303,1111,0.272727272727273,1,Solanum_lycopersicum,high_confidence_IR
Solyc08g013920.3,Solyc08g013920.3.intron4,Solyc08g013920.3|SL4.0ch08:3321613-3322001:+,SL4.0ch08,3321613,3322001,+,Solyc08g013920.3.1,1,no,114,213,94,327,0.348623853211009,0.824561403508772,Solanum_lycopersicum,high_confidence_IR
Solyc08g013950.1,Solyc08g013950.1.intron2,Solyc08g013950.1|SL4.0ch08:3371785-3372378:-,SL4.0ch08,3371785,3372378,-,Solyc08g013950.1.1,1,no,34,116,34,150,0.226666666666667,1,Solanum_lycopersicum,high_confidence_IR
Solyc08g014300.4,Solyc08g014300.4.intron1,Solyc08g014300.4|SL4.0ch08:4024331-4024414:+,SL4.0ch08,4024331,4024414,+,Solyc08g014300.4.1,1,no,143,359,131,502,0.284860557768924,0.916083916083916,Solanum_lycopersicum,high_confidence_IR
Solyc08g014310.3,Solyc08g014310.3.intron7,Solyc08g014310.3|SL4.0ch08:4051714-4052548:+,SL4.0ch08,4051714,4052548,+,Solyc08g014310.3.1,1,no,5,18,4,23,0.217391304347826,0.8,Solanum_lycopersicum,high_confidence_IR
Solyc08g014340.3,Solyc08g014340.3.intron10,Solyc08g014340.3|SL4.0ch08:4086913-4087053:-,SL4.0ch08,4086913,4087053,-,Solyc08g014340.3.1,1,no,3640,279,3081,3919,0.928808369482011,0.846428571428571,Solanum_lycopersicum,high_confidence_IR
Solyc08g015670.4,Solyc08g015670.4.intron3,Solyc08g015670.4|SL4.0ch08:5147529-5147621:+,SL4.0ch08,5147529,5147621,+,Solyc08g015670.4.1,1,no,5,7,4,12,0.416666666666667,0.8,Solanum_lycopersicum,high_confidence_IR
Solyc08g016620.3,Solyc08g016620.3.intron2,Solyc08g016620.3|SL4.0ch08:8016625-8016945:-,SL4.0ch08,8016625,8016945,-,Solyc08g016620.3.1,1,no,28,48,23,76,0.368421052631579,0.821428571428571,Solanum_lycopersicum,high_confidence_IR
Solyc08g048500.3,Solyc08g048500.3.intron1,Solyc08g048500.3|SL4.0ch08:11922664-11923098:-,SL4.0ch08,11922664,11923098,-,Solyc08g048500.3.1,1,no,1131,2094,1062,3225,0.350697674418605,0.938992042440318,Solanum_lycopersicum,high_confidence_IR
Solyc08g042130.2,Solyc08g042130.2.intron6,Solyc08g042130.2|SL4.0ch08:23520707-23520811:+,SL4.0ch08,23520707,23520811,+,Solyc08g042130.2.1,1,no,1761,19,1574,1780,0.989325842696629,0.893810335036911,Solanum_lycopersicum,high_confidence_IR
Solyc08g042060.2,Solyc08g042060.2.intron1,Solyc08g042060.2|SL4.0ch08:23706827-23707420:-,SL4.0ch08,23706827,23707420,-,Solyc08g042060.2.1,1,no,21,7,21,28,0.75,1,Solanum_lycopersicum,high_confidence_IR
Solyc08g041690.1,Solyc08g041690.1.intron2,Solyc08g041690.1|SL4.0ch08:25907979-25908055:-,SL4.0ch08,25907979,25908055,-,Solyc08g041690.1.1,1,no,14,21,10,35,0.4,0.714285714285714,Solanum_lycopersicum,high_confidence_IR
Solyc08g061220.3,Solyc08g061220.3.intron1,Solyc08g061220.3|SL4.0ch08:46323104-46324383:-,SL4.0ch08,46323104,46324383,-,Solyc08g061220.3.1,1,no,130,78,107,208,0.625,0.823076923076923,Solanum_lycopersicum,high_confidence_IR
Solyc08g061260.4,Solyc08g061260.4.intron3,Solyc08g061260.4|SL4.0ch08:46449604-46449750:+,SL4.0ch08,46449604,46449750,+,Solyc08g061260.4.1,1,no,912,1823,648,2735,0.33345521023766,0.710526315789474,Solanum_lycopersicum,high_confidence_IR
Solyc08g061320.3,Solyc08g061320.3.intron1,Solyc08g061320.3|SL4.0ch08:46622897-46623010:-,SL4.0ch08,46622897,46623010,-,Solyc08g061320.3.1,1,no,8031,4328,6096,12359,0.649809855166276,0.759058647740007,Solanum_lycopersicum,high_confidence_IR
Solyc08g150124.1,Solyc08g150124.1.intron1,Solyc08g150124.1|SL4.0ch08:47280028-47282900:-,SL4.0ch08,47280028,47282900,-,Solyc08g150124.1.1,1,no,9,34,9,43,0.209302325581395,1,Solanum_lycopersicum,high_confidence_IR
Solyc08g062290.4,Solyc08g062290.4.intron1,Solyc08g062290.4|SL4.0ch08:48949783-48954587:+,SL4.0ch08,48949783,48954587,+,Solyc08g062290.4.1,1,no,13,28,13,41,0.317073170731707,1,Solanum_lycopersicum,high_confidence_IR
Solyc08g062960.4,Solyc08g062960.4.intron2,Solyc08g062960.4|SL4.0ch08:50482337-50482634:-,SL4.0ch08,50482337,50482634,-,Solyc08g062960.4.1,1,no,21865,10067,20277,31932,0.684736314668671,0.927372513148868,Solanum_lycopersicum,high_confidence_IR
Solyc08g063000.4,Solyc08g063000.4.intron10,Solyc08g063000.4|SL4.0ch08:50603551-50603876:+,SL4.0ch08,50603551,50603876,+,Solyc08g063000.4.1,1,no,1032,19,855,1051,0.981921979067555,0.828488372093023,Solanum_lycopersicum,high_confidence_IR
Solyc08g063050.3,Solyc08g063050.3.intron4,Solyc08g063050.3|SL4.0ch08:50698775-50698869:+,SL4.0ch08,50698775,50698869,+,Solyc08g063050.3.1,1,no,971,3547,875,4518,0.214918105356352,0.901132852729145,Solanum_lycopersicum,high_confidence_IR
Solyc08g065320.3,Solyc08g065320.3.intron1,Solyc08g065320.3|SL4.0ch08:51326025-51328546:+,SL4.0ch08,51326025,51328546,+,Solyc08g065320.3.1,1,no,472,1339,449,1811,0.260629486471563,0.951271186440678,Solanum_lycopersicum,high_confidence_IR
Solyc08g065540.3,Solyc08g065540.3.intron3,Solyc08g065540.3|SL4.0ch08:51775576-51775779:-,SL4.0ch08,51775576,51775779,-,Solyc08g065540.3.1,1,no,24,89,22,113,0.212389380530973,0.916666666666667,Solanum_lycopersicum,high_confidence_IR
Solyc08g065900.4,Solyc08g065900.4.intron7,Solyc08g065900.4|SL4.0ch08:52343217-52344114:+,SL4.0ch08,52343217,52344114,+,Solyc08g065900.4.1,1,no,10360,9,9096,10369,0.999132028160864,0.877992277992278,Solanum_lycopersicum,high_confidence_IR
Solyc08g066100.3,Solyc08g066100.3.intron13,Solyc08g066100.3|SL4.0ch08:52624149-52624291:-,SL4.0ch08,52624149,52624291,-,Solyc08g066100.3.1,1,no,642,39,562,681,0.94273127753304,0.875389408099688,Solanum_lycopersicum,high_confidence_IR
Solyc08g066140.3,Solyc08g066140.3.intron1,Solyc08g066140.3|SL4.0ch08:52653216-52653352:+,SL4.0ch08,52653216,52653352,+,Solyc08g066140.3.1,1,no,2699,26,2699,2725,0.99045871559633,1,Solanum_lycopersicum,high_confidence_IR
Solyc08g066160.3,Solyc08g066160.3.intron1,Solyc08g066160.3|SL4.0ch08:52658781-52658854:+,SL4.0ch08,52658781,52658854,+,Solyc08g066160.3.1,1,no,2017,4733,1887,6750,0.298814814814815,0.935547843331681,Solanum_lycopersicum,high_confidence_IR
Solyc08g066680.3,Solyc08g066680.3.intron1,Solyc08g066680.3|SL4.0ch08:53602260-53602411:-,SL4.0ch08,53602260,53602411,-,Solyc08g066680.3.1,1,no,456,353,365,809,0.563658838071693,0.800438596491228,Solanum_lycopersicum,high_confidence_IR
Solyc08g066690.4,Solyc08g066690.4.intron1,Solyc08g066690.4|SL4.0ch08:53611206-53611390:-,SL4.0ch08,53611206,53611390,-,Solyc08g066690.4.1,1,no,78,74,77,152,0.513157894736842,0.987179487179487,Solanum_lycopersicum,high_confidence_IR
Solyc08g066800.4,Solyc08g066800.4.intron1,Solyc08g066800.4|SL4.0ch08:53752346-53752515:+,SL4.0ch08,53752346,53752515,+,Solyc08g066800.4.1,1,no,847,3288,632,4135,0.204836759371221,0.74616292798111,Solanum_lycopersicum,high_confidence_IR
Solyc08g067440.2,Solyc08g067440.2.intron1,Solyc08g067440.2|SL4.0ch08:54581668-54584232:-,SL4.0ch08,54581668,54584232,-,Solyc08g067440.2.1,1,no,6,23,6,29,0.206896551724138,1,Solanum_lycopersicum,high_confidence_IR
Solyc08g067470.3,Solyc08g067470.3.intron2,Solyc08g067470.3|SL4.0ch08:54593449-54593544:+,SL4.0ch08,54593449,54593544,+,Solyc08g067470.3.1,1,no,233,896,167,1129,0.20637732506643,0.716738197424893,Solanum_lycopersicum,high_confidence_IR
Solyc08g067690.2,Solyc08g067690.2.intron1,Solyc08g067690.2|SL4.0ch08:54768601-54768799:+,SL4.0ch08,54768601,54768799,+,Solyc08g067690.2.1,1,no,37,137,37,174,0.21264367816092,1,Solanum_lycopersicum,high_confidence_IR
Solyc08g067920.3,Solyc08g067920.3.intron1,Solyc08g067920.3|SL4.0ch08:55070895-55071030:+,SL4.0ch08,55070895,55071030,+,Solyc08g067920.3.1,1,no,138,493,136,631,0.218700475435816,0.985507246376812,Solanum_lycopersicum,high_confidence_IR
Solyc08g067960.3,Solyc08g067960.3.intron1,Solyc08g067960.3|SL4.0ch08:55118209-55118318:+,SL4.0ch08,55118209,55118318,+,Solyc08g067960.3.1,1,no,8272,4709,7404,12981,0.637239041676296,0.895067698259188,Solanum_lycopersicum,high_confidence_IR
Solyc08g068810.3,Solyc08g068810.3.intron2,Solyc08g068810.3|SL4.0ch08:56011223-56011524:+,SL4.0ch08,56011223,56011524,+,Solyc08g068810.3.1,1,no,692,900,631,1592,0.434673366834171,0.911849710982659,Solanum_lycopersicum,high_confidence_IR
Solyc08g074720.2,Solyc08g074720.2.intron1,Solyc08g074720.2|SL4.0ch08:56978183-56978337:+,SL4.0ch08,56978183,56978337,+,Solyc08g074720.2.1,1,no,180,412,180,592,0.304054054054054,1,Solanum_lycopersicum,high_confidence_IR
Solyc08g074895.1,Solyc08g074895.1.intron1,Solyc08g074895.1|SL4.0ch08:57166480-57166684:+,SL4.0ch08,57166480,57166684,+,Solyc08g074895.1.1,1,no,160,138,155,298,0.536912751677852,0.96875,Solanum_lycopersicum,high_confidence_IR
Solyc08g074960.3,Solyc08g074960.3.intron2,Solyc08g074960.3|SL4.0ch08:57214853-57215006:+,SL4.0ch08,57214853,57215006,+,Solyc08g074960.3.1,1,no,108,368,100,476,0.226890756302521,0.925925925925926,Solanum_lycopersicum,high_confidence_IR
Solyc08g075110.3,Solyc08g075110.3.intron1,Solyc08g075110.3|SL4.0ch08:57375997-57376125:-,SL4.0ch08,57375997,57376125,-,Solyc08g075110.3.1,1,no,7,14,7,21,0.333333333333333,1,Solanum_lycopersicum,high_confidence_IR
Solyc08g075540.5.1,Solyc08g075540.5.1.intron4,Solyc08g075540.5.1|SL4.0ch08:57824231-57824334:-,SL4.0ch08,57824231,57824334,-,Solyc08g075540.5.1.1,1,no,5490,155,4586,5645,0.972542072630647,0.835336976320583,Solanum_lycopersicum,high_confidence_IR
Solyc08g075870.3,Solyc08g075870.3.intron1,Solyc08g075870.3|SL4.0ch08:58073649-58073793:+,SL4.0ch08,58073649,58073793,+,Solyc08g075870.3.1,1,no,174,314,124,488,0.35655737704918,0.71264367816092,Solanum_lycopersicum,high_confidence_IR
Solyc08g076050.4,Solyc08g076050.4.intron1,Solyc08g076050.4|SL4.0ch08:58221278-58221415:+,SL4.0ch08,58221278,58221415,+,Solyc08g076050.4.1,1,no,249,29,196,278,0.89568345323741,0.78714859437751,Solanum_lycopersicum,high_confidence_IR
Solyc08g076130.3,Solyc08g076130.3.intron1,Solyc08g076130.3|SL4.0ch08:58277567-58278624:-,SL4.0ch08,58277567,58278624,-,Solyc08g076130.3.1,1,no,1133,676,1011,1809,0.626312880044223,0.892321270962048,Solanum_lycopersicum,high_confidence_IR
Solyc08g076140.3,Solyc08g076140.3.intron11,Solyc08g076140.3|SL4.0ch08:58287717-58287900:+,SL4.0ch08,58287717,58287900,+,Solyc08g076140.3.1,1,no,79,25,58,104,0.759615384615385,0.734177215189873,Solanum_lycopersicum,high_confidence_IR
Solyc08g076160.3,Solyc08g076160.3.intron1,Solyc08g076160.3|SL4.0ch08:58298929-58299422:+,SL4.0ch08,58298929,58299422,+,Solyc08g076160.3.1,1,no,172,464,162,636,0.270440251572327,0.941860465116279,Solanum_lycopersicum,high_confidence_IR
Solyc08g076490.2,Solyc08g076490.2.intron1,Solyc08g076490.2|SL4.0ch08:58607733-58608874:-,SL4.0ch08,58607733,58608874,-,Solyc08g076490.2.1,1,no,34,38,34,72,0.472222222222222,1,Solanum_lycopersicum,high_confidence_IR
Solyc08g076887.1,Solyc08g076887.1.intron1,Solyc08g076887.1|SL4.0ch08:58942661-58942783:-,SL4.0ch08,58942661,58942783,-,Solyc08g076887.1.1,1,no,22,56,19,78,0.282051282051282,0.863636363636364,Solanum_lycopersicum,high_confidence_IR
Solyc08g077340.2,Solyc08g077340.2.intron1,Solyc08g077340.2|SL4.0ch08:59340600-59341101:+,SL4.0ch08,59340600,59341101,+,Solyc08g077340.2.1,1,no,220,28,181,248,0.887096774193548,0.822727272727273,Solanum_lycopersicum,high_confidence_IR
Solyc08g077370.4,Solyc08g077370.4.intron2,Solyc08g077370.4|SL4.0ch08:59358757-59358891:-,SL4.0ch08,59358757,59358891,-,Solyc08g077370.4.1,1,no,1701,22,1253,1723,0.987231572838073,0.736625514403292,Solanum_lycopersicum,high_confidence_IR
Solyc08g077380.4,Solyc08g077380.4.intron1,Solyc08g077380.4|SL4.0ch08:59365673-59366286:-,SL4.0ch08,59365673,59366286,-,Solyc08g077380.4.1,1,no,36,121,36,157,0.229299363057325,1,Solanum_lycopersicum,high_confidence_IR
Solyc08g077690.3,Solyc08g077690.3.intron3,Solyc08g077690.3|SL4.0ch08:59709201-59709323:+,SL4.0ch08,59709201,59709323,+,Solyc08g077690.3.1,1,no,174,387,150,561,0.310160427807487,0.862068965517241,Solanum_lycopersicum,high_confidence_IR
Solyc08g077760.3,Solyc08g077760.3.intron1,Solyc08g077760.3|SL4.0ch08:59767219-59767689:-,SL4.0ch08,59767219,59767689,-,Solyc08g077760.3.1,1,no,1732,704,1732,2436,0.711001642036125,1,Solanum_lycopersicum,high_confidence_IR
Solyc08g077825.1,Solyc08g077825.1.intron2,Solyc08g077825.1|SL4.0ch08:59848335-59848828:+,SL4.0ch08,59848335,59848828,+,Solyc08g077825.1.1,1,no,1407,33,1374,1440,0.977083333333333,0.976545842217484,Solanum_lycopersicum,high_confidence_IR
Solyc08g078060.3,Solyc08g078060.3.intron1,Solyc08g078060.3|SL4.0ch08:60021419-60022582:-,SL4.0ch08,60021419,60022582,-,Solyc08g078060.3.1,1,no,2197,3216,2197,5413,0.405874745981895,1,Solanum_lycopersicum,high_confidence_IR
Solyc08g078240.4,Solyc08g078240.4.intron2,Solyc08g078240.4|SL4.0ch08:60179465-60180035:-,SL4.0ch08,60179465,60180035,-,Solyc08g078240.4.1,1,no,2972,5,2747,2977,0.998320456835741,0.924293405114401,Solanum_lycopersicum,high_confidence_IR
Solyc08g078430.4,Solyc08g078430.4.intron1,Solyc08g078430.4|SL4.0ch08:60353053-60353133:-,SL4.0ch08,60353053,60353133,-,Solyc08g078430.4.1,1,no,362,18,337,380,0.952631578947368,0.930939226519337,Solanum_lycopersicum,high_confidence_IR
Solyc08g078710.3,Solyc08g078710.3.intron1,Solyc08g078710.3|SL4.0ch08:60581616-60582131:+,SL4.0ch08,60581616,60582131,+,Solyc08g078710.3.1,1,no,5,18,5,23,0.217391304347826,1,Solanum_lycopersicum,high_confidence_IR
Solyc08g079530.3,Solyc08g079530.3.intron5,Solyc08g079530.3|SL4.0ch08:61148171-61148359:-,SL4.0ch08,61148171,61148359,-,Solyc08g079530.3.1,1,no,219,570,164,789,0.277566539923954,0.748858447488584,Solanum_lycopersicum,high_confidence_IR
Solyc08g080110.3,Solyc08g080110.3.intron5,Solyc08g080110.3|SL4.0ch08:61563383-61563496:+,SL4.0ch08,61563383,61563496,+,Solyc08g080110.3.1,1,no,1699,43,1489,1742,0.975315729047072,0.876397881106533,Solanum_lycopersicum,high_confidence_IR
Solyc08g080390.3,Solyc08g080390.3.intron1,Solyc08g080390.3|SL4.0ch08:61789912-61790153:+,SL4.0ch08,61789912,61790153,+,Solyc08g080390.3.1,1,no,166,108,166,274,0.605839416058394,1,Solanum_lycopersicum,high_confidence_IR
Solyc08g080960.4,Solyc08g080960.4.intron5,Solyc08g080960.4|SL4.0ch08:62210848-62210930:-,SL4.0ch08,62210848,62210930,-,Solyc08g080960.4.1,1,no,1145,71,866,1216,0.941611842105263,0.756331877729258,Solanum_lycopersicum,high_confidence_IR
Solyc08g081110.2,Solyc08g081110.2.intron2,Solyc08g081110.2|SL4.0ch08:62327650-62327741:+,SL4.0ch08,62327650,62327741,+,Solyc08g081110.2.1,1,no,14,27,10,41,0.341463414634146,0.714285714285714,Solanum_lycopersicum,high_confidence_IR
Solyc08g081330.4,Solyc08g081330.4.intron1,Solyc08g081330.4|SL4.0ch08:62515075-62515982:+,SL4.0ch08,62515075,62515982,+,Solyc08g081330.4.1,1,no,1268,4140,1157,5408,0.234467455621302,0.912460567823344,Solanum_lycopersicum,high_confidence_IR
Solyc08g081430.3,Solyc08g081430.3.intron3,Solyc08g081430.3|SL4.0ch08:62620557-62621318:+,SL4.0ch08,62620557,62621318,+,Solyc08g081430.3.1,1,no,135,514,105,649,0.208012326656394,0.777777777777778,Solanum_lycopersicum,high_confidence_IR
Solyc08g081580.4,Solyc08g081580.4.intron4,Solyc08g081580.4|SL4.0ch08:62713462-62713558:+,SL4.0ch08,62713462,62713558,+,Solyc08g081580.4.1,1,no,8307,1084,7847,9391,0.884570333297838,0.94462501504755,Solanum_lycopersicum,high_confidence_IR
Solyc08g081720.4,Solyc08g081720.4.intron3,Solyc08g081720.4|SL4.0ch08:62820679-62820777:-,SL4.0ch08,62820679,62820777,-,Solyc08g081720.4.1,1,no,28,6,28,34,0.823529411764706,1,Solanum_lycopersicum,high_confidence_IR
Solyc08g081990.3,Solyc08g081990.3.intron1,Solyc08g081990.3|SL4.0ch08:63027152-63030006:-,SL4.0ch08,63027152,63030006,-,Solyc08g081990.3.1,1,no,291,886,217,1177,0.247238742565845,0.745704467353952,Solanum_lycopersicum,high_confidence_IR
Solyc08g082120.2,Solyc08g082120.2.intron1,Solyc08g082120.2|SL4.0ch08:63124555-63124638:+,SL4.0ch08,63124555,63124638,+,Solyc08g082120.2.1,1,no,92431,5,91602,92436,0.99994590852049,0.991031147558719,Solanum_lycopersicum,high_confidence_IR
Solyc08g082880.4,Solyc08g082880.4.intron10,Solyc08g082880.4|SL4.0ch08:63692174-63692336:+,SL4.0ch08,63692174,63692336,+,Solyc08g082880.4.1,1,no,465,1590,330,2055,0.226277372262774,0.709677419354839,Solanum_lycopersicum,high_confidence_IR
Solyc08g083285.1,Solyc08g083285.1.intron2,Solyc08g083285.1|SL4.0ch08:63939939-63940157:+,SL4.0ch08,63939939,63940157,+,Solyc08g083285.1.1,1,no,471,470,465,941,0.500531349628055,0.987261146496815,Solanum_lycopersicum,high_confidence_IR
Solyc08g083320.4,Solyc08g083320.4.intron1,Solyc08g083320.4|SL4.0ch08:63966415-63966521:-,SL4.0ch08,63966415,63966521,-,Solyc08g083320.4.1,1,no,814,975,744,1789,0.455002794857462,0.914004914004914,Solanum_lycopersicum,high_confidence_IR
Solyc09g005200.3,Solyc09g005200.3.intron1,Solyc09g005200.3|SL4.0ch09:172389-172607:+,SL4.0ch09,172389,172607,+,Solyc09g005200.3.1,1,no,378,1200,378,1578,0.239543726235741,1,Solanum_lycopersicum,high_confidence_IR
Solyc09g005270.3,Solyc09g005270.3.intron1,Solyc09g005270.3|SL4.0ch09:214240-215553:-,SL4.0ch09,214240,215553,-,Solyc09g005270.3.1,1,no,1344,156,1160,1500,0.896,0.863095238095238,Solanum_lycopersicum,high_confidence_IR
Solyc09g005480.3,Solyc09g005480.3.intron1,Solyc09g005480.3|SL4.0ch09:336729-336946:-,SL4.0ch09,336729,336946,-,Solyc09g005480.3.1,1,no,118,205,118,323,0.365325077399381,1,Solanum_lycopersicum,high_confidence_IR
Solyc09g005570.3,Solyc09g005570.3.intron1,Solyc09g005570.3|SL4.0ch09:401698-402013:+,SL4.0ch09,401698,402013,+,Solyc09g005570.3.1,1,no,440,793,440,1233,0.356853203568532,1,Solanum_lycopersicum,high_confidence_IR
Solyc09g005650.1,Solyc09g005650.1.intron1,Solyc09g005650.1|SL4.0ch09:445501-445581:-,SL4.0ch09,445501,445581,-,Solyc09g005650.1.1,1,no,24,7,24,31,0.774193548387097,1,Solanum_lycopersicum,high_confidence_IR
Solyc09g005660.4,Solyc09g005660.4.intron1,Solyc09g005660.4|SL4.0ch09:451266-452847:-,SL4.0ch09,451266,452847,-,Solyc09g005660.4.1,1,no,402,499,389,901,0.446170921198668,0.967661691542289,Solanum_lycopersicum,high_confidence_IR
Solyc09g005690.3,Solyc09g005690.3.intron10,Solyc09g005690.3|SL4.0ch09:468679-468847:-,SL4.0ch09,468679,468847,-,Solyc09g005690.3.1,1,no,140,9,121,149,0.939597315436242,0.864285714285714,Solanum_lycopersicum,high_confidence_IR
Solyc09g005800.2,Solyc09g005800.2.intron1,Solyc09g005800.2|SL4.0ch09:550715-550781:+,SL4.0ch09,550715,550781,+,Solyc09g005800.2.1,1,no,173,593,173,766,0.225848563968668,1,Solanum_lycopersicum,high_confidence_IR
Solyc09g007270.3,Solyc09g007270.3.intron1,Solyc09g007270.3|SL4.0ch09:884155-884335:+,SL4.0ch09,884155,884335,+,Solyc09g007270.3.1,1,no,172,97,155,269,0.639405204460966,0.901162790697674,Solanum_lycopersicum,high_confidence_IR
Solyc09g007360.3,Solyc09g007360.3.intron1,Solyc09g007360.3|SL4.0ch09:975296-975867:-,SL4.0ch09,975296,975867,-,Solyc09g007360.3.1,1,no,31,50,26,81,0.382716049382716,0.838709677419355,Solanum_lycopersicum,high_confidence_IR
Solyc09g007410.3,Solyc09g007410.3.intron1,Solyc09g007410.3|SL4.0ch09:1007187-1007822:-,SL4.0ch09,1007187,1007822,-,Solyc09g007410.3.1,1,no,306,182,287,488,0.627049180327869,0.937908496732026,Solanum_lycopersicum,high_confidence_IR
Solyc09g007460.4,Solyc09g007460.4.intron3,Solyc09g007460.4|SL4.0ch09:1044191-1044700:+,SL4.0ch09,1044191,1044700,+,Solyc09g007460.4.1,1,no,115,276,99,391,0.294117647058824,0.860869565217391,Solanum_lycopersicum,high_confidence_IR
Solyc09g008290.4,Solyc09g008290.4.intron4,Solyc09g008290.4|SL4.0ch09:1769591-1769667:-,SL4.0ch09,1769591,1769667,-,Solyc09g008290.4.1,1,no,186973,59,181546,187032,0.99968454596005,0.970974418766346,Solanum_lycopersicum,high_confidence_IR
Solyc09g008730.3,Solyc09g008730.3.intron4,Solyc09g008730.3|SL4.0ch09:2206674-2206810:+,SL4.0ch09,2206674,2206810,+,Solyc09g008730.3.1,1,no,708,447,664,1155,0.612987012987013,0.937853107344633,Solanum_lycopersicum,high_confidence_IR
Solyc09g008913.1,Solyc09g008913.1.intron1,Solyc09g008913.1|SL4.0ch09:2339344-2340196:-,SL4.0ch09,2339344,2340196,-,Solyc09g008913.1.1,1,no,30,107,30,137,0.218978102189781,1,Solanum_lycopersicum,high_confidence_IR
Solyc09g008930.4,Solyc09g008930.4.intron1,Solyc09g008930.4|SL4.0ch09:2352784-2352963:-,SL4.0ch09,2352784,2352963,-,Solyc09g008930.4.1,1,no,1706,10,1706,1716,0.994172494172494,1,Solanum_lycopersicum,high_confidence_IR
Solyc09g009430.3,Solyc09g009430.3.intron8,Solyc09g009430.3|SL4.0ch09:2900409-2900508:-,SL4.0ch09,2900409,2900508,-,Solyc09g009430.3.1,1,no,2963,4481,2168,7444,0.398038688876948,0.731690853864327,Solanum_lycopersicum,high_confidence_IR
Solyc09g009460.4,Solyc09g009460.4.intron1,Solyc09g009460.4|SL4.0ch09:2929145-2929249:+,SL4.0ch09,2929145,2929249,+,Solyc09g009460.4.1,1,no,24,10,17,34,0.705882352941177,0.708333333333333,Solanum_lycopersicum,high_confidence_IR
Solyc09g009580.4,Solyc09g009580.4.intron5,Solyc09g009580.4|SL4.0ch09:3038459-3039135:+,SL4.0ch09,3038459,3039135,+,Solyc09g009580.4.1,1,no,22,72,18,94,0.234042553191489,0.818181818181818,Solanum_lycopersicum,high_confidence_IR
Solyc09g009650.3,Solyc09g009650.3.intron1,Solyc09g009650.3|SL4.0ch09:3097286-3097382:-,SL4.0ch09,3097286,3097382,-,Solyc09g009650.3.1,1,no,3203,3723,3203,6926,0.462460294542304,1,Solanum_lycopersicum,high_confidence_IR
Solyc09g009780.4,Solyc09g009780.4.intron1,Solyc09g009780.4|SL4.0ch09:3293515-3294915:+,SL4.0ch09,3293515,3294915,+,Solyc09g009780.4.1,1,no,1337,22,1337,1359,0.983811626195732,1,Solanum_lycopersicum,high_confidence_IR
Solyc09g009950.4,Solyc09g009950.4.intron1,Solyc09g009950.4|SL4.0ch09:3442877-3442966:+,SL4.0ch09,3442877,3442966,+,Solyc09g009950.4.1,1,no,151,8,151,159,0.949685534591195,1,Solanum_lycopersicum,high_confidence_IR
Solyc09g010080.3,Solyc09g010080.3.intron2,Solyc09g010080.3|SL4.0ch09:3509718-3509794:+,SL4.0ch09,3509718,3509794,+,Solyc09g010080.3.1,1,no,13,5,10,18,0.722222222222222,0.769230769230769,Solanum_lycopersicum,high_confidence_IR
Solyc09g010160.3,Solyc09g010160.3.intron1,Solyc09g010160.3|SL4.0ch09:3573529-3575176:+,SL4.0ch09,3573529,3575176,+,Solyc09g010160.3.1,1,no,31,95,26,126,0.246031746031746,0.838709677419355,Solanum_lycopersicum,high_confidence_IR
Solyc09g010640.2,Solyc09g010640.2.intron1,Solyc09g010640.2|SL4.0ch09:4010465-4010542:-,SL4.0ch09,4010465,4010542,-,Solyc09g010640.2.1,1,no,8078,90,8078,8168,0.98898139079334,1,Solanum_lycopersicum,high_confidence_IR
Solyc09g150103.1,Solyc09g150103.1.intron1,Solyc09g150103.1|SL4.0ch09:4293900-4294259:+,SL4.0ch09,4293900,4294259,+,Solyc09g150103.1.1,1,no,102,141,102,243,0.419753086419753,1,Solanum_lycopersicum,high_confidence_IR
Solyc09g011250.3,Solyc09g011250.3.intron3,Solyc09g011250.3|SL4.0ch09:4619806-4619874:+,SL4.0ch09,4619806,4619874,+,Solyc09g011250.3.1,1,no,197,321,184,518,0.38030888030888,0.934010152284264,Solanum_lycopersicum,high_confidence_IR
Solyc09g011490.3,Solyc09g011490.3.intron1,Solyc09g011490.3|SL4.0ch09:4857544-4857684:-,SL4.0ch09,4857544,4857684,-,Solyc09g011490.3.1,1,no,474,1284,474,1758,0.26962457337884,1,Solanum_lycopersicum,high_confidence_IR
Solyc09g011620.2,Solyc09g011620.2.intron1,Solyc09g011620.2|SL4.0ch09:4921018-4921180:+,SL4.0ch09,4921018,4921180,+,Solyc09g011620.2.1,1,no,64,213,64,277,0.231046931407942,1,Solanum_lycopersicum,high_confidence_IR
Solyc09g011740.4,Solyc09g011740.4.intron12,Solyc09g011740.4|SL4.0ch09:5080360-5080428:+,SL4.0ch09,5080360,5080428,+,Solyc09g011740.4.1,1,no,5961,99,5000,6060,0.983663366336634,0.838785438684784,Solanum_lycopersicum,high_confidence_IR
Solyc09g013070.3,Solyc09g013070.3.intron1,Solyc09g013070.3|SL4.0ch09:5480325-5480708:+,SL4.0ch09,5480325,5480708,+,Solyc09g013070.3.1,1,no,762,141,762,903,0.843853820598007,1,Solanum_lycopersicum,high_confidence_IR
Solyc09g014410.3,Solyc09g014410.3.intron2,Solyc09g014410.3|SL4.0ch09:6036833-6037719:-,SL4.0ch09,6036833,6037719,-,Solyc09g014410.3.1,1,no,601,107,545,708,0.848870056497175,0.906821963394343,Solanum_lycopersicum,high_confidence_IR
Solyc09g015000.4,Solyc09g015000.4.intron1,Solyc09g015000.4|SL4.0ch09:7449830-7449895:+,SL4.0ch09,7449830,7449895,+,Solyc09g015000.4.1,1,no,212883,79,212883,212962,0.999629041800885,1,Solanum_lycopersicum,high_confidence_IR
Solyc09g015360.4,Solyc09g015360.4.intron3,Solyc09g015360.4|SL4.0ch09:8639564-8640578:-,SL4.0ch09,8639564,8640578,-,Solyc09g015360.4.1,1,no,925,2398,784,3323,0.27836292506771,0.847567567567568,Solanum_lycopersicum,high_confidence_IR
Solyc09g015650.4,Solyc09g015650.4.intron6,Solyc09g015650.4|SL4.0ch09:10607723-10609757:+,SL4.0ch09,10607723,10609757,+,Solyc09g015650.4.1,1,no,5347,891,5069,6238,0.857165758255851,0.948008228913409,Solanum_lycopersicum,high_confidence_IR
Solyc09g015670.3,Solyc09g015670.3.intron12,Solyc09g015670.3|SL4.0ch09:10695983-10696066:-,SL4.0ch09,10695983,10696066,-,Solyc09g015670.3.1,1,no,447,207,369,654,0.68348623853211,0.825503355704698,Solanum_lycopersicum,high_confidence_IR
Solyc09g018750.3,Solyc09g018750.3.intron1,Solyc09g018750.3|SL4.0ch09:16920784-16921208:-,SL4.0ch09,16920784,16921208,-,Solyc09g018750.3.1,1,no,82,7,70,89,0.921348314606742,0.853658536585366,Solanum_lycopersicum,high_confidence_IR
Solyc09g020010.2,Solyc09g020010.2.intron4,Solyc09g020010.2|SL4.0ch09:18412729-18413023:-,SL4.0ch09,18412729,18413023,-,Solyc09g020010.2.1,1,no,151,130,130,281,0.537366548042705,0.860927152317881,Solanum_lycopersicum,high_confidence_IR
Solyc09g037130.2,Solyc09g037130.2.intron2,Solyc09g037130.2|SL4.0ch09:19890860-19890973:-,SL4.0ch09,19890860,19890973,-,Solyc09g037130.2.1,1,no,5,11,5,16,0.3125,1,Solanum_lycopersicum,high_confidence_IR
Solyc09g042700.4,Solyc09g042700.4.intron1,Solyc09g042700.4|SL4.0ch09:24116171-24116650:-,SL4.0ch09,24116171,24116650,-,Solyc09g042700.4.1,1,no,37,7,32,44,0.840909090909091,0.864864864864865,Solanum_lycopersicum,high_confidence_IR
Solyc09g042780.2,Solyc09g042780.2.intron2,Solyc09g042780.2|SL4.0ch09:24730691-24732556:+,SL4.0ch09,24730691,24732556,+,Solyc09g042780.2.1,1,no,260,534,248,794,0.327455919395466,0.953846153846154,Solanum_lycopersicum,high_confidence_IR
Solyc09g031900.4,Solyc09g031900.4.intron1,Solyc09g031900.4|SL4.0ch09:25997890-25998239:-,SL4.0ch09,25997890,25998239,-,Solyc09g031900.4.1,1,no,252,871,252,1123,0.22439893143366,1,Solanum_lycopersicum,high_confidence_IR
Solyc09g031650.3,Solyc09g031650.3.intron1,Solyc09g031650.3|SL4.0ch09:26665362-26666814:+,SL4.0ch09,26665362,26666814,+,Solyc09g031650.3.1,1,no,432,208,386,640,0.675,0.893518518518518,Solanum_lycopersicum,high_confidence_IR
Solyc09g048980.4,Solyc09g048980.4.intron1,Solyc09g048980.4|SL4.0ch09:31943577-31943664:+,SL4.0ch09,31943577,31943664,+,Solyc09g048980.4.1,1,no,170,443,170,613,0.277324632952692,1,Solanum_lycopersicum,high_confidence_IR
Solyc09g056130.4,Solyc09g056130.4.intron1,Solyc09g056130.4|SL4.0ch09:43246551-43247030:-,SL4.0ch09,43246551,43247030,-,Solyc09g056130.4.1,1,no,157,387,157,544,0.288602941176471,1,Solanum_lycopersicum,high_confidence_IR
Solyc09g056430.4,Solyc09g056430.4.intron1,Solyc09g056430.4|SL4.0ch09:45211945-45212025:-,SL4.0ch09,45211945,45212025,-,Solyc09g056430.4.1,1,no,132,385,132,517,0.25531914893617,1,Solanum_lycopersicum,high_confidence_IR
Solyc09g057880.3,Solyc09g057880.3.intron1,Solyc09g057880.3|SL4.0ch09:47779105-47780238:+,SL4.0ch09,47779105,47780238,+,Solyc09g057880.3.1,1,no,254,522,235,776,0.327319587628866,0.925196850393701,Solanum_lycopersicum,high_confidence_IR
Solyc09g059030.4,Solyc09g059030.4.intron1,Solyc09g059030.4|SL4.0ch09:49096033-49096196:-,SL4.0ch09,49096033,49096196,-,Solyc09g059030.4.1,1,no,255,13,195,268,0.951492537313433,0.764705882352941,Solanum_lycopersicum,high_confidence_IR
Solyc09g059340.2,Solyc09g059340.2.intron2,Solyc09g059340.2|SL4.0ch09:50409536-50411869:-,SL4.0ch09,50409536,50411869,-,Solyc09g059340.2.1,1,no,112,25,90,137,0.817518248175182,0.803571428571429,Solanum_lycopersicum,high_confidence_IR
Solyc09g150132.1,Solyc09g150132.1.intron1,Solyc09g150132.1|SL4.0ch09:50459033-50459093:+,SL4.0ch09,50459033,50459093,+,Solyc09g150132.1.1,1,no,14,12,14,26,0.538461538461538,1,Solanum_lycopersicum,high_confidence_IR
Solyc09g059460.4,Solyc09g059460.4.intron6,Solyc09g059460.4|SL4.0ch09:50612267-50612362:+,SL4.0ch09,50612267,50612362,+,Solyc09g059460.4.1,1,no,741,1321,540,2062,0.359359844810863,0.728744939271255,Solanum_lycopersicum,high_confidence_IR
Solyc09g059510.3,Solyc09g059510.3.intron5,Solyc09g059510.3|SL4.0ch09:50684359-50684615:-,SL4.0ch09,50684359,50684615,-,Solyc09g059510.3.1,1,no,584,1674,434,2258,0.258635961027458,0.743150684931507,Solanum_lycopersicum,high_confidence_IR
Solyc09g059630.3,Solyc09g059630.3.intron1,Solyc09g059630.3|SL4.0ch09:51032098-51033135:-,SL4.0ch09,51032098,51033135,-,Solyc09g059630.3.1,1,no,78,27,57,105,0.742857142857143,0.730769230769231,Solanum_lycopersicum,high_confidence_IR
Solyc09g059650.4,Solyc09g059650.4.intron1,Solyc09g059650.4|SL4.0ch09:51091336-51093489:-,SL4.0ch09,51091336,51093489,-,Solyc09g059650.4.1,1,no,3180,2072,3180,5252,0.605483625285606,1,Solanum_lycopersicum,high_confidence_IR
Solyc09g060070.2,Solyc09g060070.2.intron2,Solyc09g060070.2|SL4.0ch09:53573140-53573605:+,SL4.0ch09,53573140,53573605,+,Solyc09g060070.2.1,1,no,15,10,11,25,0.6,0.733333333333333,Solanum_lycopersicum,high_confidence_IR
Solyc09g061270.4,Solyc09g061270.4.intron2,Solyc09g061270.4|SL4.0ch09:54584368-54586477:-,SL4.0ch09,54584368,54586477,-,Solyc09g061270.4.1,1,no,66,28,62,94,0.702127659574468,0.939393939393939,Solanum_lycopersicum,high_confidence_IR
Solyc09g064160.3,Solyc09g064160.3.intron2,Solyc09g064160.3|SL4.0ch09:57362920-57363010:-,SL4.0ch09,57362920,57363010,-,Solyc09g064160.3.1,1,no,19,41,17,60,0.316666666666667,0.894736842105263,Solanum_lycopersicum,high_confidence_IR
Solyc09g064380.3,Solyc09g064380.3.intron1,Solyc09g064380.3|SL4.0ch09:57667204-57670338:-,SL4.0ch09,57667204,57670338,-,Solyc09g064380.3.1,1,no,1053,3739,825,4792,0.219741235392321,0.783475783475784,Solanum_lycopersicum,high_confidence_IR
Solyc09g064840.4,Solyc09g064840.4.intron3,Solyc09g064840.4|SL4.0ch09:58411772-58411858:+,SL4.0ch09,58411772,58411858,+,Solyc09g064840.4.1,1,no,272,28,237,300,0.906666666666667,0.871323529411765,Solanum_lycopersicum,high_confidence_IR
Solyc09g064890.4,Solyc09g064890.4.intron1,Solyc09g064890.4|SL4.0ch09:58495568-58497857:+,SL4.0ch09,58495568,58497857,+,Solyc09g064890.4.1,1,no,576,349,576,925,0.622702702702703,1,Solanum_lycopersicum,high_confidence_IR
Solyc09g065020.4,Solyc09g065020.4.intron1,Solyc09g065020.4|SL4.0ch09:58871538-58871638:+,SL4.0ch09,58871538,58871638,+,Solyc09g065020.4.1,1,no,1076,6,1076,1082,0.994454713493531,1,Solanum_lycopersicum,high_confidence_IR
Solyc09g065100.3,Solyc09g065100.3.intron3,Solyc09g065100.3|SL4.0ch09:59051414-59052428:+,SL4.0ch09,59051414,59052428,+,Solyc09g065100.3.1,1,no,30,50,21,80,0.375,0.7,Solanum_lycopersicum,high_confidence_IR
Solyc09g065290.4,Solyc09g065290.4.intron2,Solyc09g065290.4|SL4.0ch09:59451788-59452151:+,SL4.0ch09,59451788,59452151,+,Solyc09g065290.4.1,1,no,1194,1077,1159,2271,0.525759577278732,0.970686767169179,Solanum_lycopersicum,high_confidence_IR
Solyc09g065620.3,Solyc09g065620.3.intron2,Solyc09g065620.3|SL4.0ch09:59882194-59882407:+,SL4.0ch09,59882194,59882407,+,Solyc09g065620.3.1,1,no,743,543,620,1286,0.577760497667185,0.834454912516824,Solanum_lycopersicum,high_confidence_IR
Solyc09g065780.3,Solyc09g065780.3.intron1,Solyc09g065780.3|SL4.0ch09:60157766-60157838:-,SL4.0ch09,60157766,60157838,-,Solyc09g065780.3.1,1,no,147,450,147,597,0.246231155778894,1,Solanum_lycopersicum,high_confidence_IR
Solyc09g065900.3,Solyc09g065900.3.intron11,Solyc09g065900.3|SL4.0ch09:60292177-60292259:-,SL4.0ch09,60292177,60292259,-,Solyc09g065900.3.1,1,no,7822,59,6802,7881,0.992513640400964,0.86959856814114,Solanum_lycopersicum,high_confidence_IR
Solyc09g065940.4,Solyc09g065940.4.intron3,Solyc09g065940.4|SL4.0ch09:60322644-60322729:-,SL4.0ch09,60322644,60322729,-,Solyc09g065940.4.1,1,no,189,7,157,196,0.964285714285714,0.830687830687831,Solanum_lycopersicum,high_confidence_IR
Solyc09g065950.3,Solyc09g065950.3.intron1,Solyc09g065950.3|SL4.0ch09:60331002-60334065:-,SL4.0ch09,60331002,60334065,-,Solyc09g065950.3.1,1,no,1554,548,1099,2102,0.739295908658421,0.707207207207207,Solanum_lycopersicum,high_confidence_IR
Solyc09g065990.3,Solyc09g065990.3.intron5,Solyc09g065990.3|SL4.0ch09:60356743-60363032:+,SL4.0ch09,60356743,60363032,+,Solyc09g065990.3.1,1,no,88,329,75,417,0.211031175059952,0.852272727272727,Solanum_lycopersicum,high_confidence_IR
Solyc09g025260.4,Solyc09g025260.4.intron2,Solyc09g025260.4|SL4.0ch09:61129404-61129526:-,SL4.0ch09,61129404,61129526,-,Solyc09g025260.4.1,1,no,1272,64,1230,1336,0.952095808383233,0.966981132075472,Solanum_lycopersicum,high_confidence_IR
Solyc09g074050.3,Solyc09g074050.3.intron3,Solyc09g074050.3|SL4.0ch09:61968209-61968606:+,SL4.0ch09,61968209,61968606,+,Solyc09g074050.3.1,1,no,570,2230,513,2800,0.203571428571429,0.9,Solanum_lycopersicum,high_confidence_IR
Solyc09g074470.3,Solyc09g074470.3.intron1,Solyc09g074470.3|SL4.0ch09:62476682-62476836:-,SL4.0ch09,62476682,62476836,-,Solyc09g074470.3.1,1,no,324,301,307,625,0.5184,0.947530864197531,Solanum_lycopersicum,high_confidence_IR
Solyc09g074740.2,Solyc09g074740.2.intron2,Solyc09g074740.2|SL4.0ch09:62772221-62773056:+,SL4.0ch09,62772221,62773056,+,Solyc09g074740.2.1,1,no,139,376,117,515,0.269902912621359,0.841726618705036,Solanum_lycopersicum,high_confidence_IR
Solyc09g150155.1,Solyc09g150155.1.intron1,Solyc09g150155.1|SL4.0ch09:62893189-62895290:-,SL4.0ch09,62893189,62895290,-,Solyc09g150155.1.1,1,no,112,13,102,125,0.896,0.910714285714286,Solanum_lycopersicum,high_confidence_IR
Solyc09g075490.4,Solyc09g075490.4.intron1,Solyc09g075490.4|SL4.0ch09:63413166-63413487:-,SL4.0ch09,63413166,63413487,-,Solyc09g075490.4.1,1,no,138,45,113,183,0.754098360655738,0.818840579710145,Solanum_lycopersicum,high_confidence_IR
Solyc09g075760.4,Solyc09g075760.4.intron5,Solyc09g075760.4|SL4.0ch09:63597803-63600924:+,SL4.0ch09,63597803,63600924,+,Solyc09g075760.4.1,1,no,976,3788,757,4764,0.204869857262804,0.775614754098361,Solanum_lycopersicum,high_confidence_IR
Solyc09g082110.4,Solyc09g082110.4.intron2,Solyc09g082110.4|SL4.0ch09:64051691-64051770:-,SL4.0ch09,64051691,64051770,-,Solyc09g082110.4.1,1,no,71,210,62,281,0.252669039145907,0.873239436619718,Solanum_lycopersicum,high_confidence_IR
Solyc09g083180.3,Solyc09g083180.3.intron1,Solyc09g083180.3|SL4.0ch09:64959671-64960755:-,SL4.0ch09,64959671,64960755,-,Solyc09g083180.3.1,1,no,126,6,126,132,0.954545454545455,1,Solanum_lycopersicum,high_confidence_IR
Solyc09g083200.4,Solyc09g083200.4.intron1,Solyc09g083200.4|SL4.0ch09:64983118-64983317:+,SL4.0ch09,64983118,64983317,+,Solyc09g083200.4.1,1,no,73,17,73,90,0.811111111111111,1,Solanum_lycopersicum,high_confidence_IR
Solyc09g083330.3,Solyc09g083330.3.intron1,Solyc09g083330.3|SL4.0ch09:65108627-65109468:-,SL4.0ch09,65108627,65109468,-,Solyc09g083330.3.1,1,no,602,662,499,1264,0.47626582278481,0.82890365448505,Solanum_lycopersicum,high_confidence_IR
Solyc09g083360.3,Solyc09g083360.3.intron2,Solyc09g083360.3|SL4.0ch09:65127595-65128351:+,SL4.0ch09,65127595,65128351,+,Solyc09g083360.3.1,1,no,284,952,228,1236,0.229773462783172,0.802816901408451,Solanum_lycopersicum,high_confidence_IR
Solyc09g089740.3,Solyc09g089740.3.intron1,Solyc09g089740.3|SL4.0ch09:65556458-65556843:+,SL4.0ch09,65556458,65556843,+,Solyc09g089740.3.1,1,no,62,120,60,182,0.340659340659341,0.967741935483871,Solanum_lycopersicum,high_confidence_IR
Solyc09g089760.1,Solyc09g089760.1.intron1,Solyc09g089760.1|SL4.0ch09:65559024-65559097:+,SL4.0ch09,65559024,65559097,+,Solyc09g089760.1.1,1,no,13,42,12,55,0.236363636363636,0.923076923076923,Solanum_lycopersicum,high_confidence_IR
Solyc09g089810.1,Solyc09g089810.1.intron2,Solyc09g089810.1|SL4.0ch09:65570811-65570879:+,SL4.0ch09,65570811,65570879,+,Solyc09g089810.1.1,1,no,13,51,12,64,0.203125,0.923076923076923,Solanum_lycopersicum,high_confidence_IR
Solyc09g089870.3,Solyc09g089870.3.intron5,Solyc09g089870.3|SL4.0ch09:65591346-65591462:-,SL4.0ch09,65591346,65591462,-,Solyc09g089870.3.1,1,no,2274,21,2022,2295,0.990849673202614,0.889182058047493,Solanum_lycopersicum,high_confidence_IR
Solyc09g090050.4,Solyc09g090050.4.intron6,Solyc09g090050.4|SL4.0ch09:65698513-65698614:-,SL4.0ch09,65698513,65698614,-,Solyc09g090050.4.1,1,no,2576,34,2322,2610,0.986973180076628,0.90139751552795,Solanum_lycopersicum,high_confidence_IR
Solyc09g090220.3,Solyc09g090220.3.intron1,Solyc09g090220.3|SL4.0ch09:65867979-65868074:+,SL4.0ch09,65867979,65868074,+,Solyc09g090220.3.1,1,no,94,7,94,101,0.930693069306931,1,Solanum_lycopersicum,high_confidence_IR
Solyc09g090420.4,Solyc09g090420.4.intron6,Solyc09g090420.4|SL4.0ch09:66036159-66037485:-,SL4.0ch09,66036159,66037485,-,Solyc09g090420.4.1,1,no,1463,107,1056,1570,0.931847133757962,0.721804511278195,Solanum_lycopersicum,high_confidence_IR
Solyc09g091150.2,Solyc09g091150.2.intron1,Solyc09g091150.2|SL4.0ch09:66585898-66586894:+,SL4.0ch09,66585898,66586894,+,Solyc09g091150.2.1,1,no,310,920,310,1230,0.252032520325203,1,Solanum_lycopersicum,high_confidence_IR
Solyc09g091250.4,Solyc09g091250.4.intron2,Solyc09g091250.4|SL4.0ch09:66645043-66645348:+,SL4.0ch09,66645043,66645348,+,Solyc09g091250.4.1,1,no,1819,111,1720,1930,0.942487046632124,0.945574491478835,Solanum_lycopersicum,high_confidence_IR
Solyc09g092200.3,Solyc09g092200.3.intron1,Solyc09g092200.3|SL4.0ch09:67446510-67447119:-,SL4.0ch09,67446510,67447119,-,Solyc09g092200.3.1,1,no,59,131,59,190,0.310526315789474,1,Solanum_lycopersicum,high_confidence_IR
Solyc09g092300.3,Solyc09g092300.3.intron1,Solyc09g092300.3|SL4.0ch09:67539414-67541015:-,SL4.0ch09,67539414,67541015,-,Solyc09g092300.3.1,1,no,109,34,103,143,0.762237762237762,0.944954128440367,Solanum_lycopersicum,high_confidence_IR
Solyc09g092490.3,Solyc09g092490.3.intron1,Solyc09g092490.3|SL4.0ch09:67668290-67669006:+,SL4.0ch09,67668290,67669006,+,Solyc09g092490.3.1,1,no,2633,35,2633,2668,0.98688155922039,1,Solanum_lycopersicum,high_confidence_IR
Solyc09g092670.3,Solyc09g092670.3.intron1,Solyc09g092670.3|SL4.0ch09:67751412-67751577:+,SL4.0ch09,67751412,67751577,+,Solyc09g092670.3.1,1,no,757,715,757,1472,0.514266304347826,1,Solanum_lycopersicum,high_confidence_IR
Solyc09g097800.2,Solyc09g097800.2.intron1,Solyc09g097800.2|SL4.0ch09:67859405-67859574:-,SL4.0ch09,67859405,67859574,-,Solyc09g097800.2.1,1,no,2770,5,2664,2775,0.998198198198198,0.96173285198556,Solanum_lycopersicum,high_confidence_IR
Solyc09g097990.1,Solyc09g097990.1.intron1,Solyc09g097990.1|SL4.0ch09:67983293-67983610:+,SL4.0ch09,67983293,67983610,+,Solyc09g097990.1.1,1,no,11,19,11,30,0.366666666666667,1,Solanum_lycopersicum,high_confidence_IR
Solyc09g098770.2,Solyc09g098770.2.intron2,Solyc09g098770.2|SL4.0ch09:67995075-67995200:+,SL4.0ch09,67995075,67995200,+,Solyc09g098770.2.1,1,no,68,92,65,160,0.425,0.955882352941177,Solanum_lycopersicum,high_confidence_IR
Solyc09g098070.3,Solyc09g098070.3.intron1,Solyc09g098070.3|SL4.0ch09:68034344-68034490:-,SL4.0ch09,68034344,68034490,-,Solyc09g098070.3.1,1,no,2646,57,2201,2703,0.978912319644839,0.831821617535903,Solanum_lycopersicum,high_confidence_IR
Solyc09g098100.4,Solyc09g098100.4.intron3,Solyc09g098100.4|SL4.0ch09:68046833-68046939:-,SL4.0ch09,68046833,68046939,-,Solyc09g098100.4.1,1,no,310,303,283,613,0.505709624796085,0.912903225806452,Solanum_lycopersicum,high_confidence_IR
Solyc09g098110.4,Solyc09g098110.4.intron1,Solyc09g098110.4|SL4.0ch09:68061423-68066390:-,SL4.0ch09,68061423,68066390,-,Solyc09g098110.4.1,1,no,793,1456,724,2249,0.352601156069364,0.912988650693569,Solanum_lycopersicum,high_confidence_IR
Solyc09g098350.4,Solyc09g098350.4.intron1,Solyc09g098350.4|SL4.0ch09:68247346-68247629:+,SL4.0ch09,68247346,68247629,+,Solyc09g098350.4.1,1,no,37,103,37,140,0.264285714285714,1,Solanum_lycopersicum,high_confidence_IR
Solyc09g098425.1,Solyc09g098425.1.intron2,Solyc09g098425.1|SL4.0ch09:68316528-68316594:+,SL4.0ch09,68316528,68316594,+,Solyc09g098425.1.1,1,no,240,345,213,585,0.41025641025641,0.8875,Solanum_lycopersicum,high_confidence_IR
Solyc10g005330.3,Solyc10g005330.3.intron1,Solyc10g005330.3|SL4.0ch10:121719-122099:-,SL4.0ch10,121719,122099,-,Solyc10g005330.3.1,1,no,180,682,140,862,0.208816705336427,0.777777777777778,Solanum_lycopersicum,high_confidence_IR
Solyc10g005440.3,Solyc10g005440.3.intron7,Solyc10g005440.3|SL4.0ch10:210204-210294:-,SL4.0ch10,210204,210294,-,Solyc10g005440.3.1,1,no,15,20,12,35,0.428571428571429,0.8,Solanum_lycopersicum,high_confidence_IR
Solyc10g005700.3,Solyc10g005700.3.intron1,Solyc10g005700.3|SL4.0ch10:453752-453843:+,SL4.0ch10,453752,453843,+,Solyc10g005700.3.1,1,no,1317,1624,1264,2941,0.447806868412105,0.959757023538345,Solanum_lycopersicum,high_confidence_IR
Solyc10g005780.3,Solyc10g005780.3.intron5,Solyc10g005780.3|SL4.0ch10:509954-510044:-,SL4.0ch10,509954,510044,-,Solyc10g005780.3.1,1,no,1191,9,1147,1200,0.9925,0.963056255247691,Solanum_lycopersicum,high_confidence_IR
Solyc10g005840.4,Solyc10g005840.4.intron2,Solyc10g005840.4|SL4.0ch10:537597-537697:+,SL4.0ch10,537597,537697,+,Solyc10g005840.4.1,1,no,220,800,169,1020,0.215686274509804,0.768181818181818,Solanum_lycopersicum,high_confidence_IR
Solyc10g005880.3,Solyc10g005880.3.intron1,Solyc10g005880.3|SL4.0ch10:560258-560343:+,SL4.0ch10,560258,560343,+,Solyc10g005880.3.1,1,no,132,46,103,178,0.741573033707865,0.78030303030303,Solanum_lycopersicum,high_confidence_IR
Solyc10g006190.4,Solyc10g006190.4.intron1,Solyc10g006190.4|SL4.0ch10:786962-787784:-,SL4.0ch10,786962,787784,-,Solyc10g006190.4.1,1,no,166,452,143,618,0.268608414239482,0.86144578313253,Solanum_lycopersicum,high_confidence_IR
Solyc10g006530.4,Solyc10g006530.4.intron1,Solyc10g006530.4|SL4.0ch10:983070-983875:+,SL4.0ch10,983070,983875,+,Solyc10g006530.4.1,1,no,2368,129,2264,2497,0.948338005606728,0.956081081081081,Solanum_lycopersicum,high_confidence_IR
Solyc10g006660.3,Solyc10g006660.3.intron1,Solyc10g006660.3|SL4.0ch10:1050543-1051530:-,SL4.0ch10,1050543,1051530,-,Solyc10g006660.3.1,1,no,380,579,380,959,0.396246089676747,1,Solanum_lycopersicum,high_confidence_IR
Solyc10g006750.4,Solyc10g006750.4.intron1,Solyc10g006750.4|SL4.0ch10:1092704-1092806:+,SL4.0ch10,1092704,1092806,+,Solyc10g006750.4.1,1,no,1543,77,1543,1620,0.952469135802469,1,Solanum_lycopersicum,high_confidence_IR
Solyc10g006800.4,Solyc10g006800.4.intron8,Solyc10g006800.4|SL4.0ch10:1126956-1127057:-,SL4.0ch10,1126956,1127057,-,Solyc10g006800.4.1,1,no,1694,14,1415,1708,0.991803278688525,0.83530106257379,Solanum_lycopersicum,high_confidence_IR
Solyc10g007020.1,Solyc10g007020.1.intron1,Solyc10g007020.1|SL4.0ch10:1307297-1307422:-,SL4.0ch10,1307297,1307422,-,Solyc10g007020.1.1,1,no,1424,63,1424,1487,0.957632817753867,1,Solanum_lycopersicum,high_confidence_IR
Solyc10g150102.1,Solyc10g150102.1.intron1,Solyc10g150102.1|SL4.0ch10:1388499-1390633:-,SL4.0ch10,1388499,1390633,-,Solyc10g150102.1.1,1,no,49,26,49,75,0.653333333333333,1,Solanum_lycopersicum,high_confidence_IR
Solyc10g007280.4,Solyc10g007280.4.intron1,Solyc10g007280.4|SL4.0ch10:1564521-1564611:-,SL4.0ch10,1564521,1564611,-,Solyc10g007280.4.1,1,no,3273,6000,3273,9273,0.352960207052734,1,Solanum_lycopersicum,high_confidence_IR
Solyc10g007300.2,Solyc10g007300.2.intron2,Solyc10g007300.2|SL4.0ch10:1586972-1587047:+,SL4.0ch10,1586972,1587047,+,Solyc10g007300.2.1,1,no,139,6,114,145,0.958620689655172,0.820143884892086,Solanum_lycopersicum,high_confidence_IR
Solyc10g007360.4,Solyc10g007360.4.intron1,Solyc10g007360.4|SL4.0ch10:1628867-1629653:-,SL4.0ch10,1628867,1629653,-,Solyc10g007360.4.1,1,no,30,98,21,128,0.234375,0.7,Solanum_lycopersicum,high_confidence_IR
Solyc10g007680.4,Solyc10g007680.4.intron2,Solyc10g007680.4|SL4.0ch10:1827188-1827394:-,SL4.0ch10,1827188,1827394,-,Solyc10g007680.4.1,1,no,296,115,272,411,0.720194647201946,0.918918918918919,Solanum_lycopersicum,high_confidence_IR
Solyc10g007730.3,Solyc10g007730.3.intron1,Solyc10g007730.3|SL4.0ch10:1857837-1859069:+,SL4.0ch10,1857837,1859069,+,Solyc10g007730.3.1,1,no,257,502,202,759,0.338603425559947,0.785992217898833,Solanum_lycopersicum,high_confidence_IR
Solyc10g008530.1,Solyc10g008530.1.intron1,Solyc10g008530.1|SL4.0ch10:2525289-2526259:+,SL4.0ch10,2525289,2526259,+,Solyc10g008530.1.1,1,no,9,31,9,40,0.225,1,Solanum_lycopersicum,high_confidence_IR
Solyc10g008790.3,Solyc10g008790.3.intron1,Solyc10g008790.3|SL4.0ch10:2740530-2742874:-,SL4.0ch10,2740530,2742874,-,Solyc10g008790.3.1,1,no,284,171,241,455,0.624175824175824,0.848591549295775,Solanum_lycopersicum,high_confidence_IR
Solyc10g008840.3,Solyc10g008840.3.intron1,Solyc10g008840.3|SL4.0ch10:2778210-2778694:+,SL4.0ch10,2778210,2778694,+,Solyc10g008840.3.1,1,no,49,85,49,134,0.365671641791045,1,Solanum_lycopersicum,high_confidence_IR
Solyc10g009365.1,Solyc10g009365.1.intron1,Solyc10g009365.1|SL4.0ch10:3316627-3316789:+,SL4.0ch10,3316627,3316789,+,Solyc10g009365.1.1,1,no,38,50,38,88,0.431818181818182,1,Solanum_lycopersicum,high_confidence_IR
Solyc10g011700.4,Solyc10g011700.4.intron1,Solyc10g011700.4|SL4.0ch10:3767949-3768466:+,SL4.0ch10,3767949,3768466,+,Solyc10g011700.4.1,1,no,109,141,109,250,0.436,1,Solanum_lycopersicum,high_confidence_IR
Solyc10g011810.4,Solyc10g011810.4.intron1,Solyc10g011810.4|SL4.0ch10:3832331-3832588:-,SL4.0ch10,3832331,3832588,-,Solyc10g011810.4.1,1,no,4880,37,4880,4917,0.992475086434818,1,Solanum_lycopersicum,high_confidence_IR
Solyc10g012070.4,Solyc10g012070.4.intron1,Solyc10g012070.4|SL4.0ch10:4197857-4197943:-,SL4.0ch10,4197857,4197943,-,Solyc10g012070.4.1,1,no,19818,552,19818,20370,0.972901325478645,1,Solanum_lycopersicum,high_confidence_IR
Solyc10g017550.4,Solyc10g017550.4.intron1,Solyc10g017550.4|SL4.0ch10:5224848-5226324:-,SL4.0ch10,5224848,5226324,-,Solyc10g017550.4.1,1,no,90,204,85,294,0.306122448979592,0.944444444444444,Solanum_lycopersicum,high_confidence_IR
Solyc10g018420.3,Solyc10g018420.3.intron1,Solyc10g018420.3|SL4.0ch10:7504895-7505019:-,SL4.0ch10,7504895,7505019,-,Solyc10g018420.3.1,1,no,507,135,402,642,0.789719626168224,0.792899408284024,Solanum_lycopersicum,high_confidence_IR
Solyc10g019170.2,Solyc10g019170.2.intron1,Solyc10g019170.2|SL4.0ch10:11839495-11839831:+,SL4.0ch10,11839495,11839831,+,Solyc10g019170.2.1,1,no,191,288,191,479,0.39874739039666,1,Solanum_lycopersicum,high_confidence_IR
Solyc10g061930.1,Solyc10g061930.1.intron2,Solyc10g061930.1|SL4.0ch10:22384444-22385081:+,SL4.0ch10,22384444,22385081,+,Solyc10g061930.1.1,1,no,72,65,61,137,0.525547445255474,0.847222222222222,Solanum_lycopersicum,high_confidence_IR
Solyc10g044640.3,Solyc10g044640.3.intron3,Solyc10g044640.3|SL4.0ch10:26223428-26223534:+,SL4.0ch10,26223428,26223534,+,Solyc10g044640.3.1,1,no,1681,412,1475,2093,0.80315336837076,0.877453896490184,Solanum_lycopersicum,high_confidence_IR
Solyc10g044670.3,Solyc10g044670.3.intron1,Solyc10g044670.3|SL4.0ch10:26380910-26381036:+,SL4.0ch10,26380910,26381036,+,Solyc10g044670.3.1,1,no,502,48,388,550,0.912727272727273,0.772908366533865,Solanum_lycopersicum,high_confidence_IR
Solyc10g044670.3,Solyc10g044670.3.intron3,Solyc10g044670.3|SL4.0ch10:26381362-26382109:+,SL4.0ch10,26381362,26382109,+,Solyc10g044670.3.1,1,no,1067,2122,751,3189,0.33458764502979,0.703842549203374,Solanum_lycopersicum,high_confidence_IR
Solyc10g044920.2,Solyc10g044920.2.intron1,Solyc10g044920.2|SL4.0ch10:27926010-27926444:+,SL4.0ch10,27926010,27926444,+,Solyc10g044920.2.1,1,no,32,108,32,140,0.228571428571429,1,Solanum_lycopersicum,high_confidence_IR
Solyc10g045290.2,Solyc10g045290.2.intron2,Solyc10g045290.2|SL4.0ch10:31627510-31628026:+,SL4.0ch10,31627510,31628026,+,Solyc10g045290.2.1,1,no,23,40,20,63,0.365079365079365,0.869565217391304,Solanum_lycopersicum,high_confidence_IR
Solyc10g046970.2,Solyc10g046970.2.intron1,Solyc10g046970.2|SL4.0ch10:37958608-37958716:-,SL4.0ch10,37958608,37958716,-,Solyc10g046970.2.1,1,no,3590,1247,3132,4837,0.742195575770105,0.872423398328691,Solanum_lycopersicum,high_confidence_IR
Solyc10g047040.3,Solyc10g047040.3.intron1,Solyc10g047040.3|SL4.0ch10:38236058-38236327:+,SL4.0ch10,38236058,38236327,+,Solyc10g047040.3.1,1,no,65,44,64,109,0.596330275229358,0.984615384615385,Solanum_lycopersicum,high_confidence_IR
Solyc10g047130.2,Solyc10g047130.2.intron3,Solyc10g047130.2|SL4.0ch10:38867128-38867233:+,SL4.0ch10,38867128,38867233,+,Solyc10g047130.2.1,1,no,7947,5,7413,7952,0.999371227364185,0.93280483201208,Solanum_lycopersicum,high_confidence_IR
Solyc10g047350.2,Solyc10g047350.2.intron1,Solyc10g047350.2|SL4.0ch10:39581792-39583526:-,SL4.0ch10,39581792,39583526,-,Solyc10g047350.2.1,1,no,49,11,49,60,0.816666666666667,1,Solanum_lycopersicum,high_confidence_IR
Solyc10g050105.1,Solyc10g050105.1.intron1,Solyc10g050105.1|SL4.0ch10:46830966-46831126:-,SL4.0ch10,46830966,46831126,-,Solyc10g050105.1.1,1,no,12,15,12,27,0.444444444444444,1,Solanum_lycopersicum,high_confidence_IR
Solyc10g051050.3,Solyc10g051050.3.intron1,Solyc10g051050.3|SL4.0ch10:50454818-50454902:+,SL4.0ch10,50454818,50454902,+,Solyc10g051050.3.1,1,no,29,50,29,79,0.367088607594937,1,Solanum_lycopersicum,high_confidence_IR
Solyc10g051340.2,Solyc10g051340.2.intron4,Solyc10g051340.2|SL4.0ch10:50972139-50972213:-,SL4.0ch10,50972139,50972213,-,Solyc10g051340.2.1,1,no,1919,4884,1617,6803,0.282081434661179,0.842626367899948,Solanum_lycopersicum,high_confidence_IR
Solyc10g053980.2,Solyc10g053980.2.intron1,Solyc10g053980.2|SL4.0ch10:53363452-53363749:+,SL4.0ch10,53363452,53363749,+,Solyc10g053980.2.1,1,no,39,22,39,61,0.639344262295082,1,Solanum_lycopersicum,high_confidence_IR
Solyc10g054070.1,Solyc10g054070.1.intron1,Solyc10g054070.1|SL4.0ch10:53605350-53606300:+,SL4.0ch10,53605350,53606300,+,Solyc10g054070.1.1,1,no,17,20,17,37,0.459459459459459,1,Solanum_lycopersicum,high_confidence_IR
Solyc10g054670.3,Solyc10g054670.3.intron1,Solyc10g054670.3|SL4.0ch10:54766688-54767929:-,SL4.0ch10,54766688,54767929,-,Solyc10g054670.3.1,1,no,186,393,186,579,0.321243523316062,1,Solanum_lycopersicum,high_confidence_IR
Solyc10g054730.1,Solyc10g054730.1.intron1,Solyc10g054730.1|SL4.0ch10:54865486-54865593:-,SL4.0ch10,54865486,54865593,-,Solyc10g054730.1.1,1,no,67,9,67,76,0.881578947368421,1,Solanum_lycopersicum,high_confidence_IR
Solyc10g055460.2,Solyc10g055460.2.intron2,Solyc10g055460.2|SL4.0ch10:55860692-55863042:-,SL4.0ch10,55860692,55863042,-,Solyc10g055460.2.1,1,no,20,74,20,94,0.212765957446809,1,Solanum_lycopersicum,high_confidence_IR
Solyc10g055597.1,Solyc10g055597.1.intron1,Solyc10g055597.1|SL4.0ch10:56122978-56124111:+,SL4.0ch10,56122978,56124111,+,Solyc10g055597.1.1,1,no,289,424,289,713,0.405329593267882,1,Solanum_lycopersicum,high_confidence_IR
Solyc10g055780.1,Solyc10g055780.1.intron1,Solyc10g055780.1|SL4.0ch10:56464092-56464174:-,SL4.0ch10,56464092,56464174,-,Solyc10g055780.1.1,1,no,101,310,101,411,0.245742092457421,1,Solanum_lycopersicum,high_confidence_IR
Solyc10g074570.2,Solyc10g074570.2.intron1,Solyc10g074570.2|SL4.0ch10:57139255-57139408:+,SL4.0ch10,57139255,57139408,+,Solyc10g074570.2.1,1,no,1258,3729,1034,4987,0.252255865249649,0.821939586645469,Solanum_lycopersicum,high_confidence_IR
Solyc10g074590.2,Solyc10g074590.2.intron12,Solyc10g074590.2|SL4.0ch10:57151068-57151156:-,SL4.0ch10,57151068,57151156,-,Solyc10g074590.2.1,1,no,6981,9,6042,6990,0.998712446351931,0.865492049849592,Solanum_lycopersicum,high_confidence_IR
Solyc10g075020.3,Solyc10g075020.3.intron7,Solyc10g075020.3|SL4.0ch10:57748809-57748882:-,SL4.0ch10,57748809,57748882,-,Solyc10g075020.3.1,1,no,3902,10,3748,3912,0.997443762781186,0.960533059969247,Solanum_lycopersicum,high_confidence_IR
Solyc10g076290.2,Solyc10g076290.2.intron1,Solyc10g076290.2|SL4.0ch10:58313875-58315706:+,SL4.0ch10,58313875,58315706,+,Solyc10g076290.2.1,1,no,430,1185,363,1615,0.26625386996904,0.844186046511628,Solanum_lycopersicum,high_confidence_IR
Solyc10g076750.2,Solyc10g076750.2.intron1,Solyc10g076750.2|SL4.0ch10:58786317-58786539:+,SL4.0ch10,58786317,58786539,+,Solyc10g076750.2.1,1,no,244,14,198,258,0.945736434108527,0.811475409836066,Solanum_lycopersicum,high_confidence_IR
Solyc10g076790.2,Solyc10g076790.2.intron1,Solyc10g076790.2|SL4.0ch10:58838509-58838580:-,SL4.0ch10,58838509,58838580,-,Solyc10g076790.2.1,1,no,240,146,174,386,0.621761658031088,0.725,Solanum_lycopersicum,high_confidence_IR
Solyc10g076800.2,Solyc10g076800.2.intron4,Solyc10g076800.2|SL4.0ch10:58850590-58850706:-,SL4.0ch10,58850590,58850706,-,Solyc10g076800.2.1,1,no,249,638,201,887,0.280721533258174,0.807228915662651,Solanum_lycopersicum,high_confidence_IR
Solyc10g076930.2,Solyc10g076930.2.intron2,Solyc10g076930.2|SL4.0ch10:58980730-58981444:-,SL4.0ch10,58980730,58981444,-,Solyc10g076930.2.1,1,no,265,892,187,1157,0.229040622299049,0.705660377358491,Solanum_lycopersicum,high_confidence_IR
Solyc10g077110.1,Solyc10g077110.1.intron2,Solyc10g077110.1|SL4.0ch10:59081749-59082192:+,SL4.0ch10,59081749,59082192,+,Solyc10g077110.1.1,1,no,1553,549,1446,2102,0.738820171265462,0.931101094655506,Solanum_lycopersicum,high_confidence_IR
Solyc10g078550.4,Solyc10g078550.4.intron1,Solyc10g078550.4|SL4.0ch10:59459985-59460084:-,SL4.0ch10,59459985,59460084,-,Solyc10g078550.4.1,1,no,159,452,133,611,0.260229132569558,0.836477987421384,Solanum_lycopersicum,high_confidence_IR
Solyc10g078750.2,Solyc10g078750.2.intron1,Solyc10g078750.2|SL4.0ch10:59589196-59589306:+,SL4.0ch10,59589196,59589306,+,Solyc10g078750.2.1,1,no,2076,118,1480,2194,0.946216955332726,0.712909441233141,Solanum_lycopersicum,high_confidence_IR
Solyc10g079200.2,Solyc10g079200.2.intron1,Solyc10g079200.2|SL4.0ch10:59903543-59903755:-,SL4.0ch10,59903543,59903755,-,Solyc10g079200.2.1,1,no,965,2111,881,3076,0.31371911573472,0.912953367875648,Solanum_lycopersicum,high_confidence_IR
Solyc10g079690.2,Solyc10g079690.2.intron1,Solyc10g079690.2|SL4.0ch10:60298688-60299538:+,SL4.0ch10,60298688,60299538,+,Solyc10g079690.2.1,1,no,24,5,24,29,0.827586206896552,1,Solanum_lycopersicum,high_confidence_IR
Solyc10g079710.3,Solyc10g079710.3.intron6,Solyc10g079710.3|SL4.0ch10:60327581-60327937:+,SL4.0ch10,60327581,60327937,+,Solyc10g079710.3.1,1,no,658,1287,540,1945,0.338303341902314,0.820668693009118,Solanum_lycopersicum,high_confidence_IR
Solyc10g079770.3,Solyc10g079770.3.intron3,Solyc10g079770.3|SL4.0ch10:60384153-60384218:-,SL4.0ch10,60384153,60384218,-,Solyc10g079770.3.1,1,no,6796,72,5724,6868,0.989516598718695,0.842260153031195,Solanum_lycopersicum,high_confidence_IR
Solyc10g079960.1,Solyc10g079960.1.intron1,Solyc10g079960.1|SL4.0ch10:60502735-60503451:-,SL4.0ch10,60502735,60503451,-,Solyc10g079960.1.1,1,no,69,40,69,109,0.63302752293578,1,Solanum_lycopersicum,high_confidence_IR
Solyc10g150142.1,Solyc10g150142.1.intron1,Solyc10g150142.1|SL4.0ch10:60787521-60787623:+,SL4.0ch10,60787521,60787623,+,Solyc10g150142.1.1,1,no,582,127,582,709,0.820874471086037,1,Solanum_lycopersicum,high_confidence_IR
Solyc10g080440.2,Solyc10g080440.2.intron9,Solyc10g080440.2|SL4.0ch10:60831870-60831943:+,SL4.0ch10,60831870,60831943,+,Solyc10g080440.2.1,1,no,9603,5,8827,9608,0.999479600333056,0.919191919191919,Solanum_lycopersicum,high_confidence_IR
Solyc10g080730.3,Solyc10g080730.3.intron1,Solyc10g080730.3|SL4.0ch10:61049998-61050803:-,SL4.0ch10,61049998,61050803,-,Solyc10g080730.3.1,1,no,467,1034,408,1501,0.311125916055963,0.873661670235546,Solanum_lycopersicum,high_confidence_IR
Solyc10g081380.2,Solyc10g081380.2.intron3,Solyc10g081380.2|SL4.0ch10:61572929-61573197:-,SL4.0ch10,61572929,61573197,-,Solyc10g081380.2.1,1,no,600,7,550,607,0.988467874794069,0.916666666666667,Solanum_lycopersicum,high_confidence_IR
Solyc10g081410.2,Solyc10g081410.2.intron1,Solyc10g081410.2|SL4.0ch10:61589755-61590680:+,SL4.0ch10,61589755,61590680,+,Solyc10g081410.2.1,1,no,215,426,202,641,0.335413416536661,0.93953488372093,Solanum_lycopersicum,high_confidence_IR
Solyc10g081510.2,Solyc10g081510.2.intron1,Solyc10g081510.2|SL4.0ch10:61671753-61671877:+,SL4.0ch10,61671753,61671877,+,Solyc10g081510.2.1,1,no,1955,3748,1655,5703,0.342802034017184,0.846547314578005,Solanum_lycopersicum,high_confidence_IR
Solyc10g081560.3,Solyc10g081560.3.intron1,Solyc10g081560.3|SL4.0ch10:61712296-61713063:-,SL4.0ch10,61712296,61713063,-,Solyc10g081560.3.1,1,no,533,1462,419,1995,0.267167919799499,0.786116322701689,Solanum_lycopersicum,high_confidence_IR
Solyc10g082066.1,Solyc10g082066.1.intron1,Solyc10g082066.1|SL4.0ch10:62081021-62081308:+,SL4.0ch10,62081021,62081308,+,Solyc10g082066.1.1,1,no,207,9,207,216,0.958333333333333,1,Solanum_lycopersicum,high_confidence_IR
Solyc10g083290.4,Solyc10g083290.4.intron2,Solyc10g083290.4|SL4.0ch10:62274816-62274901:-,SL4.0ch10,62274816,62274901,-,Solyc10g083290.4.1,1,no,17,9,12,26,0.653846153846154,0.705882352941177,Solanum_lycopersicum,high_confidence_IR
Solyc10g083340.3,Solyc10g083340.3.intron5,Solyc10g083340.3|SL4.0ch10:62338286-62338811:+,SL4.0ch10,62338286,62338811,+,Solyc10g083340.3.1,1,no,377,272,323,649,0.580893682588598,0.856763925729443,Solanum_lycopersicum,high_confidence_IR
Solyc10g083370.1,Solyc10g083370.1.intron1,Solyc10g083370.1|SL4.0ch10:62368167-62370390:+,SL4.0ch10,62368167,62370390,+,Solyc10g083370.1.1,1,no,351,86,351,437,0.803203661327231,1,Solanum_lycopersicum,high_confidence_IR
Solyc10g083470.2,Solyc10g083470.2.intron2,Solyc10g083470.2|SL4.0ch10:62419452-62419708:-,SL4.0ch10,62419452,62419708,-,Solyc10g083470.2.1,1,no,104,369,93,473,0.219873150105708,0.894230769230769,Solanum_lycopersicum,high_confidence_IR
Solyc10g083520.2,Solyc10g083520.2.intron4,Solyc10g083520.2|SL4.0ch10:62476821-62476951:+,SL4.0ch10,62476821,62476951,+,Solyc10g083520.2.1,1,no,8653,107,7933,8760,0.987785388127854,0.916791864093378,Solanum_lycopersicum,high_confidence_IR
Solyc10g083980.1,Solyc10g083980.1.intron1,Solyc10g083980.1|SL4.0ch10:62828393-62828838:-,SL4.0ch10,62828393,62828838,-,Solyc10g083980.1.1,1,no,13,22,13,35,0.371428571428571,1,Solanum_lycopersicum,high_confidence_IR
Solyc10g087015.1,Solyc10g087015.1.intron1,Solyc10g087015.1|SL4.0ch10:63198637-63198901:+,SL4.0ch10,63198637,63198901,+,Solyc10g087015.1.1,1,no,30,32,30,62,0.483870967741935,1,Solanum_lycopersicum,high_confidence_IR
Solyc10g084690.2,Solyc10g084690.2.intron3,Solyc10g084690.2|SL4.0ch10:63282191-63282274:+,SL4.0ch10,63282191,63282274,+,Solyc10g084690.2.1,1,no,3074,115,2819,3189,0.963938538726874,0.91704619388419,Solanum_lycopersicum,high_confidence_IR
Solyc10g085380.2,Solyc10g085380.2.intron1,Solyc10g085380.2|SL4.0ch10:63738363-63738771:+,SL4.0ch10,63738363,63738771,+,Solyc10g085380.2.1,1,no,585,1223,585,1808,0.323561946902655,1,Solanum_lycopersicum,high_confidence_IR
Solyc10g085440.1,Solyc10g085440.1.intron1,Solyc10g085440.1|SL4.0ch10:63774511-63774651:-,SL4.0ch10,63774511,63774651,-,Solyc10g085440.1.1,1,no,9843,377,9843,10220,0.963111545988258,1,Solanum_lycopersicum,high_confidence_IR
Solyc10g085450.3,Solyc10g085450.3.intron1,Solyc10g085450.3|SL4.0ch10:63774956-63775058:-,SL4.0ch10,63774956,63775058,-,Solyc10g085450.3.1,1,no,10183,365,10183,10548,0.965396283655669,1,Solanum_lycopersicum,high_confidence_IR
Solyc10g085470.1,Solyc10g085470.1.intron1,Solyc10g085470.1|SL4.0ch10:63787872-63787990:-,SL4.0ch10,63787872,63787990,-,Solyc10g085470.1.1,1,no,13,34,13,47,0.276595744680851,1,Solanum_lycopersicum,high_confidence_IR
Solyc10g085680.2,Solyc10g085680.2.intron3,Solyc10g085680.2|SL4.0ch10:63936862-63937151:-,SL4.0ch10,63936862,63937151,-,Solyc10g085680.2.1,1,no,279,894,230,1173,0.237851662404092,0.824372759856631,Solanum_lycopersicum,high_confidence_IR
Solyc10g085920.3,Solyc10g085920.3.intron1,Solyc10g085920.3|SL4.0ch10:64089994-64090321:-,SL4.0ch10,64089994,64090321,-,Solyc10g085920.3.1,1,no,2289,6,1894,2295,0.997385620915033,0.827435561380516,Solanum_lycopersicum,high_confidence_IR
Solyc10g086030.2,Solyc10g086030.2.intron1,Solyc10g086030.2|SL4.0ch10:64164078-64165102:-,SL4.0ch10,64164078,64165102,-,Solyc10g086030.2.1,1,no,60,71,57,131,0.458015267175573,0.95,Solanum_lycopersicum,high_confidence_IR
Solyc10g086320.2,Solyc10g086320.2.intron4,Solyc10g086320.2|SL4.0ch10:64333337-64334855:-,SL4.0ch10,64333337,64334855,-,Solyc10g086320.2.1,1,no,72,37,59,109,0.660550458715596,0.819444444444444,Solanum_lycopersicum,high_confidence_IR
Solyc10g086360.2,Solyc10g086360.2.intron2,Solyc10g086360.2|SL4.0ch10:64366280-64366393:+,SL4.0ch10,64366280,64366393,+,Solyc10g086360.2.1,1,no,4740,797,3613,5537,0.856059237854434,0.762236286919831,Solanum_lycopersicum,high_confidence_IR
Solyc10g086535.1,Solyc10g086535.1.intron1,Solyc10g086535.1|SL4.0ch10:64474335-64474429:+,SL4.0ch10,64474335,64474429,+,Solyc10g086535.1.1,1,no,64,137,64,201,0.318407960199005,1,Solanum_lycopersicum,high_confidence_IR
Solyc10g086560.3,Solyc10g086560.3.intron1,Solyc10g086560.3|SL4.0ch10:64501412-64502374:-,SL4.0ch10,64501412,64502374,-,Solyc10g086560.3.1,1,no,2100,4141,1932,6241,0.336484537734337,0.92,Solanum_lycopersicum,high_confidence_IR
Solyc10g086660.2,Solyc10g086660.2.intron4,Solyc10g086660.2|SL4.0ch10:64589383-64589471:-,SL4.0ch10,64589383,64589471,-,Solyc10g086660.2.1,1,no,493,1893,358,2386,0.206621961441743,0.726166328600406,Solanum_lycopersicum,high_confidence_IR
Solyc11g005170.2,Solyc11g005170.2.intron1,Solyc11g005170.2|SL4.0ch11:161977-163664:+,SL4.0ch11,161977,163664,+,Solyc11g005170.2.1,1,no,3640,10122,2584,13762,0.264496439471007,0.70989010989011,Solanum_lycopersicum,high_confidence_IR
Solyc11g005250.3,Solyc11g005250.3.intron8,Solyc11g005250.3|SL4.0ch11:216870-220068:-,SL4.0ch11,216870,220068,-,Solyc11g005250.3.1,1,no,1785,24,1594,1809,0.986733001658375,0.892997198879552,Solanum_lycopersicum,high_confidence_IR
Solyc11g005650.1,Solyc11g005650.1.intron1,Solyc11g005650.1|SL4.0ch11:501818-503120:-,SL4.0ch11,501818,503120,-,Solyc11g005650.1.1,1,no,332,9,332,341,0.973607038123167,1,Solanum_lycopersicum,high_confidence_IR
Solyc11g005760.3,Solyc11g005760.3.intron1,Solyc11g005760.3|SL4.0ch11:608387-609368:-,SL4.0ch11,608387,609368,-,Solyc11g005760.3.1,1,no,249,351,241,600,0.415,0.967871485943775,Solanum_lycopersicum,high_confidence_IR
Solyc11g005900.2,Solyc11g005900.2.intron1,Solyc11g005900.2|SL4.0ch11:755498-756144:-,SL4.0ch11,755498,756144,-,Solyc11g005900.2.1,1,no,75,200,75,275,0.272727272727273,1,Solanum_lycopersicum,high_confidence_IR
Solyc11g006210.3,Solyc11g006210.3.intron1,Solyc11g006210.3|SL4.0ch11:999115-999216:+,SL4.0ch11,999115,999216,+,Solyc11g006210.3.1,1,no,709,16,650,725,0.977931034482759,0.916784203102962,Solanum_lycopersicum,high_confidence_IR
Solyc11g006470.2,Solyc11g006470.2.intron1,Solyc11g006470.2|SL4.0ch11:1196534-1197699:+,SL4.0ch11,1196534,1197699,+,Solyc11g006470.2.1,1,no,6241,11,6241,6252,0.998240563019834,1,Solanum_lycopersicum,high_confidence_IR
Solyc11g006480.1,Solyc11g006480.1.intron1,Solyc11g006480.1|SL4.0ch11:1200466-1201061:-,SL4.0ch11,1200466,1201061,-,Solyc11g006480.1.1,1,no,190,6,190,196,0.969387755102041,1,Solanum_lycopersicum,high_confidence_IR
Solyc11g006485.1,Solyc11g006485.1.intron2,Solyc11g006485.1|SL4.0ch11:1205732-1206596:+,SL4.0ch11,1205732,1206596,+,Solyc11g006485.1.1,1,no,221,742,199,963,0.229491173416407,0.900452488687783,Solanum_lycopersicum,high_confidence_IR
Solyc11g006930.3,Solyc11g006930.3.intron4,Solyc11g006930.3|SL4.0ch11:1481771-1482041:+,SL4.0ch11,1481771,1482041,+,Solyc11g006930.3.1,1,no,484,82,389,566,0.855123674911661,0.803719008264463,Solanum_lycopersicum,high_confidence_IR
Solyc11g006940.3,Solyc11g006940.3.intron1,Solyc11g006940.3|SL4.0ch11:1485703-1487835:+,SL4.0ch11,1485703,1487835,+,Solyc11g006940.3.1,1,no,28,108,23,136,0.205882352941176,0.821428571428571,Solanum_lycopersicum,high_confidence_IR
Solyc11g006950.3,Solyc11g006950.3.intron1,Solyc11g006950.3|SL4.0ch11:1489507-1489869:-,SL4.0ch11,1489507,1489869,-,Solyc11g006950.3.1,1,no,7,20,7,27,0.259259259259259,1,Solanum_lycopersicum,high_confidence_IR
Solyc11g007030.3,Solyc11g007030.3.intron2,Solyc11g007030.3|SL4.0ch11:1555233-1557198:-,SL4.0ch11,1555233,1557198,-,Solyc11g007030.3.1,1,no,299,56,263,355,0.842253521126761,0.879598662207358,Solanum_lycopersicum,high_confidence_IR
Solyc11g007250.2,Solyc11g007250.2.intron1,Solyc11g007250.2|SL4.0ch11:1685230-1685752:-,SL4.0ch11,1685230,1685752,-,Solyc11g007250.2.1,1,no,45,100,45,145,0.310344827586207,1,Solanum_lycopersicum,high_confidence_IR
Solyc11g007410.3,Solyc11g007410.3.intron2,Solyc11g007410.3|SL4.0ch11:1777861-1778095:-,SL4.0ch11,1777861,1778095,-,Solyc11g007410.3.1,1,no,239,404,190,643,0.371695178849145,0.794979079497908,Solanum_lycopersicum,high_confidence_IR
Solyc11g007510.2,Solyc11g007510.2.intron1,Solyc11g007510.2|SL4.0ch11:1805977-1806073:+,SL4.0ch11,1805977,1806073,+,Solyc11g007510.2.1,1,no,190,63,135,253,0.75098814229249,0.710526315789474,Solanum_lycopersicum,high_confidence_IR
Solyc11g007540.2,Solyc11g007540.2.intron1,Solyc11g007540.2|SL4.0ch11:1829970-1830077:-,SL4.0ch11,1829970,1830077,-,Solyc11g007540.2.1,1,no,306,1129,306,1435,0.213240418118467,1,Solanum_lycopersicum,high_confidence_IR
Solyc11g008380.3,Solyc11g008380.3.intron6,Solyc11g008380.3|SL4.0ch11:2612775-2612859:-,SL4.0ch11,2612775,2612859,-,Solyc11g008380.3.1,1,no,694,247,589,941,0.737513283740701,0.848703170028818,Solanum_lycopersicum,high_confidence_IR
Solyc11g008890.2,Solyc11g008890.2.intron1,Solyc11g008890.2|SL4.0ch11:3093088-3093297:-,SL4.0ch11,3093088,3093297,-,Solyc11g008890.2.1,1,no,862,90,720,952,0.90546218487395,0.835266821345708,Solanum_lycopersicum,high_confidence_IR
Solyc11g010870.2,Solyc11g010870.2.intron1,Solyc11g010870.2|SL4.0ch11:3974922-3975884:-,SL4.0ch11,3974922,3975884,-,Solyc11g010870.2.1,1,no,380,187,380,567,0.670194003527337,1,Solanum_lycopersicum,high_confidence_IR
Solyc11g011130.3,Solyc11g011130.3.intron1,Solyc11g011130.3|SL4.0ch11:4245589-4246993:-,SL4.0ch11,4245589,4246993,-,Solyc11g011130.3.1,1,no,2697,6677,1963,9374,0.287710689140175,0.727845754542084,Solanum_lycopersicum,high_confidence_IR
Solyc11g011275.1,Solyc11g011275.1.intron1,Solyc11g011275.1|SL4.0ch11:4358895-4359181:-,SL4.0ch11,4358895,4359181,-,Solyc11g011275.1.1,1,no,1358,1006,1358,2364,0.574450084602369,1,Solanum_lycopersicum,high_confidence_IR
Solyc11g011400.2,Solyc11g011400.2.intron1,Solyc11g011400.2|SL4.0ch11:4506326-4506595:+,SL4.0ch11,4506326,4506595,+,Solyc11g011400.2.1,1,no,424,84,424,508,0.834645669291339,1,Solanum_lycopersicum,high_confidence_IR
Solyc11g011533.1,Solyc11g011533.1.intron2,Solyc11g011533.1|SL4.0ch11:4631526-4633747:+,SL4.0ch11,4631526,4633747,+,Solyc11g011533.1.1,1,no,146,113,118,259,0.563706563706564,0.808219178082192,Solanum_lycopersicum,high_confidence_IR
Solyc11g011620.3,Solyc11g011620.3.intron2,Solyc11g011620.3|SL4.0ch11:4737809-4738071:-,SL4.0ch11,4737809,4738071,-,Solyc11g011620.3.1,1,no,84,193,79,277,0.303249097472924,0.94047619047619,Solanum_lycopersicum,high_confidence_IR
Solyc11g011840.2,Solyc11g011840.2.intron1,Solyc11g011840.2|SL4.0ch11:4854412-4855686:+,SL4.0ch11,4854412,4855686,+,Solyc11g011840.2.1,1,no,488,1296,488,1784,0.273542600896861,1,Solanum_lycopersicum,high_confidence_IR
Solyc11g012195.1,Solyc11g012195.1.intron3,Solyc11g012195.1|SL4.0ch11:5167761-5168376:-,SL4.0ch11,5167761,5168376,-,Solyc11g012195.1.1,1,no,89,224,71,313,0.284345047923323,0.797752808988764,Solanum_lycopersicum,high_confidence_IR
Solyc11g012300.1,Solyc11g012300.1.intron1,Solyc11g012300.1|SL4.0ch11:5207595-5207708:-,SL4.0ch11,5207595,5207708,-,Solyc11g012300.1.1,1,no,19,58,18,77,0.246753246753247,0.947368421052632,Solanum_lycopersicum,high_confidence_IR
Solyc11g012325.1,Solyc11g012325.1.intron2,Solyc11g012325.1|SL4.0ch11:5236617-5236996:+,SL4.0ch11,5236617,5236996,+,Solyc11g012325.1.1,1,no,97,12,75,109,0.889908256880734,0.77319587628866,Solanum_lycopersicum,high_confidence_IR
Solyc11g012550.3,Solyc11g012550.3.intron1,Solyc11g012550.3|SL4.0ch11:5419671-5420183:+,SL4.0ch11,5419671,5420183,+,Solyc11g012550.3.1,1,no,25,25,25,50,0.5,1,Solanum_lycopersicum,high_confidence_IR
Solyc11g012950.2,Solyc11g012950.2.intron1,Solyc11g012950.2|SL4.0ch11:5874118-5874205:+,SL4.0ch11,5874118,5874205,+,Solyc11g012950.2.1,1,no,78,109,78,187,0.417112299465241,1,Solanum_lycopersicum,high_confidence_IR
Solyc11g013260.3,Solyc11g013260.3.intron1,Solyc11g013260.3|SL4.0ch11:6246913-6248689:+,SL4.0ch11,6246913,6248689,+,Solyc11g013260.3.1,1,no,7686,9,7686,7695,0.998830409356725,1,Solanum_lycopersicum,high_confidence_IR
Solyc11g013380.1,Solyc11g013380.1.intron1,Solyc11g013380.1|SL4.0ch11:6450615-6453895:-,SL4.0ch11,6450615,6453895,-,Solyc11g013380.1.1,1,no,82,269,82,351,0.233618233618234,1,Solanum_lycopersicum,high_confidence_IR
Solyc11g013750.3,Solyc11g013750.3.intron1,Solyc11g013750.3|SL4.0ch11:7170850-7172772:+,SL4.0ch11,7170850,7172772,+,Solyc11g013750.3.1,1,no,396,64,313,460,0.860869565217391,0.79040404040404,Solanum_lycopersicum,high_confidence_IR
Solyc11g013840.3,Solyc11g013840.3.intron1,Solyc11g013840.3|SL4.0ch11:7329453-7332092:-,SL4.0ch11,7329453,7332092,-,Solyc11g013840.3.1,1,no,199,523,154,722,0.275623268698061,0.773869346733668,Solanum_lycopersicum,high_confidence_IR
Solyc11g020210.2,Solyc11g020210.2.intron1,Solyc11g020210.2|SL4.0ch11:10577835-10578104:+,SL4.0ch11,10577835,10578104,+,Solyc11g020210.2.1,1,no,198,62,198,260,0.761538461538461,1,Solanum_lycopersicum,high_confidence_IR
Solyc11g020213.1,Solyc11g020213.1.intron1,Solyc11g020213.1|SL4.0ch11:10579822-10579913:+,SL4.0ch11,10579822,10579913,+,Solyc11g020213.1.1,1,no,27,5,27,32,0.84375,1,Solanum_lycopersicum,high_confidence_IR
Solyc11g020870.3,Solyc11g020870.3.intron7,Solyc11g020870.3|SL4.0ch11:12895148-12895239:-,SL4.0ch11,12895148,12895239,-,Solyc11g020870.3.1,1,no,1516,181,1409,1697,0.893341190335887,0.929419525065963,Solanum_lycopersicum,high_confidence_IR
Solyc11g020910.3,Solyc11g020910.3.intron5,Solyc11g020910.3|SL4.0ch11:12988726-12988805:+,SL4.0ch11,12988726,12988805,+,Solyc11g020910.3.1,1,no,208,506,162,714,0.291316526610644,0.778846153846154,Solanum_lycopersicum,high_confidence_IR
Solyc11g021360.3,Solyc11g021360.3.intron1,Solyc11g021360.3|SL4.0ch11:13667432-13667578:-,SL4.0ch11,13667432,13667578,-,Solyc11g021360.3.1,1,no,104,25,75,129,0.806201550387597,0.721153846153846,Solanum_lycopersicum,high_confidence_IR
Solyc11g021363.1,Solyc11g021363.1.intron1,Solyc11g021363.1|SL4.0ch11:13697279-13697565:+,SL4.0ch11,13697279,13697565,+,Solyc11g021363.1.1,1,no,12,27,12,39,0.307692307692308,1,Solanum_lycopersicum,high_confidence_IR
Solyc11g051020.3,Solyc11g051020.3.intron1,Solyc11g051020.3|SL4.0ch11:16896562-16896637:-,SL4.0ch11,16896562,16896637,-,Solyc11g051020.3.1,1,no,44,51,44,95,0.463157894736842,1,Solanum_lycopersicum,high_confidence_IR
Solyc11g027840.2,Solyc11g027840.2.intron1,Solyc11g027840.2|SL4.0ch11:18150447-18151397:+,SL4.0ch11,18150447,18151397,+,Solyc11g027840.2.1,1,no,202,261,146,463,0.436285097192225,0.722772277227723,Solanum_lycopersicum,high_confidence_IR
Solyc11g030380.2,Solyc11g030380.2.intron1,Solyc11g030380.2|SL4.0ch11:20760727-20760916:-,SL4.0ch11,20760727,20760916,-,Solyc11g030380.2.1,1,no,1128,2802,803,3930,0.287022900763359,0.711879432624113,Solanum_lycopersicum,high_confidence_IR
Solyc11g030550.3,Solyc11g030550.3.intron1,Solyc11g030550.3|SL4.0ch11:21012385-21013549:+,SL4.0ch11,21012385,21013549,+,Solyc11g030550.3.1,1,no,183,167,171,350,0.522857142857143,0.934426229508197,Solanum_lycopersicum,high_confidence_IR
Solyc11g030730.2,Solyc11g030730.2.intron1,Solyc11g030730.2|SL4.0ch11:22216313-22216374:-,SL4.0ch11,22216313,22216374,-,Solyc11g030730.2.1,1,no,328,482,328,810,0.404938271604938,1,Solanum_lycopersicum,high_confidence_IR
Solyc11g045670.3,Solyc11g045670.3.intron1,Solyc11g045670.3|SL4.0ch11:26777341-26778750:-,SL4.0ch11,26777341,26778750,-,Solyc11g045670.3.1,1,no,185,93,155,278,0.665467625899281,0.837837837837838,Solanum_lycopersicum,high_confidence_IR
Solyc11g045480.3,Solyc11g045480.3.intron1,Solyc11g045480.3|SL4.0ch11:29156859-29159571:-,SL4.0ch11,29156859,29159571,-,Solyc11g045480.3.1,1,no,41,10,36,51,0.803921568627451,0.878048780487805,Solanum_lycopersicum,high_confidence_IR
Solyc11g045220.2,Solyc11g045220.2.intron3,Solyc11g045220.2|SL4.0ch11:30176957-30177061:+,SL4.0ch11,30176957,30177061,+,Solyc11g045220.2.1,1,no,694,5,501,699,0.992846924177396,0.721902017291066,Solanum_lycopersicum,high_confidence_IR
Solyc11g045120.3,Solyc11g045120.3.intron8,Solyc11g045120.3|SL4.0ch11:30475862-30475975:+,SL4.0ch11,30475862,30475975,+,Solyc11g045120.3.1,1,no,461,1475,337,1936,0.238119834710744,0.731019522776573,Solanum_lycopersicum,high_confidence_IR
Solyc11g044933.1,Solyc11g044933.1.intron3,Solyc11g044933.1|SL4.0ch11:30764368-30764805:+,SL4.0ch11,30764368,30764805,+,Solyc11g044933.1.1,1,no,124,188,99,312,0.397435897435897,0.798387096774194,Solanum_lycopersicum,high_confidence_IR
Solyc11g044235.1,Solyc11g044235.1.intron1,Solyc11g044235.1|SL4.0ch11:31992531-31992652:-,SL4.0ch11,31992531,31992652,-,Solyc11g044235.1.1,1,no,9,12,9,21,0.428571428571429,1,Solanum_lycopersicum,high_confidence_IR
Solyc11g056650.2,Solyc11g056650.2.intron1,Solyc11g056650.2|SL4.0ch11:45834510-45835106:-,SL4.0ch11,45834510,45835106,-,Solyc11g056650.2.1,1,no,294,1031,237,1325,0.22188679245283,0.806122448979592,Solanum_lycopersicum,high_confidence_IR
Solyc11g065080.2,Solyc11g065080.2.intron2,Solyc11g065080.2|SL4.0ch11:48421771-48421856:+,SL4.0ch11,48421771,48421856,+,Solyc11g065080.2.1,1,no,409,1218,362,1627,0.251382913337431,0.885085574572127,Solanum_lycopersicum,high_confidence_IR
Solyc11g065210.3,Solyc11g065210.3.intron1,Solyc11g065210.3|SL4.0ch11:48595879-48595970:+,SL4.0ch11,48595879,48595970,+,Solyc11g065210.3.1,1,no,662,485,601,1147,0.577157802964255,0.90785498489426,Solanum_lycopersicum,high_confidence_IR
Solyc11g065700.2,Solyc11g065700.2.intron6,Solyc11g065700.2|SL4.0ch11:49279549-49279611:-,SL4.0ch11,49279549,49279611,-,Solyc11g065700.2.1,1,no,4535,316,3720,4851,0.934858792001649,0.820286659316428,Solanum_lycopersicum,high_confidence_IR
Solyc11g065750.2,Solyc11g065750.2.intron8,Solyc11g065750.2|SL4.0ch11:49393431-49393538:-,SL4.0ch11,49393431,49393538,-,Solyc11g065750.2.1,1,no,1679,3820,1349,5499,0.305328241498454,0.803454437164979,Solanum_lycopersicum,high_confidence_IR
Solyc11g065960.3,Solyc11g065960.3.intron1,Solyc11g065960.3|SL4.0ch11:49630462-49631745:+,SL4.0ch11,49630462,49631745,+,Solyc11g065960.3.1,1,no,254,684,241,938,0.270788912579957,0.948818897637795,Solanum_lycopersicum,high_confidence_IR
Solyc11g066260.2,Solyc11g066260.2.intron1,Solyc11g066260.2|SL4.0ch11:50010839-50011003:-,SL4.0ch11,50010839,50011003,-,Solyc11g066260.2.1,1,no,1695,166,1478,1861,0.910800644814616,0.871976401179941,Solanum_lycopersicum,high_confidence_IR
Solyc11g066290.2,Solyc11g066290.2.intron4,Solyc11g066290.2|SL4.0ch11:50044638-50044727:-,SL4.0ch11,50044638,50044727,-,Solyc11g066290.2.1,1,no,4193,15,4047,4208,0.99643536121673,0.965180062008109,Solanum_lycopersicum,high_confidence_IR
Solyc11g066860.2,Solyc11g066860.2.intron1,Solyc11g066860.2|SL4.0ch11:50688261-50688339:-,SL4.0ch11,50688261,50688339,-,Solyc11g066860.2.1,1,no,330,1054,330,1384,0.238439306358382,1,Solanum_lycopersicum,high_confidence_IR
Solyc11g067070.1,Solyc11g067070.1.intron1,Solyc11g067070.1|SL4.0ch11:50845317-50845888:-,SL4.0ch11,50845317,50845888,-,Solyc11g067070.1.1,1,no,109,52,87,161,0.677018633540373,0.798165137614679,Solanum_lycopersicum,high_confidence_IR
Solyc11g068560.2,Solyc11g068560.2.intron1,Solyc11g068560.2|SL4.0ch11:51311292-51311387:-,SL4.0ch11,51311292,51311387,-,Solyc11g068560.2.1,1,no,53,128,53,181,0.292817679558011,1,Solanum_lycopersicum,high_confidence_IR
Solyc11g068650.2,Solyc11g068650.2.intron10,Solyc11g068650.2|SL4.0ch11:51358670-51358768:+,SL4.0ch11,51358670,51358768,+,Solyc11g068650.2.1,1,no,2360,11,1991,2371,0.995360607338676,0.84364406779661,Solanum_lycopersicum,high_confidence_IR
Solyc11g068760.2,Solyc11g068760.2.intron1,Solyc11g068760.2|SL4.0ch11:51450775-51452909:+,SL4.0ch11,51450775,51452909,+,Solyc11g068760.2.1,1,no,887,660,827,1547,0.573367808661926,0.932356257046223,Solanum_lycopersicum,high_confidence_IR
Solyc11g069360.2,Solyc11g069360.2.intron1,Solyc11g069360.2|SL4.0ch11:52029647-52030281:+,SL4.0ch11,52029647,52030281,+,Solyc11g069360.2.1,1,no,914,830,793,1744,0.524082568807339,0.867614879649891,Solanum_lycopersicum,high_confidence_IR
Solyc11g069960.2,Solyc11g069960.2.intron1,Solyc11g069960.2|SL4.0ch11:52623413-52623894:-,SL4.0ch11,52623413,52623894,-,Solyc11g069960.2.1,1,no,300,457,251,757,0.396301188903567,0.836666666666667,Solanum_lycopersicum,high_confidence_IR
Solyc11g070160.2,Solyc11g070160.2.intron8,Solyc11g070160.2|SL4.0ch11:52744820-52744897:+,SL4.0ch11,52744820,52744897,+,Solyc11g070160.2.1,1,no,204,652,155,856,0.238317757009346,0.759803921568627,Solanum_lycopersicum,high_confidence_IR
Solyc11g071330.3,Solyc11g071330.3.intron3,Solyc11g071330.3|SL4.0ch11:52922234-52922331:+,SL4.0ch11,52922234,52922331,+,Solyc11g071330.3.1,1,no,1291,352,1195,1643,0.785757760194766,0.92563903950426,Solanum_lycopersicum,high_confidence_IR
Solyc11g071450.3,Solyc11g071450.3.intron1,Solyc11g071450.3|SL4.0ch11:52985571-52985654:+,SL4.0ch11,52985571,52985654,+,Solyc11g071450.3.1,1,no,9,11,9,20,0.45,1,Solanum_lycopersicum,high_confidence_IR
Solyc11g071690.3,Solyc11g071690.3.intron3,Solyc11g071690.3|SL4.0ch11:53162092-53162196:-,SL4.0ch11,53162092,53162196,-,Solyc11g071690.3.1,1,no,447,976,359,1423,0.314125087842586,0.803131991051454,Solanum_lycopersicum,high_confidence_IR
Solyc11g072120.2,Solyc11g072120.2.intron1,Solyc11g072120.2|SL4.0ch11:53442249-53443459:-,SL4.0ch11,53442249,53443459,-,Solyc11g072120.2.1,1,no,94,235,94,329,0.285714285714286,1,Solanum_lycopersicum,high_confidence_IR
Solyc11g072250.2,Solyc11g072250.2.intron1,Solyc11g072250.2|SL4.0ch11:53529069-53529297:-,SL4.0ch11,53529069,53529297,-,Solyc11g072250.2.1,1,no,103,54,80,157,0.656050955414013,0.776699029126214,Solanum_lycopersicum,high_confidence_IR
Solyc11g072270.3,Solyc11g072270.3.intron1,Solyc11g072270.3|SL4.0ch11:53538507-53540623:-,SL4.0ch11,53538507,53540623,-,Solyc11g072270.3.1,1,no,7521,9,7521,7530,0.998804780876494,1,Solanum_lycopersicum,high_confidence_IR
Solyc11g072450.2,Solyc11g072450.2.intron5,Solyc11g072450.2|SL4.0ch11:53686535-53686611:-,SL4.0ch11,53686535,53686611,-,Solyc11g072450.2.1,1,no,43071,47,41978,43118,0.998909967994805,0.974623296417543,Solanum_lycopersicum,high_confidence_IR
Solyc11g072700.2,Solyc11g072700.2.intron1,Solyc11g072700.2|SL4.0ch11:53966145-53966231:-,SL4.0ch11,53966145,53966231,-,Solyc11g072700.2.1,1,no,71,153,67,224,0.316964285714286,0.943661971830986,Solanum_lycopersicum,high_confidence_IR
Solyc11g072810.2,Solyc11g072810.2.intron1,Solyc11g072810.2|SL4.0ch11:54071431-54071490:+,SL4.0ch11,54071431,54071490,+,Solyc11g072810.2.1,1,no,1083,9,1083,1092,0.991758241758242,1,Solanum_lycopersicum,high_confidence_IR
Solyc11g072825.1,Solyc11g072825.1.intron2,Solyc11g072825.1|SL4.0ch11:54080765-54081102:-,SL4.0ch11,54080765,54081102,-,Solyc11g072825.1.1,1,no,708,48,572,756,0.936507936507937,0.807909604519774,Solanum_lycopersicum,high_confidence_IR
Solyc11g072870.1,Solyc11g072870.1.intron1,Solyc11g072870.1|SL4.0ch11:54110203-54110276:-,SL4.0ch11,54110203,54110276,-,Solyc11g072870.1.1,1,no,6,7,6,13,0.461538461538462,1,Solanum_lycopersicum,high_confidence_IR
Solyc11g073050.2,Solyc11g073050.2.intron1,Solyc11g073050.2|SL4.0ch11:54228716-54228838:+,SL4.0ch11,54228716,54228838,+,Solyc11g073050.2.1,1,no,3542,128,3301,3670,0.965122615803815,0.931959345002823,Solanum_lycopersicum,high_confidence_IR
Solyc11g073120.2,Solyc11g073120.2.intron1,Solyc11g073120.2|SL4.0ch11:54277845-54278044:+,SL4.0ch11,54277845,54278044,+,Solyc11g073120.2.1,1,no,10349,536,8476,10885,0.950757923748278,0.819016330080201,Solanum_lycopersicum,high_confidence_IR
Solyc11g073190.2,Solyc11g073190.2.intron2,Solyc11g073190.2|SL4.0ch11:54308695-54310003:-,SL4.0ch11,54308695,54310003,-,Solyc11g073190.2.1,1,no,670,232,492,902,0.742793791574279,0.734328358208955,Solanum_lycopersicum,high_confidence_IR
Solyc12g005030.3,Solyc12g005030.3.intron3,Solyc12g005030.3|SL4.0ch12:32437-32526:+,SL4.0ch12,32437,32526,+,Solyc12g005030.3.1,1,no,368,798,351,1166,0.315608919382504,0.953804347826087,Solanum_lycopersicum,high_confidence_IR
Solyc12g005390.2,Solyc12g005390.2.intron7,Solyc12g005390.2|SL4.0ch12:248827-249336:+,SL4.0ch12,248827,249336,+,Solyc12g005390.2.1,1,no,346,5,305,351,0.985754985754986,0.88150289017341,Solanum_lycopersicum,high_confidence_IR
Solyc12g005560.1,Solyc12g005560.1.intron1,Solyc12g005560.1|SL4.0ch12:316702-317262:+,SL4.0ch12,316702,317262,+,Solyc12g005560.1.1,1,no,25,17,25,42,0.595238095238095,1,Solanum_lycopersicum,high_confidence_IR
Solyc12g005570.2,Solyc12g005570.2.intron4,Solyc12g005570.2|SL4.0ch12:317656-320009:-,SL4.0ch12,317656,320009,-,Solyc12g005570.2.1,1,no,12,23,11,35,0.342857142857143,0.916666666666667,Solanum_lycopersicum,high_confidence_IR
Solyc12g005645.1,Solyc12g005645.1.intron1,Solyc12g005645.1|SL4.0ch12:358099-358433:+,SL4.0ch12,358099,358433,+,Solyc12g005645.1.1,1,no,71,143,71,214,0.331775700934579,1,Solanum_lycopersicum,high_confidence_IR
Solyc12g005870.3,Solyc12g005870.3.intron11,Solyc12g005870.3|SL4.0ch12:518196-519734:+,SL4.0ch12,518196,519734,+,Solyc12g005870.3.1,1,no,568,1594,439,2162,0.262719703977798,0.772887323943662,Solanum_lycopersicum,high_confidence_IR
Solyc12g005955.1,Solyc12g005955.1.intron1,Solyc12g005955.1|SL4.0ch12:598572-599596:-,SL4.0ch12,598572,599596,-,Solyc12g005955.1.1,1,no,65,70,65,135,0.481481481481481,1,Solanum_lycopersicum,high_confidence_IR
Solyc12g006180.2,Solyc12g006180.2.intron4,Solyc12g006180.2|SL4.0ch12:737222-737297:+,SL4.0ch12,737222,737297,+,Solyc12g006180.2.1,1,no,6628,72,5882,6700,0.989253731343284,0.887447193723597,Solanum_lycopersicum,high_confidence_IR
Solyc12g006530.2,Solyc12g006530.2.intron1,Solyc12g006530.2|SL4.0ch12:1047279-1047362:+,SL4.0ch12,1047279,1047362,+,Solyc12g006530.2.1,1,no,548,108,388,656,0.835365853658537,0.708029197080292,Solanum_lycopersicum,high_confidence_IR
Solyc12g006590.3,Solyc12g006590.3.intron1,Solyc12g006590.3|SL4.0ch12:1085687-1086027:+,SL4.0ch12,1085687,1086027,+,Solyc12g006590.3.1,1,no,52,192,40,244,0.213114754098361,0.769230769230769,Solanum_lycopersicum,high_confidence_IR
Solyc12g006695.1,Solyc12g006695.1.intron1,Solyc12g006695.1|SL4.0ch12:1171621-1171734:-,SL4.0ch12,1171621,1171734,-,Solyc12g006695.1.1,1,no,2001,5670,2001,7671,0.26085256159562,1,Solanum_lycopersicum,high_confidence_IR
Solyc12g006900.1,Solyc12g006900.1.intron1,Solyc12g006900.1|SL4.0ch12:1338977-1339081:+,SL4.0ch12,1338977,1339081,+,Solyc12g006900.1.1,1,no,1032,12,1032,1044,0.988505747126437,1,Solanum_lycopersicum,high_confidence_IR
Solyc12g008340.2,Solyc12g008340.2.intron1,Solyc12g008340.2|SL4.0ch12:1792750-1794430:+,SL4.0ch12,1792750,1794430,+,Solyc12g008340.2.1,1,no,279,388,256,667,0.418290854572714,0.917562724014337,Solanum_lycopersicum,high_confidence_IR
Solyc12g008390.3,Solyc12g008390.3.intron21,Solyc12g008390.3|SL4.0ch12:1886175-1886285:+,SL4.0ch12,1886175,1886285,+,Solyc12g008390.3.1,1,no,2665,125,2083,2790,0.955197132616487,0.781613508442777,Solanum_lycopersicum,high_confidence_IR
Solyc12g008450.2,Solyc12g008450.2.intron3,Solyc12g008450.2|SL4.0ch12:1922956-1923204:-,SL4.0ch12,1922956,1923204,-,Solyc12g008450.2.1,1,no,142,431,106,573,0.2478184991274,0.746478873239437,Solanum_lycopersicum,high_confidence_IR
Solyc12g008800.3,Solyc12g008800.3.intron1,Solyc12g008800.3|SL4.0ch12:2193579-2194132:+,SL4.0ch12,2193579,2194132,+,Solyc12g008800.3.1,1,no,641,1489,583,2130,0.30093896713615,0.909516380655226,Solanum_lycopersicum,high_confidence_IR
Solyc12g008870.1,Solyc12g008870.1.intron5,Solyc12g008870.1|SL4.0ch12:2247786-2247908:-,SL4.0ch12,2247786,2247908,-,Solyc12g008870.1.1,1,no,521,787,465,1308,0.398318042813456,0.892514395393474,Solanum_lycopersicum,high_confidence_IR
Solyc12g008910.2,Solyc12g008910.2.intron7,Solyc12g008910.2|SL4.0ch12:2280747-2280866:+,SL4.0ch12,2280747,2280866,+,Solyc12g008910.2.1,1,no,2098,17,1914,2115,0.991962174940898,0.912297426120114,Solanum_lycopersicum,high_confidence_IR
Solyc12g009050.3,Solyc12g009050.3.intron1,Solyc12g009050.3|SL4.0ch12:2390157-2392966:-,SL4.0ch12,2390157,2392966,-,Solyc12g009050.3.1,1,no,287,911,244,1198,0.239565943238731,0.850174216027875,Solanum_lycopersicum,high_confidence_IR
Solyc12g009080.2,Solyc12g009080.2.intron4,Solyc12g009080.2|SL4.0ch12:2464386-2465626:+,SL4.0ch12,2464386,2465626,+,Solyc12g009080.2.1,1,no,1054,381,984,1435,0.734494773519164,0.933586337760911,Solanum_lycopersicum,high_confidence_IR
Solyc12g009130.3,Solyc12g009130.3.intron2,Solyc12g009130.3|SL4.0ch12:2502534-2503060:+,SL4.0ch12,2502534,2503060,+,Solyc12g009130.3.1,1,no,7,27,7,34,0.205882352941176,1,Solanum_lycopersicum,high_confidence_IR
Solyc12g009150.2,Solyc12g009150.2.intron2,Solyc12g009150.2|SL4.0ch12:2514675-2515045:+,SL4.0ch12,2514675,2515045,+,Solyc12g009150.2.1,1,no,283,1124,214,1407,0.201137171286425,0.756183745583039,Solanum_lycopersicum,high_confidence_IR
Solyc12g009170.2,Solyc12g009170.2.intron1,Solyc12g009170.2|SL4.0ch12:2527758-2528219:+,SL4.0ch12,2527758,2528219,+,Solyc12g009170.2.1,1,no,40,34,40,74,0.540540540540541,1,Solanum_lycopersicum,high_confidence_IR
Solyc12g009560.2,Solyc12g009560.2.intron1,Solyc12g009560.2|SL4.0ch12:2867871-2868160:+,SL4.0ch12,2867871,2868160,+,Solyc12g009560.2.1,1,no,31,10,29,41,0.75609756097561,0.935483870967742,Solanum_lycopersicum,high_confidence_IR
Solyc12g009650.2,Solyc12g009650.2.intron1,Solyc12g009650.2|SL4.0ch12:2973694-2974295:-,SL4.0ch12,2973694,2974295,-,Solyc12g009650.2.1,1,no,43273,16,43273,43289,0.999630391092425,1,Solanum_lycopersicum,high_confidence_IR
Solyc12g009680.2,Solyc12g009680.2.intron3,Solyc12g009680.2|SL4.0ch12:2988488-2989105:-,SL4.0ch12,2988488,2989105,-,Solyc12g009680.2.1,1,no,58,135,48,193,0.300518134715026,0.827586206896552,Solanum_lycopersicum,high_confidence_IR
Solyc12g009930.3,Solyc12g009930.3.intron1,Solyc12g009930.3|SL4.0ch12:3136075-3136191:+,SL4.0ch12,3136075,3136191,+,Solyc12g009930.3.1,1,no,10737,169,10737,10906,0.984503942783789,1,Solanum_lycopersicum,high_confidence_IR
Solyc12g010400.2,Solyc12g010400.2.intron1,Solyc12g010400.2|SL4.0ch12:3490691-3491317:+,SL4.0ch12,3490691,3491317,+,Solyc12g010400.2.1,1,no,205,42,205,247,0.82995951417004,1,Solanum_lycopersicum,high_confidence_IR
Solyc12g010450.3,Solyc12g010450.3.intron1,Solyc12g010450.3|SL4.0ch12:3512567-3515501:-,SL4.0ch12,3512567,3515501,-,Solyc12g010450.3.1,1,no,4093,10,3946,4103,0.997562758956861,0.964085023210359,Solanum_lycopersicum,high_confidence_IR
Solyc12g010830.2,Solyc12g010830.2.intron1,Solyc12g010830.2|SL4.0ch12:3807573-3809312:-,SL4.0ch12,3807573,3809312,-,Solyc12g010830.2.1,1,no,295,557,249,852,0.346244131455399,0.84406779661017,Solanum_lycopersicum,high_confidence_IR
Solyc12g011350.3,Solyc12g011350.3.intron1,Solyc12g011350.3|SL4.0ch12:4237637-4238011:-,SL4.0ch12,4237637,4238011,-,Solyc12g011350.3.1,1,no,16,10,16,26,0.615384615384615,1,Solanum_lycopersicum,high_confidence_IR
Solyc12g013800.3,Solyc12g013800.3.intron1,Solyc12g013800.3|SL4.0ch12:4639065-4640609:-,SL4.0ch12,4639065,4640609,-,Solyc12g013800.3.1,1,no,1203,1787,1203,2990,0.402341137123746,1,Solanum_lycopersicum,high_confidence_IR
Solyc12g014070.2,Solyc12g014070.2.intron2,Solyc12g014070.2|SL4.0ch12:4928225-4929682:+,SL4.0ch12,4928225,4929682,+,Solyc12g014070.2.1,1,no,873,2383,701,3256,0.268120393120393,0.802978235967927,Solanum_lycopersicum,high_confidence_IR
Solyc12g015730.3,Solyc12g015730.3.intron2,Solyc12g015730.3|SL4.0ch12:5737687-5741268:+,SL4.0ch12,5737687,5741268,+,Solyc12g015730.3.1,1,no,65,68,61,133,0.488721804511278,0.938461538461538,Solanum_lycopersicum,high_confidence_IR
Solyc12g015800.2,Solyc12g015800.2.intron1,Solyc12g015800.2|SL4.0ch12:5831172-5831242:-,SL4.0ch12,5831172,5831242,-,Solyc12g015800.2.1,1,no,193,452,174,645,0.29922480620155,0.901554404145078,Solanum_lycopersicum,high_confidence_IR
Solyc12g017260.2,Solyc12g017260.2.intron5,Solyc12g017260.2|SL4.0ch12:6490690-6490769:-,SL4.0ch12,6490690,6490769,-,Solyc12g017260.2.1,1,no,1921,1950,1505,3871,0.496254197881684,0.783446121811556,Solanum_lycopersicum,high_confidence_IR
Solyc12g017370.3,Solyc12g017370.3.intron6,Solyc12g017370.3|SL4.0ch12:6663326-6663769:+,SL4.0ch12,6663326,6663769,+,Solyc12g017370.3.1,1,no,742,195,674,937,0.791889007470651,0.908355795148248,Solanum_lycopersicum,high_confidence_IR
Solyc12g017920.3,Solyc12g017920.3.intron3,Solyc12g017920.3|SL4.0ch12:7853140-7854727:-,SL4.0ch12,7853140,7854727,-,Solyc12g017920.3.1,1,no,247,150,189,397,0.622166246851385,0.765182186234818,Solanum_lycopersicum,high_confidence_IR
Solyc12g019440.3,Solyc12g019440.3.intron1,Solyc12g019440.3|SL4.0ch12:10372809-10373091:+,SL4.0ch12,10372809,10373091,+,Solyc12g019440.3.1,1,no,6,18,5,24,0.25,0.833333333333333,Solanum_lycopersicum,high_confidence_IR
Solyc12g019540.2,Solyc12g019540.2.intron2,Solyc12g019540.2|SL4.0ch12:10711051-10711868:+,SL4.0ch12,10711051,10711868,+,Solyc12g019540.2.1,1,no,54,27,46,81,0.666666666666667,0.851851851851852,Solanum_lycopersicum,high_confidence_IR
Solyc12g019710.1,Solyc12g019710.1.intron1,Solyc12g019710.1|SL4.0ch12:11304931-11306148:-,SL4.0ch12,11304931,11306148,-,Solyc12g019710.1.1,1,no,766,227,766,993,0.771399798590131,1,Solanum_lycopersicum,high_confidence_IR
Solyc12g020000.3,Solyc12g020000.3.intron6,Solyc12g020000.3|SL4.0ch12:12984948-12985103:-,SL4.0ch12,12984948,12985103,-,Solyc12g020000.3.1,1,no,1748,4242,1435,5990,0.291819699499165,0.820938215102975,Solanum_lycopersicum,high_confidence_IR
Solyc12g077460.2,Solyc12g077460.2.intron1,Solyc12g077460.2|SL4.0ch12:21240645-21241832:-,SL4.0ch12,21240645,21241832,-,Solyc12g077460.2.1,1,no,213,131,213,344,0.619186046511628,1,Solanum_lycopersicum,high_confidence_IR
Solyc12g150108.1,Solyc12g150108.1.intron1,Solyc12g150108.1|SL4.0ch12:38103349-38104031:+,SL4.0ch12,38103349,38104031,+,Solyc12g150108.1.1,1,no,79,239,79,318,0.248427672955975,1,Solanum_lycopersicum,high_confidence_IR
Solyc12g035250.3,Solyc12g035250.3.intron4,Solyc12g035250.3|SL4.0ch12:38264738-38264860:-,SL4.0ch12,38264738,38264860,-,Solyc12g035250.3.1,1,no,960,66,715,1026,0.935672514619883,0.744791666666667,Solanum_lycopersicum,high_confidence_IR
Solyc12g035360.2,Solyc12g035360.2.intron10,Solyc12g035360.2|SL4.0ch12:38600453-38600553:+,SL4.0ch12,38600453,38600553,+,Solyc12g035360.2.1,1,no,216,804,188,1020,0.211764705882353,0.87037037037037,Solanum_lycopersicum,high_confidence_IR
Solyc12g036330.1,Solyc12g036330.1.intron1,Solyc12g036330.1|SL4.0ch12:44935500-44935713:+,SL4.0ch12,44935500,44935713,+,Solyc12g036330.1.1,1,no,203,308,179,511,0.397260273972603,0.881773399014778,Solanum_lycopersicum,high_confidence_IR
Solyc12g036850.2,Solyc12g036850.2.intron1,Solyc12g036850.2|SL4.0ch12:47160155-47160600:-,SL4.0ch12,47160155,47160600,-,Solyc12g036850.2.1,1,no,301,5,301,306,0.983660130718954,1,Solanum_lycopersicum,high_confidence_IR
Solyc12g038400.2,Solyc12g038400.2.intron1,Solyc12g038400.2|SL4.0ch12:49362377-49362492:+,SL4.0ch12,49362377,49362492,+,Solyc12g038400.2.1,1,no,612,739,478,1351,0.45299777942265,0.781045751633987,Solanum_lycopersicum,high_confidence_IR
Solyc12g038420.2,Solyc12g038420.2.intron1,Solyc12g038420.2|SL4.0ch12:49685120-49686902:-,SL4.0ch12,49685120,49686902,-,Solyc12g038420.2.1,1,no,414,6,414,420,0.985714285714286,1,Solanum_lycopersicum,high_confidence_IR
Solyc12g040470.2,Solyc12g040470.2.intron1,Solyc12g040470.2|SL4.0ch12:53627543-53628122:+,SL4.0ch12,53627543,53628122,+,Solyc12g040470.2.1,1,no,15,7,15,22,0.681818181818182,1,Solanum_lycopersicum,high_confidence_IR
Solyc12g042070.3,Solyc12g042070.3.intron11,Solyc12g042070.3|SL4.0ch12:56732339-56732438:-,SL4.0ch12,56732339,56732438,-,Solyc12g042070.3.1,1,no,595,844,419,1439,0.413481584433634,0.704201680672269,Solanum_lycopersicum,high_confidence_IR
Solyc12g042250.3,Solyc12g042250.3.intron1,Solyc12g042250.3|SL4.0ch12:57040316-57040403:+,SL4.0ch12,57040316,57040403,+,Solyc12g042250.3.1,1,no,516,559,516,1075,0.48,1,Solanum_lycopersicum,high_confidence_IR
Solyc12g042550.2,Solyc12g042550.2.intron1,Solyc12g042550.2|SL4.0ch12:57526766-57526834:-,SL4.0ch12,57526766,57526834,-,Solyc12g042550.2.1,1,no,27,41,27,68,0.397058823529412,1,Solanum_lycopersicum,high_confidence_IR
Solyc12g042690.3,Solyc12g042690.3.intron1,Solyc12g042690.3|SL4.0ch12:57661937-57664312:-,SL4.0ch12,57661937,57664312,-,Solyc12g042690.3.1,1,no,215,737,187,952,0.225840336134454,0.869767441860465,Solanum_lycopersicum,high_confidence_IR
Solyc12g044440.2,Solyc12g044440.2.intron1,Solyc12g044440.2|SL4.0ch12:59061538-59061946:+,SL4.0ch12,59061538,59061946,+,Solyc12g044440.2.1,1,no,316,77,230,393,0.804071246819338,0.727848101265823,Solanum_lycopersicum,high_confidence_IR
Solyc12g150120.1,Solyc12g150120.1.intron1,Solyc12g150120.1|SL4.0ch12:59461472-59461932:-,SL4.0ch12,59461472,59461932,-,Solyc12g150120.1.1,1,no,218,37,161,255,0.854901960784314,0.738532110091743,Solanum_lycopersicum,high_confidence_IR
Solyc12g049350.2,Solyc12g049350.2.intron2,Solyc12g049350.2|SL4.0ch12:60535568-60536270:-,SL4.0ch12,60535568,60536270,-,Solyc12g049350.2.1,1,no,16,57,16,73,0.219178082191781,1,Solanum_lycopersicum,high_confidence_IR
Solyc12g049530.2,Solyc12g049530.2.intron1,Solyc12g049530.2|SL4.0ch12:60847854-60848127:-,SL4.0ch12,60847854,60848127,-,Solyc12g049530.2.1,1,no,255,279,245,534,0.47752808988764,0.96078431372549,Solanum_lycopersicum,high_confidence_IR
Solyc12g049570.3,Solyc12g049570.3.intron17,Solyc12g049570.3|SL4.0ch12:60878820-60878917:-,SL4.0ch12,60878820,60878917,-,Solyc12g049570.3.1,1,no,2295,121,1611,2416,0.949917218543046,0.701960784313725,Solanum_lycopersicum,high_confidence_IR
Solyc12g049611.1,Solyc12g049611.1.intron1,Solyc12g049611.1|SL4.0ch12:60966080-60966596:+,SL4.0ch12,60966080,60966596,+,Solyc12g049611.1.1,1,no,316,506,316,822,0.384428223844282,1,Solanum_lycopersicum,high_confidence_IR
Solyc12g056160.2,Solyc12g056160.2.intron1,Solyc12g056160.2|SL4.0ch12:61712861-61713592:+,SL4.0ch12,61712861,61713592,+,Solyc12g056160.2.1,1,no,63,90,56,153,0.411764705882353,0.888888888888889,Solanum_lycopersicum,high_confidence_IR
Solyc12g056590.2,Solyc12g056590.2.intron1,Solyc12g056590.2|SL4.0ch12:62142557-62142795:+,SL4.0ch12,62142557,62142795,+,Solyc12g056590.2.1,1,no,509,153,476,662,0.768882175226586,0.93516699410609,Solanum_lycopersicum,high_confidence_IR
Solyc12g056900.2,Solyc12g056900.2.intron1,Solyc12g056900.2|SL4.0ch12:62589467-62589840:-,SL4.0ch12,62589467,62589840,-,Solyc12g056900.2.1,1,no,512,1404,451,1916,0.267223382045929,0.880859375,Solanum_lycopersicum,high_confidence_IR
Solyc12g056930.2,Solyc12g056930.2.intron1,Solyc12g056930.2|SL4.0ch12:62621517-62622038:+,SL4.0ch12,62621517,62622038,+,Solyc12g056930.2.1,1,no,25,61,22,86,0.290697674418605,0.88,Solanum_lycopersicum,high_confidence_IR
Solyc12g056995.2,Solyc12g056995.2.intron1,Solyc12g056995.2|SL4.0ch12:62702216-62702340:-,SL4.0ch12,62702216,62702340,-,Solyc12g056995.2.1,1,no,81,56,81,137,0.591240875912409,1,Solanum_lycopersicum,high_confidence_IR
Solyc12g057070.2,Solyc12g057070.2.intron1,Solyc12g057070.2|SL4.0ch12:62750948-62751044:+,SL4.0ch12,62750948,62751044,+,Solyc12g057070.2.1,1,no,355,531,355,886,0.400677200902935,1,Solanum_lycopersicum,high_confidence_IR
Solyc12g087820.1,Solyc12g087820.1.intron1,Solyc12g087820.1|SL4.0ch12:62886207-62888408:-,SL4.0ch12,62886207,62888408,-,Solyc12g087820.1.1,1,no,17,8,17,25,0.68,1,Solanum_lycopersicum,high_confidence_IR
Solyc12g087970.2,Solyc12g087970.2.intron1,Solyc12g087970.2|SL4.0ch12:63041160-63041261:-,SL4.0ch12,63041160,63041261,-,Solyc12g087970.2.1,1,no,260,182,230,442,0.588235294117647,0.884615384615385,Solanum_lycopersicum,high_confidence_IR
Solyc12g088230.3,Solyc12g088230.3.intron12,Solyc12g088230.3|SL4.0ch12:63239950-63240084:-,SL4.0ch12,63239950,63240084,-,Solyc12g088230.3.1,1,no,1659,671,1200,2330,0.712017167381974,0.723327305605787,Solanum_lycopersicum,high_confidence_IR
Solyc12g088830.3,Solyc12g088830.3.intron4,Solyc12g088830.3|SL4.0ch12:63612300-63612424:-,SL4.0ch12,63612300,63612424,-,Solyc12g088830.3.1,1,no,74150,8856,52521,83006,0.893308917427656,0.708307484828051,Solanum_lycopersicum,high_confidence_IR
Solyc12g089290.3,Solyc12g089290.3.intron1,Solyc12g089290.3|SL4.0ch12:63975986-63976560:+,SL4.0ch12,63975986,63976560,+,Solyc12g089290.3.1,1,no,140,5,120,145,0.96551724137931,0.857142857142857,Solanum_lycopersicum,high_confidence_IR
Solyc12g094490.2,Solyc12g094490.2.intron7,Solyc12g094490.2|SL4.0ch12:64196462-64196524:+,SL4.0ch12,64196462,64196524,+,Solyc12g094490.2.1,1,no,2875,91,2024,2966,0.96931894807822,0.704,Solanum_lycopersicum,high_confidence_IR
Solyc12g094580.3,Solyc12g094580.3.intron3,Solyc12g094580.3|SL4.0ch12:64247480-64247883:-,SL4.0ch12,64247480,64247883,-,Solyc12g094580.3.1,1,no,222,194,177,416,0.533653846153846,0.797297297297297,Solanum_lycopersicum,high_confidence_IR
Solyc12g096400.2,Solyc12g096400.2.intron2,Solyc12g096400.2|SL4.0ch12:64848451-64848713:-,SL4.0ch12,64848451,64848713,-,Solyc12g096400.2.1,1,no,401,9,385,410,0.978048780487805,0.960099750623441,Solanum_lycopersicum,high_confidence_IR
Solyc12g097000.2,Solyc12g097000.2.intron1,Solyc12g097000.2|SL4.0ch12:65199530-65199788:-,SL4.0ch12,65199530,65199788,-,Solyc12g097000.2.1,1,no,215,717,215,932,0.23068669527897,1,Solanum_lycopersicum,high_confidence_IR
Solyc12g097020.2,Solyc12g097020.2.intron1,Solyc12g097020.2|SL4.0ch12:65205571-65205791:-,SL4.0ch12,65205571,65205791,-,Solyc12g097020.2.1,1,no,15,36,15,51,0.294117647058824,1,Solanum_lycopersicum,high_confidence_IR
Solyc12g099020.2,Solyc12g099020.2.intron3,Solyc12g099020.2|SL4.0ch12:65859612-65859766:-,SL4.0ch12,65859612,65859766,-,Solyc12g099020.2.1,1,no,66,33,63,99,0.666666666666667,0.954545454545455,Solanum_lycopersicum,high_confidence_IR
Solyc12g099120.3,Solyc12g099120.3.intron2,Solyc12g099120.3|SL4.0ch12:65921007-65921235:+,SL4.0ch12,65921007,65921235,+,Solyc12g099120.3.1,1,no,99,310,78,409,0.242053789731051,0.787878787878788,Solanum_lycopersicum,high_confidence_IR
Solyc12g099170.3,Solyc12g099170.3.intron1,Solyc12g099170.3|SL4.0ch12:65946185-65946742:+,SL4.0ch12,65946185,65946742,+,Solyc12g099170.3.1,1,no,600,16,600,616,0.974025974025974,1,Solanum_lycopersicum,high_confidence_IR
Solyc12g099210.2,Solyc12g099210.2.intron1,Solyc12g099210.2|SL4.0ch12:65966107-65966763:+,SL4.0ch12,65966107,65966763,+,Solyc12g099210.2.1,1,no,8,11,8,19,0.421052631578947,1,Solanum_lycopersicum,high_confidence_IR
Solyc12g099370.2,Solyc12g099370.2.intron1,Solyc12g099370.2|SL4.0ch12:66074212-66074836:+,SL4.0ch12,66074212,66074836,+,Solyc12g099370.2.1,1,no,2524,9,2378,2533,0.996446900908014,0.94215530903328,Solanum_lycopersicum,high_confidence_IR
Solyc12g099400.2,Solyc12g099400.2.intron7,Solyc12g099400.2|SL4.0ch12:66092006-66092097:-,SL4.0ch12,66092006,66092097,-,Solyc12g099400.2.1,1,no,2273,7978,1719,10251,0.221734464930251,0.756269247690277,Solanum_lycopersicum,high_confidence_IR
Solyc12g100320.2,Solyc12g100320.2.intron1,Solyc12g100320.2|SL4.0ch12:66621810-66623374:-,SL4.0ch12,66621810,66623374,-,Solyc12g100320.2.1,1,no,553,802,553,1355,0.408118081180812,1,Solanum_lycopersicum,high_confidence_IR
