gene_id,intron_id,intron_uid,chromosome,start,end,strand,supporting_transcripts,anchor_count,exon_overlap_warning,N_retained,N_spliced,N_specific,N_informative,IR_ratio,IR_specificity,species,IR_class
Zm00001eb000030,Zm00001eb000030.intron1,Zm00001eb000030|1:106405-106485:-,1,106405,106485,-,Zm00001eb000030_T001,1,no,113,173,113,286,0.395104895104895,1,Zea_mays,high_confidence_IR
Zm00001eb000060,Zm00001eb000060.intron1,Zm00001eb000060|1:189089-189145:-,1,189089,189145,-,Zm00001eb000060_T001,1,no,7266,1202,7266,8468,0.858053849787435,1,Zea_mays,high_confidence_IR
Zm00001eb000180,Zm00001eb000180.intron1,Zm00001eb000180|1:551832-551936:+,1,551832,551936,+,Zm00001eb000180_T001,1,no,361,31,361,392,0.920918367346939,1,Zea_mays,high_confidence_IR
Zm00001eb000320,Zm00001eb000320.intron4,Zm00001eb000320|1:1218410-1221520:-,1,1218410,1221520,-,Zm00001eb000320_T001,1,yes,4519,165,4198,4684,0.964773697694278,0.928966585527772,Zea_mays,high_confidence_IR
Zm00001eb000880,Zm00001eb000880.intron2,Zm00001eb000880|1:3164641-3164691:-,1,3164641,3164691,-,Zm00001eb000880_T002,1,yes,4305,7,3420,4312,0.998376623376623,0.794425087108014,Zea_mays,high_confidence_IR
Zm00001eb000960,Zm00001eb000960.intron1,Zm00001eb000960|1:3360435-3360517:+,1,3360435,3360517,+,Zm00001eb000960_T001,1,yes,593,22,593,615,0.964227642276423,1,Zea_mays,high_confidence_IR
Zm00001eb001780,Zm00001eb001780.intron1,Zm00001eb001780|1:5281911-5282026:+,1,5281911,5282026,+,Zm00001eb001780_T001,1,yes,6667,276,6667,6943,0.960247731528158,1,Zea_mays,high_confidence_IR
Zm00001eb002930,Zm00001eb002930.intron1,Zm00001eb002930|1:8052777-8052888:-,1,8052777,8052888,-,Zm00001eb002930_T002,1,yes,2171,205,2171,2376,0.913720538720539,1,Zea_mays,high_confidence_IR
Zm00001eb002940,Zm00001eb002940.intron3,Zm00001eb002940|1:8056047-8056674:-,1,8056047,8056674,-,Zm00001eb002940_T001,1,yes,1464,9,1188,1473,0.993890020366599,0.811475409836066,Zea_mays,high_confidence_IR
Zm00001eb003450,Zm00001eb003450.intron1,Zm00001eb003450|1:9096297-9096549:+,1,9096297,9096549,+,Zm00001eb003450_T001,1,yes,74,130,74,204,0.362745098039216,1,Zea_mays,high_confidence_IR
Zm00001eb003620,Zm00001eb003620.intron1,Zm00001eb003620|1:9711415-9711527:+,1,9711415,9711527,+,Zm00001eb003620_T002,1,yes,35,127,35,162,0.216049382716049,1,Zea_mays,high_confidence_IR
Zm00001eb004390,Zm00001eb004390.intron1,Zm00001eb004390|1:12227414-12227602:+,1,12227414,12227602,+,Zm00001eb004390_T001,1,yes,18553,319,18553,18872,0.983096651123357,1,Zea_mays,high_confidence_IR
Zm00001eb004410,Zm00001eb004410.intron3,Zm00001eb004410|1:12236440-12236532:-,1,12236440,12236532,-,Zm00001eb004410_T003,1,yes,7243,6185,6087,13428,0.539395293416741,0.840397625293387,Zea_mays,high_confidence_IR
Zm00001eb004470,Zm00001eb004470.intron1,Zm00001eb004470|1:12338626-12338754:-,1,12338626,12338754,-,Zm00001eb004470_T001,1,no,26,104,26,130,0.2,1,Zea_mays,high_confidence_IR
Zm00001eb004510,Zm00001eb004510.intron3,Zm00001eb004510|1:12407350-12425711:+,1,12407350,12425711,+,Zm00001eb004510_T001,1,yes,119,13,88,132,0.901515151515151,0.739495798319328,Zea_mays,high_confidence_IR
Zm00001eb004770,Zm00001eb004770.intron2,Zm00001eb004770|1:13040257-13040339:+,1,13040257,13040339,+,Zm00001eb004770_T002,1,yes,1959,62,1429,2021,0.969322117763483,0.729453802960694,Zea_mays,high_confidence_IR
Zm00001eb005110,Zm00001eb005110.intron1,Zm00001eb005110|1:14143644-14144397:-,1,14143644,14144397,-,Zm00001eb005110_T001,1,no,233,444,233,677,0.344165435745938,1,Zea_mays,high_confidence_IR
Zm00001eb005900,Zm00001eb005900.intron3,Zm00001eb005900|1:16739981-16742682:+,1,16739981,16742682,+,Zm00001eb005900_T002,1,yes,1152,226,822,1378,0.835994194484761,0.713541666666667,Zea_mays,high_confidence_IR
Zm00001eb006100,Zm00001eb006100.intron1,Zm00001eb006100|1:17504899-17505198:+,1,17504899,17505198,+,Zm00001eb006100_T001,1,no,286,687,231,973,0.29393627954779,0.807692307692308,Zea_mays,high_confidence_IR
Zm00001eb006320,Zm00001eb006320.intron1,Zm00001eb006320|1:17873279-17877539:+,1,17873279,17877539,+,Zm00001eb006320_T001;Zm00001eb006320_T002,2,no,380,176,285,556,0.683453237410072,0.75,Zea_mays,high_confidence_IR
Zm00001eb007040,Zm00001eb007040.intron2,Zm00001eb007040|1:20392426-20392559:-,1,20392426,20392559,-,Zm00001eb007040_T001,1,no,274,25,213,299,0.916387959866221,0.777372262773723,Zea_mays,high_confidence_IR
Zm00001eb007150,Zm00001eb007150.intron6,Zm00001eb007150|1:21145227-21145431:-,1,21145227,21145431,-,Zm00001eb007150_T001,1,yes,3436,5,2535,3441,0.998546934030805,0.737776484284051,Zea_mays,high_confidence_IR
Zm00001eb007240,Zm00001eb007240.intron2,Zm00001eb007240|1:21612932-21613425:+,1,21612932,21613425,+,Zm00001eb007240_T003,1,yes,5576,736,4142,6312,0.88339670468948,0.742826398852224,Zea_mays,high_confidence_IR
Zm00001eb007490,Zm00001eb007490.intron2,Zm00001eb007490|1:21868212-21868325:+,1,21868212,21868325,+,Zm00001eb007490_T001,1,no,340,234,253,574,0.592334494773519,0.744117647058824,Zea_mays,high_confidence_IR
Zm00001eb007670,Zm00001eb007670.intron1,Zm00001eb007670|1:22650255-22650299:-,1,22650255,22650299,-,Zm00001eb007670_T002,1,yes,12102,25,11423,12127,0.997938484373712,0.943893571310527,Zea_mays,high_confidence_IR
Zm00001eb007800,Zm00001eb007800.intron3,Zm00001eb007800|1:22927521-22930328:-,1,22927521,22930328,-,Zm00001eb007800_T002,1,yes,5217,24,4324,5241,0.995420721236405,0.828828828828829,Zea_mays,high_confidence_IR
Zm00001eb007980,Zm00001eb007980.intron4,Zm00001eb007980|1:23491700-23492392:-,1,23491700,23492392,-,Zm00001eb007980_T001,1,no,18,25,15,43,0.418604651162791,0.833333333333333,Zea_mays,high_confidence_IR
Zm00001eb008310,Zm00001eb008310.intron2,Zm00001eb008310|1:25088552-25097251:+,1,25088552,25097251,+,Zm00001eb008310_T002,1,yes,5639,216,4949,5855,0.963108454312553,0.87763787905657,Zea_mays,high_confidence_IR
Zm00001eb008500,Zm00001eb008500.intron9,Zm00001eb008500|1:25691982-25692128:-,1,25691982,25692128,-,Zm00001eb008500_T001,1,yes,773,2029,556,2802,0.27587437544611,0.719275549805951,Zea_mays,high_confidence_IR
Zm00001eb008920,Zm00001eb008920.intron1,Zm00001eb008920|1:27455057-27455107:-,1,27455057,27455107,-,Zm00001eb008920_T002,1,yes,56642,273,42817,56915,0.995203373451638,0.755923166554853,Zea_mays,high_confidence_IR
Zm00001eb009400,Zm00001eb009400.intron1,Zm00001eb009400|1:28975955-28976104:-,1,28975955,28976104,-,Zm00001eb009400_T001,1,no,306,52,306,358,0.854748603351955,1,Zea_mays,high_confidence_IR
Zm00001eb009680,Zm00001eb009680.intron1,Zm00001eb009680|1:30335446-30336177:-,1,30335446,30336177,-,Zm00001eb009680_T001,1,no,36318,270,36318,36588,0.992620531321745,1,Zea_mays,high_confidence_IR
Zm00001eb009740,Zm00001eb009740.intron1,Zm00001eb009740|1:30522073-30523104:+,1,30522073,30523104,+,Zm00001eb009740_T001,1,no,33,7,33,40,0.825,1,Zea_mays,high_confidence_IR
Zm00001eb010160,Zm00001eb010160.intron1,Zm00001eb010160|1:32057942-32058636:+,1,32057942,32058636,+,Zm00001eb010160_T001,1,yes,13008,651,12472,13659,0.952339117065671,0.958794587945879,Zea_mays,high_confidence_IR
Zm00001eb010650,Zm00001eb010650.intron1,Zm00001eb010650|1:34136746-34136835:+,1,34136746,34136835,+,Zm00001eb010650_T001,1,no,88,65,88,153,0.57516339869281,1,Zea_mays,high_confidence_IR
Zm00001eb010660,Zm00001eb010660.intron1,Zm00001eb010660|1:34166226-34166332:+,1,34166226,34166332,+,Zm00001eb010660_T001,1,yes,814,1442,814,2256,0.360815602836879,1,Zea_mays,high_confidence_IR
Zm00001eb010770,Zm00001eb010770.intron2,Zm00001eb010770|1:34525360-34525464:-,1,34525360,34525464,-,Zm00001eb010770_T001,1,yes,13092,7,10136,13099,0.999465608061684,0.774213260006111,Zea_mays,high_confidence_IR
Zm00001eb011040,Zm00001eb011040.intron3,Zm00001eb011040|1:35441159-35441276:-,1,35441159,35441276,-,Zm00001eb011040_T002,1,yes,7611,143,5716,7754,0.981557905597111,0.751018263040336,Zea_mays,high_confidence_IR
Zm00001eb011360,Zm00001eb011360.intron1,Zm00001eb011360|1:36843613-36843734:-,1,36843613,36843734,-,Zm00001eb011360_T001,1,no,97,89,97,186,0.521505376344086,1,Zea_mays,high_confidence_IR
Zm00001eb011590,Zm00001eb011590.intron7,Zm00001eb011590|1:37832889-37832999:-,1,37832889,37832999,-,Zm00001eb011590_T001,1,yes,6695,197,5190,6892,0.971416134648868,0.775205377147125,Zea_mays,high_confidence_IR
Zm00001eb011890,Zm00001eb011890.intron1,Zm00001eb011890|1:38663058-38663152:-,1,38663058,38663152,-,Zm00001eb011890_T001,1,no,7998,131,7846,8129,0.983884856685939,0.980995248812203,Zea_mays,high_confidence_IR
Zm00001eb012330,Zm00001eb012330.intron1,Zm00001eb012330|1:40358739-40359125:+,1,40358739,40359125,+,Zm00001eb012330_T002,1,yes,3589,712,2898,4301,0.834457102999303,0.807467261075508,Zea_mays,high_confidence_IR
Zm00001eb012550,Zm00001eb012550.intron2,Zm00001eb012550|1:41300239-41300323:-,1,41300239,41300323,-,Zm00001eb012550_T002,1,yes,5740,74,5042,5814,0.987272101823185,0.878397212543554,Zea_mays,high_confidence_IR
Zm00001eb012920,Zm00001eb012920.intron4,Zm00001eb012920|1:42957771-42957896:-,1,42957771,42957896,-,Zm00001eb012920_T002,1,yes,5748,89,4099,5837,0.984752441322597,0.713117606123869,Zea_mays,high_confidence_IR
Zm00001eb012930,Zm00001eb012930.intron3,Zm00001eb012930|1:42968123-42968394:-,1,42968123,42968394,-,Zm00001eb012930_T007,1,yes,9048,16,6782,9064,0.998234774933804,0.749557913351017,Zea_mays,high_confidence_IR
Zm00001eb013050,Zm00001eb013050.intron1,Zm00001eb013050|1:43349347-43349785:-,1,43349347,43349785,-,Zm00001eb013050_T001,1,no,2650,46,2650,2696,0.982937685459941,1,Zea_mays,high_confidence_IR
Zm00001eb013080,Zm00001eb013080.intron3,Zm00001eb013080|1:43525311-43526614:+,1,43525311,43526614,+,Zm00001eb013080_T001,1,yes,93416,5,81033,93421,0.999946478843087,0.867442408152779,Zea_mays,high_confidence_IR
Zm00001eb013160,Zm00001eb013160.intron1,Zm00001eb013160|1:43964779-43964885:-,1,43964779,43964885,-,Zm00001eb013160_T001,1,no,43,163,43,206,0.20873786407767,1,Zea_mays,high_confidence_IR
Zm00001eb013180,Zm00001eb013180.intron1,Zm00001eb013180|1:43985581-43985958:+,1,43985581,43985958,+,Zm00001eb013180_T001,1,yes,180,12,150,192,0.9375,0.833333333333333,Zea_mays,high_confidence_IR
Zm00001eb013370,Zm00001eb013370.intron2,Zm00001eb013370|1:44793071-44793220:-,1,44793071,44793220,-,Zm00001eb013370_T001,1,yes,5334,179,4992,5513,0.967531289678941,0.935883014623172,Zea_mays,high_confidence_IR
Zm00001eb013640,Zm00001eb013640.intron1,Zm00001eb013640|1:45742675-45755749:+,1,45742675,45755749,+,Zm00001eb013640_T001,1,no,40,10,40,50,0.8,1,Zea_mays,high_confidence_IR
Zm00001eb013740,Zm00001eb013740.intron2,Zm00001eb013740|1:45966186-45966545:-,1,45966186,45966545,-,Zm00001eb013740_T002,1,yes,7544,676,6451,8220,0.917761557177616,0.855116648992577,Zea_mays,high_confidence_IR
Zm00001eb013900,Zm00001eb013900.intron2,Zm00001eb013900|1:46520490-46520720:-,1,46520490,46520720,-,Zm00001eb013900_T001,1,no,83,191,60,274,0.302919708029197,0.72289156626506,Zea_mays,high_confidence_IR
Zm00001eb015170,Zm00001eb015170.intron1,Zm00001eb015170|1:51958533-51966311:+,1,51958533,51966311,+,Zm00001eb015170_T001,1,yes,2386,62,1827,2448,0.974673202614379,0.765716680637049,Zea_mays,high_confidence_IR
Zm00001eb015270,Zm00001eb015270.intron2,Zm00001eb015270|1:52311673-52311763:+,1,52311673,52311763,+,Zm00001eb015270_T001,1,yes,4582,273,4059,4855,0.943769309989701,0.885857704059363,Zea_mays,high_confidence_IR
Zm00001eb015360,Zm00001eb015360.intron1,Zm00001eb015360|1:52629553-52629751:-,1,52629553,52629751,-,Zm00001eb015360_T001,1,no,727,67,727,794,0.915617128463476,1,Zea_mays,high_confidence_IR
Zm00001eb015800,Zm00001eb015800.intron1,Zm00001eb015800|1:54691122-54692417:-,1,54691122,54692417,-,Zm00001eb015800_T002,1,yes,2448,5699,2448,8147,0.300478703817356,1,Zea_mays,high_confidence_IR
Zm00001eb015860,Zm00001eb015860.intron7,Zm00001eb015860|1:55006801-55006879:-,1,55006801,55006879,-,Zm00001eb015860_T002,1,yes,14354,1775,10529,16129,0.88994977989956,0.733523756444197,Zea_mays,high_confidence_IR
Zm00001eb016010,Zm00001eb016010.intron1,Zm00001eb016010|1:55958313-55961133:+,1,55958313,55961133,+,Zm00001eb016010_T001,1,no,9,13,9,22,0.409090909090909,1,Zea_mays,high_confidence_IR
Zm00001eb016040,Zm00001eb016040.intron2,Zm00001eb016040|1:56190193-56190360:+,1,56190193,56190360,+,Zm00001eb016040_T002,1,yes,11194,90,7975,11284,0.992024104927331,0.712435233160622,Zea_mays,high_confidence_IR
Zm00001eb016180,Zm00001eb016180.intron2,Zm00001eb016180|1:56684937-56685059:+,1,56684937,56685059,+,Zm00001eb016180_T002,1,yes,26442,245,23153,26687,0.99081950013115,0.875614552605703,Zea_mays,high_confidence_IR
Zm00001eb017040,Zm00001eb017040.intron1,Zm00001eb017040|1:60855693-60855818:+,1,60855693,60855818,+,Zm00001eb017040_T001,1,yes,575,5,456,580,0.991379310344828,0.79304347826087,Zea_mays,high_confidence_IR
Zm00001eb017530,Zm00001eb017530.intron1,Zm00001eb017530|1:62575427-62577178:-,1,62575427,62577178,-,Zm00001eb017530_T001,1,no,14,31,14,45,0.311111111111111,1,Zea_mays,high_confidence_IR
Zm00001eb017620,Zm00001eb017620.intron1,Zm00001eb017620|1:62697275-62698029:+,1,62697275,62698029,+,Zm00001eb017620_T001,1,no,469,1553,469,2022,0.231948565776459,1,Zea_mays,high_confidence_IR
Zm00001eb017650,Zm00001eb017650.intron1,Zm00001eb017650|1:62900518-62900998:-,1,62900518,62900998,-,Zm00001eb017650_T001,1,no,35,80,35,115,0.304347826086957,1,Zea_mays,high_confidence_IR
Zm00001eb018100,Zm00001eb018100.intron2,Zm00001eb018100|1:64697177-64697287:-,1,64697177,64697287,-,Zm00001eb018100_T001,1,no,15,28,11,43,0.348837209302326,0.733333333333333,Zea_mays,high_confidence_IR
Zm00001eb018270,Zm00001eb018270.intron1,Zm00001eb018270|1:65114901-65115235:-,1,65114901,65115235,-,Zm00001eb018270_T001,1,no,1455,4430,1455,5885,0.247238742565845,1,Zea_mays,high_confidence_IR
Zm00001eb018440,Zm00001eb018440.intron2,Zm00001eb018440|1:65766789-65766957:+,1,65766789,65766957,+,Zm00001eb018440_T001,1,no,435,282,316,717,0.606694560669456,0.726436781609195,Zea_mays,high_confidence_IR
Zm00001eb018650,Zm00001eb018650.intron1,Zm00001eb018650|1:66561248-66561345:-,1,66561248,66561345,-,Zm00001eb018650_T001,1,no,49,61,46,110,0.445454545454545,0.938775510204082,Zea_mays,high_confidence_IR
Zm00001eb018860,Zm00001eb018860.intron7,Zm00001eb018860|1:67655859-67656006:-,1,67655859,67656006,-,Zm00001eb018860_T002,1,yes,2777,627,1963,3404,0.815804935370153,0.706877925819229,Zea_mays,high_confidence_IR
Zm00001eb018880,Zm00001eb018880.intron1,Zm00001eb018880|1:67797373-67797430:+,1,67797373,67797430,+,Zm00001eb018880_T001,1,no,6,12,5,18,0.333333333333333,0.833333333333333,Zea_mays,high_confidence_IR
Zm00001eb018980,Zm00001eb018980.intron4,Zm00001eb018980|1:67945160-67946230:+,1,67945160,67946230,+,Zm00001eb018980_T002,1,yes,16476,2076,14181,18552,0.888098318240621,0.860706482155863,Zea_mays,high_confidence_IR
Zm00001eb020710,Zm00001eb020710.intron4,Zm00001eb020710|1:77593013-77603077:+,1,77593013,77603077,+,Zm00001eb020710_T001;Zm00001eb020710_T002,2,no,27142,667,22980,27809,0.976014959185875,0.846658315525753,Zea_mays,high_confidence_IR
Zm00001eb020730,Zm00001eb020730.intron1,Zm00001eb020730|1:77751791-77751940:+,1,77751791,77751940,+,Zm00001eb020730_T001,1,yes,101,295,101,396,0.255050505050505,1,Zea_mays,high_confidence_IR
Zm00001eb021080,Zm00001eb021080.intron1,Zm00001eb021080|1:80059966-80060043:-,1,80059966,80060043,-,Zm00001eb021080_T001,1,no,223,151,223,374,0.596256684491979,1,Zea_mays,high_confidence_IR
Zm00001eb021240,Zm00001eb021240.intron1,Zm00001eb021240|1:80570022-80570293:-,1,80570022,80570293,-,Zm00001eb021240_T001,1,yes,5917,106,5201,6023,0.982400796945044,0.878992732803786,Zea_mays,high_confidence_IR
Zm00001eb021380,Zm00001eb021380.intron2,Zm00001eb021380|1:81291498-81292038:+,1,81291498,81292038,+,Zm00001eb021380_T001,1,no,1740,6164,1344,7904,0.220141700404858,0.772413793103448,Zea_mays,high_confidence_IR
Zm00001eb021410,Zm00001eb021410.intron1,Zm00001eb021410|1:81466514-81466594:-,1,81466514,81466594,-,Zm00001eb021410_T001,1,no,3809,10,3809,3819,0.997381513485206,1,Zea_mays,high_confidence_IR
Zm00001eb021610,Zm00001eb021610.intron1,Zm00001eb021610|1:82297473-82297616:+,1,82297473,82297616,+,Zm00001eb021610_T001,1,no,87,273,87,360,0.241666666666667,1,Zea_mays,high_confidence_IR
Zm00001eb021660,Zm00001eb021660.intron1,Zm00001eb021660|1:82377656-82377825:+,1,82377656,82377825,+,Zm00001eb021660_T001,1,no,1549,731,1549,2280,0.679385964912281,1,Zea_mays,high_confidence_IR
Zm00001eb021680,Zm00001eb021680.intron2,Zm00001eb021680|1:82383897-82384020:+,1,82383897,82384020,+,Zm00001eb021680_T001,1,no,3435,766,2993,4201,0.817662461318734,0.871324599708879,Zea_mays,high_confidence_IR
Zm00001eb022190,Zm00001eb022190.intron1,Zm00001eb022190|1:85202543-85203502:+,1,85202543,85203502,+,Zm00001eb022190_T001,1,no,105,169,105,274,0.383211678832117,1,Zea_mays,high_confidence_IR
Zm00001eb022220,Zm00001eb022220.intron1,Zm00001eb022220|1:85240646-85240828:+,1,85240646,85240828,+,Zm00001eb022220_T001,1,no,649,11,649,660,0.983333333333333,1,Zea_mays,high_confidence_IR
Zm00001eb022250,Zm00001eb022250.intron1,Zm00001eb022250|1:85330432-85330543:-,1,85330432,85330543,-,Zm00001eb022250_T001,1,no,596,40,596,636,0.937106918238994,1,Zea_mays,high_confidence_IR
Zm00001eb022670,Zm00001eb022670.intron4,Zm00001eb022670|1:87210693-87210791:+,1,87210693,87210791,+,Zm00001eb022670_T002,1,yes,6253,451,5277,6704,0.932726730310263,0.843914920837998,Zea_mays,high_confidence_IR
Zm00001eb022700,Zm00001eb022700.intron1,Zm00001eb022700|1:87300540-87300623:-,1,87300540,87300623,-,Zm00001eb022700_T001,1,no,87,231,87,318,0.273584905660377,1,Zea_mays,high_confidence_IR
Zm00001eb023220,Zm00001eb023220.intron1,Zm00001eb023220|1:91377000-91377988:+,1,91377000,91377988,+,Zm00001eb023220_T001,1,no,334,1268,334,1602,0.208489388264669,1,Zea_mays,high_confidence_IR
Zm00001eb023290,Zm00001eb023290.intron1,Zm00001eb023290|1:91894610-91897164:-,1,91894610,91897164,-,Zm00001eb023290_T001,1,no,473,258,473,731,0.647058823529412,1,Zea_mays,high_confidence_IR
Zm00001eb023500,Zm00001eb023500.intron1,Zm00001eb023500|1:93475291-93480468:+,1,93475291,93480468,+,Zm00001eb023500_T002,1,yes,2461,38,2424,2499,0.984793917567027,0.984965461194636,Zea_mays,high_confidence_IR
Zm00001eb023840,Zm00001eb023840.intron1,Zm00001eb023840|1:96169087-96170064:+,1,96169087,96170064,+,Zm00001eb023840_T001,1,no,901,3284,901,4185,0.215292712066906,1,Zea_mays,high_confidence_IR
Zm00001eb024190,Zm00001eb024190.intron3,Zm00001eb024190|1:98088282-98089735:+,1,98088282,98089735,+,Zm00001eb024190_T002,1,yes,4388,31,3695,4419,0.992984838198687,0.842069279854148,Zea_mays,high_confidence_IR
Zm00001eb024380,Zm00001eb024380.intron2,Zm00001eb024380|1:100184510-100184616:+,1,100184510,100184616,+,Zm00001eb024380_T002,1,yes,3585,1084,3017,4669,0.767830370529021,0.841562064156206,Zea_mays,high_confidence_IR
Zm00001eb024450,Zm00001eb024450.intron1,Zm00001eb024450|1:100563478-100563710:+,1,100563478,100563710,+,Zm00001eb024450_T001,1,yes,615,929,615,1544,0.398316062176166,1,Zea_mays,high_confidence_IR
Zm00001eb024700,Zm00001eb024700.intron3,Zm00001eb024700|1:102729073-102729298:+,1,102729073,102729298,+,Zm00001eb024700_T001,1,yes,175,454,143,629,0.278219395866455,0.817142857142857,Zea_mays,high_confidence_IR
Zm00001eb024750,Zm00001eb024750.intron1,Zm00001eb024750|1:103211296-103211378:+,1,103211296,103211378,+,Zm00001eb024750_T001,1,no,1717,3303,1717,5020,0.34203187250996,1,Zea_mays,high_confidence_IR
Zm00001eb024930,Zm00001eb024930.intron3,Zm00001eb024930|1:104781712-104781994:-,1,104781712,104781994,-,Zm00001eb024930_T002,1,yes,624,43,563,667,0.935532233883059,0.90224358974359,Zea_mays,high_confidence_IR
Zm00001eb025000,Zm00001eb025000.intron1,Zm00001eb025000|1:105204041-105204121:+,1,105204041,105204121,+,Zm00001eb025000_T001,1,no,11742,235,8390,11977,0.980379059864741,0.714529041049225,Zea_mays,high_confidence_IR
Zm00001eb025150,Zm00001eb025150.intron3,Zm00001eb025150|1:106946106-106946735:-,1,106946106,106946735,-,Zm00001eb025150_T001;Zm00001eb025150_T003,2,yes,35,18,35,53,0.660377358490566,1,Zea_mays,high_confidence_IR
Zm00001eb025250,Zm00001eb025250.intron1,Zm00001eb025250|1:107690204-107690908:-,1,107690204,107690908,-,Zm00001eb025250_T001,1,no,20,21,20,41,0.48780487804878,1,Zea_mays,high_confidence_IR
Zm00001eb025990,Zm00001eb025990.intron3,Zm00001eb025990|1:114983905-114984013:-,1,114983905,114984013,-,Zm00001eb025990_T002,1,yes,9075,897,7885,9972,0.910048134777377,0.868870523415978,Zea_mays,high_confidence_IR
Zm00001eb026110,Zm00001eb026110.intron1,Zm00001eb026110|1:116995194-116995298:-,1,116995194,116995298,-,Zm00001eb026110_T001,1,no,192,552,192,744,0.258064516129032,1,Zea_mays,high_confidence_IR
Zm00001eb026590,Zm00001eb026590.intron1,Zm00001eb026590|1:122705050-122705487:+,1,122705050,122705487,+,Zm00001eb026590_T001,1,no,4572,5,4572,4577,0.998907581385187,1,Zea_mays,high_confidence_IR
Zm00001eb026690,Zm00001eb026690.intron2,Zm00001eb026690|1:124029573-124029650:-,1,124029573,124029650,-,Zm00001eb026690_T002,1,yes,26701,123,24667,26824,0.995414554130629,0.923823077787349,Zea_mays,high_confidence_IR
Zm00001eb027330,Zm00001eb027330.intron4,Zm00001eb027330|1:131141734-131142112:+,1,131141734,131142112,+,Zm00001eb027330_T001,1,no,396,353,283,749,0.528704939919893,0.714646464646465,Zea_mays,high_confidence_IR
Zm00001eb029170,Zm00001eb029170.intron1,Zm00001eb029170|1:157368156-157368246:+,1,157368156,157368246,+,Zm00001eb029170_T001,1,no,395,478,395,873,0.452462772050401,1,Zea_mays,high_confidence_IR
Zm00001eb029490,Zm00001eb029490.intron1,Zm00001eb029490|1:160186317-160188099:-,1,160186317,160188099,-,Zm00001eb029490_T001,1,no,291,70,291,361,0.806094182825485,1,Zea_mays,high_confidence_IR
Zm00001eb029690,Zm00001eb029690.intron3,Zm00001eb029690|1:162003331-162009429:+,1,162003331,162009429,+,Zm00001eb029690_T001,1,yes,5348,192,3773,5540,0.965342960288809,0.705497382198953,Zea_mays,high_confidence_IR
Zm00001eb029780,Zm00001eb029780.intron1,Zm00001eb029780|1:163143152-163143880:+,1,163143152,163143880,+,Zm00001eb029780_T001,1,no,142,290,142,432,0.328703703703704,1,Zea_mays,high_confidence_IR
Zm00001eb030380,Zm00001eb030380.intron1,Zm00001eb030380|1:167852730-167854834:-,1,167852730,167854834,-,Zm00001eb030380_T001,1,no,9,13,9,22,0.409090909090909,1,Zea_mays,high_confidence_IR
Zm00001eb030400,Zm00001eb030400.intron4,Zm00001eb030400|1:168256923-168257063:-,1,168256923,168257063,-,Zm00001eb030400_T001,1,no,3535,334,2644,3869,0.91367278366503,0.747949080622348,Zea_mays,high_confidence_IR
Zm00001eb030440,Zm00001eb030440.intron3,Zm00001eb030440|1:168514265-168514624:-,1,168514265,168514624,-,Zm00001eb030440_T001,1,yes,14455,5,13023,14460,0.999654218533887,0.900933932895192,Zea_mays,high_confidence_IR
Zm00001eb030800,Zm00001eb030800.intron1,Zm00001eb030800|1:170825903-170826039:+,1,170825903,170826039,+,Zm00001eb030800_T001,1,yes,34,7,34,41,0.829268292682927,1,Zea_mays,high_confidence_IR
Zm00001eb030840,Zm00001eb030840.intron1,Zm00001eb030840|1:170845718-170845854:+,1,170845718,170845854,+,Zm00001eb030840_T002,1,yes,209,256,209,465,0.449462365591398,1,Zea_mays,high_confidence_IR
Zm00001eb031010,Zm00001eb031010.intron4,Zm00001eb031010|1:172385108-172385835:+,1,172385108,172385835,+,Zm00001eb031010_T001,1,no,130,19,106,149,0.87248322147651,0.815384615384615,Zea_mays,high_confidence_IR
Zm00001eb031070,Zm00001eb031070.intron1,Zm00001eb031070|1:172693737-172693852:-,1,172693737,172693852,-,Zm00001eb031070_T001,1,no,24,10,24,34,0.705882352941177,1,Zea_mays,high_confidence_IR
Zm00001eb031080,Zm00001eb031080.intron1,Zm00001eb031080|1:173222383-173223619:+,1,173222383,173223619,+,Zm00001eb031080_T001,1,no,71,116,71,187,0.379679144385027,1,Zea_mays,high_confidence_IR
Zm00001eb031390,Zm00001eb031390.intron1,Zm00001eb031390|1:176175511-176175947:+,1,176175511,176175947,+,Zm00001eb031390_T001,1,no,13,47,10,60,0.216666666666667,0.769230769230769,Zea_mays,high_confidence_IR
Zm00001eb031410,Zm00001eb031410.intron7,Zm00001eb031410|1:176245353-176245485:-,1,176245353,176245485,-,Zm00001eb031410_T001,1,yes,6159,246,4470,6405,0.961592505854801,0.725767169995129,Zea_mays,high_confidence_IR
Zm00001eb031600,Zm00001eb031600.intron7,Zm00001eb031600|1:177005498-177005580:-,1,177005498,177005580,-,Zm00001eb031600_T001,1,yes,8971,1771,7068,10742,0.83513312232359,0.787872032103444,Zea_mays,high_confidence_IR
Zm00001eb032460,Zm00001eb032460.intron1,Zm00001eb032460|1:181702157-181702692:-,1,181702157,181702692,-,Zm00001eb032460_T001,1,no,7,7,7,14,0.5,1,Zea_mays,high_confidence_IR
Zm00001eb033040,Zm00001eb033040.intron4,Zm00001eb033040|1:184434873-184435004:+,1,184434873,184435004,+,Zm00001eb033040_T001;Zm00001eb033040_T002,2,no,935,51,868,986,0.948275862068966,0.928342245989305,Zea_mays,high_confidence_IR
Zm00001eb033080,Zm00001eb033080.intron1,Zm00001eb033080|1:184486244-184486321:-,1,184486244,184486321,-,Zm00001eb033080_T001,1,no,493,219,395,712,0.692415730337079,0.801217038539554,Zea_mays,high_confidence_IR
Zm00001eb033210,Zm00001eb033210.intron1,Zm00001eb033210|1:184901162-184903767:+,1,184901162,184903767,+,Zm00001eb033210_T001,1,no,666,44,666,710,0.938028169014084,1,Zea_mays,high_confidence_IR
Zm00001eb033450,Zm00001eb033450.intron1,Zm00001eb033450|1:186171632-186171911:+,1,186171632,186171911,+,Zm00001eb033450_T001,1,no,5212,124,5212,5336,0.976761619190405,1,Zea_mays,high_confidence_IR
Zm00001eb033470,Zm00001eb033470.intron2,Zm00001eb033470|1:186173450-186174100:-,1,186173450,186174100,-,Zm00001eb033470_T001,1,yes,6252,728,5588,6980,0.895702005730659,0.893793985924504,Zea_mays,high_confidence_IR
Zm00001eb033700,Zm00001eb033700.intron1,Zm00001eb033700|1:186983211-186986725:-,1,186983211,186986725,-,Zm00001eb033700_T001,1,yes,467,14,440,481,0.970893970893971,0.942184154175589,Zea_mays,high_confidence_IR
Zm00001eb033930,Zm00001eb033930.intron3,Zm00001eb033930|1:187896246-187896389:+,1,187896246,187896389,+,Zm00001eb033930_T003,1,yes,7452,85,5483,7537,0.988722303303702,0.735775630703167,Zea_mays,high_confidence_IR
Zm00001eb033940,Zm00001eb033940.intron1,Zm00001eb033940|1:187911839-187912259:-,1,187911839,187912259,-,Zm00001eb033940_T001,1,no,27,67,27,94,0.287234042553192,1,Zea_mays,high_confidence_IR
Zm00001eb034130,Zm00001eb034130.intron1,Zm00001eb034130|1:188406689-188406737:-,1,188406689,188406737,-,Zm00001eb034130_T002,1,yes,208474,45,154638,208519,0.999784192327797,0.741761562592937,Zea_mays,high_confidence_IR
Zm00001eb034150,Zm00001eb034150.intron1,Zm00001eb034150|1:188448741-188448862:+,1,188448741,188448862,+,Zm00001eb034150_T001,1,no,16,25,16,41,0.390243902439024,1,Zea_mays,high_confidence_IR
Zm00001eb034180,Zm00001eb034180.intron10,Zm00001eb034180|1:188760891-188764186:+,1,188760891,188764186,+,Zm00001eb034180_T001,1,no,190,31,135,221,0.85972850678733,0.710526315789474,Zea_mays,high_confidence_IR
Zm00001eb034380,Zm00001eb034380.intron1,Zm00001eb034380|1:189639778-189640784:+,1,189639778,189640784,+,Zm00001eb034380_T001,1,no,181,6,181,187,0.967914438502674,1,Zea_mays,high_confidence_IR
Zm00001eb034930,Zm00001eb034930.intron1,Zm00001eb034930|1:192219974-192223944:+,1,192219974,192223944,+,Zm00001eb034930_T001,1,no,15,38,15,53,0.283018867924528,1,Zea_mays,high_confidence_IR
Zm00001eb034950,Zm00001eb034950.intron1,Zm00001eb034950|1:192262122-192264279:-,1,192262122,192264279,-,Zm00001eb034950_T001,1,no,2280,2532,2280,4812,0.473815461346633,1,Zea_mays,high_confidence_IR
Zm00001eb035070,Zm00001eb035070.intron1,Zm00001eb035070|1:192793735-192793819:-,1,192793735,192793819,-,Zm00001eb035070_T001,1,no,79,59,79,138,0.572463768115942,1,Zea_mays,high_confidence_IR
Zm00001eb035250,Zm00001eb035250.intron2,Zm00001eb035250|1:193304902-193307198:+,1,193304902,193307198,+,Zm00001eb035250_T001,1,no,49,20,48,69,0.710144927536232,0.979591836734694,Zea_mays,high_confidence_IR
Zm00001eb035330,Zm00001eb035330.intron1,Zm00001eb035330|1:193588179-193588476:+,1,193588179,193588476,+,Zm00001eb035330_T001,1,no,16,26,16,42,0.380952380952381,1,Zea_mays,high_confidence_IR
Zm00001eb035890,Zm00001eb035890.intron1,Zm00001eb035890|1:195840462-195840720:-,1,195840462,195840720,-,Zm00001eb035890_T002,1,yes,6,7,6,13,0.461538461538462,1,Zea_mays,high_confidence_IR
Zm00001eb036270,Zm00001eb036270.intron1,Zm00001eb036270|1:197381450-197382118:+,1,197381450,197382118,+,Zm00001eb036270_T001,1,yes,88,12,88,100,0.88,1,Zea_mays,high_confidence_IR
Zm00001eb036310,Zm00001eb036310.intron1,Zm00001eb036310|1:197587135-197587598:+,1,197587135,197587598,+,Zm00001eb036310_T001,1,no,42,35,42,77,0.545454545454545,1,Zea_mays,high_confidence_IR
Zm00001eb036350,Zm00001eb036350.intron3,Zm00001eb036350|1:197654575-197656785:+,1,197654575,197656785,+,Zm00001eb036350_T002,1,yes,10483,1183,7833,11666,0.898594205383165,0.747209768196127,Zea_mays,high_confidence_IR
Zm00001eb037340,Zm00001eb037340.intron1,Zm00001eb037340|1:200886305-200886371:+,1,200886305,200886371,+,Zm00001eb037340_T001,1,no,8,23,8,31,0.258064516129032,1,Zea_mays,high_confidence_IR
Zm00001eb037730,Zm00001eb037730.intron3,Zm00001eb037730|1:202841828-202841910:+,1,202841828,202841910,+,Zm00001eb037730_T001,1,no,195,34,149,229,0.851528384279476,0.764102564102564,Zea_mays,high_confidence_IR
Zm00001eb037940,Zm00001eb037940.intron4,Zm00001eb037940|1:203410722-203410848:-,1,203410722,203410848,-,Zm00001eb037940_T001,1,yes,473,139,359,612,0.772875816993464,0.758985200845666,Zea_mays,high_confidence_IR
Zm00001eb038320,Zm00001eb038320.intron1,Zm00001eb038320|1:204777560-204777689:+,1,204777560,204777689,+,Zm00001eb038320_T001,1,no,6,9,6,15,0.4,1,Zea_mays,high_confidence_IR
Zm00001eb038640,Zm00001eb038640.intron1,Zm00001eb038640|1:206227454-206227572:+,1,206227454,206227572,+,Zm00001eb038640_T001,1,yes,2158,14,2158,2172,0.993554327808471,1,Zea_mays,high_confidence_IR
Zm00001eb038690,Zm00001eb038690.intron2,Zm00001eb038690|1:206556036-206556129:+,1,206556036,206556129,+,Zm00001eb038690_T001,1,no,111,96,83,207,0.536231884057971,0.747747747747748,Zea_mays,high_confidence_IR
Zm00001eb039040,Zm00001eb039040.intron2,Zm00001eb039040|1:208458697-208458809:-,1,208458697,208458809,-,Zm00001eb039040_T002,1,yes,5245,1375,4255,6620,0.792296072507553,0.811248808388942,Zea_mays,high_confidence_IR
Zm00001eb040430,Zm00001eb040430.intron1,Zm00001eb040430|1:213000574-213000702:-,1,213000574,213000702,-,Zm00001eb040430_T001,1,no,25,63,25,88,0.284090909090909,1,Zea_mays,high_confidence_IR
Zm00001eb040610,Zm00001eb040610.intron1,Zm00001eb040610|1:214009317-214009486:-,1,214009317,214009486,-,Zm00001eb040610_T001,1,no,1769,23,1769,1792,0.987165178571429,1,Zea_mays,high_confidence_IR
Zm00001eb040630,Zm00001eb040630.intron3,Zm00001eb040630|1:214041987-214042265:-,1,214041987,214042265,-,Zm00001eb040630_T001,1,no,1949,3348,1585,5297,0.367944119312819,0.813237557721909,Zea_mays,high_confidence_IR
Zm00001eb040690,Zm00001eb040690.intron2,Zm00001eb040690|1:214167719-214168693:-,1,214167719,214168693,-,Zm00001eb040690_T001,1,yes,3018,40,2445,3058,0.986919555264879,0.81013916500994,Zea_mays,high_confidence_IR
Zm00001eb041200,Zm00001eb041200.intron2,Zm00001eb041200|1:216883000-216883214:-,1,216883000,216883214,-,Zm00001eb041200_T002,1,yes,11522,382,10384,11904,0.967909946236559,0.901232424926228,Zea_mays,high_confidence_IR
Zm00001eb041280,Zm00001eb041280.intron1,Zm00001eb041280|1:217340531-217340746:-,1,217340531,217340746,-,Zm00001eb041280_T001,1,yes,220,24,171,244,0.901639344262295,0.777272727272727,Zea_mays,high_confidence_IR
Zm00001eb041440,Zm00001eb041440.intron2,Zm00001eb041440|1:218165283-218165361:+,1,218165283,218165361,+,Zm00001eb041440_T001,1,no,109,23,80,132,0.825757575757576,0.73394495412844,Zea_mays,high_confidence_IR
Zm00001eb041610,Zm00001eb041610.intron1,Zm00001eb041610|1:219033924-219035338:+,1,219033924,219035338,+,Zm00001eb041610_T001,1,no,121,197,121,318,0.380503144654088,1,Zea_mays,high_confidence_IR
Zm00001eb041710,Zm00001eb041710.intron5,Zm00001eb041710|1:219562940-219563541:-,1,219562940,219563541,-,Zm00001eb041710_T002,1,yes,10,34,9,44,0.227272727272727,0.9,Zea_mays,high_confidence_IR
Zm00001eb041900,Zm00001eb041900.intron1,Zm00001eb041900|1:220651294-220652148:+,1,220651294,220652148,+,Zm00001eb041900_T001,1,no,815,2664,666,3479,0.234262719172176,0.817177914110429,Zea_mays,high_confidence_IR
Zm00001eb041990,Zm00001eb041990.intron3,Zm00001eb041990|1:221334308-221334436:-,1,221334308,221334436,-,Zm00001eb041990_T002,1,yes,4938,15,4165,4953,0.996971532404603,0.843458890238963,Zea_mays,high_confidence_IR
Zm00001eb042030,Zm00001eb042030.intron3,Zm00001eb042030|1:221472479-221476621:-,1,221472479,221476621,-,Zm00001eb042030_T003,1,yes,2312,144,1622,2456,0.941368078175896,0.701557093425606,Zea_mays,high_confidence_IR
Zm00001eb042100,Zm00001eb042100.intron1,Zm00001eb042100|1:221663535-221663613:+,1,221663535,221663613,+,Zm00001eb042100_T002,1,yes,595,10,595,605,0.983471074380165,1,Zea_mays,high_confidence_IR
Zm00001eb042220,Zm00001eb042220.intron2,Zm00001eb042220|1:222345851-222346317:-,1,222345851,222346317,-,Zm00001eb042220_T001,1,no,362,54,290,416,0.870192307692308,0.801104972375691,Zea_mays,high_confidence_IR
Zm00001eb042250,Zm00001eb042250.intron1,Zm00001eb042250|1:222562917-222563146:-,1,222562917,222563146,-,Zm00001eb042250_T001,1,no,393,54,393,447,0.879194630872483,1,Zea_mays,high_confidence_IR
Zm00001eb042680,Zm00001eb042680.intron1,Zm00001eb042680|1:225018584-225018679:+,1,225018584,225018679,+,Zm00001eb042680_T001,1,no,42,29,40,71,0.591549295774648,0.952380952380952,Zea_mays,high_confidence_IR
Zm00001eb042730,Zm00001eb042730.intron2,Zm00001eb042730|1:225400482-225401272:+,1,225400482,225401272,+,Zm00001eb042730_T001,1,yes,6179,59,4407,6238,0.99054184033344,0.713222204240168,Zea_mays,high_confidence_IR
Zm00001eb042930,Zm00001eb042930.intron1,Zm00001eb042930|1:226306773-226306849:-,1,226306773,226306849,-,Zm00001eb042930_T001,1,no,589,77,589,666,0.884384384384384,1,Zea_mays,high_confidence_IR
Zm00001eb043060,Zm00001eb043060.intron1,Zm00001eb043060|1:227406545-227406625:+,1,227406545,227406625,+,Zm00001eb043060_T002,1,yes,3660,96,3660,3756,0.97444089456869,1,Zea_mays,high_confidence_IR
Zm00001eb043520,Zm00001eb043520.intron1,Zm00001eb043520|1:228772941-228773122:+,1,228772941,228773122,+,Zm00001eb043520_T001,1,no,139,523,139,662,0.209969788519637,1,Zea_mays,high_confidence_IR
Zm00001eb043660,Zm00001eb043660.intron1,Zm00001eb043660|1:229399745-229405000:+,1,229399745,229405000,+,Zm00001eb043660_T001,1,no,7,15,7,22,0.318181818181818,1,Zea_mays,high_confidence_IR
Zm00001eb044180,Zm00001eb044180.intron2,Zm00001eb044180|1:231628178-231632829:+,1,231628178,231632829,+,Zm00001eb044180_T003,1,yes,4170,23,3049,4193,0.994514667302647,0.731175059952038,Zea_mays,high_confidence_IR
Zm00001eb044680,Zm00001eb044680.intron1,Zm00001eb044680|1:233091112-233094673:-,1,233091112,233094673,-,Zm00001eb044680_T001,1,no,19,38,14,57,0.333333333333333,0.736842105263158,Zea_mays,high_confidence_IR
Zm00001eb044800,Zm00001eb044800.intron1,Zm00001eb044800|1:233537998-233538188:-,1,233537998,233538188,-,Zm00001eb044800_T001,1,no,16,18,16,34,0.470588235294118,1,Zea_mays,high_confidence_IR
Zm00001eb045330,Zm00001eb045330.intron1,Zm00001eb045330|1:235234048-235234177:-,1,235234048,235234177,-,Zm00001eb045330_T001,1,no,40,86,40,126,0.317460317460317,1,Zea_mays,high_confidence_IR
Zm00001eb045350,Zm00001eb045350.intron9,Zm00001eb045350|1:235269465-235269585:-,1,235269465,235269585,-,Zm00001eb045350_T001,1,yes,6585,79,6353,6664,0.988145258103241,0.964768413059985,Zea_mays,high_confidence_IR
Zm00001eb045530,Zm00001eb045530.intron6,Zm00001eb045530|1:235840935-235840964:+,1,235840935,235840964,+,Zm00001eb045530_T002,1,yes,3646,360,2715,4006,0.910134797803295,0.744651673066374,Zea_mays,high_confidence_IR
Zm00001eb045620,Zm00001eb045620.intron2,Zm00001eb045620|1:236025168-236025808:+,1,236025168,236025808,+,Zm00001eb045620_T002,1,yes,4680,20,3522,4700,0.995744680851064,0.752564102564103,Zea_mays,high_confidence_IR
Zm00001eb045720,Zm00001eb045720.intron4,Zm00001eb045720|1:236618390-236619059:-,1,236618390,236619059,-,Zm00001eb045720_T001,1,no,17,44,13,61,0.278688524590164,0.764705882352941,Zea_mays,high_confidence_IR
Zm00001eb046050,Zm00001eb046050.intron1,Zm00001eb046050|1:238445966-238446075:-,1,238445966,238446075,-,Zm00001eb046050_T002,1,yes,5062,7,3552,5069,0.998619057013218,0.701698933227973,Zea_mays,high_confidence_IR
Zm00001eb046430,Zm00001eb046430.intron1,Zm00001eb046430|1:239974434-239976057:+,1,239974434,239976057,+,Zm00001eb046430_T002,1,yes,9791,177,7996,9968,0.982243178170145,0.816668368910224,Zea_mays,high_confidence_IR
Zm00001eb046600,Zm00001eb046600.intron1,Zm00001eb046600|1:240327979-240328069:+,1,240327979,240328069,+,Zm00001eb046600_T001,1,no,44,5,44,49,0.897959183673469,1,Zea_mays,high_confidence_IR
Zm00001eb046920,Zm00001eb046920.intron1,Zm00001eb046920|1:241460776-241460835:+,1,241460776,241460835,+,Zm00001eb046920_T002,1,yes,16453,237,16453,16690,0.985799880167765,1,Zea_mays,high_confidence_IR
Zm00001eb047020,Zm00001eb047020.intron1,Zm00001eb047020|1:241796282-241796689:+,1,241796282,241796689,+,Zm00001eb047020_T001,1,no,147,441,147,588,0.25,1,Zea_mays,high_confidence_IR
Zm00001eb047220,Zm00001eb047220.intron1,Zm00001eb047220|1:242675657-242677302:-,1,242675657,242677302,-,Zm00001eb047220_T001,1,no,627,24,627,651,0.963133640552995,1,Zea_mays,high_confidence_IR
Zm00001eb047230,Zm00001eb047230.intron1,Zm00001eb047230|1:242694129-242695773:-,1,242694129,242695773,-,Zm00001eb047230_T001,1,no,297,15,297,312,0.951923076923077,1,Zea_mays,high_confidence_IR
Zm00001eb047380,Zm00001eb047380.intron1,Zm00001eb047380|1:243395111-243395249:-,1,243395111,243395249,-,Zm00001eb047380_T001,1,no,151,544,151,695,0.21726618705036,1,Zea_mays,high_confidence_IR
Zm00001eb047560,Zm00001eb047560.intron1,Zm00001eb047560|1:244237250-244237585:-,1,244237250,244237585,-,Zm00001eb047560_T001,1,yes,1417,39,1417,1456,0.973214285714286,1,Zea_mays,high_confidence_IR
Zm00001eb047660,Zm00001eb047660.intron2,Zm00001eb047660|1:244931106-244931162:-,1,244931106,244931162,-,Zm00001eb047660_T001,1,yes,1223,48,1020,1271,0.962234461054288,0.834014717906787,Zea_mays,high_confidence_IR
Zm00001eb047680,Zm00001eb047680.intron1,Zm00001eb047680|1:245069360-245069441:-,1,245069360,245069441,-,Zm00001eb047680_T001,1,no,397,197,397,594,0.668350168350168,1,Zea_mays,high_confidence_IR
Zm00001eb047910,Zm00001eb047910.intron1,Zm00001eb047910|1:246244997-246245131:+,1,246244997,246245131,+,Zm00001eb047910_T001,1,yes,152,99,152,251,0.605577689243028,1,Zea_mays,high_confidence_IR
Zm00001eb048410,Zm00001eb048410.intron1,Zm00001eb048410|1:248673144-248673261:-,1,248673144,248673261,-,Zm00001eb048410_T001,1,no,82,239,64,321,0.255451713395639,0.780487804878049,Zea_mays,high_confidence_IR
Zm00001eb048480,Zm00001eb048480.intron1,Zm00001eb048480|1:249024818-249025152:+,1,249024818,249025152,+,Zm00001eb048480_T001,1,yes,6379,34,6379,6413,0.994698269140808,1,Zea_mays,high_confidence_IR
Zm00001eb048520,Zm00001eb048520.intron2,Zm00001eb048520|1:249176731-249176882:+,1,249176731,249176882,+,Zm00001eb048520_T002,1,yes,1033,250,937,1283,0.80514419329696,0.907066795740561,Zea_mays,high_confidence_IR
Zm00001eb049260,Zm00001eb049260.intron1,Zm00001eb049260|1:252339097-252339206:-,1,252339097,252339206,-,Zm00001eb049260_T001,1,no,29,61,29,90,0.322222222222222,1,Zea_mays,high_confidence_IR
Zm00001eb049740,Zm00001eb049740.intron1,Zm00001eb049740|1:254193658-254193734:-,1,254193658,254193734,-,Zm00001eb049740_T001,1,no,60,154,60,214,0.280373831775701,1,Zea_mays,high_confidence_IR
Zm00001eb049780,Zm00001eb049780.intron2,Zm00001eb049780|1:254205268-254206161:-,1,254205268,254206161,-,Zm00001eb049780_T001,1,yes,5223,467,4455,5690,0.91792618629174,0.85295807007467,Zea_mays,high_confidence_IR
Zm00001eb050020,Zm00001eb050020.intron1,Zm00001eb050020|1:255224493-255224722:-,1,255224493,255224722,-,Zm00001eb050020_T001,1,no,115,124,115,239,0.481171548117155,1,Zea_mays,high_confidence_IR
Zm00001eb050040,Zm00001eb050040.intron1,Zm00001eb050040|1:255231750-255232073:+,1,255231750,255232073,+,Zm00001eb050040_T002,1,yes,2092,28,1506,2120,0.986792452830189,0.719885277246654,Zea_mays,high_confidence_IR
Zm00001eb050060,Zm00001eb050060.intron1,Zm00001eb050060|1:255330310-255332650:+,1,255330310,255332650,+,Zm00001eb050060_T001,1,no,40305,30,40305,40335,0.999256229081443,1,Zea_mays,high_confidence_IR
Zm00001eb050120,Zm00001eb050120.intron1,Zm00001eb050120|1:255415141-255415219:+,1,255415141,255415219,+,Zm00001eb050120_T001,1,no,43,168,43,211,0.203791469194313,1,Zea_mays,high_confidence_IR
Zm00001eb050300,Zm00001eb050300.intron1,Zm00001eb050300|1:256448395-256450646:+,1,256448395,256450646,+,Zm00001eb050300_T001,1,no,11,9,11,20,0.55,1,Zea_mays,high_confidence_IR
Zm00001eb050310,Zm00001eb050310.intron2,Zm00001eb050310|1:256455109-256456827:+,1,256455109,256456827,+,Zm00001eb050310_T001,1,yes,6991,103,6348,7094,0.985480687905272,0.908024603061079,Zea_mays,high_confidence_IR
Zm00001eb050370,Zm00001eb050370.intron1,Zm00001eb050370|1:257035780-257037751:+,1,257035780,257037751,+,Zm00001eb050370_T001,1,yes,31,61,31,92,0.33695652173913,1,Zea_mays,high_confidence_IR
Zm00001eb050520,Zm00001eb050520.intron1,Zm00001eb050520|1:257330685-257330794:-,1,257330685,257330794,-,Zm00001eb050520_T001,1,no,295,419,295,714,0.413165266106443,1,Zea_mays,high_confidence_IR
Zm00001eb050960,Zm00001eb050960.intron2,Zm00001eb050960|1:259607749-259607822:-,1,259607749,259607822,-,Zm00001eb050960_T001,1,no,40,102,34,142,0.28169014084507,0.85,Zea_mays,high_confidence_IR
Zm00001eb051400,Zm00001eb051400.intron1,Zm00001eb051400|1:261090799-261090948:+,1,261090799,261090948,+,Zm00001eb051400_T001,1,no,81,102,66,183,0.442622950819672,0.814814814814815,Zea_mays,high_confidence_IR
Zm00001eb051570,Zm00001eb051570.intron1,Zm00001eb051570|1:261608667-261609406:-,1,261608667,261609406,-,Zm00001eb051570_T001,1,no,52,28,52,80,0.65,1,Zea_mays,high_confidence_IR
Zm00001eb051610,Zm00001eb051610.intron3,Zm00001eb051610|1:261783336-261783749:+,1,261783336,261783749,+,Zm00001eb051610_T001,1,yes,4537,510,3659,5047,0.89894987121062,0.806480052898391,Zea_mays,high_confidence_IR
Zm00001eb052070,Zm00001eb052070.intron5,Zm00001eb052070|1:263731205-263731269:-,1,263731205,263731269,-,Zm00001eb052070_T002,1,yes,5659,30,4466,5689,0.994726665494815,0.789185368439654,Zea_mays,high_confidence_IR
Zm00001eb052120,Zm00001eb052120.intron1,Zm00001eb052120|1:263996886-263997036:+,1,263996886,263997036,+,Zm00001eb052120_T001,1,no,360,1334,305,1694,0.212514757969303,0.847222222222222,Zea_mays,high_confidence_IR
Zm00001eb052620,Zm00001eb052620.intron1,Zm00001eb052620|1:265334467-265335294:-,1,265334467,265335294,-,Zm00001eb052620_T001,1,no,5,20,5,25,0.2,1,Zea_mays,high_confidence_IR
Zm00001eb052770,Zm00001eb052770.intron1,Zm00001eb052770|1:265805803-265805916:+,1,265805803,265805916,+,Zm00001eb052770_T001,1,no,193,84,193,277,0.696750902527076,1,Zea_mays,high_confidence_IR
Zm00001eb052850,Zm00001eb052850.intron7,Zm00001eb052850|1:266071099-266073054:+,1,266071099,266073054,+,Zm00001eb052850_T001,1,yes,3777,71,2742,3848,0.981548856548857,0.725972994440032,Zea_mays,high_confidence_IR
Zm00001eb053090,Zm00001eb053090.intron1,Zm00001eb053090|1:267197515-267197653:-,1,267197515,267197653,-,Zm00001eb053090_T001,1,no,69,224,69,293,0.235494880546075,1,Zea_mays,high_confidence_IR
Zm00001eb053330,Zm00001eb053330.intron1,Zm00001eb053330|1:268186608-268188640:+,1,268186608,268188640,+,Zm00001eb053330_T001,1,yes,15857,7,14506,15864,0.999558749369642,0.914801034243552,Zea_mays,high_confidence_IR
Zm00001eb053410,Zm00001eb053410.intron2,Zm00001eb053410|1:268601149-268607048:+,1,268601149,268607048,+,Zm00001eb053410_T002,1,yes,3872,168,3608,4040,0.958415841584158,0.931818181818182,Zea_mays,high_confidence_IR
Zm00001eb053690,Zm00001eb053690.intron1,Zm00001eb053690|1:269552906-269552997:+,1,269552906,269552997,+,Zm00001eb053690_T001,1,yes,560,69,471,629,0.890302066772655,0.841071428571429,Zea_mays,high_confidence_IR
Zm00001eb053720,Zm00001eb053720.intron1,Zm00001eb053720|1:269701081-269701221:-,1,269701081,269701221,-,Zm00001eb053720_T001,1,yes,228,102,228,330,0.690909090909091,1,Zea_mays,high_confidence_IR
Zm00001eb053740,Zm00001eb053740.intron1,Zm00001eb053740|1:269771667-269789947:+,1,269771667,269789947,+,Zm00001eb053740_T001,1,no,625,1569,625,2194,0.284867821330902,1,Zea_mays,high_confidence_IR
Zm00001eb054350,Zm00001eb054350.intron1,Zm00001eb054350|1:271746211-271746298:+,1,271746211,271746298,+,Zm00001eb054350_T001,1,no,16,22,16,38,0.421052631578947,1,Zea_mays,high_confidence_IR
Zm00001eb054680,Zm00001eb054680.intron5,Zm00001eb054680|1:273593591-273595127:-,1,273593591,273595127,-,Zm00001eb054680_T003,1,yes,25845,6,21148,25851,0.999767900661483,0.818262720061907,Zea_mays,high_confidence_IR
Zm00001eb054700,Zm00001eb054700.intron1,Zm00001eb054700|1:273720884-273720975:-,1,273720884,273720975,-,Zm00001eb054700_T001,1,no,399,1436,399,1835,0.217438692098093,1,Zea_mays,high_confidence_IR
Zm00001eb054800,Zm00001eb054800.intron4,Zm00001eb054800|1:273908848-273909098:-,1,273908848,273909098,-,Zm00001eb054800_T001,1,yes,3658,151,2670,3809,0.96035704909425,0.729907053034445,Zea_mays,high_confidence_IR
Zm00001eb054880,Zm00001eb054880.intron1,Zm00001eb054880|1:274144583-274144685:+,1,274144583,274144685,+,Zm00001eb054880_T001,1,no,1589,623,1589,2212,0.718354430379747,1,Zea_mays,high_confidence_IR
Zm00001eb055240,Zm00001eb055240.intron1,Zm00001eb055240|1:275390034-275390114:-,1,275390034,275390114,-,Zm00001eb055240_T001,1,no,6,7,6,13,0.461538461538462,1,Zea_mays,high_confidence_IR
Zm00001eb055250,Zm00001eb055250.intron2,Zm00001eb055250|1:275390693-275391720:-,1,275390693,275391720,-,Zm00001eb055250_T001,1,no,18,13,16,31,0.580645161290323,0.888888888888889,Zea_mays,high_confidence_IR
Zm00001eb055840,Zm00001eb055840.intron2,Zm00001eb055840|1:277518171-277521763:-,1,277518171,277521763,-,Zm00001eb055840_T002,1,yes,1485,7,1425,1492,0.995308310991957,0.95959595959596,Zea_mays,high_confidence_IR
Zm00001eb056150,Zm00001eb056150.intron1,Zm00001eb056150|1:279292296-279296636:-,1,279292296,279296636,-,Zm00001eb056150_T001,1,no,583,506,583,1089,0.535353535353535,1,Zea_mays,high_confidence_IR
Zm00001eb056650,Zm00001eb056650.intron2,Zm00001eb056650|1:281135720-281137857:-,1,281135720,281137857,-,Zm00001eb056650_T001,1,yes,2273,233,1850,2506,0.907023144453312,0.813902331720194,Zea_mays,high_confidence_IR
Zm00001eb057060,Zm00001eb057060.intron1,Zm00001eb057060|1:282352897-282352992:-,1,282352897,282352992,-,Zm00001eb057060_T002,1,yes,4333,66,3252,4399,0.984996590134121,0.750519270713132,Zea_mays,high_confidence_IR
Zm00001eb057120,Zm00001eb057120.intron2,Zm00001eb057120|1:282510329-282510445:-,1,282510329,282510445,-,Zm00001eb057120_T002,1,yes,1220,18,1153,1238,0.98546042003231,0.945081967213115,Zea_mays,high_confidence_IR
Zm00001eb057690,Zm00001eb057690.intron3,Zm00001eb057690|1:284461727-284462516:+,1,284461727,284462516,+,Zm00001eb057690_T002,1,yes,57430,9,48508,57439,0.999843312035377,0.844645655580707,Zea_mays,high_confidence_IR
Zm00001eb057790,Zm00001eb057790.intron1,Zm00001eb057790|1:284780609-284780697:+,1,284780609,284780697,+,Zm00001eb057790_T001,1,no,757,1836,757,2593,0.291939838025453,1,Zea_mays,high_confidence_IR
Zm00001eb058300,Zm00001eb058300.intron3,Zm00001eb058300|1:286441320-286442231:+,1,286441320,286442231,+,Zm00001eb058300_T002,1,yes,1439,16,1105,1455,0.989003436426117,0.767894371091035,Zea_mays,high_confidence_IR
Zm00001eb058330,Zm00001eb058330.intron3,Zm00001eb058330|1:286557107-286559573:-,1,286557107,286559573,-,Zm00001eb058330_T001,1,yes,6600,84,4835,6684,0.987432675044883,0.732575757575758,Zea_mays,high_confidence_IR
Zm00001eb058370,Zm00001eb058370.intron1,Zm00001eb058370|1:286712235-286712313:-,1,286712235,286712313,-,Zm00001eb058370_T001;Zm00001eb058370_T003,2,yes,15042,5,15042,15047,0.999667707848741,1,Zea_mays,high_confidence_IR
Zm00001eb058980,Zm00001eb058980.intron1,Zm00001eb058980|1:288752545-288753530:-,1,288752545,288753530,-,Zm00001eb058980_T001,1,no,20048,2568,20048,22616,0.886452069331447,1,Zea_mays,high_confidence_IR
Zm00001eb059450,Zm00001eb059450.intron1,Zm00001eb059450|1:290386626-290386694:-,1,290386626,290386694,-,Zm00001eb059450_T001,1,no,121,5,121,126,0.96031746031746,1,Zea_mays,high_confidence_IR
Zm00001eb059650,Zm00001eb059650.intron3,Zm00001eb059650|1:290855954-290856031:-,1,290855954,290856031,-,Zm00001eb059650_T001,1,yes,15799,10,11745,15809,0.9993674489215,0.743401481106399,Zea_mays,high_confidence_IR
Zm00001eb059760,Zm00001eb059760.intron1,Zm00001eb059760|1:291811352-291811877:+,1,291811352,291811877,+,Zm00001eb059760_T001,1,no,180,131,132,311,0.578778135048232,0.733333333333333,Zea_mays,high_confidence_IR
Zm00001eb060640,Zm00001eb060640.intron1,Zm00001eb060640|1:294437970-294438278:+,1,294437970,294438278,+,Zm00001eb060640_T001,1,yes,9649,71,8309,9720,0.992695473251029,0.861125505233703,Zea_mays,high_confidence_IR
Zm00001eb060650,Zm00001eb060650.intron2,Zm00001eb060650|1:294510668-294511147:-,1,294510668,294511147,-,Zm00001eb060650_T001,1,yes,2256,7,2210,2263,0.99690676093681,0.979609929078014,Zea_mays,high_confidence_IR
Zm00001eb060930,Zm00001eb060930.intron1,Zm00001eb060930|1:295330337-295330585:+,1,295330337,295330585,+,Zm00001eb060930_T001,1,no,945,14,945,959,0.985401459854015,1,Zea_mays,high_confidence_IR
Zm00001eb061240,Zm00001eb061240.intron2,Zm00001eb061240|1:296261961-296262088:+,1,296261961,296262088,+,Zm00001eb061240_T001,1,no,302,11,257,313,0.964856230031949,0.850993377483444,Zea_mays,high_confidence_IR
Zm00001eb061560,Zm00001eb061560.intron3,Zm00001eb061560|1:297248256-297249003:+,1,297248256,297249003,+,Zm00001eb061560_T002,1,yes,40496,1116,33074,41612,0.973180813226954,0.816722639273015,Zea_mays,high_confidence_IR
Zm00001eb061670,Zm00001eb061670.intron1,Zm00001eb061670|1:297416159-297416265:+,1,297416159,297416265,+,Zm00001eb061670_T002,1,yes,8554,230,8554,8784,0.973816029143898,1,Zea_mays,high_confidence_IR
Zm00001eb061770,Zm00001eb061770.intron2,Zm00001eb061770|1:297578025-297581228:-,1,297578025,297581228,-,Zm00001eb061770_T001,1,no,23,26,19,49,0.469387755102041,0.826086956521739,Zea_mays,high_confidence_IR
Zm00001eb062050,Zm00001eb062050.intron1,Zm00001eb062050|1:298732174-298732559:-,1,298732174,298732559,-,Zm00001eb062050_T001,1,yes,34,62,34,96,0.354166666666667,1,Zea_mays,high_confidence_IR
Zm00001eb062130,Zm00001eb062130.intron2,Zm00001eb062130|1:298911185-298911755:+,1,298911185,298911755,+,Zm00001eb062130_T001,1,no,400,932,400,1332,0.3003003003003,1,Zea_mays,high_confidence_IR
Zm00001eb062300,Zm00001eb062300.intron1,Zm00001eb062300|1:299348728-299348842:-,1,299348728,299348842,-,Zm00001eb062300_T001,1,yes,431,1021,364,1452,0.296831955922865,0.844547563805104,Zea_mays,high_confidence_IR
Zm00001eb062350,Zm00001eb062350.intron3,Zm00001eb062350|1:299424124-299428838:-,1,299424124,299428838,-,Zm00001eb062350_T003,1,yes,2763,261,2402,3024,0.913690476190476,0.869344914947521,Zea_mays,high_confidence_IR
Zm00001eb062400,Zm00001eb062400.intron1,Zm00001eb062400|1:299551449-299551608:-,1,299551449,299551608,-,Zm00001eb062400_T001,1,no,24837,199,24837,25036,0.992051445917878,1,Zea_mays,high_confidence_IR
Zm00001eb062580,Zm00001eb062580.intron1,Zm00001eb062580|1:300194189-300194279:+,1,300194189,300194279,+,Zm00001eb062580_T001,1,no,515,947,515,1462,0.352257181942544,1,Zea_mays,high_confidence_IR
Zm00001eb062640,Zm00001eb062640.intron2,Zm00001eb062640|1:300347596-300347987:+,1,300347596,300347987,+,Zm00001eb062640_T001,1,yes,259,13,189,272,0.952205882352941,0.72972972972973,Zea_mays,high_confidence_IR
Zm00001eb062760,Zm00001eb062760.intron1,Zm00001eb062760|1:300693766-300694522:+,1,300693766,300694522,+,Zm00001eb062760_T001,1,no,4698,456,4698,5154,0.911525029103609,1,Zea_mays,high_confidence_IR
Zm00001eb062790,Zm00001eb062790.intron2,Zm00001eb062790|1:300702856-300703140:+,1,300702856,300703140,+,Zm00001eb062790_T001,1,yes,1087,15,824,1102,0.986388384754991,0.758049678012879,Zea_mays,high_confidence_IR
Zm00001eb062810,Zm00001eb062810.intron4,Zm00001eb062810|1:300802707-300802791:+,1,300802707,300802791,+,Zm00001eb062810_T001,1,no,1840,626,1476,2466,0.746147607461476,0.802173913043478,Zea_mays,high_confidence_IR
Zm00001eb062820,Zm00001eb062820.intron1,Zm00001eb062820|1:300812822-300812929:-,1,300812822,300812929,-,Zm00001eb062820_T001,1,yes,4159,99,4159,4258,0.976749647721935,1,Zea_mays,high_confidence_IR
Zm00001eb064350,Zm00001eb064350.intron1,Zm00001eb064350|1:304700160-304700282:-,1,304700160,304700282,-,Zm00001eb064350_T001;Zm00001eb064350_T003;Zm00001eb064350_T005,3,yes,1400,1788,1012,3188,0.439146800501882,0.722857142857143,Zea_mays,high_confidence_IR
Zm00001eb064420,Zm00001eb064420.intron2,Zm00001eb064420|1:304910407-304910507:+,1,304910407,304910507,+,Zm00001eb064420_T003,1,yes,4501,587,3376,5088,0.884630503144654,0.750055543212619,Zea_mays,high_confidence_IR
Zm00001eb064470,Zm00001eb064470.intron3,Zm00001eb064470|1:305086526-305086659:-,1,305086526,305086659,-,Zm00001eb064470_T002,1,yes,3240,22,2366,3262,0.993255671367259,0.730246913580247,Zea_mays,high_confidence_IR
Zm00001eb065150,Zm00001eb065150.intron1,Zm00001eb065150|1:307025253-307026648:+,1,307025253,307026648,+,Zm00001eb065150_T001,1,no,70,11,70,81,0.864197530864197,1,Zea_mays,high_confidence_IR
Zm00001eb065320,Zm00001eb065320.intron1,Zm00001eb065320|1:307493127-307493686:+,1,307493127,307493686,+,Zm00001eb065320_T001,1,no,456,30,456,486,0.938271604938272,1,Zea_mays,high_confidence_IR
Zm00001eb065350,Zm00001eb065350.intron1,Zm00001eb065350|1:307509476-307509576:-,1,307509476,307509576,-,Zm00001eb065350_T001,1,no,386,148,386,534,0.722846441947566,1,Zea_mays,high_confidence_IR
Zm00001eb404890,Zm00001eb404890.intron1,Zm00001eb404890|10:791892-791992:+,10,791892,791992,+,Zm00001eb404890_T001,1,no,121,299,121,420,0.288095238095238,1,Zea_mays,high_confidence_IR
Zm00001eb404980,Zm00001eb404980.intron3,Zm00001eb404980|10:1060376-1061374:-,10,1060376,1061374,-,Zm00001eb404980_T001;Zm00001eb404980_T003,2,yes,1290,127,923,1417,0.910374029640085,0.715503875968992,Zea_mays,high_confidence_IR
Zm00001eb405250,Zm00001eb405250.intron2,Zm00001eb405250|10:1558174-1558339:-,10,1558174,1558339,-,Zm00001eb405250_T002,1,yes,690,87,586,777,0.888030888030888,0.849275362318841,Zea_mays,high_confidence_IR
Zm00001eb405380,Zm00001eb405380.intron1,Zm00001eb405380|10:1933445-1933576:-,10,1933445,1933576,-,Zm00001eb405380_T001,1,no,2899,2463,2899,5362,0.540656471465871,1,Zea_mays,high_confidence_IR
Zm00001eb405860,Zm00001eb405860.intron2,Zm00001eb405860|10:2825611-2825687:-,10,2825611,2825687,-,Zm00001eb405860_T002,1,yes,1537,13,1078,1550,0.991612903225806,0.701366297983084,Zea_mays,high_confidence_IR
Zm00001eb406060,Zm00001eb406060.intron8,Zm00001eb406060|10:3608304-3608866:-,10,3608304,3608866,-,Zm00001eb406060_T002,1,yes,4040,242,3008,4282,0.943484353106025,0.744554455445545,Zea_mays,high_confidence_IR
Zm00001eb406480,Zm00001eb406480.intron2,Zm00001eb406480|10:4282439-4282543:-,10,4282439,4282543,-,Zm00001eb406480_T001,1,yes,719,287,572,1006,0.714711729622266,0.795549374130737,Zea_mays,high_confidence_IR
Zm00001eb406770,Zm00001eb406770.intron7,Zm00001eb406770|10:5112805-5112879:-,10,5112805,5112879,-,Zm00001eb406770_T001,1,no,385,16,282,401,0.960099750623441,0.732467532467532,Zea_mays,high_confidence_IR
Zm00001eb407390,Zm00001eb407390.intron1,Zm00001eb407390|10:7197685-7212336:-,10,7197685,7212336,-,Zm00001eb407390_T001,1,no,376,5,277,381,0.986876640419947,0.736702127659574,Zea_mays,high_confidence_IR
Zm00001eb407480,Zm00001eb407480.intron2,Zm00001eb407480|10:7276916-7280316:+,10,7276916,7280316,+,Zm00001eb407480_T003,1,yes,2694,19,1899,2713,0.992996682639145,0.704899777282851,Zea_mays,high_confidence_IR
Zm00001eb407830,Zm00001eb407830.intron1,Zm00001eb407830|10:9362288-9362383:+,10,9362288,9362383,+,Zm00001eb407830_T001,1,yes,1289,27,1289,1316,0.979483282674772,1,Zea_mays,high_confidence_IR
Zm00001eb407990,Zm00001eb407990.intron3,Zm00001eb407990|10:9990612-9990703:-,10,9990612,9990703,-,Zm00001eb407990_T001,1,no,2566,1492,2111,4058,0.632331197634303,0.822681215900234,Zea_mays,high_confidence_IR
Zm00001eb408010,Zm00001eb408010.intron3,Zm00001eb408010|10:10047501-10047602:-,10,10047501,10047602,-,Zm00001eb408010_T002,1,yes,1052996,28,837019,1053024,0.999973409912784,0.794892858092528,Zea_mays,high_confidence_IR
Zm00001eb408600,Zm00001eb408600.intron5,Zm00001eb408600|10:12581252-12587929:+,10,12581252,12587929,+,Zm00001eb408600_T002,1,yes,1114,325,805,1439,0.77414871438499,0.72262118491921,Zea_mays,high_confidence_IR
Zm00001eb408820,Zm00001eb408820.intron2,Zm00001eb408820|10:13953634-13953834:+,10,13953634,13953834,+,Zm00001eb408820_T001,1,no,9,21,8,30,0.3,0.888888888888889,Zea_mays,high_confidence_IR
Zm00001eb409430,Zm00001eb409430.intron3,Zm00001eb409430|10:17613033-17613144:-,10,17613033,17613144,-,Zm00001eb409430_T001,1,yes,13621,154,12316,13775,0.988820326678766,0.904192056383525,Zea_mays,high_confidence_IR
Zm00001eb409570,Zm00001eb409570.intron4,Zm00001eb409570|10:18756468-18758283:+,10,18756468,18758283,+,Zm00001eb409570_T002,1,yes,4378,5,3466,4383,0.998859228838695,0.79168570123344,Zea_mays,high_confidence_IR
Zm00001eb409620,Zm00001eb409620.intron2,Zm00001eb409620|10:18845073-18845197:+,10,18845073,18845197,+,Zm00001eb409620_T001,1,yes,6263,564,5265,6827,0.917386846345393,0.840651444994412,Zea_mays,high_confidence_IR
Zm00001eb409950,Zm00001eb409950.intron6,Zm00001eb409950|10:22009200-22009987:+,10,22009200,22009987,+,Zm00001eb409950_T001,1,yes,12363,68,10130,12431,0.994529804520956,0.819380409285772,Zea_mays,high_confidence_IR
Zm00001eb410210,Zm00001eb410210.intron2,Zm00001eb410210|10:23623653-23623742:+,10,23623653,23623742,+,Zm00001eb410210_T002,1,yes,1907,374,1648,2281,0.836036825953529,0.86418458311484,Zea_mays,high_confidence_IR
Zm00001eb410330,Zm00001eb410330.intron4,Zm00001eb410330|10:24794062-24794113:-,10,24794062,24794113,-,Zm00001eb410330_T002,1,yes,1676,76,1303,1752,0.95662100456621,0.77744630071599,Zea_mays,high_confidence_IR
Zm00001eb410770,Zm00001eb410770.intron1,Zm00001eb410770|10:27096871-27096967:-,10,27096871,27096967,-,Zm00001eb410770_T001,1,no,5,11,5,16,0.3125,1,Zea_mays,high_confidence_IR
Zm00001eb410830,Zm00001eb410830.intron3,Zm00001eb410830|10:27599024-27599802:+,10,27599024,27599802,+,Zm00001eb410830_T002,1,yes,1390,2334,1017,3724,0.373254564983888,0.731654676258993,Zea_mays,high_confidence_IR
Zm00001eb410930,Zm00001eb410930.intron3,Zm00001eb410930|10:28848296-28851879:-,10,28848296,28851879,-,Zm00001eb410930_T001,1,yes,37942,6,30180,37948,0.999841888900601,0.795424595435138,Zea_mays,high_confidence_IR
Zm00001eb410960,Zm00001eb410960.intron1,Zm00001eb410960|10:29670633-29670974:+,10,29670633,29670974,+,Zm00001eb410960_T001,1,yes,960,11,960,971,0.988671472708548,1,Zea_mays,high_confidence_IR
Zm00001eb411230,Zm00001eb411230.intron2,Zm00001eb411230|10:33032855-33032937:-,10,33032855,33032937,-,Zm00001eb411230_T002,1,yes,7589,114,5457,7703,0.985200571206024,0.719067070760311,Zea_mays,high_confidence_IR
Zm00001eb411460,Zm00001eb411460.intron3,Zm00001eb411460|10:35495419-35495491:-,10,35495419,35495491,-,Zm00001eb411460_T003,1,yes,2407,7,1975,2414,0.997100248550124,0.820523473203157,Zea_mays,high_confidence_IR
Zm00001eb411660,Zm00001eb411660.intron1,Zm00001eb411660|10:38402021-38402095:-,10,38402021,38402095,-,Zm00001eb411660_T001,1,no,140,137,98,277,0.505415162454874,0.7,Zea_mays,high_confidence_IR
Zm00001eb411870,Zm00001eb411870.intron1,Zm00001eb411870|10:40655080-40655168:-,10,40655080,40655168,-,Zm00001eb411870_T001,1,no,743,51,743,794,0.935768261964736,1,Zea_mays,high_confidence_IR
Zm00001eb412410,Zm00001eb412410.intron1,Zm00001eb412410|10:48889143-48890051:-,10,48889143,48890051,-,Zm00001eb412410_T001,1,yes,96,38,96,134,0.716417910447761,1,Zea_mays,high_confidence_IR
Zm00001eb412800,Zm00001eb412800.intron1,Zm00001eb412800|10:54420905-54420989:+,10,54420905,54420989,+,Zm00001eb412800_T001,1,yes,1370,36,1177,1406,0.974395448079659,0.859124087591241,Zea_mays,high_confidence_IR
Zm00001eb413090,Zm00001eb413090.intron1,Zm00001eb413090|10:58499538-58499634:+,10,58499538,58499634,+,Zm00001eb413090_T001,1,no,2573,4960,2573,7533,0.34156378600823,1,Zea_mays,high_confidence_IR
Zm00001eb413160,Zm00001eb413160.intron5,Zm00001eb413160|10:59273988-59274490:+,10,59273988,59274490,+,Zm00001eb413160_T002,1,yes,41875,21,32908,41896,0.999498758831392,0.785862686567164,Zea_mays,high_confidence_IR
Zm00001eb413220,Zm00001eb413220.intron1,Zm00001eb413220|10:60001192-60001787:+,10,60001192,60001787,+,Zm00001eb413220_T001,1,no,448,121,389,569,0.787346221441125,0.868303571428571,Zea_mays,high_confidence_IR
Zm00001eb413410,Zm00001eb413410.intron2,Zm00001eb413410|10:61534931-61535013:+,10,61534931,61535013,+,Zm00001eb413410_T001,1,yes,1656,2890,1406,4546,0.364276286845579,0.849033816425121,Zea_mays,high_confidence_IR
Zm00001eb413770,Zm00001eb413770.intron1,Zm00001eb413770|10:64762095-64762239:+,10,64762095,64762239,+,Zm00001eb413770_T002,1,yes,21838,36,20998,21874,0.998354210478193,0.961534939096987,Zea_mays,high_confidence_IR
Zm00001eb413920,Zm00001eb413920.intron1,Zm00001eb413920|10:66492798-66492899:+,10,66492798,66492899,+,Zm00001eb413920_T001,1,yes,51,131,43,182,0.28021978021978,0.843137254901961,Zea_mays,high_confidence_IR
Zm00001eb414180,Zm00001eb414180.intron1,Zm00001eb414180|10:68452037-68464863:+,10,68452037,68464863,+,Zm00001eb414180_T001,1,yes,1391,80,1212,1471,0.945615227736234,0.871315600287563,Zea_mays,high_confidence_IR
Zm00001eb414490,Zm00001eb414490.intron2,Zm00001eb414490|10:70623466-70626353:-,10,70623466,70626353,-,Zm00001eb414490_T001,1,no,21,57,19,78,0.269230769230769,0.904761904761905,Zea_mays,high_confidence_IR
Zm00001eb414530,Zm00001eb414530.intron2,Zm00001eb414530|10:70880629-70884626:+,10,70880629,70884626,+,Zm00001eb414530_T002,1,yes,514,34,473,548,0.937956204379562,0.920233463035019,Zea_mays,high_confidence_IR
Zm00001eb414920,Zm00001eb414920.intron1,Zm00001eb414920|10:73626903-73627139:+,10,73626903,73627139,+,Zm00001eb414920_T001,1,no,3045,9,3045,3054,0.997053045186641,1,Zea_mays,high_confidence_IR
Zm00001eb415610,Zm00001eb415610.intron2,Zm00001eb415610|10:78349938-78350051:-,10,78349938,78350051,-,Zm00001eb415610_T001,1,no,1527,3708,1301,5235,0.291690544412607,0.85199738048461,Zea_mays,high_confidence_IR
Zm00001eb415640,Zm00001eb415640.intron4,Zm00001eb415640|10:78609486-78610623:-,10,78609486,78610623,-,Zm00001eb415640_T001,1,yes,139,96,98,235,0.591489361702128,0.705035971223022,Zea_mays,high_confidence_IR
Zm00001eb415680,Zm00001eb415680.intron2,Zm00001eb415680|10:78832162-78832284:+,10,78832162,78832284,+,Zm00001eb415680_T002,1,yes,263,20,208,283,0.929328621908127,0.790874524714829,Zea_mays,high_confidence_IR
Zm00001eb415760,Zm00001eb415760.intron2,Zm00001eb415760|10:79579577-79579639:-,10,79579577,79579639,-,Zm00001eb415760_T002,1,yes,66860,8096,50572,74956,0.891989967447569,0.75638647921029,Zea_mays,high_confidence_IR
Zm00001eb416070,Zm00001eb416070.intron2,Zm00001eb416070|10:81069078-81069730:-,10,81069078,81069730,-,Zm00001eb416070_T001,1,no,38,17,31,55,0.690909090909091,0.815789473684211,Zea_mays,high_confidence_IR
Zm00001eb416260,Zm00001eb416260.intron1,Zm00001eb416260|10:82114928-82115047:+,10,82114928,82115047,+,Zm00001eb416260_T002,1,yes,1488,55,1480,1543,0.964355152300713,0.994623655913978,Zea_mays,high_confidence_IR
Zm00001eb416750,Zm00001eb416750.intron5,Zm00001eb416750|10:85078600-85078713:+,10,85078600,85078713,+,Zm00001eb416750_T001,1,yes,3084,125,2356,3209,0.96104705515737,0.763942931258106,Zea_mays,high_confidence_IR
Zm00001eb417280,Zm00001eb417280.intron1,Zm00001eb417280|10:87495119-87495362:-,10,87495119,87495362,-,Zm00001eb417280_T001,1,no,42,142,42,184,0.228260869565217,1,Zea_mays,high_confidence_IR
Zm00001eb417460,Zm00001eb417460.intron1,Zm00001eb417460|10:88789133-88789247:+,10,88789133,88789247,+,Zm00001eb417460_T001,1,no,7,8,5,15,0.466666666666667,0.714285714285714,Zea_mays,high_confidence_IR
Zm00001eb417620,Zm00001eb417620.intron3,Zm00001eb417620|10:89624383-89624789:-,10,89624383,89624789,-,Zm00001eb417620_T001,1,yes,1982,1631,1439,3613,0.548574591752007,0.726034308779011,Zea_mays,high_confidence_IR
Zm00001eb417710,Zm00001eb417710.intron1,Zm00001eb417710|10:90211347-90211472:+,10,90211347,90211472,+,Zm00001eb417710_T001,1,yes,322,402,322,724,0.44475138121547,1,Zea_mays,high_confidence_IR
Zm00001eb418010,Zm00001eb418010.intron2,Zm00001eb418010|10:91761277-91763449:-,10,91761277,91763449,-,Zm00001eb418010_T001,1,yes,18,5,17,23,0.782608695652174,0.944444444444444,Zea_mays,high_confidence_IR
Zm00001eb418520,Zm00001eb418520.intron1,Zm00001eb418520|10:95201257-95202079:+,10,95201257,95202079,+,Zm00001eb418520_T001,1,no,359,205,273,564,0.636524822695035,0.760445682451253,Zea_mays,high_confidence_IR
Zm00001eb418620,Zm00001eb418620.intron1,Zm00001eb418620|10:95925758-95925866:+,10,95925758,95925866,+,Zm00001eb418620_T002,1,yes,1049,8,1049,1057,0.992431409649953,1,Zea_mays,high_confidence_IR
Zm00001eb419060,Zm00001eb419060.intron1,Zm00001eb419060|10:98308328-98308413:+,10,98308328,98308413,+,Zm00001eb419060_T001,1,no,5,7,5,12,0.416666666666667,1,Zea_mays,high_confidence_IR
Zm00001eb419120,Zm00001eb419120.intron1,Zm00001eb419120|10:98393556-98393678:+,10,98393556,98393678,+,Zm00001eb419120_T001,1,no,43379,7,43379,43386,0.999838657631494,1,Zea_mays,high_confidence_IR
Zm00001eb419300,Zm00001eb419300.intron1,Zm00001eb419300|10:99447233-99452685:+,10,99447233,99452685,+,Zm00001eb419300_T001,1,no,946,14,946,960,0.985416666666667,1,Zea_mays,high_confidence_IR
Zm00001eb419330,Zm00001eb419330.intron1,Zm00001eb419330|10:99527575-99527680:+,10,99527575,99527680,+,Zm00001eb419330_T001,1,no,5,15,5,20,0.25,1,Zea_mays,high_confidence_IR
Zm00001eb419760,Zm00001eb419760.intron1,Zm00001eb419760|10:102881005-102881075:+,10,102881005,102881075,+,Zm00001eb419760_T001;Zm00001eb419760_T002,2,no,81,104,81,185,0.437837837837838,1,Zea_mays,high_confidence_IR
Zm00001eb419850,Zm00001eb419850.intron1,Zm00001eb419850|10:103493832-103493913:-,10,103493832,103493913,-,Zm00001eb419850_T001,1,no,62,91,61,153,0.405228758169935,0.983870967741935,Zea_mays,high_confidence_IR
Zm00001eb419980,Zm00001eb419980.intron2,Zm00001eb419980|10:104086738-104090750:+,10,104086738,104090750,+,Zm00001eb419980_T002,1,yes,83,142,69,225,0.368888888888889,0.831325301204819,Zea_mays,high_confidence_IR
Zm00001eb421150,Zm00001eb421150.intron2,Zm00001eb421150|10:112096613-112096695:+,10,112096613,112096695,+,Zm00001eb421150_T003,1,yes,12269,63,9293,12332,0.994891339604282,0.757437443964463,Zea_mays,high_confidence_IR
Zm00001eb421650,Zm00001eb421650.intron1,Zm00001eb421650|10:115446959-115447051:+,10,115446959,115447051,+,Zm00001eb421650_T001,1,no,81,6,81,87,0.931034482758621,1,Zea_mays,high_confidence_IR
Zm00001eb421870,Zm00001eb421870.intron2,Zm00001eb421870|10:116331385-116332122:-,10,116331385,116332122,-,Zm00001eb421870_T003,1,yes,13468,12,9928,13480,0.999109792284867,0.737154737154737,Zea_mays,high_confidence_IR
Zm00001eb422130,Zm00001eb422130.intron1,Zm00001eb422130|10:117671985-117672091:+,10,117671985,117672091,+,Zm00001eb422130_T001,1,no,13,6,13,19,0.684210526315789,1,Zea_mays,high_confidence_IR
Zm00001eb422230,Zm00001eb422230.intron1,Zm00001eb422230|10:118132528-118132611:+,10,118132528,118132611,+,Zm00001eb422230_T001,1,no,67,114,67,181,0.370165745856354,1,Zea_mays,high_confidence_IR
Zm00001eb422570,Zm00001eb422570.intron2,Zm00001eb422570|10:119603038-119603433:-,10,119603038,119603433,-,Zm00001eb422570_T001,1,no,64,38,58,102,0.627450980392157,0.90625,Zea_mays,high_confidence_IR
Zm00001eb423190,Zm00001eb423190.intron1,Zm00001eb423190|10:122018205-122018691:-,10,122018205,122018691,-,Zm00001eb423190_T001,1,no,375,1047,375,1422,0.263713080168776,1,Zea_mays,high_confidence_IR
Zm00001eb423460,Zm00001eb423460.intron2,Zm00001eb423460|10:123119388-123119571:-,10,123119388,123119571,-,Zm00001eb423460_T001,1,no,3134,137,2615,3271,0.958116783858147,0.834396936821953,Zea_mays,high_confidence_IR
Zm00001eb423580,Zm00001eb423580.intron1,Zm00001eb423580|10:123418235-123421658:+,10,123418235,123421658,+,Zm00001eb423580_T001,1,no,487,1641,487,2128,0.228853383458647,1,Zea_mays,high_confidence_IR
Zm00001eb423890,Zm00001eb423890.intron1,Zm00001eb423890|10:124194855-124194930:-,10,124194855,124194930,-,Zm00001eb423890_T001,1,no,239,57,239,296,0.807432432432432,1,Zea_mays,high_confidence_IR
Zm00001eb424040,Zm00001eb424040.intron2,Zm00001eb424040|10:124840711-124840800:-,10,124840711,124840800,-,Zm00001eb424040_T001,1,no,197,93,157,290,0.679310344827586,0.796954314720812,Zea_mays,high_confidence_IR
Zm00001eb424770,Zm00001eb424770.intron1,Zm00001eb424770|10:127498082-127498183:+,10,127498082,127498183,+,Zm00001eb424770_T001,1,yes,3042,5,2580,3047,0.998359041680341,0.848126232741617,Zea_mays,high_confidence_IR
Zm00001eb424870,Zm00001eb424870.intron5,Zm00001eb424870|10:127696105-127696192:-,10,127696105,127696192,-,Zm00001eb424870_T001,1,yes,20,53,16,73,0.273972602739726,0.8,Zea_mays,high_confidence_IR
Zm00001eb424990,Zm00001eb424990.intron1,Zm00001eb424990|10:128042574-128042995:+,10,128042574,128042995,+,Zm00001eb424990_T001,1,no,91,5,74,96,0.947916666666667,0.813186813186813,Zea_mays,high_confidence_IR
Zm00001eb425110,Zm00001eb425110.intron1,Zm00001eb425110|10:128439066-128439214:-,10,128439066,128439214,-,Zm00001eb425110_T001,1,no,155,474,155,629,0.246422893481717,1,Zea_mays,high_confidence_IR
Zm00001eb425160,Zm00001eb425160.intron1,Zm00001eb425160|10:128675427-128675521:-,10,128675427,128675521,-,Zm00001eb425160_T001,1,yes,30796,3751,26147,34547,0.891423278432281,0.849038836212495,Zea_mays,high_confidence_IR
Zm00001eb425430,Zm00001eb425430.intron1,Zm00001eb425430|10:129435719-129437712:+,10,129435719,129437712,+,Zm00001eb425430_T001,1,no,16,8,12,24,0.666666666666667,0.75,Zea_mays,high_confidence_IR
Zm00001eb425640,Zm00001eb425640.intron1,Zm00001eb425640|10:130055423-130055512:-,10,130055423,130055512,-,Zm00001eb425640_T001,1,no,8,12,8,20,0.4,1,Zea_mays,high_confidence_IR
Zm00001eb425760,Zm00001eb425760.intron1,Zm00001eb425760|10:130439082-130439178:-,10,130439082,130439178,-,Zm00001eb425760_T001,1,no,33,37,33,70,0.471428571428571,1,Zea_mays,high_confidence_IR
Zm00001eb425950,Zm00001eb425950.intron1,Zm00001eb425950|10:131032985-131033723:-,10,131032985,131033723,-,Zm00001eb425950_T001,1,no,122,39,122,161,0.757763975155279,1,Zea_mays,high_confidence_IR
Zm00001eb426660,Zm00001eb426660.intron3,Zm00001eb426660|10:133258842-133259249:+,10,133258842,133259249,+,Zm00001eb426660_T003,1,yes,167,70,119,237,0.704641350210971,0.712574850299401,Zea_mays,high_confidence_IR
Zm00001eb426700,Zm00001eb426700.intron5,Zm00001eb426700|10:133379769-133379884:+,10,133379769,133379884,+,Zm00001eb426700_T002,1,yes,19836,40,15410,19876,0.99798752264037,0.776870336761444,Zea_mays,high_confidence_IR
Zm00001eb426790,Zm00001eb426790.intron1,Zm00001eb426790|10:133666000-133666087:-,10,133666000,133666087,-,Zm00001eb426790_T002,1,yes,2174,170,2174,2344,0.927474402730375,1,Zea_mays,high_confidence_IR
Zm00001eb427110,Zm00001eb427110.intron2,Zm00001eb427110|10:134811816-134811940:-,10,134811816,134811940,-,Zm00001eb427110_T001,1,yes,751,47,742,798,0.941102756892231,0.988015978695073,Zea_mays,high_confidence_IR
Zm00001eb427820,Zm00001eb427820.intron2,Zm00001eb427820|10:136656991-136657056:-,10,136656991,136657056,-,Zm00001eb427820_T001,1,yes,204,383,162,587,0.347529812606474,0.794117647058823,Zea_mays,high_confidence_IR
Zm00001eb427910,Zm00001eb427910.intron1,Zm00001eb427910|10:137066731-137067213:+,10,137066731,137067213,+,Zm00001eb427910_T001,1,yes,1972,1114,1612,3086,0.63901490602722,0.817444219066937,Zea_mays,high_confidence_IR
Zm00001eb427950,Zm00001eb427950.intron1,Zm00001eb427950|10:137198067-137198230:-,10,137198067,137198230,-,Zm00001eb427950_T001,1,no,2959,6,2959,2965,0.997976391231029,1,Zea_mays,high_confidence_IR
Zm00001eb428410,Zm00001eb428410.intron4,Zm00001eb428410|10:138321166-138321769:-,10,138321166,138321769,-,Zm00001eb428410_T001,1,no,82,184,62,266,0.308270676691729,0.75609756097561,Zea_mays,high_confidence_IR
Zm00001eb428730,Zm00001eb428730.intron1,Zm00001eb428730|10:139524800-139525030:-,10,139524800,139525030,-,Zm00001eb428730_T001,1,no,126,33,91,159,0.792452830188679,0.722222222222222,Zea_mays,high_confidence_IR
Zm00001eb429080,Zm00001eb429080.intron1,Zm00001eb429080|10:140305890-140307046:+,10,140305890,140307046,+,Zm00001eb429080_T002,1,yes,2974,68,2618,3042,0.977646285338593,0.880295897780767,Zea_mays,high_confidence_IR
Zm00001eb429100,Zm00001eb429100.intron1,Zm00001eb429100|10:140331625-140331742:+,10,140331625,140331742,+,Zm00001eb429100_T001,1,yes,581,15,581,596,0.974832214765101,1,Zea_mays,high_confidence_IR
Zm00001eb429350,Zm00001eb429350.intron2,Zm00001eb429350|10:141211717-141211901:-,10,141211717,141211901,-,Zm00001eb429350_T002,1,yes,6800,15,4895,6815,0.997798972853999,0.719852941176471,Zea_mays,high_confidence_IR
Zm00001eb429370,Zm00001eb429370.intron1,Zm00001eb429370|10:141215065-141215186:+,10,141215065,141215186,+,Zm00001eb429370_T001,1,no,13,6,13,19,0.684210526315789,1,Zea_mays,high_confidence_IR
Zm00001eb429580,Zm00001eb429580.intron1,Zm00001eb429580|10:141620002-141620130:+,10,141620002,141620130,+,Zm00001eb429580_T001,1,no,325,379,325,704,0.461647727272727,1,Zea_mays,high_confidence_IR
Zm00001eb429620,Zm00001eb429620.intron3,Zm00001eb429620|10:141711542-141711630:-,10,141711542,141711630,-,Zm00001eb429620_T001,1,yes,516,31,379,547,0.943327239488117,0.734496124031008,Zea_mays,high_confidence_IR
Zm00001eb429690,Zm00001eb429690.intron1,Zm00001eb429690|10:141761794-141762083:+,10,141761794,141762083,+,Zm00001eb429690_T001,1,no,96,132,96,228,0.421052631578947,1,Zea_mays,high_confidence_IR
Zm00001eb429920,Zm00001eb429920.intron2,Zm00001eb429920|10:142144010-142144102:-,10,142144010,142144102,-,Zm00001eb429920_T002,1,yes,8377,1484,6052,9861,0.849508163472264,0.722454339262266,Zea_mays,high_confidence_IR
Zm00001eb429940,Zm00001eb429940.intron1,Zm00001eb429940|10:142215207-142215319:-,10,142215207,142215319,-,Zm00001eb429940_T001,1,no,34,76,34,110,0.309090909090909,1,Zea_mays,high_confidence_IR
Zm00001eb429960,Zm00001eb429960.intron2,Zm00001eb429960|10:142292075-142292192:+,10,142292075,142292192,+,Zm00001eb429960_T001,1,yes,1919,213,1678,2132,0.900093808630394,0.87441375716519,Zea_mays,high_confidence_IR
Zm00001eb430280,Zm00001eb430280.intron1,Zm00001eb430280|10:143138944-143141567:-,10,143138944,143141567,-,Zm00001eb430280_T001,1,no,154,38,154,192,0.802083333333333,1,Zea_mays,high_confidence_IR
Zm00001eb430410,Zm00001eb430410.intron2,Zm00001eb430410|10:143450534-143450635:-,10,143450534,143450635,-,Zm00001eb430410_T001,1,no,14,11,13,25,0.56,0.928571428571429,Zea_mays,high_confidence_IR
Zm00001eb430460,Zm00001eb430460.intron1,Zm00001eb430460|10:143596130-143596230:-,10,143596130,143596230,-,Zm00001eb430460_T001,1,no,178,90,178,268,0.664179104477612,1,Zea_mays,high_confidence_IR
Zm00001eb430610,Zm00001eb430610.intron1,Zm00001eb430610|10:143855433-143855664:+,10,143855433,143855664,+,Zm00001eb430610_T001,1,no,476,1842,476,2318,0.2053494391717,1,Zea_mays,high_confidence_IR
Zm00001eb430950,Zm00001eb430950.intron1,Zm00001eb430950|10:144720273-144720369:-,10,144720273,144720369,-,Zm00001eb430950_T001,1,no,304,271,304,575,0.528695652173913,1,Zea_mays,high_confidence_IR
Zm00001eb431420,Zm00001eb431420.intron1,Zm00001eb431420|10:145667350-145668346:+,10,145667350,145668346,+,Zm00001eb431420_T002,1,yes,511,37,391,548,0.932481751824818,0.765166340508806,Zea_mays,high_confidence_IR
Zm00001eb431650,Zm00001eb431650.intron1,Zm00001eb431650|10:146313710-146314177:+,10,146313710,146314177,+,Zm00001eb431650_T001,1,no,3674,571,3674,4245,0.865488810365135,1,Zea_mays,high_confidence_IR
Zm00001eb431780,Zm00001eb431780.intron2,Zm00001eb431780|10:146716701-146716876:+,10,146716701,146716876,+,Zm00001eb431780_T002,1,yes,243,362,186,605,0.401652892561983,0.765432098765432,Zea_mays,high_confidence_IR
Zm00001eb431920,Zm00001eb431920.intron1,Zm00001eb431920|10:147021171-147021336:-,10,147021171,147021336,-,Zm00001eb431920_T001,1,no,11,17,11,28,0.392857142857143,1,Zea_mays,high_confidence_IR
Zm00001eb431960,Zm00001eb431960.intron2,Zm00001eb431960|10:147177378-147177676:-,10,147177378,147177676,-,Zm00001eb431960_T001,1,yes,678,49,583,727,0.932599724896836,0.859882005899705,Zea_mays,high_confidence_IR
Zm00001eb432270,Zm00001eb432270.intron1,Zm00001eb432270|10:147895851-147895944:-,10,147895851,147895944,-,Zm00001eb432270_T001,1,no,23,34,23,57,0.403508771929825,1,Zea_mays,high_confidence_IR
Zm00001eb432550,Zm00001eb432550.intron1,Zm00001eb432550|10:148571127-148571227:-,10,148571127,148571227,-,Zm00001eb432550_T001,1,no,5274,1385,5274,6659,0.792010812434299,1,Zea_mays,high_confidence_IR
Zm00001eb432790,Zm00001eb432790.intron4,Zm00001eb432790|10:148925930-148927860:+,10,148925930,148927860,+,Zm00001eb432790_T003,1,yes,8603,21,6711,8624,0.997564935064935,0.780076717424154,Zea_mays,high_confidence_IR
Zm00001eb432840,Zm00001eb432840.intron1,Zm00001eb432840|10:148961114-148967567:-,10,148961114,148967567,-,Zm00001eb432840_T001,1,no,949,422,949,1371,0.692195477753465,1,Zea_mays,high_confidence_IR
Zm00001eb432910,Zm00001eb432910.intron1,Zm00001eb432910|10:149196395-149196561:+,10,149196395,149196561,+,Zm00001eb432910_T001,1,no,107,32,107,139,0.76978417266187,1,Zea_mays,high_confidence_IR
Zm00001eb433000,Zm00001eb433000.intron2,Zm00001eb433000|10:149300460-149304799:-,10,149300460,149304799,-,Zm00001eb433000_T002,1,yes,2691,28,2189,2719,0.989702096358955,0.813452248234857,Zea_mays,high_confidence_IR
Zm00001eb433470,Zm00001eb433470.intron1,Zm00001eb433470|10:150080288-150081305:-,10,150080288,150081305,-,Zm00001eb433470_T001,1,no,891,177,701,1068,0.834269662921348,0.78675645342312,Zea_mays,high_confidence_IR
Zm00001eb433480,Zm00001eb433480.intron2,Zm00001eb433480|10:150085547-150086491:-,10,150085547,150086491,-,Zm00001eb433480_T002,1,yes,493,315,419,808,0.610148514851485,0.849898580121704,Zea_mays,high_confidence_IR
Zm00001eb433750,Zm00001eb433750.intron3,Zm00001eb433750|10:150502942-150503145:-,10,150502942,150503145,-,Zm00001eb433750_T001,1,yes,20104,45,15650,20149,0.997766638542856,0.778452049343414,Zea_mays,high_confidence_IR
Zm00001eb434030,Zm00001eb434030.intron2,Zm00001eb434030|10:150836289-150836420:-,10,150836289,150836420,-,Zm00001eb434030_T002,1,yes,7588,675,7081,8263,0.918310540965751,0.93318397469689,Zea_mays,high_confidence_IR
Zm00001eb434360,Zm00001eb434360.intron1,Zm00001eb434360|10:151311500-151311602:+,10,151311500,151311602,+,Zm00001eb434360_T001,1,no,335,957,335,1292,0.259287925696594,1,Zea_mays,high_confidence_IR
Zm00001eb065980,Zm00001eb065980.intron1,Zm00001eb065980|2:1611718-1611838:-,2,1611718,1611838,-,Zm00001eb065980_T001,1,no,163,11,163,174,0.936781609195402,1,Zea_mays,high_confidence_IR
Zm00001eb066550,Zm00001eb066550.intron1,Zm00001eb066550|2:2341435-2341641:+,2,2341435,2341641,+,Zm00001eb066550_T001,1,no,124,55,124,179,0.692737430167598,1,Zea_mays,high_confidence_IR
Zm00001eb067100,Zm00001eb067100.intron1,Zm00001eb067100|2:3344160-3344423:+,2,3344160,3344423,+,Zm00001eb067100_T001,1,no,426,155,426,581,0.733218588640275,1,Zea_mays,high_confidence_IR
Zm00001eb067160,Zm00001eb067160.intron3,Zm00001eb067160|2:3360900-3364052:-,2,3360900,3364052,-,Zm00001eb067160_T001,1,yes,2346,902,2045,3248,0.722290640394089,0.871696504688832,Zea_mays,high_confidence_IR
Zm00001eb067370,Zm00001eb067370.intron1,Zm00001eb067370|2:3806551-3806674:+,2,3806551,3806674,+,Zm00001eb067370_T001,1,yes,128,15,112,143,0.895104895104895,0.875,Zea_mays,high_confidence_IR
Zm00001eb067770,Zm00001eb067770.intron2,Zm00001eb067770|2:4564104-4564587:+,2,4564104,4564587,+,Zm00001eb067770_T001,1,no,5,9,5,14,0.357142857142857,1,Zea_mays,high_confidence_IR
Zm00001eb067800,Zm00001eb067800.intron1,Zm00001eb067800|2:4587253-4587336:+,2,4587253,4587336,+,Zm00001eb067800_T001,1,no,16,7,16,23,0.695652173913043,1,Zea_mays,high_confidence_IR
Zm00001eb068020,Zm00001eb068020.intron2,Zm00001eb068020|2:4922417-4922517:+,2,4922417,4922517,+,Zm00001eb068020_T002,1,yes,8272,127,5893,8399,0.984879152280033,0.712403288201161,Zea_mays,high_confidence_IR
Zm00001eb068170,Zm00001eb068170.intron6,Zm00001eb068170|2:5128719-5128823:-,2,5128719,5128823,-,Zm00001eb068170_T001,1,no,1011,33,931,1044,0.968390804597701,0.920870425321464,Zea_mays,high_confidence_IR
Zm00001eb068220,Zm00001eb068220.intron1,Zm00001eb068220|2:5189713-5189803:+,2,5189713,5189803,+,Zm00001eb068220_T001,1,no,39,108,39,147,0.26530612244898,1,Zea_mays,high_confidence_IR
Zm00001eb068490,Zm00001eb068490.intron1,Zm00001eb068490|2:5706245-5706344:+,2,5706245,5706344,+,Zm00001eb068490_T001,1,no,125,13,125,138,0.905797101449275,1,Zea_mays,high_confidence_IR
Zm00001eb068540,Zm00001eb068540.intron8,Zm00001eb068540|2:5770381-5770472:-,2,5770381,5770472,-,Zm00001eb068540_T001,1,no,78,61,56,139,0.561151079136691,0.717948717948718,Zea_mays,high_confidence_IR
Zm00001eb068750,Zm00001eb068750.intron1,Zm00001eb068750|2:6243376-6243506:-,2,6243376,6243506,-,Zm00001eb068750_T001,1,no,174,8,174,182,0.956043956043956,1,Zea_mays,high_confidence_IR
Zm00001eb071970,Zm00001eb071970.intron1,Zm00001eb071970|2:13122055-13122564:+,2,13122055,13122564,+,Zm00001eb071970_T002,1,yes,3875,130,2868,4005,0.967540574282147,0.740129032258064,Zea_mays,high_confidence_IR
Zm00001eb072580,Zm00001eb072580.intron1,Zm00001eb072580|2:14678574-14679062:+,2,14678574,14679062,+,Zm00001eb072580_T002,1,yes,379,1169,379,1548,0.244832041343669,1,Zea_mays,high_confidence_IR
Zm00001eb072600,Zm00001eb072600.intron1,Zm00001eb072600|2:14693704-14694820:-,2,14693704,14694820,-,Zm00001eb072600_T001,1,no,559,1990,559,2549,0.219301686936053,1,Zea_mays,high_confidence_IR
Zm00001eb072910,Zm00001eb072910.intron1,Zm00001eb072910|2:15460628-15461486:-,2,15460628,15461486,-,Zm00001eb072910_T001,1,yes,64,69,64,133,0.481203007518797,1,Zea_mays,high_confidence_IR
Zm00001eb073310,Zm00001eb073310.intron1,Zm00001eb073310|2:16536799-16536965:-,2,16536799,16536965,-,Zm00001eb073310_T001,1,no,208,35,208,243,0.8559670781893,1,Zea_mays,high_confidence_IR
Zm00001eb073610,Zm00001eb073610.intron1,Zm00001eb073610|2:17282425-17282600:-,2,17282425,17282600,-,Zm00001eb073610_T001,1,no,29,95,29,124,0.233870967741935,1,Zea_mays,high_confidence_IR
Zm00001eb074250,Zm00001eb074250.intron1,Zm00001eb074250|2:19623138-19623221:-,2,19623138,19623221,-,Zm00001eb074250_T001,1,no,710,22,710,732,0.969945355191257,1,Zea_mays,high_confidence_IR
Zm00001eb074930,Zm00001eb074930.intron1,Zm00001eb074930|2:22118815-22118957:+,2,22118815,22118957,+,Zm00001eb074930_T001,1,no,43,94,43,137,0.313868613138686,1,Zea_mays,high_confidence_IR
Zm00001eb074940,Zm00001eb074940.intron1,Zm00001eb074940|2:22219364-22219502:+,2,22219364,22219502,+,Zm00001eb074940_T002,1,yes,189291,65,189291,189356,0.999656731236401,1,Zea_mays,high_confidence_IR
Zm00001eb075550,Zm00001eb075550.intron1,Zm00001eb075550|2:24393300-24394698:-,2,24393300,24394698,-,Zm00001eb075550_T001,1,no,28,84,28,112,0.25,1,Zea_mays,high_confidence_IR
Zm00001eb075710,Zm00001eb075710.intron1,Zm00001eb075710|2:24841235-24841369:-,2,24841235,24841369,-,Zm00001eb075710_T002,1,yes,1720,15,1720,1735,0.99135446685879,1,Zea_mays,high_confidence_IR
Zm00001eb076140,Zm00001eb076140.intron11,Zm00001eb076140|2:26092832-26092910:-,2,26092832,26092910,-,Zm00001eb076140_T001;Zm00001eb076140_T002;Zm00001eb076140_T003;Zm00001eb076140_T004,4,no,1684,220,1666,1904,0.884453781512605,0.989311163895487,Zea_mays,high_confidence_IR
Zm00001eb076170,Zm00001eb076170.intron2,Zm00001eb076170|2:26273390-26273525:-,2,26273390,26273525,-,Zm00001eb076170_T001,1,yes,6834,7,6041,6841,0.99897675778395,0.883962540239977,Zea_mays,high_confidence_IR
Zm00001eb076420,Zm00001eb076420.intron2,Zm00001eb076420|2:26935533-26935783:-,2,26935533,26935783,-,Zm00001eb076420_T001,1,no,74,184,60,258,0.286821705426357,0.810810810810811,Zea_mays,high_confidence_IR
Zm00001eb076540,Zm00001eb076540.intron1,Zm00001eb076540|2:27651247-27651346:+,2,27651247,27651346,+,Zm00001eb076540_T002,1,yes,31220,1415,31220,32635,0.956641642408457,1,Zea_mays,high_confidence_IR
Zm00001eb076640,Zm00001eb076640.intron3,Zm00001eb076640|2:27952463-27954262:+,2,27952463,27954262,+,Zm00001eb076640_T002,1,yes,7591,156,6037,7747,0.9798631728411,0.795283888815703,Zea_mays,high_confidence_IR
Zm00001eb076850,Zm00001eb076850.intron1,Zm00001eb076850|2:28482199-28484528:+,2,28482199,28484528,+,Zm00001eb076850_T001,1,no,317,822,317,1139,0.278314310798946,1,Zea_mays,high_confidence_IR
Zm00001eb077140,Zm00001eb077140.intron1,Zm00001eb077140|2:29376845-29396182:-,2,29376845,29396182,-,Zm00001eb077140_T002,1,yes,6988,977,6946,7965,0.877338355304457,0.993989696622782,Zea_mays,high_confidence_IR
Zm00001eb077300,Zm00001eb077300.intron1,Zm00001eb077300|2:29723330-29723516:+,2,29723330,29723516,+,Zm00001eb077300_T001,1,no,26,52,26,78,0.333333333333333,1,Zea_mays,high_confidence_IR
Zm00001eb077310,Zm00001eb077310.intron1,Zm00001eb077310|2:29746119-29747290:+,2,29746119,29747290,+,Zm00001eb077310_T001,1,no,1968,593,1421,2561,0.768449824287388,0.722052845528455,Zea_mays,high_confidence_IR
Zm00001eb077320,Zm00001eb077320.intron1,Zm00001eb077320|2:29756759-29756945:+,2,29756759,29756945,+,Zm00001eb077320_T001,1,no,46,7,46,53,0.867924528301887,1,Zea_mays,high_confidence_IR
Zm00001eb077430,Zm00001eb077430.intron4,Zm00001eb077430|2:30151360-30151444:-,2,30151360,30151444,-,Zm00001eb077430_T001,1,no,2231,1704,1567,3935,0.566963151207116,0.702375616315554,Zea_mays,high_confidence_IR
Zm00001eb077500,Zm00001eb077500.intron1,Zm00001eb077500|2:30288397-30288476:-,2,30288397,30288476,-,Zm00001eb077500_T001,1,no,10,13,10,23,0.434782608695652,1,Zea_mays,high_confidence_IR
Zm00001eb077540,Zm00001eb077540.intron1,Zm00001eb077540|2:30422116-30422430:-,2,30422116,30422430,-,Zm00001eb077540_T001,1,yes,111,226,82,337,0.329376854599407,0.738738738738739,Zea_mays,high_confidence_IR
Zm00001eb077570,Zm00001eb077570.intron1,Zm00001eb077570|2:30527985-30529229:+,2,30527985,30529229,+,Zm00001eb077570_T001,1,no,110,263,110,373,0.294906166219839,1,Zea_mays,high_confidence_IR
Zm00001eb077840,Zm00001eb077840.intron2,Zm00001eb077840|2:31460206-31461515:-,2,31460206,31461515,-,Zm00001eb077840_T001,1,no,46430,33,41674,46463,0.999289757441405,0.897566228731424,Zea_mays,high_confidence_IR
Zm00001eb078660,Zm00001eb078660.intron4,Zm00001eb078660|2:34948282-34948475:-,2,34948282,34948475,-,Zm00001eb078660_T001;Zm00001eb078660_T002;Zm00001eb078660_T003,3,no,65,46,65,111,0.585585585585586,1,Zea_mays,high_confidence_IR
Zm00001eb078740,Zm00001eb078740.intron1,Zm00001eb078740|2:35087827-35094596:+,2,35087827,35094596,+,Zm00001eb078740_T001,1,no,1244,24,1189,1268,0.981072555205047,0.955787781350482,Zea_mays,high_confidence_IR
Zm00001eb079110,Zm00001eb079110.intron2,Zm00001eb079110|2:37452632-37452749:+,2,37452632,37452749,+,Zm00001eb079110_T001,1,yes,7461,579,5607,8040,0.927985074626866,0.751507840772014,Zea_mays,high_confidence_IR
Zm00001eb079330,Zm00001eb079330.intron1,Zm00001eb079330|2:38354044-38356151:+,2,38354044,38356151,+,Zm00001eb079330_T002,1,yes,13278,10,11318,13288,0.999247441300421,0.85238740774213,Zea_mays,high_confidence_IR
Zm00001eb079360,Zm00001eb079360.intron5,Zm00001eb079360|2:38428599-38429529:+,2,38428599,38429529,+,Zm00001eb079360_T001,1,yes,3060,205,2576,3265,0.937212863705972,0.841830065359477,Zea_mays,high_confidence_IR
Zm00001eb079560,Zm00001eb079560.intron1,Zm00001eb079560|2:38844409-38844625:-,2,38844409,38844625,-,Zm00001eb079560_T001,1,no,373,186,287,559,0.667262969588551,0.769436997319035,Zea_mays,high_confidence_IR
Zm00001eb079770,Zm00001eb079770.intron1,Zm00001eb079770|2:39712010-39712121:-,2,39712010,39712121,-,Zm00001eb079770_T001,1,no,293,228,293,521,0.562380038387716,1,Zea_mays,high_confidence_IR
Zm00001eb080370,Zm00001eb080370.intron2,Zm00001eb080370|2:42153293-42154587:-,2,42153293,42154587,-,Zm00001eb080370_T002,1,yes,5117,12,3844,5129,0.99766036264379,0.751221418800078,Zea_mays,high_confidence_IR
Zm00001eb080490,Zm00001eb080490.intron2,Zm00001eb080490|2:42772723-42773328:+,2,42772723,42773328,+,Zm00001eb080490_T001,1,yes,3637,66,2662,3703,0.982176613556576,0.731921913665109,Zea_mays,high_confidence_IR
Zm00001eb080580,Zm00001eb080580.intron1,Zm00001eb080580|2:43248481-43250010:-,2,43248481,43250010,-,Zm00001eb080580_T001,1,no,21,10,21,31,0.67741935483871,1,Zea_mays,high_confidence_IR
Zm00001eb080590,Zm00001eb080590.intron1,Zm00001eb080590|2:43257279-43257375:-,2,43257279,43257375,-,Zm00001eb080590_T001,1,no,99,227,99,326,0.303680981595092,1,Zea_mays,high_confidence_IR
Zm00001eb080620,Zm00001eb080620.intron1,Zm00001eb080620|2:43275668-43275781:-,2,43275668,43275781,-,Zm00001eb080620_T001,1,no,179,30,179,209,0.856459330143541,1,Zea_mays,high_confidence_IR
Zm00001eb080680,Zm00001eb080680.intron1,Zm00001eb080680|2:43566349-43567224:-,2,43566349,43567224,-,Zm00001eb080680_T001,1,no,3160,62,3160,3222,0.980757293606456,1,Zea_mays,high_confidence_IR
Zm00001eb080820,Zm00001eb080820.intron1,Zm00001eb080820|2:43959214-43959279:+,2,43959214,43959279,+,Zm00001eb080820_T002,1,yes,8517,5,7716,8522,0.999413283266839,0.905952800281789,Zea_mays,high_confidence_IR
Zm00001eb081630,Zm00001eb081630.intron3,Zm00001eb081630|2:47048965-47049045:-,2,47048965,47049045,-,Zm00001eb081630_T001,1,no,38,136,32,174,0.218390804597701,0.842105263157895,Zea_mays,high_confidence_IR
Zm00001eb081630,Zm00001eb081630.intron1,Zm00001eb081630|2:47050908-47051044:-,2,47050908,47051044,-,Zm00001eb081630_T001,1,no,697,541,683,1238,0.563004846526656,0.979913916786227,Zea_mays,high_confidence_IR
Zm00001eb082360,Zm00001eb082360.intron1,Zm00001eb082360|2:50560885-50561011:+,2,50560885,50561011,+,Zm00001eb082360_T001,1,no,15,10,15,25,0.6,1,Zea_mays,high_confidence_IR
Zm00001eb082680,Zm00001eb082680.intron4,Zm00001eb082680|2:51927879-51928073:+,2,51927879,51928073,+,Zm00001eb082680_T002,1,yes,3088,36,2538,3124,0.988476312419974,0.821891191709845,Zea_mays,high_confidence_IR
Zm00001eb082770,Zm00001eb082770.intron1,Zm00001eb082770|2:53118670-53118753:-,2,53118670,53118753,-,Zm00001eb082770_T001,1,no,81,15,69,96,0.84375,0.851851851851852,Zea_mays,high_confidence_IR
Zm00001eb082900,Zm00001eb082900.intron3,Zm00001eb082900|2:53749284-53749459:-,2,53749284,53749459,-,Zm00001eb082900_T001,1,yes,3576,114,3070,3690,0.969105691056911,0.858501118568233,Zea_mays,high_confidence_IR
Zm00001eb083400,Zm00001eb083400.intron1,Zm00001eb083400|2:56709586-56709723:-,2,56709586,56709723,-,Zm00001eb083400_T002,1,yes,84243,38,61219,84281,0.999549127324071,0.72669539308904,Zea_mays,high_confidence_IR
Zm00001eb083610,Zm00001eb083610.intron1,Zm00001eb083610|2:57629858-57630023:-,2,57629858,57630023,-,Zm00001eb083610_T001,1,yes,3527,312,3485,3839,0.91872883563428,0.988091862772895,Zea_mays,high_confidence_IR
Zm00001eb083640,Zm00001eb083640.intron2,Zm00001eb083640|2:57743548-57743654:-,2,57743548,57743654,-,Zm00001eb083640_T002,1,yes,40,95,32,135,0.296296296296296,0.8,Zea_mays,high_confidence_IR
Zm00001eb083660,Zm00001eb083660.intron1,Zm00001eb083660|2:57778616-57778743:+,2,57778616,57778743,+,Zm00001eb083660_T001,1,no,587,341,587,928,0.632543103448276,1,Zea_mays,high_confidence_IR
Zm00001eb083850,Zm00001eb083850.intron1,Zm00001eb083850|2:59034160-59034927:+,2,59034160,59034927,+,Zm00001eb083850_T001,1,no,199,256,199,455,0.437362637362637,1,Zea_mays,high_confidence_IR
Zm00001eb084010,Zm00001eb084010.intron1,Zm00001eb084010|2:59690263-59690336:-,2,59690263,59690336,-,Zm00001eb084010_T001,1,no,8,15,8,23,0.347826086956522,1,Zea_mays,high_confidence_IR
Zm00001eb084250,Zm00001eb084250.intron2,Zm00001eb084250|2:61055106-61055331:+,2,61055106,61055331,+,Zm00001eb084250_T001,1,no,178,21,170,199,0.894472361809045,0.955056179775281,Zea_mays,high_confidence_IR
Zm00001eb084580,Zm00001eb084580.intron1,Zm00001eb084580|2:63397849-63398171:-,2,63397849,63398171,-,Zm00001eb084580_T001,1,no,672,10,672,682,0.98533724340176,1,Zea_mays,high_confidence_IR
Zm00001eb084940,Zm00001eb084940.intron3,Zm00001eb084940|2:66235283-66235901:-,2,66235283,66235901,-,Zm00001eb084940_T001,1,yes,196,5,150,201,0.975124378109453,0.76530612244898,Zea_mays,high_confidence_IR
Zm00001eb085770,Zm00001eb085770.intron1,Zm00001eb085770|2:76162303-76162460:+,2,76162303,76162460,+,Zm00001eb085770_T001,1,yes,58,51,58,109,0.532110091743119,1,Zea_mays,high_confidence_IR
Zm00001eb085850,Zm00001eb085850.intron1,Zm00001eb085850|2:76502648-76503423:-,2,76502648,76503423,-,Zm00001eb085850_T001,1,no,3177,151,2445,3328,0.954627403846154,0.769593956562795,Zea_mays,high_confidence_IR
Zm00001eb086300,Zm00001eb086300.intron1,Zm00001eb086300|2:81832306-81833038:+,2,81832306,81833038,+,Zm00001eb086300_T001,1,no,132,508,132,640,0.20625,1,Zea_mays,high_confidence_IR
Zm00001eb086480,Zm00001eb086480.intron1,Zm00001eb086480|2:83812757-83812815:+,2,83812757,83812815,+,Zm00001eb086480_T001,1,no,320,982,320,1302,0.245775729646697,1,Zea_mays,high_confidence_IR
Zm00001eb086830,Zm00001eb086830.intron1,Zm00001eb086830|2:88822465-88822545:-,2,88822465,88822545,-,Zm00001eb086830_T001,1,yes,29,35,29,64,0.453125,1,Zea_mays,high_confidence_IR
Zm00001eb086920,Zm00001eb086920.intron1,Zm00001eb086920|2:89685516-89685617:-,2,89685516,89685617,-,Zm00001eb086920_T001,1,no,230,29,230,259,0.888030888030888,1,Zea_mays,high_confidence_IR
Zm00001eb087090,Zm00001eb087090.intron1,Zm00001eb087090|2:91880781-91880917:+,2,91880781,91880917,+,Zm00001eb087090_T002,1,yes,8429,21,8429,8450,0.997514792899408,1,Zea_mays,high_confidence_IR
Zm00001eb087100,Zm00001eb087100.intron1,Zm00001eb087100|2:91918429-91918500:-,2,91918429,91918500,-,Zm00001eb087100_T002,1,yes,8428,101,7717,8529,0.988158049009263,0.915638348362601,Zea_mays,high_confidence_IR
Zm00001eb087160,Zm00001eb087160.intron2,Zm00001eb087160|2:93026255-93027186:-,2,93026255,93027186,-,Zm00001eb087160_T002,1,yes,1741,19,1543,1760,0.989204545454546,0.886272257323377,Zea_mays,high_confidence_IR
Zm00001eb087210,Zm00001eb087210.intron1,Zm00001eb087210|2:94220003-94220250:+,2,94220003,94220250,+,Zm00001eb087210_T001,1,no,128,22,128,150,0.853333333333333,1,Zea_mays,high_confidence_IR
Zm00001eb087300,Zm00001eb087300.intron1,Zm00001eb087300|2:94759315-94760567:+,2,94759315,94760567,+,Zm00001eb087300_T001,1,no,12,10,12,22,0.545454545454545,1,Zea_mays,high_confidence_IR
Zm00001eb087390,Zm00001eb087390.intron1,Zm00001eb087390|2:96178143-96178214:+,2,96178143,96178214,+,Zm00001eb087390_T001,1,no,92,7,92,99,0.929292929292929,1,Zea_mays,high_confidence_IR
Zm00001eb087860,Zm00001eb087860.intron2,Zm00001eb087860|2:103887488-103887931:-,2,103887488,103887931,-,Zm00001eb087860_T001,1,no,55,37,41,92,0.597826086956522,0.745454545454545,Zea_mays,high_confidence_IR
Zm00001eb087960,Zm00001eb087960.intron2,Zm00001eb087960|2:105230417-105230548:-,2,105230417,105230548,-,Zm00001eb087960_T002,1,yes,31938,135,27675,32073,0.995790852118604,0.86652263761037,Zea_mays,high_confidence_IR
Zm00001eb088350,Zm00001eb088350.intron5,Zm00001eb088350|2:108669220-108675322:-,2,108669220,108675322,-,Zm00001eb088350_T002,1,yes,4117,33,3494,4150,0.992048192771084,0.848676220548943,Zea_mays,high_confidence_IR
Zm00001eb088510,Zm00001eb088510.intron1,Zm00001eb088510|2:110435815-110436027:-,2,110435815,110436027,-,Zm00001eb088510_T001,1,no,78,191,78,269,0.28996282527881,1,Zea_mays,high_confidence_IR
Zm00001eb088560,Zm00001eb088560.intron1,Zm00001eb088560|2:110540170-110540382:-,2,110540170,110540382,-,Zm00001eb088560_T001,1,no,454,293,454,747,0.607764390896921,1,Zea_mays,high_confidence_IR
Zm00001eb088630,Zm00001eb088630.intron2,Zm00001eb088630|2:110999434-110999547:-,2,110999434,110999547,-,Zm00001eb088630_T001,1,no,419,22,398,441,0.950113378684807,0.949880668257757,Zea_mays,high_confidence_IR
Zm00001eb089020,Zm00001eb089020.intron1,Zm00001eb089020|2:114130077-114130128:-,2,114130077,114130128,-,Zm00001eb089020_T002,1,yes,27580,71,20748,27651,0.997432280930165,0.752284263959391,Zea_mays,high_confidence_IR
Zm00001eb089170,Zm00001eb089170.intron1,Zm00001eb089170|2:114814260-114814409:-,2,114814260,114814409,-,Zm00001eb089170_T001,1,no,9,21,9,30,0.3,1,Zea_mays,high_confidence_IR
Zm00001eb089570,Zm00001eb089570.intron1,Zm00001eb089570|2:117150979-117151046:+,2,117150979,117151046,+,Zm00001eb089570_T001,1,no,376,305,376,681,0.552129221732746,1,Zea_mays,high_confidence_IR
Zm00001eb089710,Zm00001eb089710.intron2,Zm00001eb089710|2:117910766-117911816:+,2,117910766,117911816,+,Zm00001eb089710_T001,1,no,59,217,47,276,0.213768115942029,0.796610169491525,Zea_mays,high_confidence_IR
Zm00001eb089860,Zm00001eb089860.intron2,Zm00001eb089860|2:118684551-118698739:-,2,118684551,118698739,-,Zm00001eb089860_T001,1,yes,2378,154,2280,2532,0.939178515007899,0.95878889823381,Zea_mays,high_confidence_IR
Zm00001eb090620,Zm00001eb090620.intron1,Zm00001eb090620|2:127623331-127623423:-,2,127623331,127623423,-,Zm00001eb090620_T001,1,yes,4231,331,4231,4562,0.927444103463393,1,Zea_mays,high_confidence_IR
Zm00001eb090830,Zm00001eb090830.intron2,Zm00001eb090830|2:131170015-131170123:-,2,131170015,131170123,-,Zm00001eb090830_T003,1,yes,299305,186,287205,299491,0.999378946278853,0.959573010808373,Zea_mays,high_confidence_IR
Zm00001eb091110,Zm00001eb091110.intron1,Zm00001eb091110|2:133766477-133766539:-,2,133766477,133766539,-,Zm00001eb091110_T001,1,no,6241,98,6241,6339,0.984540148288374,1,Zea_mays,high_confidence_IR
Zm00001eb091210,Zm00001eb091210.intron1,Zm00001eb091210|2:134430057-134430164:+,2,134430057,134430164,+,Zm00001eb091210_T001,1,no,2342,1997,2342,4339,0.539755704079281,1,Zea_mays,high_confidence_IR
Zm00001eb092890,Zm00001eb092890.intron2,Zm00001eb092890|2:149284125-149284804:+,2,149284125,149284804,+,Zm00001eb092890_T002,1,yes,2194,70,1630,2264,0.969081272084806,0.742935278030994,Zea_mays,high_confidence_IR
Zm00001eb093640,Zm00001eb093640.intron2,Zm00001eb093640|2:154359762-154361467:+,2,154359762,154361467,+,Zm00001eb093640_T002,1,yes,6889,29,5011,6918,0.995808037004915,0.727391493685586,Zea_mays,high_confidence_IR
Zm00001eb093910,Zm00001eb093910.intron4,Zm00001eb093910|2:156035664-156036033:-,2,156035664,156036033,-,Zm00001eb093910_T002,1,yes,1551,474,1127,2025,0.765925925925926,0.726627981947131,Zea_mays,high_confidence_IR
Zm00001eb094610,Zm00001eb094610.intron1,Zm00001eb094610|2:160906461-160906759:-,2,160906461,160906759,-,Zm00001eb094610_T001,1,no,5929,810,5929,6739,0.879804125241134,1,Zea_mays,high_confidence_IR
Zm00001eb095220,Zm00001eb095220.intron1,Zm00001eb095220|2:164588234-164588283:-,2,164588234,164588283,-,Zm00001eb095220_T001,1,no,152181,8,152181,152189,0.999947433782994,1,Zea_mays,high_confidence_IR
Zm00001eb095370,Zm00001eb095370.intron1,Zm00001eb095370|2:165688950-165689073:+,2,165688950,165689073,+,Zm00001eb095370_T001,1,yes,2464,10,2045,2474,0.995957962813258,0.829951298701299,Zea_mays,high_confidence_IR
Zm00001eb095530,Zm00001eb095530.intron1,Zm00001eb095530|2:166663532-166663639:-,2,166663532,166663639,-,Zm00001eb095530_T001,1,yes,6363,927,5208,7290,0.872839506172839,0.818481848184819,Zea_mays,high_confidence_IR
Zm00001eb095610,Zm00001eb095610.intron1,Zm00001eb095610|2:167473440-167473540:-,2,167473440,167473540,-,Zm00001eb095610_T001,1,no,399,215,357,614,0.649837133550489,0.894736842105263,Zea_mays,high_confidence_IR
Zm00001eb095680,Zm00001eb095680.intron1,Zm00001eb095680|2:168247249-168247444:-,2,168247249,168247444,-,Zm00001eb095680_T001,1,no,407,21,407,428,0.950934579439252,1,Zea_mays,high_confidence_IR
Zm00001eb095840,Zm00001eb095840.intron3,Zm00001eb095840|2:169187326-169187442:+,2,169187326,169187442,+,Zm00001eb095840_T001,1,no,1739,5105,1227,6844,0.254091174751607,0.705577918343876,Zea_mays,high_confidence_IR
Zm00001eb095900,Zm00001eb095900.intron1,Zm00001eb095900|2:169355451-169355597:+,2,169355451,169355597,+,Zm00001eb095900_T001,1,no,216,507,216,723,0.298755186721992,1,Zea_mays,high_confidence_IR
Zm00001eb095920,Zm00001eb095920.intron1,Zm00001eb095920|2:169441726-169441816:+,2,169441726,169441816,+,Zm00001eb095920_T001,1,no,294,901,243,1195,0.24602510460251,0.826530612244898,Zea_mays,high_confidence_IR
Zm00001eb095990,Zm00001eb095990.intron1,Zm00001eb095990|2:169737313-169737401:+,2,169737313,169737401,+,Zm00001eb095990_T001,1,no,5,16,5,21,0.238095238095238,1,Zea_mays,high_confidence_IR
Zm00001eb096830,Zm00001eb096830.intron1,Zm00001eb096830|2:174011673-174012782:+,2,174011673,174012782,+,Zm00001eb096830_T001,1,no,644,1112,644,1756,0.366742596810934,1,Zea_mays,high_confidence_IR
Zm00001eb096930,Zm00001eb096930.intron2,Zm00001eb096930|2:174511701-174511802:+,2,174511701,174511802,+,Zm00001eb096930_T002,1,yes,61391,511,53514,61902,0.991745016316113,0.871691290254272,Zea_mays,high_confidence_IR
Zm00001eb097030,Zm00001eb097030.intron3,Zm00001eb097030|2:174853728-174853811:+,2,174853728,174853811,+,Zm00001eb097030_T002,1,yes,437,1252,339,1689,0.258732978093546,0.775743707093821,Zea_mays,high_confidence_IR
Zm00001eb097110,Zm00001eb097110.intron1,Zm00001eb097110|2:175191139-175191234:-,2,175191139,175191234,-,Zm00001eb097110_T001,1,no,136,5,136,141,0.964539007092199,1,Zea_mays,high_confidence_IR
Zm00001eb097550,Zm00001eb097550.intron1,Zm00001eb097550|2:177192755-177195005:+,2,177192755,177195005,+,Zm00001eb097550_T001,1,yes,1558,701,1195,2259,0.689685701637893,0.767008985879333,Zea_mays,high_confidence_IR
Zm00001eb097850,Zm00001eb097850.intron1,Zm00001eb097850|2:178334973-178335043:-,2,178334973,178335043,-,Zm00001eb097850_T001,1,no,21,27,21,48,0.4375,1,Zea_mays,high_confidence_IR
Zm00001eb098290,Zm00001eb098290.intron2,Zm00001eb098290|2:180419136-180419227:+,2,180419136,180419227,+,Zm00001eb098290_T001,1,yes,235,138,209,373,0.630026809651475,0.88936170212766,Zea_mays,high_confidence_IR
Zm00001eb098520,Zm00001eb098520.intron2,Zm00001eb098520|2:181424179-181424518:+,2,181424179,181424518,+,Zm00001eb098520_T001,1,no,3132,10262,2426,13394,0.233836045990742,0.774584929757343,Zea_mays,high_confidence_IR
Zm00001eb098610,Zm00001eb098610.intron3,Zm00001eb098610|2:181739658-181739780:+,2,181739658,181739780,+,Zm00001eb098610_T001,1,yes,8417,266,6176,8683,0.969365426695842,0.733753118688369,Zea_mays,high_confidence_IR
Zm00001eb100210,Zm00001eb100210.intron1,Zm00001eb100210|2:189242230-189244754:+,2,189242230,189244754,+,Zm00001eb100210_T001,1,yes,2628,55,2366,2683,0.979500559075662,0.900304414003044,Zea_mays,high_confidence_IR
Zm00001eb100650,Zm00001eb100650.intron1,Zm00001eb100650|2:190756740-190756812:-,2,190756740,190756812,-,Zm00001eb100650_T001,1,yes,204,9,204,213,0.957746478873239,1,Zea_mays,high_confidence_IR
Zm00001eb101220,Zm00001eb101220.intron2,Zm00001eb101220|2:193035256-193035522:+,2,193035256,193035522,+,Zm00001eb101220_T001,1,yes,3415,127,2677,3542,0.964144551101073,0.78389458272328,Zea_mays,high_confidence_IR
Zm00001eb101290,Zm00001eb101290.intron1,Zm00001eb101290|2:193297777-193298547:-,2,193297777,193298547,-,Zm00001eb101290_T001,1,no,844,1647,844,2491,0.338819751103974,1,Zea_mays,high_confidence_IR
Zm00001eb101370,Zm00001eb101370.intron2,Zm00001eb101370|2:193599763-193600124:+,2,193599763,193600124,+,Zm00001eb101370_T002,1,yes,75,5,60,80,0.9375,0.8,Zea_mays,high_confidence_IR
Zm00001eb101400,Zm00001eb101400.intron1,Zm00001eb101400|2:193653401-193653506:-,2,193653401,193653506,-,Zm00001eb101400_T001,1,no,46,19,46,65,0.707692307692308,1,Zea_mays,high_confidence_IR
Zm00001eb101780,Zm00001eb101780.intron2,Zm00001eb101780|2:194739805-194739963:-,2,194739805,194739963,-,Zm00001eb101780_T002,1,yes,3507,225,2513,3732,0.939710610932476,0.716566866267465,Zea_mays,high_confidence_IR
Zm00001eb101800,Zm00001eb101800.intron1,Zm00001eb101800|2:194752149-194752303:+,2,194752149,194752303,+,Zm00001eb101800_T001,1,no,22,32,22,54,0.407407407407407,1,Zea_mays,high_confidence_IR
Zm00001eb102620,Zm00001eb102620.intron1,Zm00001eb102620|2:199068285-199069549:-,2,199068285,199069549,-,Zm00001eb102620_T001,1,no,645,459,645,1104,0.584239130434783,1,Zea_mays,high_confidence_IR
Zm00001eb102760,Zm00001eb102760.intron2,Zm00001eb102760|2:199470591-199471759:-,2,199470591,199471759,-,Zm00001eb102760_T001,1,yes,5779,489,4513,6268,0.921984684109764,0.780930956912961,Zea_mays,high_confidence_IR
Zm00001eb103580,Zm00001eb103580.intron4,Zm00001eb103580|2:202354866-202356349:-,2,202354866,202356349,-,Zm00001eb103580_T002,1,yes,3423,7,2585,3430,0.997959183673469,0.755185509786737,Zea_mays,high_confidence_IR
Zm00001eb103630,Zm00001eb103630.intron14,Zm00001eb103630|2:202535440-202535694:+,2,202535440,202535694,+,Zm00001eb103630_T001,1,no,11,20,11,31,0.354838709677419,1,Zea_mays,high_confidence_IR
Zm00001eb103710,Zm00001eb103710.intron1,Zm00001eb103710|2:202588858-202588974:+,2,202588858,202588974,+,Zm00001eb103710_T001,1,no,18,43,18,61,0.295081967213115,1,Zea_mays,high_confidence_IR
Zm00001eb103960,Zm00001eb103960.intron1,Zm00001eb103960|2:203051627-203051717:-,2,203051627,203051717,-,Zm00001eb103960_T001,1,yes,677,690,677,1367,0.495245062179956,1,Zea_mays,high_confidence_IR
Zm00001eb104430,Zm00001eb104430.intron1,Zm00001eb104430|2:204385028-204385171:-,2,204385028,204385171,-,Zm00001eb104430_T001,1,yes,1378,74,1112,1452,0.949035812672176,0.806966618287373,Zea_mays,high_confidence_IR
Zm00001eb105200,Zm00001eb105200.intron1,Zm00001eb105200|2:206680209-206680346:+,2,206680209,206680346,+,Zm00001eb105200_T001,1,no,1392,16,1142,1408,0.988636363636364,0.820402298850575,Zea_mays,high_confidence_IR
Zm00001eb105330,Zm00001eb105330.intron1,Zm00001eb105330|2:207191240-207191333:-,2,207191240,207191333,-,Zm00001eb105330_T001,1,no,5,5,5,10,0.5,1,Zea_mays,high_confidence_IR
Zm00001eb105550,Zm00001eb105550.intron2,Zm00001eb105550|2:208313368-208313460:+,2,208313368,208313460,+,Zm00001eb105550_T002,1,yes,33344,188,29885,33532,0.994393415245139,0.896263195777351,Zea_mays,high_confidence_IR
Zm00001eb106370,Zm00001eb106370.intron1,Zm00001eb106370|2:210673971-210674937:+,2,210673971,210674937,+,Zm00001eb106370_T001,1,yes,2152,26,1582,2178,0.988062442607897,0.735130111524164,Zea_mays,high_confidence_IR
Zm00001eb106530,Zm00001eb106530.intron3,Zm00001eb106530|2:210916372-210916435:-,2,210916372,210916435,-,Zm00001eb106530_T001,1,no,31379,65,25155,31444,0.997932832972904,0.80165078555722,Zea_mays,high_confidence_IR
Zm00001eb106540,Zm00001eb106540.intron1,Zm00001eb106540|2:210920681-210920797:-,2,210920681,210920797,-,Zm00001eb106540_T001,1,no,6,20,6,26,0.230769230769231,1,Zea_mays,high_confidence_IR
Zm00001eb106610,Zm00001eb106610.intron1,Zm00001eb106610|2:211044069-211044223:+,2,211044069,211044223,+,Zm00001eb106610_T001,1,no,18,20,18,38,0.473684210526316,1,Zea_mays,high_confidence_IR
Zm00001eb106760,Zm00001eb106760.intron1,Zm00001eb106760|2:211491386-211491673:+,2,211491386,211491673,+,Zm00001eb106760_T001,1,no,565,25,565,590,0.957627118644068,1,Zea_mays,high_confidence_IR
Zm00001eb106920,Zm00001eb106920.intron1,Zm00001eb106920|2:211815281-211816058:+,2,211815281,211816058,+,Zm00001eb106920_T001,1,no,1205,1922,880,3127,0.385353373840742,0.730290456431535,Zea_mays,high_confidence_IR
Zm00001eb106990,Zm00001eb106990.intron1,Zm00001eb106990|2:211905657-211905834:+,2,211905657,211905834,+,Zm00001eb106990_T001,1,yes,249,852,249,1101,0.226158038147139,1,Zea_mays,high_confidence_IR
Zm00001eb107100,Zm00001eb107100.intron1,Zm00001eb107100|2:212557156-212557332:-,2,212557156,212557332,-,Zm00001eb107100_T002,1,yes,11072,2013,11072,13085,0.846159724875812,1,Zea_mays,high_confidence_IR
Zm00001eb107270,Zm00001eb107270.intron1,Zm00001eb107270|2:212909795-212910167:-,2,212909795,212910167,-,Zm00001eb107270_T001,1,no,262,400,262,662,0.395770392749245,1,Zea_mays,high_confidence_IR
Zm00001eb107560,Zm00001eb107560.intron3,Zm00001eb107560|2:213804799-213810246:+,2,213804799,213810246,+,Zm00001eb107560_T001,1,no,156343,293,118216,156636,0.998129421078168,0.756132350025265,Zea_mays,high_confidence_IR
Zm00001eb107670,Zm00001eb107670.intron2,Zm00001eb107670|2:214086094-214086267:-,2,214086094,214086267,-,Zm00001eb107670_T002,1,yes,1847,8,1556,1855,0.995687331536388,0.84244721169464,Zea_mays,high_confidence_IR
Zm00001eb107810,Zm00001eb107810.intron1,Zm00001eb107810|2:214451925-214452034:+,2,214451925,214452034,+,Zm00001eb107810_T001,1,yes,1308,3987,1308,5295,0.247025495750708,1,Zea_mays,high_confidence_IR
Zm00001eb108240,Zm00001eb108240.intron1,Zm00001eb108240|2:215623998-215624182:+,2,215623998,215624182,+,Zm00001eb108240_T001,1,no,34,95,34,129,0.263565891472868,1,Zea_mays,high_confidence_IR
Zm00001eb108710,Zm00001eb108710.intron1,Zm00001eb108710|2:217090218-217090721:+,2,217090218,217090721,+,Zm00001eb108710_T001,1,no,183,10,183,193,0.948186528497409,1,Zea_mays,high_confidence_IR
Zm00001eb109270,Zm00001eb109270.intron5,Zm00001eb109270|2:218068938-218069421:+,2,218068938,218069421,+,Zm00001eb109270_T002,1,yes,2915,331,2252,3246,0.898028342575477,0.772555746140652,Zea_mays,high_confidence_IR
Zm00001eb109420,Zm00001eb109420.intron1,Zm00001eb109420|2:218442862-218443432:-,2,218442862,218443432,-,Zm00001eb109420_T001,1,no,614,9,456,623,0.985553772070626,0.742671009771987,Zea_mays,high_confidence_IR
Zm00001eb109430,Zm00001eb109430.intron1,Zm00001eb109430|2:218445500-218446357:-,2,218445500,218446357,-,Zm00001eb109430_T001,1,no,144,497,128,641,0.224648985959438,0.888888888888889,Zea_mays,high_confidence_IR
Zm00001eb109590,Zm00001eb109590.intron1,Zm00001eb109590|2:218922400-218922927:-,2,218922400,218922927,-,Zm00001eb109590_T001,1,no,328,157,328,485,0.676288659793814,1,Zea_mays,high_confidence_IR
Zm00001eb109640,Zm00001eb109640.intron1,Zm00001eb109640|2:219036945-219039581:-,2,219036945,219039581,-,Zm00001eb109640_T001,1,no,202,44,202,246,0.821138211382114,1,Zea_mays,high_confidence_IR
Zm00001eb109690,Zm00001eb109690.intron3,Zm00001eb109690|2:219164418-219165203:-,2,219164418,219165203,-,Zm00001eb109690_T001,1,yes,12116,248,10950,12364,0.979941766418635,0.903763618355893,Zea_mays,high_confidence_IR
Zm00001eb109980,Zm00001eb109980.intron10,Zm00001eb109980|2:219871627-219872281:-,2,219871627,219872281,-,Zm00001eb109980_T001,1,yes,718,249,568,967,0.742502585315408,0.79108635097493,Zea_mays,high_confidence_IR
Zm00001eb110070,Zm00001eb110070.intron3,Zm00001eb110070|2:219997488-220008386:-,2,219997488,220008386,-,Zm00001eb110070_T001,1,yes,4574,16,3843,4590,0.996514161220044,0.840183646698732,Zea_mays,high_confidence_IR
Zm00001eb110590,Zm00001eb110590.intron3,Zm00001eb110590|2:221293693-221295027:-,2,221293693,221295027,-,Zm00001eb110590_T002,1,yes,5944,9,4572,5953,0.998488157231648,0.769179004037685,Zea_mays,high_confidence_IR
Zm00001eb110610,Zm00001eb110610.intron2,Zm00001eb110610|2:221378111-221379614:-,2,221378111,221379614,-,Zm00001eb110610_T002,1,yes,3346,214,2561,3560,0.939887640449438,0.765391512253437,Zea_mays,high_confidence_IR
Zm00001eb110680,Zm00001eb110680.intron3,Zm00001eb110680|2:221733278-221733801:+,2,221733278,221733801,+,Zm00001eb110680_T002,1,yes,6080,133,4899,6213,0.978593272171254,0.805756578947368,Zea_mays,high_confidence_IR
Zm00001eb110930,Zm00001eb110930.intron2,Zm00001eb110930|2:222322506-222322919:-,2,222322506,222322919,-,Zm00001eb110930_T002,1,yes,1323,1033,940,2356,0.561544991511036,0.710506424792139,Zea_mays,high_confidence_IR
Zm00001eb110940,Zm00001eb110940.intron1,Zm00001eb110940|2:222349647-222350075:+,2,222349647,222350075,+,Zm00001eb110940_T001,1,no,103,5,76,108,0.953703703703704,0.737864077669903,Zea_mays,high_confidence_IR
Zm00001eb111440,Zm00001eb111440.intron1,Zm00001eb111440|2:223580894-223582098:+,2,223580894,223582098,+,Zm00001eb111440_T001,1,no,545,602,545,1147,0.475152571926765,1,Zea_mays,high_confidence_IR
Zm00001eb111520,Zm00001eb111520.intron2,Zm00001eb111520|2:223643036-223643492:-,2,223643036,223643492,-,Zm00001eb111520_T001,1,yes,7243,789,5409,8032,0.901767928286853,0.74679000414193,Zea_mays,high_confidence_IR
Zm00001eb111580,Zm00001eb111580.intron1,Zm00001eb111580|2:223801190-223801733:-,2,223801190,223801733,-,Zm00001eb111580_T001,1,no,609,1105,609,1714,0.355309218203034,1,Zea_mays,high_confidence_IR
Zm00001eb111760,Zm00001eb111760.intron4,Zm00001eb111760|2:224427711-224429223:-,2,224427711,224429223,-,Zm00001eb111760_T001,1,no,28,12,21,40,0.7,0.75,Zea_mays,high_confidence_IR
Zm00001eb112370,Zm00001eb112370.intron1,Zm00001eb112370|2:226439125-226439295:+,2,226439125,226439295,+,Zm00001eb112370_T001,1,no,1273,13,1273,1286,0.989891135303266,1,Zea_mays,high_confidence_IR
Zm00001eb112460,Zm00001eb112460.intron3,Zm00001eb112460|2:226787671-226787797:+,2,226787671,226787797,+,Zm00001eb112460_T001,1,yes,716,98,578,814,0.87960687960688,0.807262569832402,Zea_mays,high_confidence_IR
Zm00001eb112520,Zm00001eb112520.intron1,Zm00001eb112520|2:226950556-226951257:+,2,226950556,226951257,+,Zm00001eb112520_T001,1,no,208,104,208,312,0.666666666666667,1,Zea_mays,high_confidence_IR
Zm00001eb112790,Zm00001eb112790.intron1,Zm00001eb112790|2:227996108-227996660:-,2,227996108,227996660,-,Zm00001eb112790_T001,1,no,14,35,14,49,0.285714285714286,1,Zea_mays,high_confidence_IR
Zm00001eb112900,Zm00001eb112900.intron2,Zm00001eb112900|2:228648132-228649481:+,2,228648132,228649481,+,Zm00001eb112900_T002,1,yes,5163,341,4583,5504,0.938045058139535,0.887662211892311,Zea_mays,high_confidence_IR
Zm00001eb113200,Zm00001eb113200.intron1,Zm00001eb113200|2:229712105-229712186:-,2,229712105,229712186,-,Zm00001eb113200_T001,1,yes,42,32,31,74,0.567567567567568,0.738095238095238,Zea_mays,high_confidence_IR
Zm00001eb113680,Zm00001eb113680.intron1,Zm00001eb113680|2:231090946-231091030:+,2,231090946,231091030,+,Zm00001eb113680_T001,1,yes,280,16,218,296,0.945945945945946,0.778571428571429,Zea_mays,high_confidence_IR
Zm00001eb113890,Zm00001eb113890.intron1,Zm00001eb113890|2:231629290-231632942:+,2,231629290,231632942,+,Zm00001eb113890_T001,1,no,725,604,574,1329,0.545522949586155,0.791724137931034,Zea_mays,high_confidence_IR
Zm00001eb113990,Zm00001eb113990.intron3,Zm00001eb113990|2:231859532-231859617:-,2,231859532,231859617,-,Zm00001eb113990_T001,1,no,677,14,629,691,0.979739507959479,0.929098966026588,Zea_mays,high_confidence_IR
Zm00001eb114000,Zm00001eb114000.intron1,Zm00001eb114000|2:231889114-231889235:+,2,231889114,231889235,+,Zm00001eb114000_T001,1,no,40,66,40,106,0.377358490566038,1,Zea_mays,high_confidence_IR
Zm00001eb114050,Zm00001eb114050.intron4,Zm00001eb114050|2:232064588-232064696:+,2,232064588,232064696,+,Zm00001eb114050_T002,1,yes,1038,1279,941,2317,0.447993094518774,0.906551059730251,Zea_mays,high_confidence_IR
Zm00001eb114150,Zm00001eb114150.intron1,Zm00001eb114150|2:232307065-232308210:+,2,232307065,232308210,+,Zm00001eb114150_T002,1,yes,2692,38,2482,2730,0.986080586080586,0.921991084695394,Zea_mays,high_confidence_IR
Zm00001eb114170,Zm00001eb114170.intron1,Zm00001eb114170|2:232507132-232507284:-,2,232507132,232507284,-,Zm00001eb114170_T001,1,no,32,38,32,70,0.457142857142857,1,Zea_mays,high_confidence_IR
Zm00001eb114330,Zm00001eb114330.intron1,Zm00001eb114330|2:232919937-232920059:+,2,232919937,232920059,+,Zm00001eb114330_T001,1,yes,375,673,375,1048,0.357824427480916,1,Zea_mays,high_confidence_IR
Zm00001eb114490,Zm00001eb114490.intron1,Zm00001eb114490|2:233496501-233496592:-,2,233496501,233496592,-,Zm00001eb114490_T002,1,yes,713,12,579,725,0.983448275862069,0.812061711079944,Zea_mays,high_confidence_IR
Zm00001eb114790,Zm00001eb114790.intron2,Zm00001eb114790|2:234492788-234492879:-,2,234492788,234492879,-,Zm00001eb114790_T001,1,yes,18495,174,15228,18669,0.990679736461514,0.823357664233577,Zea_mays,high_confidence_IR
Zm00001eb114960,Zm00001eb114960.intron1,Zm00001eb114960|2:235132779-235133082:+,2,235132779,235133082,+,Zm00001eb114960_T001,1,no,58,54,58,112,0.517857142857143,1,Zea_mays,high_confidence_IR
Zm00001eb115920,Zm00001eb115920.intron1,Zm00001eb115920|2:237290515-237290605:+,2,237290515,237290605,+,Zm00001eb115920_T001,1,no,581,30,581,611,0.950900163666121,1,Zea_mays,high_confidence_IR
Zm00001eb116160,Zm00001eb116160.intron3,Zm00001eb116160|2:237935802-237936986:-,2,237935802,237936986,-,Zm00001eb116160_T001,1,yes,11551,1076,8808,12627,0.914785776510652,0.76253138256428,Zea_mays,high_confidence_IR
Zm00001eb116590,Zm00001eb116590.intron1,Zm00001eb116590|2:238877531-238877645:+,2,238877531,238877645,+,Zm00001eb116590_T001,1,yes,7282,2950,7282,10232,0.711688819390149,1,Zea_mays,high_confidence_IR
Zm00001eb116600,Zm00001eb116600.intron1,Zm00001eb116600|2:238884382-238884468:+,2,238884382,238884468,+,Zm00001eb116600_T001,1,no,3589,334,3589,3923,0.914861075707367,1,Zea_mays,high_confidence_IR
Zm00001eb116640,Zm00001eb116640.intron1,Zm00001eb116640|2:239090298-239090424:+,2,239090298,239090424,+,Zm00001eb116640_T001,1,no,66,240,66,306,0.215686274509804,1,Zea_mays,high_confidence_IR
Zm00001eb117030,Zm00001eb117030.intron3,Zm00001eb117030|2:239891402-239891552:+,2,239891402,239891552,+,Zm00001eb117030_T001,1,yes,2835,8,2309,2843,0.997186071051706,0.814462081128748,Zea_mays,high_confidence_IR
Zm00001eb117120,Zm00001eb117120.intron1,Zm00001eb117120|2:239971878-239971955:-,2,239971878,239971955,-,Zm00001eb117120_T001,1,no,5,20,5,25,0.2,1,Zea_mays,high_confidence_IR
Zm00001eb117770,Zm00001eb117770.intron1,Zm00001eb117770|2:241507238-241507321:+,2,241507238,241507321,+,Zm00001eb117770_T001,1,no,86,271,86,357,0.240896358543417,1,Zea_mays,high_confidence_IR
Zm00001eb117880,Zm00001eb117880.intron1,Zm00001eb117880|2:241777105-241777179:-,2,241777105,241777179,-,Zm00001eb117880_T001,1,no,70,38,70,108,0.648148148148148,1,Zea_mays,high_confidence_IR
Zm00001eb118040,Zm00001eb118040.intron1,Zm00001eb118040|2:242093209-242093291:-,2,242093209,242093291,-,Zm00001eb118040_T001,1,no,284,107,284,391,0.726342710997442,1,Zea_mays,high_confidence_IR
Zm00001eb118640,Zm00001eb118640.intron2,Zm00001eb118640|3:721666-721818:-,3,721666,721818,-,Zm00001eb118640_T001,1,no,616,191,539,807,0.763320941759604,0.875,Zea_mays,high_confidence_IR
Zm00001eb119000,Zm00001eb119000.intron2,Zm00001eb119000|3:1725424-1725720:+,3,1725424,1725720,+,Zm00001eb119000_T001,1,yes,5803,155,4521,5958,0.973984558576704,0.779079786317422,Zea_mays,high_confidence_IR
Zm00001eb119900,Zm00001eb119900.intron1,Zm00001eb119900|3:3396197-3396542:-,3,3396197,3396542,-,Zm00001eb119900_T001,1,no,4330,7632,4330,11962,0.361979602073232,1,Zea_mays,high_confidence_IR
Zm00001eb120070,Zm00001eb120070.intron2,Zm00001eb120070|3:3601434-3602449:-,3,3601434,3602449,-,Zm00001eb120070_T001,1,no,25,45,20,70,0.357142857142857,0.8,Zea_mays,high_confidence_IR
Zm00001eb120410,Zm00001eb120410.intron3,Zm00001eb120410|3:4505477-4507714:-,3,4505477,4507714,-,Zm00001eb120410_T001,1,yes,49979,43,39808,50022,0.999140378233577,0.796494527701635,Zea_mays,high_confidence_IR
Zm00001eb120440,Zm00001eb120440.intron1,Zm00001eb120440|3:4609162-4609533:-,3,4609162,4609533,-,Zm00001eb120440_T001,1,no,1379,67,1379,1446,0.953665283540802,1,Zea_mays,high_confidence_IR
Zm00001eb120850,Zm00001eb120850.intron1,Zm00001eb120850|3:5511940-5512014:-,3,5511940,5512014,-,Zm00001eb120850_T001,1,no,300,620,300,920,0.326086956521739,1,Zea_mays,high_confidence_IR
Zm00001eb121140,Zm00001eb121140.intron1,Zm00001eb121140|3:6247774-6249611:+,3,6247774,6249611,+,Zm00001eb121140_T001,1,no,1214,575,1165,1789,0.678591391839016,0.959637561779242,Zea_mays,high_confidence_IR
Zm00001eb122190,Zm00001eb122190.intron1,Zm00001eb122190|3:9381045-9381399:+,3,9381045,9381399,+,Zm00001eb122190_T001,1,yes,901,2243,659,3144,0.286577608142494,0.731409544950056,Zea_mays,high_confidence_IR
Zm00001eb122620,Zm00001eb122620.intron1,Zm00001eb122620|3:10683100-10683219:+,3,10683100,10683219,+,Zm00001eb122620_T001,1,yes,6695,26,6695,6721,0.996131528046422,1,Zea_mays,high_confidence_IR
Zm00001eb122780,Zm00001eb122780.intron4,Zm00001eb122780|3:11874237-11874426:+,3,11874237,11874426,+,Zm00001eb122780_T002,1,yes,15875,9,12161,15884,0.999433392092672,0.766047244094488,Zea_mays,high_confidence_IR
Zm00001eb123000,Zm00001eb123000.intron2,Zm00001eb123000|3:12558083-12560327:-,3,12558083,12560327,-,Zm00001eb123000_T001,1,yes,18,23,16,41,0.439024390243902,0.888888888888889,Zea_mays,high_confidence_IR
Zm00001eb123200,Zm00001eb123200.intron1,Zm00001eb123200|3:13423979-13424924:+,3,13423979,13424924,+,Zm00001eb123200_T003;Zm00001eb123200_T004,2,yes,1445,2091,1161,3536,0.408653846153846,0.803460207612457,Zea_mays,high_confidence_IR
Zm00001eb123250,Zm00001eb123250.intron1,Zm00001eb123250|3:13509443-13509546:-,3,13509443,13509546,-,Zm00001eb123250_T001,1,no,6,9,6,15,0.4,1,Zea_mays,high_confidence_IR
Zm00001eb123660,Zm00001eb123660.intron1,Zm00001eb123660|3:15095979-15096133:+,3,15095979,15096133,+,Zm00001eb123660_T001;Zm00001eb123660_T002,2,no,862,1665,862,2527,0.341115947764147,1,Zea_mays,high_confidence_IR
Zm00001eb124890,Zm00001eb124890.intron1,Zm00001eb124890|3:20263519-20263620:-,3,20263519,20263620,-,Zm00001eb124890_T001,1,no,67,140,67,207,0.323671497584541,1,Zea_mays,high_confidence_IR
Zm00001eb125140,Zm00001eb125140.intron1,Zm00001eb125140|3:21610931-21611022:+,3,21610931,21611022,+,Zm00001eb125140_T002,1,yes,10447,31,10447,10478,0.997041420118343,1,Zea_mays,high_confidence_IR
Zm00001eb125320,Zm00001eb125320.intron1,Zm00001eb125320|3:22444996-22445088:+,3,22444996,22445088,+,Zm00001eb125320_T001,1,no,15,48,15,63,0.238095238095238,1,Zea_mays,high_confidence_IR
Zm00001eb125680,Zm00001eb125680.intron3,Zm00001eb125680|3:24591919-24592053:+,3,24591919,24592053,+,Zm00001eb125680_T001,1,no,105,107,76,212,0.495283018867925,0.723809523809524,Zea_mays,high_confidence_IR
Zm00001eb126330,Zm00001eb126330.intron2,Zm00001eb126330|3:28737325-28738127:-,3,28737325,28738127,-,Zm00001eb126330_T001,1,no,932,168,735,1100,0.847272727272727,0.78862660944206,Zea_mays,high_confidence_IR
Zm00001eb126390,Zm00001eb126390.intron1,Zm00001eb126390|3:29043362-29043433:-,3,29043362,29043433,-,Zm00001eb126390_T002,1,yes,853,11,765,864,0.987268518518518,0.8968347010551,Zea_mays,high_confidence_IR
Zm00001eb126650,Zm00001eb126650.intron2,Zm00001eb126650|3:30088900-30089189:-,3,30088900,30089189,-,Zm00001eb126650_T001,1,no,91,125,66,216,0.421296296296296,0.725274725274725,Zea_mays,high_confidence_IR
Zm00001eb127300,Zm00001eb127300.intron4,Zm00001eb127300|3:33935894-33936000:-,3,33935894,33936000,-,Zm00001eb127300_T004,1,yes,6982,159,5546,7141,0.977734210894833,0.794328272701232,Zea_mays,high_confidence_IR
Zm00001eb127370,Zm00001eb127370.intron1,Zm00001eb127370|3:34304128-34304233:-,3,34304128,34304233,-,Zm00001eb127370_T001,1,no,41,151,41,192,0.213541666666667,1,Zea_mays,high_confidence_IR
Zm00001eb127410,Zm00001eb127410.intron2,Zm00001eb127410|3:34615980-34616065:+,3,34615980,34616065,+,Zm00001eb127410_T001,1,no,62,234,60,296,0.209459459459459,0.967741935483871,Zea_mays,high_confidence_IR
Zm00001eb127660,Zm00001eb127660.intron2,Zm00001eb127660|3:35928488-35928636:-,3,35928488,35928636,-,Zm00001eb127660_T001,1,no,51,37,43,88,0.579545454545455,0.843137254901961,Zea_mays,high_confidence_IR
Zm00001eb127760,Zm00001eb127760.intron3,Zm00001eb127760|3:36491217-36491303:+,3,36491217,36491303,+,Zm00001eb127760_T002,1,yes,8531,313,7049,8844,0.964608774310267,0.826280623608018,Zea_mays,high_confidence_IR
Zm00001eb127870,Zm00001eb127870.intron1,Zm00001eb127870|3:37366576-37366701:+,3,37366576,37366701,+,Zm00001eb127870_T001,1,no,123,56,123,179,0.687150837988827,1,Zea_mays,high_confidence_IR
Zm00001eb127920,Zm00001eb127920.intron2,Zm00001eb127920|3:37589778-37589860:-,3,37589778,37589860,-,Zm00001eb127920_T001,1,no,214,708,179,922,0.232104121475054,0.836448598130841,Zea_mays,high_confidence_IR
Zm00001eb127980,Zm00001eb127980.intron1,Zm00001eb127980|3:38168390-38168471:+,3,38168390,38168471,+,Zm00001eb127980_T001,1,no,10,27,10,37,0.27027027027027,1,Zea_mays,high_confidence_IR
Zm00001eb128130,Zm00001eb128130.intron4,Zm00001eb128130|3:38976467-38977060:-,3,38976467,38977060,-,Zm00001eb128130_T002,1,yes,21141,19,15552,21160,0.999102079395085,0.735632183908046,Zea_mays,high_confidence_IR
Zm00001eb128860,Zm00001eb128860.intron1,Zm00001eb128860|3:43995961-43997258:-,3,43995961,43997258,-,Zm00001eb128860_T001,1,yes,60,89,60,149,0.402684563758389,1,Zea_mays,high_confidence_IR
Zm00001eb129480,Zm00001eb129480.intron1,Zm00001eb129480|3:48765576-48767041:-,3,48765576,48767041,-,Zm00001eb129480_T001,1,no,28,105,28,133,0.210526315789474,1,Zea_mays,high_confidence_IR
Zm00001eb129490,Zm00001eb129490.intron2,Zm00001eb129490|3:48924094-48924265:-,3,48924094,48924265,-,Zm00001eb129490_T002,1,yes,4441,1205,3896,5646,0.78657456606447,0.877279891916235,Zea_mays,high_confidence_IR
Zm00001eb129550,Zm00001eb129550.intron1,Zm00001eb129550|3:49361540-49361826:+,3,49361540,49361826,+,Zm00001eb129550_T001,1,no,196,6,196,202,0.97029702970297,1,Zea_mays,high_confidence_IR
Zm00001eb129680,Zm00001eb129680.intron1,Zm00001eb129680|3:49856150-49856215:-,3,49856150,49856215,-,Zm00001eb129680_T001,1,no,41,15,41,56,0.732142857142857,1,Zea_mays,high_confidence_IR
Zm00001eb129740,Zm00001eb129740.intron1,Zm00001eb129740|3:50286801-50287433:+,3,50286801,50287433,+,Zm00001eb129740_T001,1,no,77903,52703,77903,130606,0.596473362632651,1,Zea_mays,high_confidence_IR
Zm00001eb129770,Zm00001eb129770.intron1,Zm00001eb129770|3:50429678-50430100:+,3,50429678,50430100,+,Zm00001eb129770_T001,1,no,50280,11532,50280,61812,0.813434284604931,1,Zea_mays,high_confidence_IR
Zm00001eb129780,Zm00001eb129780.intron1,Zm00001eb129780|3:50430969-50431086:+,3,50430969,50431086,+,Zm00001eb129780_T001,1,no,7311,3061,7311,10372,0.704878519089857,1,Zea_mays,high_confidence_IR
Zm00001eb129830,Zm00001eb129830.intron2,Zm00001eb129830|3:51089363-51089487:-,3,51089363,51089487,-,Zm00001eb129830_T002,1,yes,577,22,458,599,0.963272120200334,0.793760831889081,Zea_mays,high_confidence_IR
Zm00001eb130240,Zm00001eb130240.intron1,Zm00001eb130240|3:54738606-54738684:+,3,54738606,54738684,+,Zm00001eb130240_T001,1,no,3470,13,3470,3483,0.996267585414872,1,Zea_mays,high_confidence_IR
Zm00001eb130320,Zm00001eb130320.intron1,Zm00001eb130320|3:55536340-55536555:+,3,55536340,55536555,+,Zm00001eb130320_T001,1,no,831,10,831,841,0.988109393579073,1,Zea_mays,high_confidence_IR
Zm00001eb130330,Zm00001eb130330.intron1,Zm00001eb130330|3:55612569-55612655:+,3,55612569,55612655,+,Zm00001eb130330_T001,1,no,420,1240,420,1660,0.253012048192771,1,Zea_mays,high_confidence_IR
Zm00001eb130360,Zm00001eb130360.intron3,Zm00001eb130360|3:55754345-55757018:-,3,55754345,55757018,-,Zm00001eb130360_T002,1,yes,268,65,221,333,0.804804804804805,0.824626865671642,Zea_mays,high_confidence_IR
Zm00001eb130550,Zm00001eb130550.intron1,Zm00001eb130550|3:57335522-57335592:+,3,57335522,57335592,+,Zm00001eb130550_T001,1,no,157,20,110,177,0.887005649717514,0.700636942675159,Zea_mays,high_confidence_IR
Zm00001eb130790,Zm00001eb130790.intron1,Zm00001eb130790|3:58671864-58671970:-,3,58671864,58671970,-,Zm00001eb130790_T001,1,no,6433,49,6433,6482,0.99244060475162,1,Zea_mays,high_confidence_IR
Zm00001eb131240,Zm00001eb131240.intron1,Zm00001eb131240|3:63544291-63544870:+,3,63544291,63544870,+,Zm00001eb131240_T001,1,no,289,248,289,537,0.538175046554935,1,Zea_mays,high_confidence_IR
Zm00001eb131390,Zm00001eb131390.intron1,Zm00001eb131390|3:65239849-65240169:+,3,65239849,65240169,+,Zm00001eb131390_T002,1,yes,341,5,341,346,0.985549132947977,1,Zea_mays,high_confidence_IR
Zm00001eb131880,Zm00001eb131880.intron1,Zm00001eb131880|3:71363914-71364018:+,3,71363914,71364018,+,Zm00001eb131880_T001,1,no,19396,56,19396,19452,0.997121118651038,1,Zea_mays,high_confidence_IR
Zm00001eb131920,Zm00001eb131920.intron1,Zm00001eb131920|3:72081411-72081520:+,3,72081411,72081520,+,Zm00001eb131920_T001,1,no,83,110,83,193,0.430051813471503,1,Zea_mays,high_confidence_IR
Zm00001eb132140,Zm00001eb132140.intron1,Zm00001eb132140|3:76781349-76781438:+,3,76781349,76781438,+,Zm00001eb132140_T001,1,no,73,182,73,255,0.286274509803922,1,Zea_mays,high_confidence_IR
Zm00001eb132150,Zm00001eb132150.intron4,Zm00001eb132150|3:77682554-77682600:+,3,77682554,77682600,+,Zm00001eb132150_T001,1,yes,16916,381,12133,17297,0.97797305891195,0.71724994088437,Zea_mays,high_confidence_IR
Zm00001eb134110,Zm00001eb134110.intron5,Zm00001eb134110|3:107112980-107113085:+,3,107112980,107113085,+,Zm00001eb134110_T001,1,yes,5398,110,4427,5508,0.9800290486565,0.82011856243053,Zea_mays,high_confidence_IR
Zm00001eb134540,Zm00001eb134540.intron1,Zm00001eb134540|3:111428140-111428208:-,3,111428140,111428208,-,Zm00001eb134540_T001,1,no,49,116,49,165,0.296969696969697,1,Zea_mays,high_confidence_IR
Zm00001eb134590,Zm00001eb134590.intron2,Zm00001eb134590|3:111761605-111762651:+,3,111761605,111762651,+,Zm00001eb134590_T001,1,no,28,20,21,48,0.583333333333333,0.75,Zea_mays,high_confidence_IR
Zm00001eb134850,Zm00001eb134850.intron1,Zm00001eb134850|3:113522489-113522754:+,3,113522489,113522754,+,Zm00001eb134850_T001,1,no,1009,1853,1009,2862,0.352550663871419,1,Zea_mays,high_confidence_IR
Zm00001eb135550,Zm00001eb135550.intron1,Zm00001eb135550|3:119202642-119202797:-,3,119202642,119202797,-,Zm00001eb135550_T002,1,yes,12392,42,8813,12434,0.996622165031366,0.711184635248547,Zea_mays,high_confidence_IR
Zm00001eb136180,Zm00001eb136180.intron4,Zm00001eb136180|3:125751305-125751947:-,3,125751305,125751947,-,Zm00001eb136180_T001,1,yes,170,45,152,215,0.790697674418605,0.894117647058824,Zea_mays,high_confidence_IR
Zm00001eb136610,Zm00001eb136610.intron1,Zm00001eb136610|3:128473525-128473653:-,3,128473525,128473653,-,Zm00001eb136610_T001,1,no,123,372,123,495,0.248484848484848,1,Zea_mays,high_confidence_IR
Zm00001eb136780,Zm00001eb136780.intron1,Zm00001eb136780|3:129237547-129238281:+,3,129237547,129238281,+,Zm00001eb136780_T001,1,yes,524,929,471,1453,0.360633172746043,0.898854961832061,Zea_mays,high_confidence_IR
Zm00001eb136790,Zm00001eb136790.intron1,Zm00001eb136790|3:129375098-129375222:+,3,129375098,129375222,+,Zm00001eb136790_T001,1,no,492,41,492,533,0.923076923076923,1,Zea_mays,high_confidence_IR
Zm00001eb137020,Zm00001eb137020.intron5,Zm00001eb137020|3:130588518-130588642:-,3,130588518,130588642,-,Zm00001eb137020_T001,1,yes,3768,172,2734,3940,0.956345177664975,0.725583864118896,Zea_mays,high_confidence_IR
Zm00001eb137420,Zm00001eb137420.intron1,Zm00001eb137420|3:133542218-133542345:-,3,133542218,133542345,-,Zm00001eb137420_T001,1,no,642,1427,642,2069,0.310294828419526,1,Zea_mays,high_confidence_IR
Zm00001eb137530,Zm00001eb137530.intron1,Zm00001eb137530|3:133954099-133954164:-,3,133954099,133954164,-,Zm00001eb137530_T001,1,no,2225,489,2225,2714,0.819823139277819,1,Zea_mays,high_confidence_IR
Zm00001eb137560,Zm00001eb137560.intron2,Zm00001eb137560|3:134106049-134106185:-,3,134106049,134106185,-,Zm00001eb137560_T001,1,no,418,98,396,516,0.810077519379845,0.947368421052632,Zea_mays,high_confidence_IR
Zm00001eb137570,Zm00001eb137570.intron1,Zm00001eb137570|3:134169562-134169627:+,3,134169562,134169627,+,Zm00001eb137570_T001,1,yes,807,11,807,818,0.986552567237164,1,Zea_mays,high_confidence_IR
Zm00001eb137620,Zm00001eb137620.intron6,Zm00001eb137620|3:134646420-134662820:+,3,134646420,134662820,+,Zm00001eb137620_T001,1,no,49,141,37,190,0.257894736842105,0.755102040816326,Zea_mays,high_confidence_IR
Zm00001eb137680,Zm00001eb137680.intron1,Zm00001eb137680|3:134664775-134668102:+,3,134664775,134668102,+,Zm00001eb137680_T001;Zm00001eb137680_T002,2,no,17,8,12,25,0.68,0.705882352941177,Zea_mays,high_confidence_IR
Zm00001eb138020,Zm00001eb138020.intron1,Zm00001eb138020|3:136481410-136481611:+,3,136481410,136481611,+,Zm00001eb138020_T001,1,no,89,263,89,352,0.252840909090909,1,Zea_mays,high_confidence_IR
Zm00001eb138050,Zm00001eb138050.intron2,Zm00001eb138050|3:136565956-136566045:-,3,136565956,136566045,-,Zm00001eb138050_T002,1,yes,2677,192,2428,2869,0.933077727431161,0.906985431453119,Zea_mays,high_confidence_IR
Zm00001eb138500,Zm00001eb138500.intron3,Zm00001eb138500|3:139303536-139303674:-,3,139303536,139303674,-,Zm00001eb138500_T001;Zm00001eb138500_T002,2,no,3127,1425,2689,4552,0.68695079086116,0.859929645027183,Zea_mays,high_confidence_IR
Zm00001eb138550,Zm00001eb138550.intron1,Zm00001eb138550|3:139726738-139726903:+,3,139726738,139726903,+,Zm00001eb138550_T001,1,no,235,929,235,1164,0.201890034364261,1,Zea_mays,high_confidence_IR
Zm00001eb138560,Zm00001eb138560.intron1,Zm00001eb138560|3:139727162-139727248:-,3,139727162,139727248,-,Zm00001eb138560_T001,1,no,1432,5,1432,1437,0.99652052887961,1,Zea_mays,high_confidence_IR
Zm00001eb138950,Zm00001eb138950.intron1,Zm00001eb138950|3:142216390-142217096:-,3,142216390,142217096,-,Zm00001eb138950_T001,1,yes,12,30,12,42,0.285714285714286,1,Zea_mays,high_confidence_IR
Zm00001eb139100,Zm00001eb139100.intron1,Zm00001eb139100|3:142862783-142862860:-,3,142862783,142862860,-,Zm00001eb139100_T001,1,no,23,8,23,31,0.741935483870968,1,Zea_mays,high_confidence_IR
Zm00001eb139170,Zm00001eb139170.intron1,Zm00001eb139170|3:143162574-143162848:+,3,143162574,143162848,+,Zm00001eb139170_T001,1,no,2014,30,2014,2044,0.9853228962818,1,Zea_mays,high_confidence_IR
Zm00001eb139950,Zm00001eb139950.intron1,Zm00001eb139950|3:147192769-147193131:-,3,147192769,147193131,-,Zm00001eb139950_T001,1,no,8,22,6,30,0.266666666666667,0.75,Zea_mays,high_confidence_IR
Zm00001eb140060,Zm00001eb140060.intron1,Zm00001eb140060|3:147670517-147670602:+,3,147670517,147670602,+,Zm00001eb140060_T001,1,no,217,249,217,466,0.465665236051502,1,Zea_mays,high_confidence_IR
Zm00001eb140210,Zm00001eb140210.intron2,Zm00001eb140210|3:148023227-148023376:-,3,148023227,148023376,-,Zm00001eb140210_T001,1,yes,3004,174,2952,3178,0.945248584015104,0.982689747003995,Zea_mays,high_confidence_IR
Zm00001eb140400,Zm00001eb140400.intron1,Zm00001eb140400|3:148633343-148633536:-,3,148633343,148633536,-,Zm00001eb140400_T001,1,no,45,93,45,138,0.326086956521739,1,Zea_mays,high_confidence_IR
Zm00001eb140410,Zm00001eb140410.intron2,Zm00001eb140410|3:148695257-148695614:-,3,148695257,148695614,-,Zm00001eb140410_T001,1,yes,1340,3814,1050,5154,0.259992239037641,0.783582089552239,Zea_mays,high_confidence_IR
Zm00001eb140460,Zm00001eb140460.intron3,Zm00001eb140460|3:149113363-149117136:-,3,149113363,149117136,-,Zm00001eb140460_T002,1,yes,101,18,94,119,0.848739495798319,0.930693069306931,Zea_mays,high_confidence_IR
Zm00001eb140650,Zm00001eb140650.intron1,Zm00001eb140650|3:150028864-150028963:-,3,150028864,150028963,-,Zm00001eb140650_T001,1,no,26,75,26,101,0.257425742574257,1,Zea_mays,high_confidence_IR
Zm00001eb140730,Zm00001eb140730.intron4,Zm00001eb140730|3:150317565-150319492:-,3,150317565,150319492,-,Zm00001eb140730_T002,1,yes,3955,164,3433,4119,0.960184510803593,0.868015170670038,Zea_mays,high_confidence_IR
Zm00001eb141000,Zm00001eb141000.intron1,Zm00001eb141000|3:151308395-151308505:-,3,151308395,151308505,-,Zm00001eb141000_T001,1,no,34,120,34,154,0.220779220779221,1,Zea_mays,high_confidence_IR
Zm00001eb141030,Zm00001eb141030.intron1,Zm00001eb141030|3:151430494-151430596:-,3,151430494,151430596,-,Zm00001eb141030_T001,1,no,6,19,6,25,0.24,1,Zea_mays,high_confidence_IR
Zm00001eb141080,Zm00001eb141080.intron2,Zm00001eb141080|3:151517030-151517118:-,3,151517030,151517118,-,Zm00001eb141080_T001,1,yes,5692,271,5425,5963,0.954553077310079,0.953092059030218,Zea_mays,high_confidence_IR
Zm00001eb141120,Zm00001eb141120.intron1,Zm00001eb141120|3:151611726-151612273:+,3,151611726,151612273,+,Zm00001eb141120_T001,1,yes,1799,4803,1799,6602,0.272493183883672,1,Zea_mays,high_confidence_IR
Zm00001eb141260,Zm00001eb141260.intron1,Zm00001eb141260|3:152461432-152469627:-,3,152461432,152469627,-,Zm00001eb141260_T001,1,no,1399,914,1399,2313,0.604842196281885,1,Zea_mays,high_confidence_IR
Zm00001eb141410,Zm00001eb141410.intron2,Zm00001eb141410|3:153391155-153392202:+,3,153391155,153392202,+,Zm00001eb141410_T001,1,no,115,46,107,161,0.714285714285714,0.930434782608696,Zea_mays,high_confidence_IR
Zm00001eb142060,Zm00001eb142060.intron2,Zm00001eb142060|3:156762030-156762343:+,3,156762030,156762343,+,Zm00001eb142060_T001,1,no,210,652,149,862,0.243619489559165,0.70952380952381,Zea_mays,high_confidence_IR
Zm00001eb142650,Zm00001eb142650.intron1,Zm00001eb142650|3:159280713-159280809:-,3,159280713,159280809,-,Zm00001eb142650_T001,1,no,812,15,812,827,0.98186215235792,1,Zea_mays,high_confidence_IR
Zm00001eb143450,Zm00001eb143450.intron2,Zm00001eb143450|3:163891827-163891925:-,3,163891827,163891925,-,Zm00001eb143450_T002,1,yes,5562,110,4644,5672,0.980606488011283,0.83495145631068,Zea_mays,high_confidence_IR
Zm00001eb143520,Zm00001eb143520.intron4,Zm00001eb143520|3:164251569-164251911:+,3,164251569,164251911,+,Zm00001eb143520_T001,1,yes,6145,26,4451,6171,0.995786744449846,0.724328722538649,Zea_mays,high_confidence_IR
Zm00001eb143560,Zm00001eb143560.intron1,Zm00001eb143560|3:164486212-164500084:+,3,164486212,164500084,+,Zm00001eb143560_T001,1,no,116,101,97,217,0.534562211981567,0.836206896551724,Zea_mays,high_confidence_IR
Zm00001eb143880,Zm00001eb143880.intron1,Zm00001eb143880|3:168708184-168708261:+,3,168708184,168708261,+,Zm00001eb143880_T001,1,yes,27927,7,27927,27934,0.999749409321973,1,Zea_mays,high_confidence_IR
Zm00001eb144240,Zm00001eb144240.intron2,Zm00001eb144240|3:170389429-170389581:+,3,170389429,170389581,+,Zm00001eb144240_T001,1,yes,103323,6,92449,103329,0.999941933048805,0.89475721765725,Zea_mays,high_confidence_IR
Zm00001eb144500,Zm00001eb144500.intron2,Zm00001eb144500|3:171380449-171380597:-,3,171380449,171380597,-,Zm00001eb144500_T001,1,yes,17898,13362,15048,31260,0.572552783109405,0.840764331210191,Zea_mays,high_confidence_IR
Zm00001eb145280,Zm00001eb145280.intron1,Zm00001eb145280|3:174360768-174360800:-,3,174360768,174360800,-,Zm00001eb145280_T001,1,no,2792,65,2792,2857,0.977248862443122,1,Zea_mays,high_confidence_IR
Zm00001eb145530,Zm00001eb145530.intron4,Zm00001eb145530|3:175174397-175174750:+,3,175174397,175174750,+,Zm00001eb145530_T001,1,yes,4833,24,3507,4857,0.995058678196418,0.725636250775916,Zea_mays,high_confidence_IR
Zm00001eb145600,Zm00001eb145600.intron2,Zm00001eb145600|3:175551350-175551440:-,3,175551350,175551440,-,Zm00001eb145600_T001,1,yes,1556,21,1171,1577,0.986683576410907,0.752570694087404,Zea_mays,high_confidence_IR
Zm00001eb145950,Zm00001eb145950.intron5,Zm00001eb145950|3:177295647-177295997:-,3,177295647,177295997,-,Zm00001eb145950_T001,1,no,2811,8359,2079,11170,0.251656222023277,0.739594450373533,Zea_mays,high_confidence_IR
Zm00001eb146380,Zm00001eb146380.intron1,Zm00001eb146380|3:179052922-179053033:-,3,179052922,179053033,-,Zm00001eb146380_T002,1,yes,859,2049,714,2908,0.295392022008253,0.831199068684517,Zea_mays,high_confidence_IR
Zm00001eb146460,Zm00001eb146460.intron2,Zm00001eb146460|3:179430003-179430095:-,3,179430003,179430095,-,Zm00001eb146460_T002,1,yes,5546,151,4739,5697,0.973494821836054,0.854489722322395,Zea_mays,high_confidence_IR
Zm00001eb147230,Zm00001eb147230.intron2,Zm00001eb147230|3:181624037-181624130:-,3,181624037,181624130,-,Zm00001eb147230_T002,1,yes,3590,110,2682,3700,0.97027027027027,0.747075208913649,Zea_mays,high_confidence_IR
Zm00001eb147810,Zm00001eb147810.intron2,Zm00001eb147810|3:184096188-184098953:+,3,184096188,184098953,+,Zm00001eb147810_T001,1,yes,1635,162,1371,1797,0.909849749582638,0.838532110091743,Zea_mays,high_confidence_IR
Zm00001eb147890,Zm00001eb147890.intron2,Zm00001eb147890|3:184267905-184268001:+,3,184267905,184268001,+,Zm00001eb147890_T002,1,yes,1952,464,1483,2416,0.80794701986755,0.759733606557377,Zea_mays,high_confidence_IR
Zm00001eb147920,Zm00001eb147920.intron1,Zm00001eb147920|3:184420297-184420902:+,3,184420297,184420902,+,Zm00001eb147920_T001,1,no,79,201,79,280,0.282142857142857,1,Zea_mays,high_confidence_IR
Zm00001eb148390,Zm00001eb148390.intron2,Zm00001eb148390|3:186158470-186160066:+,3,186158470,186160066,+,Zm00001eb148390_T001,1,yes,331,52,240,383,0.864229765013055,0.725075528700906,Zea_mays,high_confidence_IR
Zm00001eb148440,Zm00001eb148440.intron1,Zm00001eb148440|3:186289570-186289697:-,3,186289570,186289697,-,Zm00001eb148440_T001,1,no,121,26,121,147,0.82312925170068,1,Zea_mays,high_confidence_IR
Zm00001eb149440,Zm00001eb149440.intron1,Zm00001eb149440|3:189409967-189410206:+,3,189409967,189410206,+,Zm00001eb149440_T001,1,no,47,142,47,189,0.248677248677249,1,Zea_mays,high_confidence_IR
Zm00001eb149710,Zm00001eb149710.intron1,Zm00001eb149710|3:190839557-190839807:-,3,190839557,190839807,-,Zm00001eb149710_T001,1,no,138,327,138,465,0.296774193548387,1,Zea_mays,high_confidence_IR
Zm00001eb149900,Zm00001eb149900.intron1,Zm00001eb149900|3:191469270-191469858:+,3,191469270,191469858,+,Zm00001eb149900_T002,1,yes,55723,281,42505,56004,0.994982501249911,0.762790948082479,Zea_mays,high_confidence_IR
Zm00001eb150550,Zm00001eb150550.intron2,Zm00001eb150550|3:192787411-192788006:+,3,192787411,192788006,+,Zm00001eb150550_T002,1,yes,10582,2963,10077,13545,0.7812476928756,0.952277452277452,Zea_mays,high_confidence_IR
Zm00001eb150750,Zm00001eb150750.intron2,Zm00001eb150750|3:193430862-193431154:-,3,193430862,193431154,-,Zm00001eb150750_T001,1,no,1246,120,927,1366,0.912152269399707,0.743980738362761,Zea_mays,high_confidence_IR
Zm00001eb150800,Zm00001eb150800.intron1,Zm00001eb150800|3:193592652-193592746:-,3,193592652,193592746,-,Zm00001eb150800_T001,1,no,53,73,53,126,0.420634920634921,1,Zea_mays,high_confidence_IR
Zm00001eb151110,Zm00001eb151110.intron2,Zm00001eb151110|3:194713369-194713505:+,3,194713369,194713505,+,Zm00001eb151110_T002,1,yes,3229,2969,2552,6198,0.520974507905776,0.790337565809848,Zea_mays,high_confidence_IR
Zm00001eb151150,Zm00001eb151150.intron1,Zm00001eb151150|3:194839891-194839999:+,3,194839891,194839999,+,Zm00001eb151150_T001,1,yes,179,265,179,444,0.403153153153153,1,Zea_mays,high_confidence_IR
Zm00001eb151450,Zm00001eb151450.intron1,Zm00001eb151450|3:196007093-196011962:-,3,196007093,196011962,-,Zm00001eb151450_T001,1,no,30,17,30,47,0.638297872340426,1,Zea_mays,high_confidence_IR
Zm00001eb151490,Zm00001eb151490.intron1,Zm00001eb151490|3:196138752-196138823:+,3,196138752,196138823,+,Zm00001eb151490_T001,1,yes,112,64,112,176,0.636363636363636,1,Zea_mays,high_confidence_IR
Zm00001eb151730,Zm00001eb151730.intron1,Zm00001eb151730|3:197095913-197100281:-,3,197095913,197100281,-,Zm00001eb151730_T001,1,no,32,24,32,56,0.571428571428571,1,Zea_mays,high_confidence_IR
Zm00001eb152310,Zm00001eb152310.intron1,Zm00001eb152310|3:199843922-199844009:+,3,199843922,199844009,+,Zm00001eb152310_T001,1,no,6,18,6,24,0.25,1,Zea_mays,high_confidence_IR
Zm00001eb152320,Zm00001eb152320.intron5,Zm00001eb152320|3:199879786-199897641:-,3,199879786,199897641,-,Zm00001eb152320_T002,1,yes,13,25,12,38,0.342105263157895,0.923076923076923,Zea_mays,high_confidence_IR
Zm00001eb152560,Zm00001eb152560.intron1,Zm00001eb152560|3:200797960-200798275:-,3,200797960,200798275,-,Zm00001eb152560_T003,1,yes,6603,27,5046,6630,0.995927601809955,0.764198091776465,Zea_mays,high_confidence_IR
Zm00001eb152750,Zm00001eb152750.intron3,Zm00001eb152750|3:201171862-201171953:-,3,201171862,201171953,-,Zm00001eb152750_T001,1,yes,14140,221,11489,14361,0.984611099505605,0.812517680339462,Zea_mays,high_confidence_IR
Zm00001eb153450,Zm00001eb153450.intron2,Zm00001eb153450|3:203746533-203747862:-,3,203746533,203747862,-,Zm00001eb153450_T001,1,yes,1058,82,991,1140,0.928070175438596,0.936672967863894,Zea_mays,high_confidence_IR
Zm00001eb154070,Zm00001eb154070.intron1,Zm00001eb154070|3:205840787-205840928:-,3,205840787,205840928,-,Zm00001eb154070_T001,1,no,181,441,181,622,0.290996784565916,1,Zea_mays,high_confidence_IR
Zm00001eb154110,Zm00001eb154110.intron2,Zm00001eb154110|3:206007043-206008879:-,3,206007043,206008879,-,Zm00001eb154110_T001,1,yes,2646,64,2168,2710,0.976383763837638,0.819349962207105,Zea_mays,high_confidence_IR
Zm00001eb154290,Zm00001eb154290.intron2,Zm00001eb154290|3:206438414-206439619:-,3,206438414,206439619,-,Zm00001eb154290_T001,1,yes,104,5,91,109,0.954128440366973,0.875,Zea_mays,high_confidence_IR
Zm00001eb154380,Zm00001eb154380.intron8,Zm00001eb154380|3:206549983-206551139:+,3,206549983,206551139,+,Zm00001eb154380_T001;Zm00001eb154380_T003;Zm00001eb154380_T004;Zm00001eb154380_T005,4,yes,746,2630,533,3376,0.220971563981043,0.714477211796247,Zea_mays,high_confidence_IR
Zm00001eb154840,Zm00001eb154840.intron1,Zm00001eb154840|3:208160623-208160697:-,3,208160623,208160697,-,Zm00001eb154840_T001,1,no,128,11,128,139,0.920863309352518,1,Zea_mays,high_confidence_IR
Zm00001eb155000,Zm00001eb155000.intron2,Zm00001eb155000|3:208609516-208610058:+,3,208609516,208610058,+,Zm00001eb155000_T001,1,yes,391,370,340,761,0.513797634691196,0.869565217391304,Zea_mays,high_confidence_IR
Zm00001eb155270,Zm00001eb155270.intron2,Zm00001eb155270|3:209667599-209667696:-,3,209667599,209667696,-,Zm00001eb155270_T002,1,yes,9047,37,8423,9084,0.99592690444738,0.931026859732508,Zea_mays,high_confidence_IR
Zm00001eb155830,Zm00001eb155830.intron2,Zm00001eb155830|3:211176063-211176218:+,3,211176063,211176218,+,Zm00001eb155830_T001,1,yes,27260,116,24315,27376,0.995762711864407,0.891966250917095,Zea_mays,high_confidence_IR
Zm00001eb156100,Zm00001eb156100.intron2,Zm00001eb156100|3:212285552-212285663:+,3,212285552,212285663,+,Zm00001eb156100_T001;Zm00001eb156100_T002,2,no,126,132,96,258,0.488372093023256,0.761904761904762,Zea_mays,high_confidence_IR
Zm00001eb156190,Zm00001eb156190.intron1,Zm00001eb156190|3:212411137-212411260:+,3,212411137,212411260,+,Zm00001eb156190_T001,1,yes,3486,338,2507,3824,0.911610878661088,0.719162363740677,Zea_mays,high_confidence_IR
Zm00001eb156280,Zm00001eb156280.intron8,Zm00001eb156280|3:212570921-212575797:+,3,212570921,212575797,+,Zm00001eb156280_T001,1,yes,7,16,7,23,0.304347826086957,1,Zea_mays,high_confidence_IR
Zm00001eb156640,Zm00001eb156640.intron2,Zm00001eb156640|3:213988617-213988719:-,3,213988617,213988719,-,Zm00001eb156640_T001,1,yes,10211,21,7831,10232,0.997947615324472,0.766918029575947,Zea_mays,high_confidence_IR
Zm00001eb156940,Zm00001eb156940.intron1,Zm00001eb156940|3:214805524-214805595:+,3,214805524,214805595,+,Zm00001eb156940_T001,1,no,731,140,731,871,0.839265212399541,1,Zea_mays,high_confidence_IR
Zm00001eb157220,Zm00001eb157220.intron3,Zm00001eb157220|3:215726785-215726909:-,3,215726785,215726909,-,Zm00001eb157220_T002,1,yes,3142,94,2340,3236,0.970951792336218,0.744748567791216,Zea_mays,high_confidence_IR
Zm00001eb157430,Zm00001eb157430.intron3,Zm00001eb157430|3:216342597-216342700:-,3,216342597,216342700,-,Zm00001eb157430_T001,1,no,196,130,141,326,0.601226993865031,0.719387755102041,Zea_mays,high_confidence_IR
Zm00001eb157540,Zm00001eb157540.intron1,Zm00001eb157540|3:216740131-216740322:-,3,216740131,216740322,-,Zm00001eb157540_T001,1,yes,24697,15,24697,24712,0.999393007445775,1,Zea_mays,high_confidence_IR
Zm00001eb157560,Zm00001eb157560.intron1,Zm00001eb157560|3:216795772-216795884:-,3,216795772,216795884,-,Zm00001eb157560_T001,1,no,11,32,10,43,0.255813953488372,0.909090909090909,Zea_mays,high_confidence_IR
Zm00001eb157680,Zm00001eb157680.intron1,Zm00001eb157680|3:217384317-217384424:+,3,217384317,217384424,+,Zm00001eb157680_T001,1,yes,43,59,43,102,0.42156862745098,1,Zea_mays,high_confidence_IR
Zm00001eb157790,Zm00001eb157790.intron1,Zm00001eb157790|3:217577593-217578791:-,3,217577593,217578791,-,Zm00001eb157790_T001,1,yes,4130,432,4130,4562,0.905304690925033,1,Zea_mays,high_confidence_IR
Zm00001eb157840,Zm00001eb157840.intron1,Zm00001eb157840|3:217654095-217654734:-,3,217654095,217654734,-,Zm00001eb157840_T002,1,yes,95,44,95,139,0.683453237410072,1,Zea_mays,high_confidence_IR
Zm00001eb157850,Zm00001eb157850.intron4,Zm00001eb157850|3:217786496-217786821:-,3,217786496,217786821,-,Zm00001eb157850_T001,1,yes,18513,22,15157,18535,0.998813056379822,0.818721979149787,Zea_mays,high_confidence_IR
Zm00001eb158170,Zm00001eb158170.intron1,Zm00001eb158170|3:219195579-219195653:+,3,219195579,219195653,+,Zm00001eb158170_T002,1,yes,23230,28,18033,23258,0.998796113165362,0.776280671545415,Zea_mays,high_confidence_IR
Zm00001eb158590,Zm00001eb158590.intron1,Zm00001eb158590|3:220267947-220268018:-,3,220267947,220268018,-,Zm00001eb158590_T001,1,no,55,20,55,75,0.733333333333333,1,Zea_mays,high_confidence_IR
Zm00001eb158900,Zm00001eb158900.intron2,Zm00001eb158900|3:221334197-221335269:-,3,221334197,221335269,-,Zm00001eb158900_T001,1,no,36,9,29,45,0.8,0.805555555555556,Zea_mays,high_confidence_IR
Zm00001eb159080,Zm00001eb159080.intron2,Zm00001eb159080|3:221942017-221942093:+,3,221942017,221942093,+,Zm00001eb159080_T001,1,no,41341,849,35384,42190,0.97987674804456,0.855905759415592,Zea_mays,high_confidence_IR
Zm00001eb159270,Zm00001eb159270.intron1,Zm00001eb159270|3:222588998-222592204:-,3,222588998,222592204,-,Zm00001eb159270_T001,1,no,34,26,29,60,0.566666666666667,0.852941176470588,Zea_mays,high_confidence_IR
Zm00001eb159290,Zm00001eb159290.intron2,Zm00001eb159290|3:222638216-222638350:+,3,222638216,222638350,+,Zm00001eb159290_T001,1,yes,4234,8,3025,4242,0.998114097123998,0.714454416627303,Zea_mays,high_confidence_IR
Zm00001eb159630,Zm00001eb159630.intron2,Zm00001eb159630|3:223648086-223648206:+,3,223648086,223648206,+,Zm00001eb159630_T001,1,yes,2734,309,2581,3043,0.898455471574105,0.94403803950256,Zea_mays,high_confidence_IR
Zm00001eb160010,Zm00001eb160010.intron1,Zm00001eb160010|3:224845377-224845515:+,3,224845377,224845515,+,Zm00001eb160010_T001,1,yes,48431,51,42972,48482,0.998948063198713,0.887282938613698,Zea_mays,high_confidence_IR
Zm00001eb160140,Zm00001eb160140.intron1,Zm00001eb160140|3:225208471-225208538:-,3,225208471,225208538,-,Zm00001eb160140_T001,1,no,59,37,59,96,0.614583333333333,1,Zea_mays,high_confidence_IR
Zm00001eb160450,Zm00001eb160450.intron1,Zm00001eb160450|3:226340898-226340990:-,3,226340898,226340990,-,Zm00001eb160450_T001,1,yes,72,12,72,84,0.857142857142857,1,Zea_mays,high_confidence_IR
Zm00001eb160700,Zm00001eb160700.intron2,Zm00001eb160700|3:227156460-227157555:-,3,227156460,227157555,-,Zm00001eb160700_T001,1,yes,8189,151,6194,8340,0.98189448441247,0.756380510440835,Zea_mays,high_confidence_IR
Zm00001eb161210,Zm00001eb161210.intron1,Zm00001eb161210|3:228416863-228416937:+,3,228416863,228416937,+,Zm00001eb161210_T001,1,no,44,18,44,62,0.709677419354839,1,Zea_mays,high_confidence_IR
Zm00001eb161230,Zm00001eb161230.intron1,Zm00001eb161230|3:228521798-228521881:-,3,228521798,228521881,-,Zm00001eb161230_T002,1,yes,294,43,218,337,0.872403560830861,0.741496598639456,Zea_mays,high_confidence_IR
Zm00001eb161390,Zm00001eb161390.intron1,Zm00001eb161390|3:229021381-229021614:+,3,229021381,229021614,+,Zm00001eb161390_T001,1,no,117648,74,117648,117722,0.999371400417934,1,Zea_mays,high_confidence_IR
Zm00001eb161670,Zm00001eb161670.intron1,Zm00001eb161670|3:229620701-229620852:+,3,229620701,229620852,+,Zm00001eb161670_T001,1,no,667,2469,667,3136,0.212691326530612,1,Zea_mays,high_confidence_IR
Zm00001eb161820,Zm00001eb161820.intron2,Zm00001eb161820|3:230162821-230164752:+,3,230162821,230164752,+,Zm00001eb161820_T002,1,yes,6383,28,5728,6411,0.995632506629231,0.897383675387749,Zea_mays,high_confidence_IR
Zm00001eb162160,Zm00001eb162160.intron1,Zm00001eb162160|3:231444914-231445056:-,3,231444914,231445056,-,Zm00001eb162160_T001,1,yes,527,234,527,761,0.692509855453351,1,Zea_mays,high_confidence_IR
Zm00001eb162200,Zm00001eb162200.intron1,Zm00001eb162200|3:231509368-231509791:-,3,231509368,231509791,-,Zm00001eb162200_T001,1,no,1133,1152,1133,2285,0.495842450765864,1,Zea_mays,high_confidence_IR
Zm00001eb162710,Zm00001eb162710.intron1,Zm00001eb162710|3:233210573-233210733:-,3,233210573,233210733,-,Zm00001eb162710_T001,1,no,842,2703,842,3545,0.237517630465444,1,Zea_mays,high_confidence_IR
Zm00001eb163380,Zm00001eb163380.intron1,Zm00001eb163380|3:235518365-235518708:+,3,235518365,235518708,+,Zm00001eb163380_T001,1,no,273,63,211,336,0.8125,0.772893772893773,Zea_mays,high_confidence_IR
Zm00001eb163600,Zm00001eb163600.intron1,Zm00001eb163600|3:236004714-236004829:+,3,236004714,236004829,+,Zm00001eb163600_T001,1,no,327,1057,327,1384,0.236271676300578,1,Zea_mays,high_confidence_IR
Zm00001eb163750,Zm00001eb163750.intron1,Zm00001eb163750|3:236288095-236289088:-,3,236288095,236289088,-,Zm00001eb163750_T001,1,no,192,218,192,410,0.468292682926829,1,Zea_mays,high_confidence_IR
Zm00001eb164140,Zm00001eb164140.intron1,Zm00001eb164140|3:237341056-237341190:-,3,237341056,237341190,-,Zm00001eb164140_T001,1,no,38,7,38,45,0.844444444444444,1,Zea_mays,high_confidence_IR
Zm00001eb164330,Zm00001eb164330.intron2,Zm00001eb164330|4:637725-639498:+,4,637725,639498,+,Zm00001eb164330_T002,1,yes,9007,276,7619,9283,0.970268232252505,0.845897635172643,Zea_mays,high_confidence_IR
Zm00001eb164480,Zm00001eb164480.intron1,Zm00001eb164480|4:1349094-1349376:-,4,1349094,1349376,-,Zm00001eb164480_T002,1,yes,258,44,258,302,0.854304635761589,1,Zea_mays,high_confidence_IR
Zm00001eb164530,Zm00001eb164530.intron1,Zm00001eb164530|4:1358299-1361257:-,4,1358299,1361257,-,Zm00001eb164530_T001,1,yes,67,6,67,73,0.917808219178082,1,Zea_mays,high_confidence_IR
Zm00001eb164860,Zm00001eb164860.intron2,Zm00001eb164860|4:2151816-2151911:+,4,2151816,2151911,+,Zm00001eb164860_T003,1,yes,48014,24,46251,48038,0.999500395520213,0.963281542883326,Zea_mays,high_confidence_IR
Zm00001eb165190,Zm00001eb165190.intron1,Zm00001eb165190|4:3259699-3259816:+,4,3259699,3259816,+,Zm00001eb165190_T001,1,no,540,1442,540,1982,0.272452068617558,1,Zea_mays,high_confidence_IR
Zm00001eb165240,Zm00001eb165240.intron1,Zm00001eb165240|4:3335953-3336117:-,4,3335953,3336117,-,Zm00001eb165240_T001,1,no,18007,108,18007,18115,0.994038089980679,1,Zea_mays,high_confidence_IR
Zm00001eb165400,Zm00001eb165400.intron2,Zm00001eb165400|4:3532747-3532842:+,4,3532747,3532842,+,Zm00001eb165400_T001,1,yes,3099,257,2948,3356,0.92342073897497,0.951274604711197,Zea_mays,high_confidence_IR
Zm00001eb165620,Zm00001eb165620.intron1,Zm00001eb165620|4:4112125-4112167:+,4,4112125,4112167,+,Zm00001eb165620_T002,1,yes,15754,20,13806,15774,0.9987320907823,0.876348863780627,Zea_mays,high_confidence_IR
Zm00001eb165840,Zm00001eb165840.intron1,Zm00001eb165840|4:4581614-4581764:+,4,4581614,4581764,+,Zm00001eb165840_T001,1,no,42,61,42,103,0.407766990291262,1,Zea_mays,high_confidence_IR
Zm00001eb165910,Zm00001eb165910.intron1,Zm00001eb165910|4:4911537-4911664:-,4,4911537,4911664,-,Zm00001eb165910_T001,1,no,42,5,42,47,0.893617021276596,1,Zea_mays,high_confidence_IR
Zm00001eb165930,Zm00001eb165930.intron1,Zm00001eb165930|4:5030732-5030814:+,4,5030732,5030814,+,Zm00001eb165930_T001,1,no,12,30,10,42,0.285714285714286,0.833333333333333,Zea_mays,high_confidence_IR
Zm00001eb166140,Zm00001eb166140.intron1,Zm00001eb166140|4:5336382-5336509:+,4,5336382,5336509,+,Zm00001eb166140_T001,1,no,15,41,15,56,0.267857142857143,1,Zea_mays,high_confidence_IR
Zm00001eb166560,Zm00001eb166560.intron1,Zm00001eb166560|4:6013972-6014052:-,4,6013972,6014052,-,Zm00001eb166560_T001,1,no,40925,266,40925,41191,0.993542278653104,1,Zea_mays,high_confidence_IR
Zm00001eb166730,Zm00001eb166730.intron2,Zm00001eb166730|4:6279984-6280081:+,4,6279984,6280081,+,Zm00001eb166730_T001,1,no,2430,29,1815,2459,0.98820658804392,0.746913580246914,Zea_mays,high_confidence_IR
Zm00001eb166740,Zm00001eb166740.intron1,Zm00001eb166740|4:6280730-6281687:-,4,6280730,6281687,-,Zm00001eb166740_T001,1,no,49,120,39,169,0.289940828402367,0.795918367346939,Zea_mays,high_confidence_IR
Zm00001eb166950,Zm00001eb166950.intron1,Zm00001eb166950|4:6578305-6598981:+,4,6578305,6598981,+,Zm00001eb166950_T001,1,yes,77,25,77,102,0.754901960784314,1,Zea_mays,high_confidence_IR
Zm00001eb167000,Zm00001eb167000.intron1,Zm00001eb167000|4:6731191-6731340:+,4,6731191,6731340,+,Zm00001eb167000_T001,1,no,32,51,32,83,0.385542168674699,1,Zea_mays,high_confidence_IR
Zm00001eb167060,Zm00001eb167060.intron1,Zm00001eb167060|4:6911993-6912073:-,4,6911993,6912073,-,Zm00001eb167060_T001,1,no,96,298,96,394,0.243654822335025,1,Zea_mays,high_confidence_IR
Zm00001eb167070,Zm00001eb167070.intron1,Zm00001eb167070|4:6914663-6914762:+,4,6914663,6914762,+,Zm00001eb167070_T001,1,no,40,115,40,155,0.258064516129032,1,Zea_mays,high_confidence_IR
Zm00001eb167380,Zm00001eb167380.intron2,Zm00001eb167380|4:8017843-8017937:-,4,8017843,8017937,-,Zm00001eb167380_T001,1,no,407,1369,372,1776,0.229166666666667,0.914004914004914,Zea_mays,high_confidence_IR
Zm00001eb167760,Zm00001eb167760.intron1,Zm00001eb167760|4:10820223-10820351:+,4,10820223,10820351,+,Zm00001eb167760_T001,1,no,577,484,577,1061,0.54382657869934,1,Zea_mays,high_confidence_IR
Zm00001eb168400,Zm00001eb168400.intron1,Zm00001eb168400|4:13377538-13377670:+,4,13377538,13377670,+,Zm00001eb168400_T003,1,yes,2257,1477,1785,3734,0.604445634708088,0.790872840053168,Zea_mays,high_confidence_IR
Zm00001eb168720,Zm00001eb168720.intron2,Zm00001eb168720|4:15301371-15301468:+,4,15301371,15301468,+,Zm00001eb168720_T001,1,yes,3779,1205,2937,4984,0.75822632423756,0.777189732733527,Zea_mays,high_confidence_IR
Zm00001eb169020,Zm00001eb169020.intron3,Zm00001eb169020|4:16912038-16912154:-,4,16912038,16912154,-,Zm00001eb169020_T001,1,yes,1800,352,1284,2152,0.836431226765799,0.713333333333333,Zea_mays,high_confidence_IR
Zm00001eb169170,Zm00001eb169170.intron1,Zm00001eb169170|4:17995508-18002052:+,4,17995508,18002052,+,Zm00001eb169170_T001,1,yes,11,6,10,17,0.647058823529412,0.909090909090909,Zea_mays,high_confidence_IR
Zm00001eb169270,Zm00001eb169270.intron1,Zm00001eb169270|4:18441324-18441408:-,4,18441324,18441408,-,Zm00001eb169270_T001,1,no,553,1216,553,1769,0.312605992085924,1,Zea_mays,high_confidence_IR
Zm00001eb169330,Zm00001eb169330.intron1,Zm00001eb169330|4:18845165-18845258:-,4,18845165,18845258,-,Zm00001eb169330_T001,1,no,1942,6613,1942,8555,0.227001753360608,1,Zea_mays,high_confidence_IR
Zm00001eb169490,Zm00001eb169490.intron5,Zm00001eb169490|4:19726440-19726536:-,4,19726440,19726536,-,Zm00001eb169490_T001;Zm00001eb169490_T002,2,no,8,8,6,16,0.5,0.75,Zea_mays,high_confidence_IR
Zm00001eb169520,Zm00001eb169520.intron1,Zm00001eb169520|4:19929439-19929481:+,4,19929439,19929481,+,Zm00001eb169520_T002,1,yes,52527,37,46751,52564,0.999296096187505,0.890037504521484,Zea_mays,high_confidence_IR
Zm00001eb169600,Zm00001eb169600.intron1,Zm00001eb169600|4:20273810-20274459:+,4,20273810,20274459,+,Zm00001eb169600_T001,1,no,241,7,241,248,0.971774193548387,1,Zea_mays,high_confidence_IR
Zm00001eb170040,Zm00001eb170040.intron1,Zm00001eb170040|4:22830826-22830966:+,4,22830826,22830966,+,Zm00001eb170040_T003,1,yes,232878,26,177898,232904,0.999888366022052,0.763910717199564,Zea_mays,high_confidence_IR
Zm00001eb170050,Zm00001eb170050.intron1,Zm00001eb170050|4:22924053-22924163:+,4,22924053,22924163,+,Zm00001eb170050_T001,1,no,690,1997,690,2687,0.256791961295125,1,Zea_mays,high_confidence_IR
Zm00001eb170290,Zm00001eb170290.intron1,Zm00001eb170290|4:24073497-24073665:+,4,24073497,24073665,+,Zm00001eb170290_T001,1,no,1250,1547,1250,2797,0.446907400786557,1,Zea_mays,high_confidence_IR
Zm00001eb170800,Zm00001eb170800.intron1,Zm00001eb170800|4:27259883-27261393:-,4,27259883,27261393,-,Zm00001eb170800_T001,1,no,14,10,14,24,0.583333333333333,1,Zea_mays,high_confidence_IR
Zm00001eb171120,Zm00001eb171120.intron3,Zm00001eb171120|4:28569307-28569401:-,4,28569307,28569401,-,Zm00001eb171120_T001,1,no,1562,69,1217,1631,0.957694665849172,0.779129321382843,Zea_mays,high_confidence_IR
Zm00001eb171840,Zm00001eb171840.intron2,Zm00001eb171840|4:31718328-31719547:+,4,31718328,31719547,+,Zm00001eb171840_T002,1,yes,175,7,165,182,0.961538461538462,0.942857142857143,Zea_mays,high_confidence_IR
Zm00001eb171940,Zm00001eb171940.intron1,Zm00001eb171940|4:31868267-31868425:+,4,31868267,31868425,+,Zm00001eb171940_T002,1,yes,698595,7,698595,698602,0.999989979988606,1,Zea_mays,high_confidence_IR
Zm00001eb172070,Zm00001eb172070.intron4,Zm00001eb172070|4:32602540-32602619:-,4,32602540,32602619,-,Zm00001eb172070_T001,1,yes,5361,337,3942,5698,0.940856440856441,0.735310576385003,Zea_mays,high_confidence_IR
Zm00001eb172210,Zm00001eb172210.intron2,Zm00001eb172210|4:33091148-33092186:+,4,33091148,33092186,+,Zm00001eb172210_T001,1,no,123,243,114,366,0.336065573770492,0.926829268292683,Zea_mays,high_confidence_IR
Zm00001eb172480,Zm00001eb172480.intron1,Zm00001eb172480|4:34555957-34556038:-,4,34555957,34556038,-,Zm00001eb172480_T001,1,no,43,37,43,80,0.5375,1,Zea_mays,high_confidence_IR
Zm00001eb172490,Zm00001eb172490.intron1,Zm00001eb172490|4:34563506-34563587:-,4,34563506,34563587,-,Zm00001eb172490_T001,1,no,34,19,34,53,0.641509433962264,1,Zea_mays,high_confidence_IR
Zm00001eb172510,Zm00001eb172510.intron1,Zm00001eb172510|4:34588630-34588847:-,4,34588630,34588847,-,Zm00001eb172510_T001,1,no,761,37,761,798,0.953634085213033,1,Zea_mays,high_confidence_IR
Zm00001eb172500,Zm00001eb172500.intron1,Zm00001eb172500|4:34588664-34588782:+,4,34588664,34588782,+,Zm00001eb172500_T001,1,no,361,581,361,942,0.383227176220807,1,Zea_mays,high_confidence_IR
Zm00001eb172560,Zm00001eb172560.intron1,Zm00001eb172560|4:34760320-34760402:-,4,34760320,34760402,-,Zm00001eb172560_T001,1,no,68,151,68,219,0.310502283105023,1,Zea_mays,high_confidence_IR
Zm00001eb173070,Zm00001eb173070.intron3,Zm00001eb173070|4:37585880-37586018:+,4,37585880,37586018,+,Zm00001eb173070_T002,1,yes,178018,809,139280,178827,0.995476074641972,0.782392791740161,Zea_mays,high_confidence_IR
Zm00001eb173190,Zm00001eb173190.intron1,Zm00001eb173190|4:38226056-38230208:+,4,38226056,38230208,+,Zm00001eb173190_T002,1,yes,7024,204,5717,7228,0.971776425013835,0.813923690205011,Zea_mays,high_confidence_IR
Zm00001eb173200,Zm00001eb173200.intron1,Zm00001eb173200|4:38239007-38239128:+,4,38239007,38239128,+,Zm00001eb173200_T001,1,no,38,60,38,98,0.387755102040816,1,Zea_mays,high_confidence_IR
Zm00001eb173280,Zm00001eb173280.intron2,Zm00001eb173280|4:38462484-38466659:+,4,38462484,38466659,+,Zm00001eb173280_T001,1,no,195,6,170,201,0.970149253731343,0.871794871794872,Zea_mays,high_confidence_IR
Zm00001eb173990,Zm00001eb173990.intron3,Zm00001eb173990|4:40790119-40791018:+,4,40790119,40791018,+,Zm00001eb173990_T001,1,no,61,78,44,139,0.438848920863309,0.721311475409836,Zea_mays,high_confidence_IR
Zm00001eb174140,Zm00001eb174140.intron1,Zm00001eb174140|4:41429086-41429165:-,4,41429086,41429165,-,Zm00001eb174140_T001,1,no,68,14,68,82,0.829268292682927,1,Zea_mays,high_confidence_IR
Zm00001eb174580,Zm00001eb174580.intron1,Zm00001eb174580|4:43423735-43424641:+,4,43423735,43424641,+,Zm00001eb174580_T001,1,no,91,50,91,141,0.645390070921986,1,Zea_mays,high_confidence_IR
Zm00001eb175070,Zm00001eb175070.intron2,Zm00001eb175070|4:45962243-45962327:-,4,45962243,45962327,-,Zm00001eb175070_T001,1,no,817,520,673,1337,0.611069558713538,0.82374541003672,Zea_mays,high_confidence_IR
Zm00001eb175200,Zm00001eb175200.intron2,Zm00001eb175200|4:47003075-47004932:-,4,47003075,47004932,-,Zm00001eb175200_T001,1,yes,39833,6,38280,39839,0.999849393810086,0.961012226043733,Zea_mays,high_confidence_IR
Zm00001eb175470,Zm00001eb175470.intron3,Zm00001eb175470|4:48966928-48967174:-,4,48966928,48967174,-,Zm00001eb175470_T002,1,yes,11258,146,8198,11404,0.987197474570326,0.728193284775271,Zea_mays,high_confidence_IR
Zm00001eb175600,Zm00001eb175600.intron2,Zm00001eb175600|4:50596031-50596104:-,4,50596031,50596104,-,Zm00001eb175600_T002,1,yes,2903,622,2247,3525,0.82354609929078,0.774026868756459,Zea_mays,high_confidence_IR
Zm00001eb176680,Zm00001eb176680.intron3,Zm00001eb176680|4:60276480-60279689:+,4,60276480,60279689,+,Zm00001eb176680_T001,1,yes,2008,223,1438,2231,0.90004482294935,0.716135458167331,Zea_mays,high_confidence_IR
Zm00001eb176900,Zm00001eb176900.intron2,Zm00001eb176900|4:62842093-62842195:+,4,62842093,62842195,+,Zm00001eb176900_T002,1,yes,7152,280,5230,7432,0.96232508073197,0.731263982102908,Zea_mays,high_confidence_IR
Zm00001eb177230,Zm00001eb177230.intron1,Zm00001eb177230|4:65639332-65640861:+,4,65639332,65640861,+,Zm00001eb177230_T001,1,yes,12,16,12,28,0.428571428571429,1,Zea_mays,high_confidence_IR
Zm00001eb177920,Zm00001eb177920.intron2,Zm00001eb177920|4:70757367-70761857:+,4,70757367,70761857,+,Zm00001eb177920_T002,1,yes,4275,8,4081,4283,0.998132150361896,0.954619883040936,Zea_mays,high_confidence_IR
Zm00001eb178700,Zm00001eb178700.intron4,Zm00001eb178700|4:77566615-77566750:+,4,77566615,77566750,+,Zm00001eb178700_T001;Zm00001eb178700_T003,2,yes,1519,86,1094,1605,0.946417445482866,0.720210664911126,Zea_mays,high_confidence_IR
Zm00001eb179680,Zm00001eb179680.intron3,Zm00001eb179680|4:86380862-86380993:+,4,86380862,86380993,+,Zm00001eb179680_T002,1,yes,197333,166,167784,197499,0.999159489415136,0.850258193003704,Zea_mays,high_confidence_IR
Zm00001eb180640,Zm00001eb180640.intron2,Zm00001eb180640|4:97664219-97666404:+,4,97664219,97666404,+,Zm00001eb180640_T002,1,yes,2076,7770,1524,9846,0.21084704448507,0.734104046242775,Zea_mays,high_confidence_IR
Zm00001eb180900,Zm00001eb180900.intron1,Zm00001eb180900|4:100518997-100519115:-,4,100518997,100519115,-,Zm00001eb180900_T001,1,no,2260,202,2260,2462,0.917952883834281,1,Zea_mays,high_confidence_IR
Zm00001eb181170,Zm00001eb181170.intron1,Zm00001eb181170|4:104956062-104956179:+,4,104956062,104956179,+,Zm00001eb181170_T001,1,no,113,122,113,235,0.480851063829787,1,Zea_mays,high_confidence_IR
Zm00001eb181430,Zm00001eb181430.intron5,Zm00001eb181430|4:113209683-113209783:-,4,113209683,113209783,-,Zm00001eb181430_T002,1,yes,14111,6,10269,14117,0.999574980519941,0.727730139607399,Zea_mays,high_confidence_IR
Zm00001eb181650,Zm00001eb181650.intron1,Zm00001eb181650|4:116642027-116642132:+,4,116642027,116642132,+,Zm00001eb181650_T001,1,no,359,21,359,380,0.944736842105263,1,Zea_mays,high_confidence_IR
Zm00001eb182230,Zm00001eb182230.intron1,Zm00001eb182230|4:123245771-123246529:+,4,123245771,123246529,+,Zm00001eb182230_T001,1,no,20,26,20,46,0.434782608695652,1,Zea_mays,high_confidence_IR
Zm00001eb182750,Zm00001eb182750.intron2,Zm00001eb182750|4:127784154-127786590:+,4,127784154,127786590,+,Zm00001eb182750_T002,1,yes,4363,19,3402,4382,0.995664080328617,0.779738711895485,Zea_mays,high_confidence_IR
Zm00001eb183420,Zm00001eb183420.intron4,Zm00001eb183420|4:133258972-133259047:-,4,133258972,133259047,-,Zm00001eb183420_T002,1,yes,15453,644,13372,16097,0.959992545194757,0.865333592182748,Zea_mays,high_confidence_IR
Zm00001eb183600,Zm00001eb183600.intron2,Zm00001eb183600|4:134827903-134828202:-,4,134827903,134828202,-,Zm00001eb183600_T001,1,no,227,22,216,249,0.911646586345382,0.951541850220264,Zea_mays,high_confidence_IR
Zm00001eb183710,Zm00001eb183710.intron2,Zm00001eb183710|4:135556100-135556683:-,4,135556100,135556683,-,Zm00001eb183710_T002,1,yes,86,79,75,165,0.521212121212121,0.872093023255814,Zea_mays,high_confidence_IR
Zm00001eb183760,Zm00001eb183760.intron3,Zm00001eb183760|4:135981293-135991509:-,4,135981293,135991509,-,Zm00001eb183760_T002,1,yes,5621,56,5111,5677,0.990135635018496,0.909268813378402,Zea_mays,high_confidence_IR
Zm00001eb183910,Zm00001eb183910.intron2,Zm00001eb183910|4:137540704-137541417:+,4,137540704,137541417,+,Zm00001eb183910_T001,1,yes,525,18,437,543,0.966850828729282,0.832380952380952,Zea_mays,high_confidence_IR
Zm00001eb184030,Zm00001eb184030.intron2,Zm00001eb184030|4:138394694-138394932:-,4,138394694,138394932,-,Zm00001eb184030_T001,1,no,12,13,10,25,0.48,0.833333333333333,Zea_mays,high_confidence_IR
Zm00001eb184080,Zm00001eb184080.intron4,Zm00001eb184080|4:138956799-138956975:-,4,138956799,138956975,-,Zm00001eb184080_T001,1,yes,2944,26,2144,2970,0.991245791245791,0.728260869565217,Zea_mays,high_confidence_IR
Zm00001eb184550,Zm00001eb184550.intron1,Zm00001eb184550|4:142267127-142267236:-,4,142267127,142267236,-,Zm00001eb184550_T001,1,no,275,165,275,440,0.625,1,Zea_mays,high_confidence_IR
Zm00001eb184660,Zm00001eb184660.intron1,Zm00001eb184660|4:143501296-143501384:+,4,143501296,143501384,+,Zm00001eb184660_T001,1,no,475,5,475,480,0.989583333333333,1,Zea_mays,high_confidence_IR
Zm00001eb184730,Zm00001eb184730.intron1,Zm00001eb184730|4:143781741-143781853:+,4,143781741,143781853,+,Zm00001eb184730_T001,1,no,5711,8887,5711,14598,0.391217975065077,1,Zea_mays,high_confidence_IR
Zm00001eb184970,Zm00001eb184970.intron1,Zm00001eb184970|4:146535532-146541124:+,4,146535532,146541124,+,Zm00001eb184970_T001,1,no,933,94,933,1027,0.908471275559883,1,Zea_mays,high_confidence_IR
Zm00001eb185940,Zm00001eb185940.intron2,Zm00001eb185940|4:153145574-153146213:+,4,153145574,153146213,+,Zm00001eb185940_T001,1,no,27,23,24,50,0.54,0.888888888888889,Zea_mays,high_confidence_IR
Zm00001eb186140,Zm00001eb186140.intron1,Zm00001eb186140|4:154590556-154590716:-,4,154590556,154590716,-,Zm00001eb186140_T001,1,no,332,49,332,381,0.871391076115486,1,Zea_mays,high_confidence_IR
Zm00001eb186230,Zm00001eb186230.intron1,Zm00001eb186230|4:155899049-155899139:-,4,155899049,155899139,-,Zm00001eb186230_T001,1,no,5806,126,5806,5932,0.97875927174646,1,Zea_mays,high_confidence_IR
Zm00001eb186310,Zm00001eb186310.intron1,Zm00001eb186310|4:156798037-156800077:-,4,156798037,156800077,-,Zm00001eb186310_T001,1,no,1276,4161,1276,5437,0.234688247195144,1,Zea_mays,high_confidence_IR
Zm00001eb186560,Zm00001eb186560.intron1,Zm00001eb186560|4:157787426-157787656:+,4,157787426,157787656,+,Zm00001eb186560_T001,1,no,91238,33,91238,91271,0.999638439372857,1,Zea_mays,high_confidence_IR
Zm00001eb186670,Zm00001eb186670.intron2,Zm00001eb186670|4:158176057-158176426:+,4,158176057,158176426,+,Zm00001eb186670_T001,1,no,398,644,362,1042,0.381957773512476,0.909547738693467,Zea_mays,high_confidence_IR
Zm00001eb187280,Zm00001eb187280.intron1,Zm00001eb187280|4:161219644-161219775:-,4,161219644,161219775,-,Zm00001eb187280_T001,1,yes,7992,98,7344,8090,0.987886279357231,0.918918918918919,Zea_mays,high_confidence_IR
Zm00001eb187540,Zm00001eb187540.intron1,Zm00001eb187540|4:162122460-162122574:+,4,162122460,162122574,+,Zm00001eb187540_T001,1,no,152,133,152,285,0.533333333333333,1,Zea_mays,high_confidence_IR
Zm00001eb187570,Zm00001eb187570.intron1,Zm00001eb187570|4:162232031-162232143:+,4,162232031,162232143,+,Zm00001eb187570_T001,1,no,994,1883,994,2877,0.345498783454988,1,Zea_mays,high_confidence_IR
Zm00001eb188090,Zm00001eb188090.intron1,Zm00001eb188090|4:164070858-164070970:+,4,164070858,164070970,+,Zm00001eb188090_T001,1,no,42,131,42,173,0.242774566473988,1,Zea_mays,high_confidence_IR
Zm00001eb188360,Zm00001eb188360.intron5,Zm00001eb188360|4:165065350-165065439:-,4,165065350,165065439,-,Zm00001eb188360_T001,1,yes,12476,109,8856,12585,0.991338895510528,0.709842898364861,Zea_mays,high_confidence_IR
Zm00001eb188550,Zm00001eb188550.intron2,Zm00001eb188550|4:165733579-165733972:-,4,165733579,165733972,-,Zm00001eb188550_T002,1,yes,17655,113,15646,17768,0.993640252138676,0.886207873123761,Zea_mays,high_confidence_IR
Zm00001eb188600,Zm00001eb188600.intron3,Zm00001eb188600|4:166194002-166194560:-,4,166194002,166194560,-,Zm00001eb188600_T001,1,yes,42833,4498,33485,47331,0.904967146267774,0.781757056475148,Zea_mays,high_confidence_IR
Zm00001eb188610,Zm00001eb188610.intron1,Zm00001eb188610|4:166199260-166199827:+,4,166199260,166199827,+,Zm00001eb188610_T001,1,no,199,710,199,909,0.218921892189219,1,Zea_mays,high_confidence_IR
Zm00001eb188630,Zm00001eb188630.intron1,Zm00001eb188630|4:166205787-166205927:+,4,166205787,166205927,+,Zm00001eb188630_T001,1,no,117,400,117,517,0.226305609284333,1,Zea_mays,high_confidence_IR
Zm00001eb188750,Zm00001eb188750.intron1,Zm00001eb188750|4:166602132-166602207:+,4,166602132,166602207,+,Zm00001eb188750_T001;Zm00001eb188750_T002,2,no,292,205,223,497,0.587525150905433,0.763698630136986,Zea_mays,high_confidence_IR
Zm00001eb188800,Zm00001eb188800.intron7,Zm00001eb188800|4:166720498-166720585:-,4,166720498,166720585,-,Zm00001eb188800_T002,1,no,627,63,499,690,0.908695652173913,0.79585326953748,Zea_mays,high_confidence_IR
Zm00001eb188920,Zm00001eb188920.intron1,Zm00001eb188920|4:167204792-167211655:+,4,167204792,167211655,+,Zm00001eb188920_T001,1,no,7,22,7,29,0.241379310344828,1,Zea_mays,high_confidence_IR
Zm00001eb189280,Zm00001eb189280.intron1,Zm00001eb189280|4:168719521-168719591:-,4,168719521,168719591,-,Zm00001eb189280_T001,1,no,1862,338,1862,2200,0.846363636363636,1,Zea_mays,high_confidence_IR
Zm00001eb189970,Zm00001eb189970.intron5,Zm00001eb189970|4:171091836-171091941:-,4,171091836,171091941,-,Zm00001eb189970_T001,1,yes,1858,37,1552,1895,0.980474934036939,0.835306781485468,Zea_mays,high_confidence_IR
Zm00001eb190160,Zm00001eb190160.intron1,Zm00001eb190160|4:172000112-172000196:-,4,172000112,172000196,-,Zm00001eb190160_T001,1,no,210,263,210,473,0.443974630021142,1,Zea_mays,high_confidence_IR
Zm00001eb190450,Zm00001eb190450.intron1,Zm00001eb190450|4:172560858-172560996:-,4,172560858,172560996,-,Zm00001eb190450_T001,1,no,602,215,602,817,0.736842105263158,1,Zea_mays,high_confidence_IR
Zm00001eb190840,Zm00001eb190840.intron3,Zm00001eb190840|4:174665592-174667535:+,4,174665592,174667535,+,Zm00001eb190840_T003,1,yes,7680,363,5955,8043,0.954867586721373,0.775390625,Zea_mays,high_confidence_IR
Zm00001eb191180,Zm00001eb191180.intron1,Zm00001eb191180|4:175957897-175958045:+,4,175957897,175958045,+,Zm00001eb191180_T001,1,no,14,11,14,25,0.56,1,Zea_mays,high_confidence_IR
Zm00001eb191320,Zm00001eb191320.intron1,Zm00001eb191320|4:176205711-176208831:+,4,176205711,176208831,+,Zm00001eb191320_T001,1,no,454,425,414,879,0.516496018202503,0.911894273127753,Zea_mays,high_confidence_IR
Zm00001eb191410,Zm00001eb191410.intron1,Zm00001eb191410|4:176600785-176601365:-,4,176600785,176601365,-,Zm00001eb191410_T001,1,no,54,61,54,115,0.469565217391304,1,Zea_mays,high_confidence_IR
Zm00001eb191540,Zm00001eb191540.intron2,Zm00001eb191540|4:176832512-176832648:-,4,176832512,176832648,-,Zm00001eb191540_T001,1,yes,1462,174,1445,1636,0.893643031784841,0.988372093023256,Zea_mays,high_confidence_IR
Zm00001eb191680,Zm00001eb191680.intron1,Zm00001eb191680|4:177173523-177173621:-,4,177173523,177173621,-,Zm00001eb191680_T002,1,yes,16143,10,13862,16153,0.99938091995295,0.858700365483491,Zea_mays,high_confidence_IR
Zm00001eb191920,Zm00001eb191920.intron2,Zm00001eb191920|4:177801473-177801572:+,4,177801473,177801572,+,Zm00001eb191920_T001,1,yes,17330,126,15310,17456,0.992781851512374,0.883439122908252,Zea_mays,high_confidence_IR
Zm00001eb192140,Zm00001eb192140.intron2,Zm00001eb192140|4:178404237-178404355:-,4,178404237,178404355,-,Zm00001eb192140_T002,1,yes,3771,218,2941,3989,0.945349711707195,0.779899230973217,Zea_mays,high_confidence_IR
Zm00001eb192160,Zm00001eb192160.intron1,Zm00001eb192160|4:178456283-178456392:-,4,178456283,178456392,-,Zm00001eb192160_T001,1,no,5085,1075,5085,6160,0.825487012987013,1,Zea_mays,high_confidence_IR
Zm00001eb192260,Zm00001eb192260.intron1,Zm00001eb192260|4:178693482-178693667:-,4,178693482,178693667,-,Zm00001eb192260_T001,1,no,284,689,284,973,0.291880781089414,1,Zea_mays,high_confidence_IR
Zm00001eb192290,Zm00001eb192290.intron2,Zm00001eb192290|4:178787178-178787228:-,4,178787178,178787228,-,Zm00001eb192290_T002,1,yes,33463,65,28640,33528,0.99806132188022,0.855870663120461,Zea_mays,high_confidence_IR
Zm00001eb192300,Zm00001eb192300.intron1,Zm00001eb192300|4:178870355-178870629:-,4,178870355,178870629,-,Zm00001eb192300_T001,1,no,108,18,108,126,0.857142857142857,1,Zea_mays,high_confidence_IR
Zm00001eb192370,Zm00001eb192370.intron1,Zm00001eb192370|4:178989134-178989256:-,4,178989134,178989256,-,Zm00001eb192370_T002,1,yes,1922,173,1922,2095,0.917422434367542,1,Zea_mays,high_confidence_IR
Zm00001eb192410,Zm00001eb192410.intron1,Zm00001eb192410|4:179074847-179074916:-,4,179074847,179074916,-,Zm00001eb192410_T001,1,yes,646,44,646,690,0.936231884057971,1,Zea_mays,high_confidence_IR
Zm00001eb192490,Zm00001eb192490.intron1,Zm00001eb192490|4:179130121-179130217:+,4,179130121,179130217,+,Zm00001eb192490_T001,1,no,39,31,39,70,0.557142857142857,1,Zea_mays,high_confidence_IR
Zm00001eb192650,Zm00001eb192650.intron1,Zm00001eb192650|4:180004531-180004911:-,4,180004531,180004911,-,Zm00001eb192650_T001,1,no,8,26,8,34,0.235294117647059,1,Zea_mays,high_confidence_IR
Zm00001eb192860,Zm00001eb192860.intron4,Zm00001eb192860|4:180787313-180788208:-,4,180787313,180788208,-,Zm00001eb192860_T002,1,yes,36209,483,30980,36692,0.986836367600567,0.855588389626888,Zea_mays,high_confidence_IR
Zm00001eb193040,Zm00001eb193040.intron2,Zm00001eb193040|4:181557070-181557672:+,4,181557070,181557672,+,Zm00001eb193040_T003,1,yes,15684,99,13148,15783,0.993727428245581,0.838306554450395,Zea_mays,high_confidence_IR
Zm00001eb193150,Zm00001eb193150.intron1,Zm00001eb193150|4:181913655-181913879:+,4,181913655,181913879,+,Zm00001eb193150_T001,1,no,103,10,103,113,0.911504424778761,1,Zea_mays,high_confidence_IR
Zm00001eb193180,Zm00001eb193180.intron2,Zm00001eb193180|4:182169693-182169812:+,4,182169693,182169812,+,Zm00001eb193180_T003,1,yes,1027,1583,783,2610,0.393486590038314,0.762414800389484,Zea_mays,high_confidence_IR
Zm00001eb193810,Zm00001eb193810.intron1,Zm00001eb193810|4:184082102-184082176:-,4,184082102,184082176,-,Zm00001eb193810_T002,1,yes,1532,39,1532,1571,0.975175047740293,1,Zea_mays,high_confidence_IR
Zm00001eb193870,Zm00001eb193870.intron4,Zm00001eb193870|4:184714128-184714245:+,4,184714128,184714245,+,Zm00001eb193870_T001,1,no,235,117,171,352,0.667613636363636,0.727659574468085,Zea_mays,high_confidence_IR
Zm00001eb193940,Zm00001eb193940.intron3,Zm00001eb193940|4:184768739-184768956:-,4,184768739,184768956,-,Zm00001eb193940_T003,1,yes,32654,53,31366,32707,0.998379551777907,0.960556134011147,Zea_mays,high_confidence_IR
Zm00001eb194050,Zm00001eb194050.intron1,Zm00001eb194050|4:185324670-185324795:+,4,185324670,185324795,+,Zm00001eb194050_T001,1,no,610,1602,610,2212,0.275768535262206,1,Zea_mays,high_confidence_IR
Zm00001eb194190,Zm00001eb194190.intron2,Zm00001eb194190|4:185719643-185719834:-,4,185719643,185719834,-,Zm00001eb194190_T003,1,yes,17488,53,13295,17541,0.996978507496722,0.760235590118939,Zea_mays,high_confidence_IR
Zm00001eb194250,Zm00001eb194250.intron11,Zm00001eb194250|4:186152286-186152372:-,4,186152286,186152372,-,Zm00001eb194250_T001,1,yes,7332,26,7308,7358,0.996466431095406,0.996726677577741,Zea_mays,high_confidence_IR
Zm00001eb194500,Zm00001eb194500.intron1,Zm00001eb194500|4:187012536-187013047:-,4,187012536,187013047,-,Zm00001eb194500_T001,1,yes,625,53,517,678,0.921828908554572,0.8272,Zea_mays,high_confidence_IR
Zm00001eb194530,Zm00001eb194530.intron4,Zm00001eb194530|4:187162377-187162879:-,4,187162377,187162879,-,Zm00001eb194530_T001,1,no,764,2094,537,2858,0.267319804058782,0.702879581151832,Zea_mays,high_confidence_IR
Zm00001eb194780,Zm00001eb194780.intron6,Zm00001eb194780|4:188080518-188080800:+,4,188080518,188080800,+,Zm00001eb194780_T002,1,yes,5055,47,3987,5102,0.99078792630341,0.788724035608309,Zea_mays,high_confidence_IR
Zm00001eb195400,Zm00001eb195400.intron1,Zm00001eb195400|4:189991423-189991566:-,4,189991423,189991566,-,Zm00001eb195400_T001,1,no,21,83,21,104,0.201923076923077,1,Zea_mays,high_confidence_IR
Zm00001eb195560,Zm00001eb195560.intron1,Zm00001eb195560|4:190344625-190344717:+,4,190344625,190344717,+,Zm00001eb195560_T001,1,no,47,43,47,90,0.522222222222222,1,Zea_mays,high_confidence_IR
Zm00001eb195720,Zm00001eb195720.intron1,Zm00001eb195720|4:190865640-190865736:-,4,190865640,190865736,-,Zm00001eb195720_T001,1,no,630,63,630,693,0.909090909090909,1,Zea_mays,high_confidence_IR
Zm00001eb195740,Zm00001eb195740.intron1,Zm00001eb195740|4:190901930-190902011:-,4,190901930,190902011,-,Zm00001eb195740_T001,1,no,761,823,761,1584,0.480429292929293,1,Zea_mays,high_confidence_IR
Zm00001eb195730,Zm00001eb195730.intron1,Zm00001eb195730|4:190901933-190902011:-,4,190901933,190902011,-,Zm00001eb195730_T001,1,no,734,906,734,1640,0.447560975609756,1,Zea_mays,high_confidence_IR
Zm00001eb196150,Zm00001eb196150.intron1,Zm00001eb196150|4:191817111-191817145:-,4,191817111,191817145,-,Zm00001eb196150_T001,1,yes,2271,22,1893,2293,0.990405582206716,0.833553500660502,Zea_mays,high_confidence_IR
Zm00001eb196520,Zm00001eb196520.intron2,Zm00001eb196520|4:192735954-192740274:-,4,192735954,192740274,-,Zm00001eb196520_T002,1,yes,8972,6062,7138,15034,0.596780630570706,0.795586268390548,Zea_mays,high_confidence_IR
Zm00001eb197000,Zm00001eb197000.intron3,Zm00001eb197000|4:194472685-194472775:-,4,194472685,194472775,-,Zm00001eb197000_T001,1,no,9,35,9,44,0.204545454545455,1,Zea_mays,high_confidence_IR
Zm00001eb197530,Zm00001eb197530.intron1,Zm00001eb197530|4:196533125-196533247:+,4,196533125,196533247,+,Zm00001eb197530_T001,1,yes,1746,98,1599,1844,0.946854663774403,0.915807560137457,Zea_mays,high_confidence_IR
Zm00001eb197930,Zm00001eb197930.intron2,Zm00001eb197930|4:198006668-198007854:-,4,198006668,198007854,-,Zm00001eb197930_T001,1,no,461,846,328,1307,0.352716143840857,0.711496746203905,Zea_mays,high_confidence_IR
Zm00001eb198030,Zm00001eb198030.intron1,Zm00001eb198030|4:198742881-198744423:+,4,198742881,198744423,+,Zm00001eb198030_T001,1,no,38098,15,38098,38113,0.99960643350038,1,Zea_mays,high_confidence_IR
Zm00001eb198020,Zm00001eb198020.intron1,Zm00001eb198020|4:198742894-198744405:-,4,198742894,198744405,-,Zm00001eb198020_T001,1,no,797,204,797,1001,0.796203796203796,1,Zea_mays,high_confidence_IR
Zm00001eb198480,Zm00001eb198480.intron1,Zm00001eb198480|4:200960582-200960835:-,4,200960582,200960835,-,Zm00001eb198480_T001,1,no,5630,18,5630,5648,0.996813031161473,1,Zea_mays,high_confidence_IR
Zm00001eb198850,Zm00001eb198850.intron5,Zm00001eb198850|4:201900901-201902995:-,4,201900901,201902995,-,Zm00001eb198850_T001,1,yes,11348,1476,9126,12824,0.884903306300686,0.804194571730701,Zea_mays,high_confidence_IR
Zm00001eb198930,Zm00001eb198930.intron3,Zm00001eb198930|4:202388625-202393597:-,4,202388625,202393597,-,Zm00001eb198930_T001,1,yes,1167,216,1108,1383,0.843817787418655,0.949443016281063,Zea_mays,high_confidence_IR
Zm00001eb199050,Zm00001eb199050.intron3,Zm00001eb199050|4:202965365-202965460:+,4,202965365,202965460,+,Zm00001eb199050_T001,1,yes,1849,241,1553,2090,0.884688995215311,0.839913466738778,Zea_mays,high_confidence_IR
Zm00001eb199390,Zm00001eb199390.intron1,Zm00001eb199390|4:203931310-203931378:+,4,203931310,203931378,+,Zm00001eb199390_T001,1,no,25,27,25,52,0.480769230769231,1,Zea_mays,high_confidence_IR
Zm00001eb199550,Zm00001eb199550.intron4,Zm00001eb199550|4:204292823-204293079:-,4,204292823,204293079,-,Zm00001eb199550_T001,1,yes,1635,29,1219,1664,0.982572115384615,0.745565749235474,Zea_mays,high_confidence_IR
Zm00001eb199580,Zm00001eb199580.intron2,Zm00001eb199580|4:204437990-204438063:+,4,204437990,204438063,+,Zm00001eb199580_T002,1,yes,4646,1055,4035,5701,0.814944746535695,0.868489022815325,Zea_mays,high_confidence_IR
Zm00001eb199590,Zm00001eb199590.intron3,Zm00001eb199590|4:204475244-204475353:-,4,204475244,204475353,-,Zm00001eb199590_T001,1,yes,272316,184,213237,272500,0.999324770642202,0.783049839157449,Zea_mays,high_confidence_IR
Zm00001eb199660,Zm00001eb199660.intron2,Zm00001eb199660|4:204672212-204673253:-,4,204672212,204673253,-,Zm00001eb199660_T001,1,yes,2382,173,2206,2555,0.932289628180039,0.926112510495382,Zea_mays,high_confidence_IR
Zm00001eb200180,Zm00001eb200180.intron2,Zm00001eb200180|4:207051698-207051776:-,4,207051698,207051776,-,Zm00001eb200180_T002,1,yes,1608,272,1412,1880,0.85531914893617,0.878109452736318,Zea_mays,high_confidence_IR
Zm00001eb200270,Zm00001eb200270.intron1,Zm00001eb200270|4:207297330-207297451:-,4,207297330,207297451,-,Zm00001eb200270_T001,1,no,46,46,46,92,0.5,1,Zea_mays,high_confidence_IR
Zm00001eb200370,Zm00001eb200370.intron1,Zm00001eb200370|4:207595004-207596642:+,4,207595004,207596642,+,Zm00001eb200370_T001,1,no,2555,327,2131,2882,0.886537126995142,0.834050880626223,Zea_mays,high_confidence_IR
Zm00001eb200760,Zm00001eb200760.intron1,Zm00001eb200760|4:209843364-209843475:-,4,209843364,209843475,-,Zm00001eb200760_T002,1,yes,119,30,103,149,0.798657718120805,0.865546218487395,Zea_mays,high_confidence_IR
Zm00001eb201370,Zm00001eb201370.intron2,Zm00001eb201370|4:215197988-215198080:+,4,215197988,215198080,+,Zm00001eb201370_T001,1,yes,1572,177,1490,1749,0.898799313893654,0.947837150127226,Zea_mays,high_confidence_IR
Zm00001eb201600,Zm00001eb201600.intron2,Zm00001eb201600|4:216238217-216239071:+,4,216238217,216239071,+,Zm00001eb201600_T001,1,no,2028,6508,1979,8536,0.237582005623243,0.975838264299803,Zea_mays,high_confidence_IR
Zm00001eb202080,Zm00001eb202080.intron2,Zm00001eb202080|4:218923787-218923962:-,4,218923787,218923962,-,Zm00001eb202080_T004,1,yes,3564,21,2916,3585,0.994142259414226,0.818181818181818,Zea_mays,high_confidence_IR
Zm00001eb202570,Zm00001eb202570.intron1,Zm00001eb202570|4:222113114-222114566:+,4,222113114,222114566,+,Zm00001eb202570_T001,1,no,775,1529,775,2304,0.336371527777778,1,Zea_mays,high_confidence_IR
Zm00001eb202890,Zm00001eb202890.intron5,Zm00001eb202890|4:224465800-224465974:+,4,224465800,224465974,+,Zm00001eb202890_T001,1,no,35,32,32,67,0.522388059701492,0.914285714285714,Zea_mays,high_confidence_IR
Zm00001eb203240,Zm00001eb203240.intron4,Zm00001eb203240|4:226808401-226809286:+,4,226808401,226809286,+,Zm00001eb203240_T001,1,yes,6769,387,5300,7156,0.945919508105087,0.78298123799675,Zea_mays,high_confidence_IR
Zm00001eb204020,Zm00001eb204020.intron2,Zm00001eb204020|4:231289694-231292379:+,4,231289694,231292379,+,Zm00001eb204020_T001,1,yes,7496,2138,6570,9634,0.778077641685696,0.876467449306297,Zea_mays,high_confidence_IR
Zm00001eb204400,Zm00001eb204400.intron1,Zm00001eb204400|4:234585537-234585628:+,4,234585537,234585628,+,Zm00001eb204400_T001,1,no,75,28,75,103,0.728155339805825,1,Zea_mays,high_confidence_IR
Zm00001eb204620,Zm00001eb204620.intron1,Zm00001eb204620|4:236016344-236016713:+,4,236016344,236016713,+,Zm00001eb204620_T001,1,yes,96,74,96,170,0.564705882352941,1,Zea_mays,high_confidence_IR
Zm00001eb204650,Zm00001eb204650.intron1,Zm00001eb204650|4:236309582-236309890:-,4,236309582,236309890,-,Zm00001eb204650_T001,1,no,4098,49,4098,4147,0.98818422956354,1,Zea_mays,high_confidence_IR
Zm00001eb204980,Zm00001eb204980.intron2,Zm00001eb204980|4:237349668-237352036:+,4,237349668,237352036,+,Zm00001eb204980_T001,1,no,895,1684,740,2579,0.347033734005428,0.826815642458101,Zea_mays,high_confidence_IR
Zm00001eb205280,Zm00001eb205280.intron2,Zm00001eb205280|4:239184823-239184956:-,4,239184823,239184956,-,Zm00001eb205280_T001,1,yes,562,11,531,573,0.980802792321117,0.944839857651246,Zea_mays,high_confidence_IR
Zm00001eb205330,Zm00001eb205330.intron2,Zm00001eb205330|4:239378077-239378162:-,4,239378077,239378162,-,Zm00001eb205330_T001,1,yes,853,422,847,1275,0.669019607843137,0.992966002344666,Zea_mays,high_confidence_IR
Zm00001eb205830,Zm00001eb205830.intron2,Zm00001eb205830|4:241559420-241559506:-,4,241559420,241559506,-,Zm00001eb205830_T001,1,yes,4871,7,4351,4878,0.998564985649857,0.893245740094436,Zea_mays,high_confidence_IR
Zm00001eb206070,Zm00001eb206070.intron7,Zm00001eb206070|4:242276720-242277155:+,4,242276720,242277155,+,Zm00001eb206070_T003,1,yes,1067,28,773,1095,0.974429223744292,0.724461105904405,Zea_mays,high_confidence_IR
Zm00001eb206080,Zm00001eb206080.intron3,Zm00001eb206080|4:242280233-242281643:-,4,242280233,242281643,-,Zm00001eb206080_T003,1,yes,1129,700,857,1829,0.617277200656096,0.759078830823738,Zea_mays,high_confidence_IR
Zm00001eb206480,Zm00001eb206480.intron5,Zm00001eb206480|4:243216766-243216839:-,4,243216766,243216839,-,Zm00001eb206480_T002,1,yes,1617,116,1172,1733,0.933064050778996,0.724799010513296,Zea_mays,high_confidence_IR
Zm00001eb207120,Zm00001eb207120.intron1,Zm00001eb207120|4:244355864-244356080:-,4,244355864,244356080,-,Zm00001eb207120_T001,1,no,5688,309,4463,5997,0.948474237118559,0.784634317862166,Zea_mays,high_confidence_IR
Zm00001eb207730,Zm00001eb207730.intron1,Zm00001eb207730|4:245551422-245551774:+,4,245551422,245551774,+,Zm00001eb207730_T001,1,no,804,476,804,1280,0.628125,1,Zea_mays,high_confidence_IR
Zm00001eb207840,Zm00001eb207840.intron5,Zm00001eb207840|4:245860518-245860598:-,4,245860518,245860598,-,Zm00001eb207840_T002,1,yes,92322,1484,78182,93806,0.984180116410464,0.846840406403674,Zea_mays,high_confidence_IR
Zm00001eb207970,Zm00001eb207970.intron2,Zm00001eb207970|4:246093571-246093803:+,4,246093571,246093803,+,Zm00001eb207970_T001,1,yes,542,2023,456,2565,0.21130604288499,0.841328413284133,Zea_mays,high_confidence_IR
Zm00001eb208030,Zm00001eb208030.intron2,Zm00001eb208030|4:246129521-246131162:-,4,246129521,246131162,-,Zm00001eb208030_T002,1,yes,37795,15,34679,37810,0.999603279555673,0.917555232173568,Zea_mays,high_confidence_IR
Zm00001eb208040,Zm00001eb208040.intron7,Zm00001eb208040|4:246205004-246205122:-,4,246205004,246205122,-,Zm00001eb208040_T002;Zm00001eb208040_T003;Zm00001eb208040_T004;Zm00001eb208040_T005,4,no,89,46,67,135,0.659259259259259,0.752808988764045,Zea_mays,high_confidence_IR
Zm00001eb208100,Zm00001eb208100.intron2,Zm00001eb208100|4:246301941-246302909:+,4,246301941,246302909,+,Zm00001eb208100_T001,1,no,1193,3582,913,4775,0.249842931937173,0.765297569153395,Zea_mays,high_confidence_IR
Zm00001eb208160,Zm00001eb208160.intron1,Zm00001eb208160|4:246390297-246390406:+,4,246390297,246390406,+,Zm00001eb208160_T001,1,no,899,15,899,914,0.983588621444201,1,Zea_mays,high_confidence_IR
Zm00001eb208240,Zm00001eb208240.intron2,Zm00001eb208240|4:246689358-246689666:-,4,246689358,246689666,-,Zm00001eb208240_T001,1,yes,4791,131,3629,4922,0.97338480292564,0.757461907743686,Zea_mays,high_confidence_IR
Zm00001eb208400,Zm00001eb208400.intron2,Zm00001eb208400|4:246957334-246957434:+,4,246957334,246957434,+,Zm00001eb208400_T001,1,no,71,148,56,219,0.324200913242009,0.788732394366197,Zea_mays,high_confidence_IR
Zm00001eb208540,Zm00001eb208540.intron5,Zm00001eb208540|4:247084529-247084695:-,4,247084529,247084695,-,Zm00001eb208540_T001,1,yes,22448,248,17601,22696,0.989072964399013,0.784078759800428,Zea_mays,high_confidence_IR
Zm00001eb208700,Zm00001eb208700.intron3,Zm00001eb208700|4:247468249-247468402:+,4,247468249,247468402,+,Zm00001eb208700_T003,1,yes,2546,121,2168,2667,0.954630671166104,0.851531814611155,Zea_mays,high_confidence_IR
Zm00001eb209050,Zm00001eb209050.intron1,Zm00001eb209050|4:247984124-247984243:+,4,247984124,247984243,+,Zm00001eb209050_T001,1,no,14,10,14,24,0.583333333333333,1,Zea_mays,high_confidence_IR
Zm00001eb209150,Zm00001eb209150.intron1,Zm00001eb209150|4:248113993-248114682:-,4,248113993,248114682,-,Zm00001eb209150_T001,1,yes,268,205,203,473,0.566596194503171,0.757462686567164,Zea_mays,high_confidence_IR
Zm00001eb209320,Zm00001eb209320.intron1,Zm00001eb209320|4:248394678-248394766:+,4,248394678,248394766,+,Zm00001eb209320_T001,1,no,326,184,326,510,0.63921568627451,1,Zea_mays,high_confidence_IR
Zm00001eb209330,Zm00001eb209330.intron1,Zm00001eb209330|4:248402442-248402557:-,4,248402442,248402557,-,Zm00001eb209330_T001,1,no,1019,3964,1019,4983,0.204495283965483,1,Zea_mays,high_confidence_IR
Zm00001eb209440,Zm00001eb209440.intron2,Zm00001eb209440|4:248643623-248643776:+,4,248643623,248643776,+,Zm00001eb209440_T001,1,yes,8052,121,7686,8173,0.985195154777927,0.954545454545455,Zea_mays,high_confidence_IR
Zm00001eb209530,Zm00001eb209530.intron1,Zm00001eb209530|4:248763905-248763985:-,4,248763905,248763985,-,Zm00001eb209530_T002,1,yes,1224,7,878,1231,0.994313566206336,0.717320261437909,Zea_mays,high_confidence_IR
Zm00001eb209660,Zm00001eb209660.intron3,Zm00001eb209660|4:248928387-248928807:+,4,248928387,248928807,+,Zm00001eb209660_T002,1,yes,269,68,221,337,0.798219584569733,0.821561338289963,Zea_mays,high_confidence_IR
Zm00001eb210190,Zm00001eb210190.intron1,Zm00001eb210190|5:300707-300785:-,5,300707,300785,-,Zm00001eb210190_T001,1,no,8,7,7,15,0.533333333333333,0.875,Zea_mays,high_confidence_IR
Zm00001eb210500,Zm00001eb210500.intron1,Zm00001eb210500|5:1124087-1124146:-,5,1124087,1124146,-,Zm00001eb210500_T002,1,yes,22075,69,18514,22144,0.996884031791908,0.838686296715742,Zea_mays,high_confidence_IR
Zm00001eb210610,Zm00001eb210610.intron2,Zm00001eb210610|5:1230356-1230515:-,5,1230356,1230515,-,Zm00001eb210610_T003,1,yes,1855,457,1303,2312,0.802335640138408,0.702425876010782,Zea_mays,high_confidence_IR
Zm00001eb210640,Zm00001eb210640.intron1,Zm00001eb210640|5:1238618-1238730:+,5,1238618,1238730,+,Zm00001eb210640_T001,1,no,85,88,85,173,0.491329479768786,1,Zea_mays,high_confidence_IR
Zm00001eb210840,Zm00001eb210840.intron3,Zm00001eb210840|5:1403104-1403223:-,5,1403104,1403223,-,Zm00001eb210840_T001;Zm00001eb210840_T002,2,no,358,989,276,1347,0.265775798069785,0.770949720670391,Zea_mays,high_confidence_IR
Zm00001eb210900,Zm00001eb210900.intron14,Zm00001eb210900|5:1561190-1562022:-,5,1561190,1562022,-,Zm00001eb210900_T001,1,no,1195,778,1173,1973,0.60567663456665,0.981589958158996,Zea_mays,high_confidence_IR
Zm00001eb210950,Zm00001eb210950.intron1,Zm00001eb210950|5:1638993-1639158:+,5,1638993,1639158,+,Zm00001eb210950_T001,1,no,131,267,130,398,0.329145728643216,0.99236641221374,Zea_mays,high_confidence_IR
Zm00001eb211320,Zm00001eb211320.intron4,Zm00001eb211320|5:2131405-2131514:-,5,2131405,2131514,-,Zm00001eb211320_T002,1,yes,15714,287,13108,16001,0.982063621023686,0.834160621102202,Zea_mays,high_confidence_IR
Zm00001eb211510,Zm00001eb211510.intron1,Zm00001eb211510|5:2475805-2475896:+,5,2475805,2475896,+,Zm00001eb211510_T001,1,no,743,849,673,1592,0.466708542713568,0.90578734858681,Zea_mays,high_confidence_IR
Zm00001eb211860,Zm00001eb211860.intron2,Zm00001eb211860|5:2843239-2843942:+,5,2843239,2843942,+,Zm00001eb211860_T001,1,yes,10183,100,8759,10283,0.99027521151415,0.860159088677207,Zea_mays,high_confidence_IR
Zm00001eb211920,Zm00001eb211920.intron1,Zm00001eb211920|5:2905367-2905430:+,5,2905367,2905430,+,Zm00001eb211920_T002,1,yes,3548,134,2853,3682,0.963606735469853,0.804114994363021,Zea_mays,high_confidence_IR
Zm00001eb212470,Zm00001eb212470.intron1,Zm00001eb212470|5:3693073-3693126:-,5,3693073,3693126,-,Zm00001eb212470_T002,1,yes,20807,860,18847,21667,0.960308302949185,0.905800932378526,Zea_mays,high_confidence_IR
Zm00001eb213020,Zm00001eb213020.intron2,Zm00001eb213020|5:4621442-4621540:-,5,4621442,4621540,-,Zm00001eb213020_T001;Zm00001eb213020_T002,2,no,90,33,78,123,0.731707317073171,0.866666666666667,Zea_mays,high_confidence_IR
Zm00001eb213110,Zm00001eb213110.intron1,Zm00001eb213110|5:4716738-4717061:+,5,4716738,4717061,+,Zm00001eb213110_T001,1,yes,4671,432,4066,5103,0.915343915343915,0.870477413830015,Zea_mays,high_confidence_IR
Zm00001eb213340,Zm00001eb213340.intron1,Zm00001eb213340|5:5059578-5059672:-,5,5059578,5059672,-,Zm00001eb213340_T001,1,no,337,300,337,637,0.529042386185243,1,Zea_mays,high_confidence_IR
Zm00001eb213590,Zm00001eb213590.intron1,Zm00001eb213590|5:5516895-5517037:+,5,5516895,5517037,+,Zm00001eb213590_T001,1,no,9,5,9,14,0.642857142857143,1,Zea_mays,high_confidence_IR
Zm00001eb213770,Zm00001eb213770.intron2,Zm00001eb213770|5:5801913-5802005:-,5,5801913,5802005,-,Zm00001eb213770_T002,1,yes,7993,260,6686,8253,0.968496304374167,0.836481921681471,Zea_mays,high_confidence_IR
Zm00001eb213840,Zm00001eb213840.intron1,Zm00001eb213840|5:5942444-5942518:-,5,5942444,5942518,-,Zm00001eb213840_T001,1,no,811,59,811,870,0.932183908045977,1,Zea_mays,high_confidence_IR
Zm00001eb214200,Zm00001eb214200.intron1,Zm00001eb214200|5:6586975-6587069:+,5,6586975,6587069,+,Zm00001eb214200_T001,1,no,563,13,563,576,0.977430555555556,1,Zea_mays,high_confidence_IR
Zm00001eb214240,Zm00001eb214240.intron1,Zm00001eb214240|5:6781335-6781438:+,5,6781335,6781438,+,Zm00001eb214240_T001,1,no,808,785,808,1593,0.50721908349027,1,Zea_mays,high_confidence_IR
Zm00001eb214250,Zm00001eb214250.intron1,Zm00001eb214250|5:6786673-6786858:-,5,6786673,6786858,-,Zm00001eb214250_T001,1,no,388,906,388,1294,0.29984544049459,1,Zea_mays,high_confidence_IR
Zm00001eb214690,Zm00001eb214690.intron1,Zm00001eb214690|5:7356006-7356110:-,5,7356006,7356110,-,Zm00001eb214690_T001,1,no,457,38,457,495,0.923232323232323,1,Zea_mays,high_confidence_IR
Zm00001eb214850,Zm00001eb214850.intron4,Zm00001eb214850|5:7586492-7587726:-,5,7586492,7587726,-,Zm00001eb214850_T001,1,yes,55,135,43,190,0.289473684210526,0.781818181818182,Zea_mays,high_confidence_IR
Zm00001eb214990,Zm00001eb214990.intron4,Zm00001eb214990|5:7991335-7992723:-,5,7991335,7992723,-,Zm00001eb214990_T002,1,yes,16445,529,12318,16974,0.968834688346883,0.74904226208574,Zea_mays,high_confidence_IR
Zm00001eb215290,Zm00001eb215290.intron2,Zm00001eb215290|5:8663917-8665817:+,5,8663917,8665817,+,Zm00001eb215290_T001,1,yes,6122,145,5220,6267,0.976862932822722,0.85266252858543,Zea_mays,high_confidence_IR
Zm00001eb215370,Zm00001eb215370.intron1,Zm00001eb215370|5:8849568-8849674:+,5,8849568,8849674,+,Zm00001eb215370_T001,1,no,574,1466,574,2040,0.281372549019608,1,Zea_mays,high_confidence_IR
Zm00001eb215670,Zm00001eb215670.intron2,Zm00001eb215670|5:9853478-9853595:-,5,9853478,9853595,-,Zm00001eb215670_T002,1,yes,20350,139,17326,20489,0.99321587193128,0.851400491400491,Zea_mays,high_confidence_IR
Zm00001eb215710,Zm00001eb215710.intron4,Zm00001eb215710|5:10000097-10000432:-,5,10000097,10000432,-,Zm00001eb215710_T002,1,yes,483017,25,348689,483042,0.999948244666095,0.721897987027372,Zea_mays,high_confidence_IR
Zm00001eb215860,Zm00001eb215860.intron3,Zm00001eb215860|5:10330197-10330518:-,5,10330197,10330518,-,Zm00001eb215860_T001,1,yes,418,19,374,437,0.956521739130435,0.894736842105263,Zea_mays,high_confidence_IR
Zm00001eb216110,Zm00001eb216110.intron2,Zm00001eb216110|5:10817030-10817110:+,5,10817030,10817110,+,Zm00001eb216110_T001,1,no,204,147,193,351,0.581196581196581,0.946078431372549,Zea_mays,high_confidence_IR
Zm00001eb216120,Zm00001eb216120.intron2,Zm00001eb216120|5:10881798-10882522:+,5,10881798,10882522,+,Zm00001eb216120_T002,1,yes,8273,47,6830,8320,0.994350961538462,0.825577178774326,Zea_mays,high_confidence_IR
Zm00001eb216380,Zm00001eb216380.intron1,Zm00001eb216380|5:11575100-11575221:+,5,11575100,11575221,+,Zm00001eb216380_T001,1,yes,92,217,92,309,0.297734627831715,1,Zea_mays,high_confidence_IR
Zm00001eb216430,Zm00001eb216430.intron4,Zm00001eb216430|5:11916888-11917052:+,5,11916888,11917052,+,Zm00001eb216430_T001;Zm00001eb216430_T003,2,yes,1468,55,1181,1523,0.963887065003283,0.80449591280654,Zea_mays,high_confidence_IR
Zm00001eb216450,Zm00001eb216450.intron3,Zm00001eb216450|5:11992296-11992874:+,5,11992296,11992874,+,Zm00001eb216450_T002,1,yes,897,47,760,944,0.95021186440678,0.84726867335563,Zea_mays,high_confidence_IR
Zm00001eb216780,Zm00001eb216780.intron2,Zm00001eb216780|5:12759432-12760569:-,5,12759432,12760569,-,Zm00001eb216780_T001,1,yes,1283,30,1184,1313,0.977151561309977,0.922837100545596,Zea_mays,high_confidence_IR
Zm00001eb216840,Zm00001eb216840.intron1,Zm00001eb216840|5:12823082-12824827:+,5,12823082,12824827,+,Zm00001eb216840_T001,1,no,1512,1915,1512,3427,0.441202217683105,1,Zea_mays,high_confidence_IR
Zm00001eb216910,Zm00001eb216910.intron2,Zm00001eb216910|5:12953886-12954349:-,5,12953886,12954349,-,Zm00001eb216910_T001,1,yes,3797,137,3310,3934,0.965175394001017,0.871740848037925,Zea_mays,high_confidence_IR
Zm00001eb217100,Zm00001eb217100.intron1,Zm00001eb217100|5:13677912-13678739:+,5,13677912,13678739,+,Zm00001eb217100_T001,1,no,134,45,134,179,0.748603351955307,1,Zea_mays,high_confidence_IR
Zm00001eb217400,Zm00001eb217400.intron2,Zm00001eb217400|5:14255313-14255416:-,5,14255313,14255416,-,Zm00001eb217400_T001,1,no,597,464,588,1061,0.562676720075401,0.984924623115578,Zea_mays,high_confidence_IR
Zm00001eb217540,Zm00001eb217540.intron1,Zm00001eb217540|5:14562973-14563103:+,5,14562973,14563103,+,Zm00001eb217540_T001,1,no,165,52,165,217,0.76036866359447,1,Zea_mays,high_confidence_IR
Zm00001eb218280,Zm00001eb218280.intron2,Zm00001eb218280|5:16211535-16211645:+,5,16211535,16211645,+,Zm00001eb218280_T001,1,yes,567,31,486,598,0.948160535117057,0.857142857142857,Zea_mays,high_confidence_IR
Zm00001eb219130,Zm00001eb219130.intron3,Zm00001eb219130|5:19316121-19317162:+,5,19316121,19317162,+,Zm00001eb219130_T002,1,yes,9,13,8,22,0.409090909090909,0.888888888888889,Zea_mays,high_confidence_IR
Zm00001eb219170,Zm00001eb219170.intron1,Zm00001eb219170|5:19381429-19381539:-,5,19381429,19381539,-,Zm00001eb219170_T002,1,yes,3803,23,3575,3826,0.99398849973863,0.940047331054431,Zea_mays,high_confidence_IR
Zm00001eb219330,Zm00001eb219330.intron7,Zm00001eb219330|5:20062887-20063080:-,5,20062887,20063080,-,Zm00001eb219330_T001,1,no,1370,22,1353,1392,0.984195402298851,0.987591240875912,Zea_mays,high_confidence_IR
Zm00001eb219560,Zm00001eb219560.intron1,Zm00001eb219560|5:20532515-20532586:+,5,20532515,20532586,+,Zm00001eb219560_T001,1,no,40,6,40,46,0.869565217391304,1,Zea_mays,high_confidence_IR
Zm00001eb219810,Zm00001eb219810.intron4,Zm00001eb219810|5:21648218-21657439:+,5,21648218,21657439,+,Zm00001eb219810_T001,1,no,93,352,68,445,0.208988764044944,0.731182795698925,Zea_mays,high_confidence_IR
Zm00001eb219820,Zm00001eb219820.intron6,Zm00001eb219820|5:21749269-21749397:+,5,21749269,21749397,+,Zm00001eb219820_T002,1,yes,9504,98,6802,9602,0.9897937929598,0.715698653198653,Zea_mays,high_confidence_IR
Zm00001eb220120,Zm00001eb220120.intron4,Zm00001eb220120|5:22550399-22550863:-,5,22550399,22550863,-,Zm00001eb220120_T002,1,yes,5231,1197,4386,6428,0.813783447417548,0.838463008984898,Zea_mays,high_confidence_IR
Zm00001eb220380,Zm00001eb220380.intron2,Zm00001eb220380|5:23598435-23600152:+,5,23598435,23600152,+,Zm00001eb220380_T001,1,yes,3317,63,2900,3380,0.981360946745562,0.874283991558637,Zea_mays,high_confidence_IR
Zm00001eb220600,Zm00001eb220600.intron1,Zm00001eb220600|5:24215202-24216058:-,5,24215202,24216058,-,Zm00001eb220600_T001,1,no,9109,18473,9109,27582,0.330251613371039,1,Zea_mays,high_confidence_IR
Zm00001eb220720,Zm00001eb220720.intron1,Zm00001eb220720|5:24773548-24776005:+,5,24773548,24776005,+,Zm00001eb220720_T001,1,no,156,34,156,190,0.821052631578947,1,Zea_mays,high_confidence_IR
Zm00001eb220810,Zm00001eb220810.intron1,Zm00001eb220810|5:25123518-25123609:+,5,25123518,25123609,+,Zm00001eb220810_T001,1,no,18,15,18,33,0.545454545454545,1,Zea_mays,high_confidence_IR
Zm00001eb221090,Zm00001eb221090.intron1,Zm00001eb221090|5:26527089-26527374:+,5,26527089,26527374,+,Zm00001eb221090_T001,1,yes,1988,5,1902,1993,0.997491219267436,0.956740442655936,Zea_mays,high_confidence_IR
Zm00001eb221100,Zm00001eb221100.intron2,Zm00001eb221100|5:26564548-26565306:-,5,26564548,26565306,-,Zm00001eb221100_T002,1,yes,510,75,372,585,0.871794871794872,0.729411764705882,Zea_mays,high_confidence_IR
Zm00001eb221140,Zm00001eb221140.intron3,Zm00001eb221140|5:26808382-26808485:+,5,26808382,26808485,+,Zm00001eb221140_T001,1,yes,5741,21,4038,5762,0.996355432141617,0.703361783661383,Zea_mays,high_confidence_IR
Zm00001eb221170,Zm00001eb221170.intron1,Zm00001eb221170|5:26896508-26896531:+,5,26896508,26896531,+,Zm00001eb221170_T001,1,no,3748,27,3748,3775,0.992847682119205,1,Zea_mays,high_confidence_IR
Zm00001eb221250,Zm00001eb221250.intron1,Zm00001eb221250|5:27243810-27243902:-,5,27243810,27243902,-,Zm00001eb221250_T001,1,no,10,19,10,29,0.344827586206897,1,Zea_mays,high_confidence_IR
Zm00001eb221420,Zm00001eb221420.intron1,Zm00001eb221420|5:28126691-28126772:-,5,28126691,28126772,-,Zm00001eb221420_T001,1,no,75,42,75,117,0.641025641025641,1,Zea_mays,high_confidence_IR
Zm00001eb221970,Zm00001eb221970.intron1,Zm00001eb221970|5:31184610-31187243:+,5,31184610,31187243,+,Zm00001eb221970_T003,1,yes,16530,24,12874,16554,0.99855019934759,0.778826376285541,Zea_mays,high_confidence_IR
Zm00001eb222060,Zm00001eb222060.intron5,Zm00001eb222060|5:31593483-31593579:-,5,31593483,31593579,-,Zm00001eb222060_T001,1,yes,10083,347,8113,10430,0.96673058485139,0.804621640384806,Zea_mays,high_confidence_IR
Zm00001eb222230,Zm00001eb222230.intron1,Zm00001eb222230|5:32080778-32080855:-,5,32080778,32080855,-,Zm00001eb222230_T001,1,no,178,176,178,354,0.502824858757062,1,Zea_mays,high_confidence_IR
Zm00001eb222300,Zm00001eb222300.intron15,Zm00001eb222300|5:32329200-32329503:-,5,32329200,32329503,-,Zm00001eb222300_T001,1,yes,21098,101,15722,21199,0.995235624321902,0.745189117451891,Zea_mays,high_confidence_IR
Zm00001eb222340,Zm00001eb222340.intron2,Zm00001eb222340|5:32651466-32653142:+,5,32651466,32653142,+,Zm00001eb222340_T001,1,yes,1098,27,859,1125,0.976,0.782331511839709,Zea_mays,high_confidence_IR
Zm00001eb222740,Zm00001eb222740.intron1,Zm00001eb222740|5:34326035-34326623:+,5,34326035,34326623,+,Zm00001eb222740_T001,1,no,425,10,425,435,0.977011494252874,1,Zea_mays,high_confidence_IR
Zm00001eb222900,Zm00001eb222900.intron1,Zm00001eb222900|5:34857281-34857595:-,5,34857281,34857595,-,Zm00001eb222900_T001,1,no,98,57,98,155,0.632258064516129,1,Zea_mays,high_confidence_IR
Zm00001eb223210,Zm00001eb223210.intron1,Zm00001eb223210|5:36182913-36183097:-,5,36182913,36183097,-,Zm00001eb223210_T001,1,no,106,340,106,446,0.237668161434978,1,Zea_mays,high_confidence_IR
Zm00001eb223430,Zm00001eb223430.intron1,Zm00001eb223430|5:37092472-37093769:+,5,37092472,37093769,+,Zm00001eb223430_T001,1,no,14,55,12,69,0.202898550724638,0.857142857142857,Zea_mays,high_confidence_IR
Zm00001eb223570,Zm00001eb223570.intron1,Zm00001eb223570|5:38160211-38161037:+,5,38160211,38161037,+,Zm00001eb223570_T001,1,no,138,123,116,261,0.528735632183908,0.840579710144927,Zea_mays,high_confidence_IR
Zm00001eb223580,Zm00001eb223580.intron1,Zm00001eb223580|5:38192634-38192703:+,5,38192634,38192703,+,Zm00001eb223580_T002,1,yes,5127,25,4235,5152,0.99514751552795,0.826019114491906,Zea_mays,high_confidence_IR
Zm00001eb223700,Zm00001eb223700.intron1,Zm00001eb223700|5:38680502-38680613:+,5,38680502,38680613,+,Zm00001eb223700_T001,1,no,417,599,417,1016,0.410433070866142,1,Zea_mays,high_confidence_IR
Zm00001eb223970,Zm00001eb223970.intron1,Zm00001eb223970|5:39924655-39924750:-,5,39924655,39924750,-,Zm00001eb223970_T001,1,no,937,133,937,1070,0.875700934579439,1,Zea_mays,high_confidence_IR
Zm00001eb224150,Zm00001eb224150.intron1,Zm00001eb224150|5:40895651-40895731:+,5,40895651,40895731,+,Zm00001eb224150_T001,1,no,1400,212,1400,1612,0.86848635235732,1,Zea_mays,high_confidence_IR
Zm00001eb224260,Zm00001eb224260.intron1,Zm00001eb224260|5:41365486-41365552:-,5,41365486,41365552,-,Zm00001eb224260_T002,1,yes,2354,216,2354,2570,0.915953307392996,1,Zea_mays,high_confidence_IR
Zm00001eb224750,Zm00001eb224750.intron1,Zm00001eb224750|5:44518163-44518243:-,5,44518163,44518243,-,Zm00001eb224750_T001,1,no,263,133,263,396,0.664141414141414,1,Zea_mays,high_confidence_IR
Zm00001eb224870,Zm00001eb224870.intron1,Zm00001eb224870|5:45441515-45441621:-,5,45441515,45441621,-,Zm00001eb224870_T001,1,yes,69,14,69,83,0.831325301204819,1,Zea_mays,high_confidence_IR
Zm00001eb225380,Zm00001eb225380.intron2,Zm00001eb225380|5:50138346-50138416:-,5,50138346,50138416,-,Zm00001eb225380_T002,1,yes,33946,54,26450,34000,0.998411764705882,0.779178695575325,Zea_mays,high_confidence_IR
Zm00001eb225380,Zm00001eb225380.intron1,Zm00001eb225380|5:50139033-50139106:-,5,50139033,50139106,-,Zm00001eb225380_T001,1,no,766,111,751,877,0.873432155074116,0.980417754569191,Zea_mays,high_confidence_IR
Zm00001eb225620,Zm00001eb225620.intron1,Zm00001eb225620|5:51231523-51233253:+,5,51231523,51233253,+,Zm00001eb225620_T001,1,no,5174,1730,5174,6904,0.749420625724218,1,Zea_mays,high_confidence_IR
Zm00001eb226000,Zm00001eb226000.intron1,Zm00001eb226000|5:53135871-53135968:-,5,53135871,53135968,-,Zm00001eb226000_T002,1,yes,4356,121,4356,4477,0.972972972972973,1,Zea_mays,high_confidence_IR
Zm00001eb226490,Zm00001eb226490.intron2,Zm00001eb226490|5:55917063-55917191:-,5,55917063,55917191,-,Zm00001eb226490_T001,1,yes,15204,387,14263,15591,0.975177987300366,0.938108392528282,Zea_mays,high_confidence_IR
Zm00001eb226770,Zm00001eb226770.intron2,Zm00001eb226770|5:57857276-57858130:+,5,57857276,57858130,+,Zm00001eb226770_T001,1,yes,6261,93,4552,6354,0.985363550519358,0.727040408880371,Zea_mays,high_confidence_IR
Zm00001eb226800,Zm00001eb226800.intron1,Zm00001eb226800|5:57903420-57903509:+,5,57903420,57903509,+,Zm00001eb226800_T001,1,no,712,13,712,725,0.982068965517241,1,Zea_mays,high_confidence_IR
Zm00001eb226920,Zm00001eb226920.intron2,Zm00001eb226920|5:58638257-58639254:-,5,58638257,58639254,-,Zm00001eb226920_T002,1,yes,16268,969,14217,17237,0.943783721065151,0.873924268502582,Zea_mays,high_confidence_IR
Zm00001eb227210,Zm00001eb227210.intron2,Zm00001eb227210|5:59955031-59955785:-,5,59955031,59955785,-,Zm00001eb227210_T001,1,no,325,69,261,394,0.8248730964467,0.803076923076923,Zea_mays,high_confidence_IR
Zm00001eb227360,Zm00001eb227360.intron1,Zm00001eb227360|5:60416147-60418338:-,5,60416147,60418338,-,Zm00001eb227360_T001,1,no,249,159,214,408,0.610294117647059,0.859437751004016,Zea_mays,high_confidence_IR
Zm00001eb227810,Zm00001eb227810.intron3,Zm00001eb227810|5:62111914-62112031:-,5,62111914,62112031,-,Zm00001eb227810_T001,1,no,346,857,270,1203,0.28761429758936,0.780346820809249,Zea_mays,high_confidence_IR
Zm00001eb227820,Zm00001eb227820.intron5,Zm00001eb227820|5:62140482-62140751:-,5,62140482,62140751,-,Zm00001eb227820_T001,1,yes,1139,387,843,1526,0.746395806028834,0.740122914837577,Zea_mays,high_confidence_IR
Zm00001eb229700,Zm00001eb229700.intron1,Zm00001eb229700|5:70631795-70631877:-,5,70631795,70631877,-,Zm00001eb229700_T001,1,no,1569,243,1296,1812,0.865894039735099,0.826003824091778,Zea_mays,high_confidence_IR
Zm00001eb231680,Zm00001eb231680.intron1,Zm00001eb231680|5:78751858-78752392:+,5,78751858,78752392,+,Zm00001eb231680_T001,1,no,12,27,12,39,0.307692307692308,1,Zea_mays,high_confidence_IR
Zm00001eb231900,Zm00001eb231900.intron2,Zm00001eb231900|5:79618580-79618664:+,5,79618580,79618664,+,Zm00001eb231900_T002,1,yes,340,1189,271,1529,0.222367560497057,0.797058823529412,Zea_mays,high_confidence_IR
Zm00001eb232030,Zm00001eb232030.intron1,Zm00001eb232030|5:80005649-80008151:+,5,80005649,80008151,+,Zm00001eb232030_T002,1,yes,11312,17,10915,11329,0.998499426251214,0.964904526166902,Zea_mays,high_confidence_IR
Zm00001eb232340,Zm00001eb232340.intron1,Zm00001eb232340|5:82225249-82225350:-,5,82225249,82225350,-,Zm00001eb232340_T001,1,yes,612,106,612,718,0.852367688022284,1,Zea_mays,high_confidence_IR
Zm00001eb232410,Zm00001eb232410.intron1,Zm00001eb232410|5:82648396-82651171:+,5,82648396,82651171,+,Zm00001eb232410_T001,1,yes,27663,5,26948,27668,0.999819285817551,0.974153201026642,Zea_mays,high_confidence_IR
Zm00001eb232710,Zm00001eb232710.intron1,Zm00001eb232710|5:84474922-84479353:-,5,84474922,84479353,-,Zm00001eb232710_T001,1,yes,6627,55,4904,6682,0.991768931457647,0.740003017956843,Zea_mays,high_confidence_IR
Zm00001eb232980,Zm00001eb232980.intron1,Zm00001eb232980|5:86077337-86077770:+,5,86077337,86077770,+,Zm00001eb232980_T002,1,yes,1475,4735,1380,6210,0.237520128824477,0.935593220338983,Zea_mays,high_confidence_IR
Zm00001eb233030,Zm00001eb233030.intron3,Zm00001eb233030|5:86249421-86250692:-,5,86249421,86250692,-,Zm00001eb233030_T001,1,yes,2234,63,1915,2297,0.972572921201567,0.857206803939123,Zea_mays,high_confidence_IR
Zm00001eb233100,Zm00001eb233100.intron3,Zm00001eb233100|5:86950594-86950701:-,5,86950594,86950701,-,Zm00001eb233100_T002,1,yes,2700,146,2200,2846,0.948699929725931,0.814814814814815,Zea_mays,high_confidence_IR
Zm00001eb233440,Zm00001eb233440.intron3,Zm00001eb233440|5:89144686-89144803:-,5,89144686,89144803,-,Zm00001eb233440_T002,1,yes,3598,74,2587,3672,0.979847494553377,0.719010561423013,Zea_mays,high_confidence_IR
Zm00001eb233830,Zm00001eb233830.intron2,Zm00001eb233830|5:91869559-91876313:+,5,91869559,91876313,+,Zm00001eb233830_T001,1,no,21319,404,19907,21723,0.981402200432721,0.933768000375252,Zea_mays,high_confidence_IR
Zm00001eb234380,Zm00001eb234380.intron4,Zm00001eb234380|5:98124815-98124877:+,5,98124815,98124877,+,Zm00001eb234380_T002,1,yes,10531,6,8582,10537,0.999430577963367,0.81492735732599,Zea_mays,high_confidence_IR
Zm00001eb234600,Zm00001eb234600.intron3,Zm00001eb234600|5:99955142-99955293:+,5,99955142,99955293,+,Zm00001eb234600_T001,1,yes,5026,23,3881,5049,0.995444642503466,0.772184639872662,Zea_mays,high_confidence_IR
Zm00001eb234840,Zm00001eb234840.intron1,Zm00001eb234840|5:102057235-102057350:+,5,102057235,102057350,+,Zm00001eb234840_T001,1,no,20,53,20,73,0.273972602739726,1,Zea_mays,high_confidence_IR
Zm00001eb234950,Zm00001eb234950.intron1,Zm00001eb234950|5:102967500-102967607:-,5,102967500,102967607,-,Zm00001eb234950_T001,1,no,155,8,155,163,0.950920245398773,1,Zea_mays,high_confidence_IR
Zm00001eb234970,Zm00001eb234970.intron2,Zm00001eb234970|5:103400870-103409388:-,5,103400870,103409388,-,Zm00001eb234970_T002,1,yes,1357,150,1305,1507,0.900464499004645,0.961680176860722,Zea_mays,high_confidence_IR
Zm00001eb235290,Zm00001eb235290.intron1,Zm00001eb235290|5:109677221-109677380:-,5,109677221,109677380,-,Zm00001eb235290_T001,1,no,332,13,332,345,0.96231884057971,1,Zea_mays,high_confidence_IR
Zm00001eb235650,Zm00001eb235650.intron1,Zm00001eb235650|5:116793349-116793480:-,5,116793349,116793480,-,Zm00001eb235650_T001,1,no,411,322,411,733,0.560709413369713,1,Zea_mays,high_confidence_IR
Zm00001eb236700,Zm00001eb236700.intron2,Zm00001eb236700|5:129293302-129297385:+,5,129293302,129297385,+,Zm00001eb236700_T001;Zm00001eb236700_T004,2,yes,2164,254,1845,2418,0.894954507857734,0.852587800369686,Zea_mays,high_confidence_IR
Zm00001eb237070,Zm00001eb237070.intron1,Zm00001eb237070|5:133897201-133897425:-,5,133897201,133897425,-,Zm00001eb237070_T001,1,no,125,210,125,335,0.373134328358209,1,Zea_mays,high_confidence_IR
Zm00001eb237290,Zm00001eb237290.intron2,Zm00001eb237290|5:136347181-136347285:+,5,136347181,136347285,+,Zm00001eb237290_T001,1,no,30,119,27,149,0.201342281879195,0.9,Zea_mays,high_confidence_IR
Zm00001eb237660,Zm00001eb237660.intron4,Zm00001eb237660|5:139883258-139884648:+,5,139883258,139884648,+,Zm00001eb237660_T001,1,no,5,14,5,19,0.263157894736842,1,Zea_mays,high_confidence_IR
Zm00001eb237830,Zm00001eb237830.intron1,Zm00001eb237830|5:141097664-141097794:-,5,141097664,141097794,-,Zm00001eb237830_T001,1,no,358,8,358,366,0.978142076502732,1,Zea_mays,high_confidence_IR
Zm00001eb237900,Zm00001eb237900.intron3,Zm00001eb237900|5:141558664-141558734:+,5,141558664,141558734,+,Zm00001eb237900_T002,1,yes,775,40,581,815,0.950920245398773,0.749677419354839,Zea_mays,high_confidence_IR
Zm00001eb238170,Zm00001eb238170.intron4,Zm00001eb238170|5:143940973-143941703:+,5,143940973,143941703,+,Zm00001eb238170_T003,1,yes,20496,30,15719,20526,0.998538439052909,0.766930132708821,Zea_mays,high_confidence_IR
Zm00001eb238320,Zm00001eb238320.intron1,Zm00001eb238320|5:145155851-145157485:-,5,145155851,145157485,-,Zm00001eb238320_T001,1,no,3122,472,3122,3594,0.86867000556483,1,Zea_mays,high_confidence_IR
Zm00001eb238770,Zm00001eb238770.intron1,Zm00001eb238770|5:148287947-148290394:+,5,148287947,148290394,+,Zm00001eb238770_T001,1,yes,240,17,225,257,0.933852140077821,0.9375,Zea_mays,high_confidence_IR
Zm00001eb238850,Zm00001eb238850.intron1,Zm00001eb238850|5:149172948-149173273:-,5,149172948,149173273,-,Zm00001eb238850_T001,1,no,34,47,34,81,0.419753086419753,1,Zea_mays,high_confidence_IR
Zm00001eb239020,Zm00001eb239020.intron1,Zm00001eb239020|5:150276518-150276669:-,5,150276518,150276669,-,Zm00001eb239020_T001,1,yes,4362,776,3057,5138,0.848968470221876,0.700825309491059,Zea_mays,high_confidence_IR
Zm00001eb239140,Zm00001eb239140.intron1,Zm00001eb239140|5:151057247-151057338:-,5,151057247,151057338,-,Zm00001eb239140_T001,1,no,597,278,597,875,0.682285714285714,1,Zea_mays,high_confidence_IR
Zm00001eb239400,Zm00001eb239400.intron1,Zm00001eb239400|5:153398895-153399125:-,5,153398895,153399125,-,Zm00001eb239400_T001,1,no,30,25,30,55,0.545454545454545,1,Zea_mays,high_confidence_IR
Zm00001eb239620,Zm00001eb239620.intron1,Zm00001eb239620|5:155143939-155144450:+,5,155143939,155144450,+,Zm00001eb239620_T001,1,no,930,1196,930,2126,0.437441204139229,1,Zea_mays,high_confidence_IR
Zm00001eb239810,Zm00001eb239810.intron1,Zm00001eb239810|5:156322673-156322767:+,5,156322673,156322767,+,Zm00001eb239810_T001,1,no,273,365,273,638,0.427899686520376,1,Zea_mays,high_confidence_IR
Zm00001eb239990,Zm00001eb239990.intron1,Zm00001eb239990|5:157698852-157698896:-,5,157698852,157698896,-,Zm00001eb239990_T001,1,no,4612,5,4612,4617,0.998917045700671,1,Zea_mays,high_confidence_IR
Zm00001eb240060,Zm00001eb240060.intron1,Zm00001eb240060|5:158378451-158379294:+,5,158378451,158379294,+,Zm00001eb240060_T001,1,no,50,22,50,72,0.694444444444444,1,Zea_mays,high_confidence_IR
Zm00001eb240110,Zm00001eb240110.intron2,Zm00001eb240110|5:158765667-158765776:-,5,158765667,158765776,-,Zm00001eb240110_T001,1,no,406,194,293,600,0.676666666666667,0.721674876847291,Zea_mays,high_confidence_IR
Zm00001eb240280,Zm00001eb240280.intron1,Zm00001eb240280|5:160001790-160001901:+,5,160001790,160001901,+,Zm00001eb240280_T001,1,no,172,12,172,184,0.934782608695652,1,Zea_mays,high_confidence_IR
Zm00001eb240310,Zm00001eb240310.intron1,Zm00001eb240310|5:160105260-160105451:+,5,160105260,160105451,+,Zm00001eb240310_T002,1,yes,3763,95,3763,3858,0.975375842405391,1,Zea_mays,high_confidence_IR
Zm00001eb240640,Zm00001eb240640.intron3,Zm00001eb240640|5:161797320-161797415:-,5,161797320,161797415,-,Zm00001eb240640_T002,1,yes,3734,241,3161,3975,0.93937106918239,0.84654525977504,Zea_mays,high_confidence_IR
Zm00001eb240680,Zm00001eb240680.intron1,Zm00001eb240680|5:162015772-162015932:-,5,162015772,162015932,-,Zm00001eb240680_T003,1,yes,11567,303,11277,11870,0.974473462510531,0.97492867640702,Zea_mays,high_confidence_IR
Zm00001eb240870,Zm00001eb240870.intron9,Zm00001eb240870|5:162871571-162871931:-,5,162871571,162871931,-,Zm00001eb240870_T001,1,yes,72351,778,61795,73129,0.989361265708542,0.854100150654448,Zea_mays,high_confidence_IR
Zm00001eb240930,Zm00001eb240930.intron1,Zm00001eb240930|5:163132405-163132506:+,5,163132405,163132506,+,Zm00001eb240930_T001,1,yes,156,144,156,300,0.52,1,Zea_mays,high_confidence_IR
Zm00001eb241380,Zm00001eb241380.intron1,Zm00001eb241380|5:165902462-165902546:-,5,165902462,165902546,-,Zm00001eb241380_T001,1,no,66,140,66,206,0.320388349514563,1,Zea_mays,high_confidence_IR
Zm00001eb241500,Zm00001eb241500.intron4,Zm00001eb241500|5:166096818-166096901:+,5,166096818,166096901,+,Zm00001eb241500_T001,1,yes,11012,129,9731,11141,0.988421147114263,0.88367235742826,Zea_mays,high_confidence_IR
Zm00001eb241720,Zm00001eb241720.intron1,Zm00001eb241720|5:167026093-167026131:-,5,167026093,167026131,-,Zm00001eb241720_T001,1,no,11196,51,11196,11247,0.995465457455321,1,Zea_mays,high_confidence_IR
Zm00001eb243140,Zm00001eb243140.intron1,Zm00001eb243140|5:173743633-173743734:+,5,173743633,173743734,+,Zm00001eb243140_T001,1,yes,9838,88,9025,9926,0.991134394519444,0.91736125228705,Zea_mays,high_confidence_IR
Zm00001eb243460,Zm00001eb243460.intron1,Zm00001eb243460|5:175266295-175266366:-,5,175266295,175266366,-,Zm00001eb243460_T001,1,no,79,5,70,84,0.94047619047619,0.886075949367089,Zea_mays,high_confidence_IR
Zm00001eb243540,Zm00001eb243540.intron1,Zm00001eb243540|5:175492984-175493212:+,5,175492984,175493212,+,Zm00001eb243540_T001,1,yes,79,75,74,154,0.512987012987013,0.936708860759494,Zea_mays,high_confidence_IR
Zm00001eb243640,Zm00001eb243640.intron4,Zm00001eb243640|5:176031956-176032073:+,5,176031956,176032073,+,Zm00001eb243640_T002,1,yes,187,33,142,220,0.85,0.759358288770054,Zea_mays,high_confidence_IR
Zm00001eb243730,Zm00001eb243730.intron1,Zm00001eb243730|5:176345790-176345881:-,5,176345790,176345881,-,Zm00001eb243730_T001,1,no,289,793,248,1082,0.267097966728281,0.858131487889273,Zea_mays,high_confidence_IR
Zm00001eb243740,Zm00001eb243740.intron1,Zm00001eb243740|5:176355870-176356011:-,5,176355870,176356011,-,Zm00001eb243740_T001,1,no,460,30,460,490,0.938775510204082,1,Zea_mays,high_confidence_IR
Zm00001eb244020,Zm00001eb244020.intron1,Zm00001eb244020|5:177541107-177541232:+,5,177541107,177541232,+,Zm00001eb244020_T001,1,no,12,8,12,20,0.6,1,Zea_mays,high_confidence_IR
Zm00001eb244080,Zm00001eb244080.intron2,Zm00001eb244080|5:177612884-177617121:-,5,177612884,177617121,-,Zm00001eb244080_T002,1,yes,65,246,65,311,0.209003215434084,1,Zea_mays,high_confidence_IR
Zm00001eb244170,Zm00001eb244170.intron5,Zm00001eb244170|5:177810649-177812247:-,5,177810649,177812247,-,Zm00001eb244170_T002,1,yes,9965,190,7086,10155,0.981290004923683,0.711088810837933,Zea_mays,high_confidence_IR
Zm00001eb244220,Zm00001eb244220.intron1,Zm00001eb244220|5:177943214-177943297:-,5,177943214,177943297,-,Zm00001eb244220_T001,1,no,888,409,888,1297,0.684656900539707,1,Zea_mays,high_confidence_IR
Zm00001eb244570,Zm00001eb244570.intron1,Zm00001eb244570|5:178889695-178889822:-,5,178889695,178889822,-,Zm00001eb244570_T001,1,yes,2796,452,2294,3248,0.860837438423645,0.820457796852647,Zea_mays,high_confidence_IR
Zm00001eb244730,Zm00001eb244730.intron2,Zm00001eb244730|5:179004238-179004331:+,5,179004238,179004331,+,Zm00001eb244730_T001,1,no,647,22,488,669,0.96711509715994,0.754250386398764,Zea_mays,high_confidence_IR
Zm00001eb245020,Zm00001eb245020.intron2,Zm00001eb245020|5:180213650-180216379:+,5,180213650,180216379,+,Zm00001eb245020_T002,1,yes,7951,88,6772,8039,0.989053364846374,0.851716765186769,Zea_mays,high_confidence_IR
Zm00001eb245480,Zm00001eb245480.intron1,Zm00001eb245480|5:181923940-181924077:-,5,181923940,181924077,-,Zm00001eb245480_T001,1,no,31,102,31,133,0.233082706766917,1,Zea_mays,high_confidence_IR
Zm00001eb245490,Zm00001eb245490.intron1,Zm00001eb245490|5:181964348-181964521:-,5,181964348,181964521,-,Zm00001eb245490_T001,1,no,76,129,76,205,0.370731707317073,1,Zea_mays,high_confidence_IR
Zm00001eb245650,Zm00001eb245650.intron2,Zm00001eb245650|5:182546597-182547065:+,5,182546597,182547065,+,Zm00001eb245650_T001,1,no,3625,959,3431,4584,0.790794066317626,0.94648275862069,Zea_mays,high_confidence_IR
Zm00001eb246030,Zm00001eb246030.intron1,Zm00001eb246030|5:184102183-184102281:-,5,184102183,184102281,-,Zm00001eb246030_T001,1,no,584,342,584,926,0.630669546436285,1,Zea_mays,high_confidence_IR
Zm00001eb246040,Zm00001eb246040.intron1,Zm00001eb246040|5:184107682-184108241:+,5,184107682,184108241,+,Zm00001eb246040_T001,1,no,581,144,581,725,0.801379310344828,1,Zea_mays,high_confidence_IR
Zm00001eb246240,Zm00001eb246240.intron1,Zm00001eb246240|5:184730543-184730686:+,5,184730543,184730686,+,Zm00001eb246240_T001,1,no,53,140,53,193,0.274611398963731,1,Zea_mays,high_confidence_IR
Zm00001eb246430,Zm00001eb246430.intron1,Zm00001eb246430|5:185553514-185553582:-,5,185553514,185553582,-,Zm00001eb246430_T001,1,no,596,1446,596,2042,0.291870714985309,1,Zea_mays,high_confidence_IR
Zm00001eb246590,Zm00001eb246590.intron8,Zm00001eb246590|5:185966316-185966511:-,5,185966316,185966511,-,Zm00001eb246590_T001;Zm00001eb246590_T002;Zm00001eb246590_T003,3,no,52743,118419,43591,171162,0.308146668068847,0.826479343230381,Zea_mays,high_confidence_IR
Zm00001eb246850,Zm00001eb246850.intron1,Zm00001eb246850|5:187363077-187363154:+,5,187363077,187363154,+,Zm00001eb246850_T001,1,yes,433,131,376,564,0.767730496453901,0.868360277136259,Zea_mays,high_confidence_IR
Zm00001eb247400,Zm00001eb247400.intron1,Zm00001eb247400|5:189325537-189325619:+,5,189325537,189325619,+,Zm00001eb247400_T001,1,no,326,179,326,505,0.645544554455446,1,Zea_mays,high_confidence_IR
Zm00001eb247420,Zm00001eb247420.intron1,Zm00001eb247420|5:189343445-189343535:+,5,189343445,189343535,+,Zm00001eb247420_T001,1,no,229,284,229,513,0.446393762183236,1,Zea_mays,high_confidence_IR
Zm00001eb247630,Zm00001eb247630.intron1,Zm00001eb247630|5:190492918-190492978:-,5,190492918,190492978,-,Zm00001eb247630_T001,1,yes,175306,496,145366,175802,0.997178644156494,0.829212919124274,Zea_mays,high_confidence_IR
Zm00001eb247800,Zm00001eb247800.intron1,Zm00001eb247800|5:190991731-190991814:-,5,190991731,190991814,-,Zm00001eb247800_T001,1,no,3276,26,3276,3302,0.992125984251969,1,Zea_mays,high_confidence_IR
Zm00001eb247840,Zm00001eb247840.intron1,Zm00001eb247840|5:191052424-191055937:+,5,191052424,191055937,+,Zm00001eb247840_T002,1,yes,2053,115,1598,2168,0.946955719557196,0.778373112518266,Zea_mays,high_confidence_IR
Zm00001eb248110,Zm00001eb248110.intron1,Zm00001eb248110|5:191899301-191899473:-,5,191899301,191899473,-,Zm00001eb248110_T001,1,no,62,76,62,138,0.449275362318841,1,Zea_mays,high_confidence_IR
Zm00001eb248140,Zm00001eb248140.intron1,Zm00001eb248140|5:192011193-192011395:-,5,192011193,192011395,-,Zm00001eb248140_T001,1,no,202,464,202,666,0.303303303303303,1,Zea_mays,high_confidence_IR
Zm00001eb248240,Zm00001eb248240.intron1,Zm00001eb248240|5:192492732-192493769:+,5,192492732,192493769,+,Zm00001eb248240_T001,1,no,68,71,68,139,0.489208633093525,1,Zea_mays,high_confidence_IR
Zm00001eb248510,Zm00001eb248510.intron1,Zm00001eb248510|5:192875158-192875241:-,5,192875158,192875241,-,Zm00001eb248510_T001,1,no,3472,14,3472,3486,0.995983935742972,1,Zea_mays,high_confidence_IR
Zm00001eb248540,Zm00001eb248540.intron4,Zm00001eb248540|5:192901149-192901266:+,5,192901149,192901266,+,Zm00001eb248540_T002,1,yes,2888,123,2053,3011,0.959149784124876,0.710872576177285,Zea_mays,high_confidence_IR
Zm00001eb249140,Zm00001eb249140.intron1,Zm00001eb249140|5:195070364-195070450:+,5,195070364,195070450,+,Zm00001eb249140_T001,1,no,6061,30,6061,6091,0.995074700377606,1,Zea_mays,high_confidence_IR
Zm00001eb249160,Zm00001eb249160.intron4,Zm00001eb249160|5:195084315-195085579:-,5,195084315,195085579,-,Zm00001eb249160_T002,1,yes,22857,1862,20184,24719,0.92467332820907,0.883055519096994,Zea_mays,high_confidence_IR
Zm00001eb249200,Zm00001eb249200.intron1,Zm00001eb249200|5:195289770-195289805:+,5,195289770,195289805,+,Zm00001eb249200_T001;Zm00001eb249200_T002,2,yes,4788,107,4788,4895,0.978140960163432,1,Zea_mays,high_confidence_IR
Zm00001eb249210,Zm00001eb249210.intron2,Zm00001eb249210|5:195295758-195295838:-,5,195295758,195295838,-,Zm00001eb249210_T001,1,yes,4557,7,4126,4564,0.998466257668712,0.905420232609173,Zea_mays,high_confidence_IR
Zm00001eb249510,Zm00001eb249510.intron1,Zm00001eb249510|5:196246386-196246466:-,5,196246386,196246466,-,Zm00001eb249510_T001,1,no,7,7,7,14,0.5,1,Zea_mays,high_confidence_IR
Zm00001eb249840,Zm00001eb249840.intron1,Zm00001eb249840|5:197207758-197207857:+,5,197207758,197207857,+,Zm00001eb249840_T001,1,yes,4595,267,4595,4862,0.945084327437269,1,Zea_mays,high_confidence_IR
Zm00001eb249940,Zm00001eb249940.intron1,Zm00001eb249940|5:197669435-197670677:+,5,197669435,197670677,+,Zm00001eb249940_T001,1,yes,114838,408,97072,115246,0.996459746976034,0.845295111374284,Zea_mays,high_confidence_IR
Zm00001eb249960,Zm00001eb249960.intron1,Zm00001eb249960|5:197827090-197827177:-,5,197827090,197827177,-,Zm00001eb249960_T001,1,no,8,32,8,40,0.2,1,Zea_mays,high_confidence_IR
Zm00001eb250320,Zm00001eb250320.intron1,Zm00001eb250320|5:198795516-198795592:-,5,198795516,198795592,-,Zm00001eb250320_T001,1,no,11,5,11,16,0.6875,1,Zea_mays,high_confidence_IR
Zm00001eb251530,Zm00001eb251530.intron3,Zm00001eb251530|5:207587626-207588183:+,5,207587626,207588183,+,Zm00001eb251530_T001,1,yes,183,126,153,309,0.592233009708738,0.836065573770492,Zea_mays,high_confidence_IR
Zm00001eb251610,Zm00001eb251610.intron1,Zm00001eb251610|5:207724431-207724807:+,5,207724431,207724807,+,Zm00001eb251610_T002,1,yes,1094,179,1020,1273,0.859387274155538,0.93235831809872,Zea_mays,high_confidence_IR
Zm00001eb251630,Zm00001eb251630.intron2,Zm00001eb251630|5:207812031-207813304:-,5,207812031,207813304,-,Zm00001eb251630_T001,1,yes,2885,447,2088,3332,0.865846338535414,0.723743500866551,Zea_mays,high_confidence_IR
Zm00001eb252540,Zm00001eb252540.intron2,Zm00001eb252540|5:210350764-210350841:-,5,210350764,210350841,-,Zm00001eb252540_T001,1,no,3328,543,2445,3871,0.859726168948592,0.734675480769231,Zea_mays,high_confidence_IR
Zm00001eb252660,Zm00001eb252660.intron6,Zm00001eb252660|5:210862569-210862645:+,5,210862569,210862645,+,Zm00001eb252660_T002,1,yes,7643,740,6380,8383,0.911726112370273,0.834750752322386,Zea_mays,high_confidence_IR
Zm00001eb252750,Zm00001eb252750.intron1,Zm00001eb252750|5:211180148-211180247:-,5,211180148,211180247,-,Zm00001eb252750_T001,1,no,6,8,6,14,0.428571428571429,1,Zea_mays,high_confidence_IR
Zm00001eb253060,Zm00001eb253060.intron1,Zm00001eb253060|5:211927748-211927821:+,5,211927748,211927821,+,Zm00001eb253060_T001,1,no,6,7,6,13,0.461538461538462,1,Zea_mays,high_confidence_IR
Zm00001eb253220,Zm00001eb253220.intron1,Zm00001eb253220|5:212310919-212311028:-,5,212310919,212311028,-,Zm00001eb253220_T001,1,yes,220,625,220,845,0.260355029585799,1,Zea_mays,high_confidence_IR
Zm00001eb253760,Zm00001eb253760.intron1,Zm00001eb253760|5:213387456-213387610:+,5,213387456,213387610,+,Zm00001eb253760_T003,1,yes,12170,533,8920,12703,0.958041407541526,0.732949876746097,Zea_mays,high_confidence_IR
Zm00001eb253770,Zm00001eb253770.intron2,Zm00001eb253770|5:213410686-213410974:+,5,213410686,213410974,+,Zm00001eb253770_T001,1,no,774,1508,628,2282,0.339176161262051,0.811369509043928,Zea_mays,high_confidence_IR
Zm00001eb254390,Zm00001eb254390.intron3,Zm00001eb254390|5:214838476-214838654:-,5,214838476,214838654,-,Zm00001eb254390_T002,1,yes,10821,232,7941,11053,0.979010223468742,0.733850845578043,Zea_mays,high_confidence_IR
Zm00001eb254550,Zm00001eb254550.intron1,Zm00001eb254550|5:215205806-215205880:-,5,215205806,215205880,-,Zm00001eb254550_T001,1,no,107,31,107,138,0.77536231884058,1,Zea_mays,high_confidence_IR
Zm00001eb254620,Zm00001eb254620.intron3,Zm00001eb254620|5:215377568-215378649:+,5,215377568,215378649,+,Zm00001eb254620_T001,1,no,1729,273,1240,2002,0.863636363636364,0.717177559282822,Zea_mays,high_confidence_IR
Zm00001eb254920,Zm00001eb254920.intron1,Zm00001eb254920|5:216006181-216006281:-,5,216006181,216006281,-,Zm00001eb254920_T001,1,no,495,13,495,508,0.974409448818898,1,Zea_mays,high_confidence_IR
Zm00001eb255200,Zm00001eb255200.intron2,Zm00001eb255200|5:216546570-216546656:+,5,216546570,216546656,+,Zm00001eb255200_T001,1,no,443,172,316,615,0.720325203252033,0.713318284424379,Zea_mays,high_confidence_IR
Zm00001eb255280,Zm00001eb255280.intron1,Zm00001eb255280|5:216645990-216646784:+,5,216645990,216646784,+,Zm00001eb255280_T001,1,no,57,50,57,107,0.532710280373832,1,Zea_mays,high_confidence_IR
Zm00001eb255360,Zm00001eb255360.intron1,Zm00001eb255360|5:216767390-216768902:-,5,216767390,216768902,-,Zm00001eb255360_T001,1,yes,44,97,44,141,0.312056737588652,1,Zea_mays,high_confidence_IR
Zm00001eb255530,Zm00001eb255530.intron12,Zm00001eb255530|5:217301354-217303715:+,5,217301354,217303715,+,Zm00001eb255530_T001;Zm00001eb255530_T002,2,yes,659,183,502,842,0.782660332541568,0.761760242792109,Zea_mays,high_confidence_IR
Zm00001eb255540,Zm00001eb255540.intron5,Zm00001eb255540|5:217329341-217329650:+,5,217329341,217329650,+,Zm00001eb255540_T003,1,yes,445,7,331,452,0.984513274336283,0.743820224719101,Zea_mays,high_confidence_IR
Zm00001eb255610,Zm00001eb255610.intron3,Zm00001eb255610|5:217625804-217626124:-,5,217625804,217626124,-,Zm00001eb255610_T001,1,yes,7889,729,6634,8618,0.915409607797633,0.840917733553049,Zea_mays,high_confidence_IR
Zm00001eb255830,Zm00001eb255830.intron2,Zm00001eb255830|5:218233063-218233147:+,5,218233063,218233147,+,Zm00001eb255830_T002,1,yes,9772,341,7391,10113,0.966281024424009,0.756344658207122,Zea_mays,high_confidence_IR
Zm00001eb255840,Zm00001eb255840.intron2,Zm00001eb255840|5:218239190-218239284:+,5,218239190,218239284,+,Zm00001eb255840_T001,1,yes,440,294,376,734,0.599455040871935,0.854545454545454,Zea_mays,high_confidence_IR
Zm00001eb256000,Zm00001eb256000.intron2,Zm00001eb256000|5:218476100-218476201:-,5,218476100,218476201,-,Zm00001eb256000_T001,1,yes,8565,291,8021,8856,0.967140921409214,0.936485697606538,Zea_mays,high_confidence_IR
Zm00001eb256010,Zm00001eb256010.intron1,Zm00001eb256010|5:218509000-218509090:-,5,218509000,218509090,-,Zm00001eb256010_T001,1,no,615,40,615,655,0.938931297709924,1,Zea_mays,high_confidence_IR
Zm00001eb256030,Zm00001eb256030.intron1,Zm00001eb256030|5:218530879-218531003:-,5,218530879,218531003,-,Zm00001eb256030_T002,1,yes,510,42,510,552,0.923913043478261,1,Zea_mays,high_confidence_IR
Zm00001eb256060,Zm00001eb256060.intron2,Zm00001eb256060|5:218651744-218651833:+,5,218651744,218651833,+,Zm00001eb256060_T001,1,no,591,569,515,1160,0.50948275862069,0.871404399323181,Zea_mays,high_confidence_IR
Zm00001eb256310,Zm00001eb256310.intron1,Zm00001eb256310|5:219159774-219159848:-,5,219159774,219159848,-,Zm00001eb256310_T001,1,no,306,379,306,685,0.446715328467153,1,Zea_mays,high_confidence_IR
Zm00001eb257430,Zm00001eb257430.intron1,Zm00001eb257430|5:221196216-221196277:-,5,221196216,221196277,-,Zm00001eb257430_T001,1,yes,1092,444,891,1536,0.7109375,0.815934065934066,Zea_mays,high_confidence_IR
Zm00001eb257640,Zm00001eb257640.intron6,Zm00001eb257640|5:221694798-221694837:-,5,221694798,221694837,-,Zm00001eb257640_T002,1,yes,31314,33,22883,31347,0.998947267681118,0.730759404739094,Zea_mays,high_confidence_IR
Zm00001eb257840,Zm00001eb257840.intron10,Zm00001eb257840|5:222053745-222053863:+,5,222053745,222053863,+,Zm00001eb257840_T002,1,yes,7791,10,5610,7801,0.998718113062428,0.72006160954948,Zea_mays,high_confidence_IR
Zm00001eb258000,Zm00001eb258000.intron1,Zm00001eb258000|5:222487068-222488921:-,5,222487068,222488921,-,Zm00001eb258000_T001,1,yes,458,421,458,879,0.521046643913538,1,Zea_mays,high_confidence_IR
Zm00001eb258090,Zm00001eb258090.intron3,Zm00001eb258090|5:222551030-222552290:+,5,222551030,222552290,+,Zm00001eb258090_T002,1,yes,22642,5077,19895,27719,0.816840434359104,0.878676795336101,Zea_mays,high_confidence_IR
Zm00001eb258300,Zm00001eb258300.intron1,Zm00001eb258300|5:222934931-222935137:-,5,222934931,222935137,-,Zm00001eb258300_T001,1,no,1202,18,1202,1220,0.985245901639344,1,Zea_mays,high_confidence_IR
Zm00001eb258380,Zm00001eb258380.intron2,Zm00001eb258380|5:223260702-223261090:+,5,223260702,223261090,+,Zm00001eb258380_T002,1,yes,224,50,201,274,0.817518248175182,0.897321428571429,Zea_mays,high_confidence_IR
Zm00001eb258830,Zm00001eb258830.intron1,Zm00001eb258830|5:223950236-223950328:+,5,223950236,223950328,+,Zm00001eb258830_T001,1,no,6052,119,6052,6171,0.980716253443526,1,Zea_mays,high_confidence_IR
Zm00001eb259220,Zm00001eb259220.intron3,Zm00001eb259220|5:224662111-224662818:+,5,224662111,224662818,+,Zm00001eb259220_T001;Zm00001eb259220_T002,2,yes,2724,478,1988,3202,0.850718301061836,0.729809104258443,Zea_mays,high_confidence_IR
Zm00001eb259390,Zm00001eb259390.intron1,Zm00001eb259390|5:225054225-225054377:+,5,225054225,225054377,+,Zm00001eb259390_T002,1,yes,1605,635,1188,2240,0.716517857142857,0.74018691588785,Zea_mays,high_confidence_IR
Zm00001eb259560,Zm00001eb259560.intron2,Zm00001eb259560|5:225441611-225442888:+,5,225441611,225442888,+,Zm00001eb259560_T001,1,no,346,45,248,391,0.884910485933504,0.716763005780347,Zea_mays,high_confidence_IR
Zm00001eb259650,Zm00001eb259650.intron2,Zm00001eb259650|5:225957778-225957849:+,5,225957778,225957849,+,Zm00001eb259650_T001;Zm00001eb259650_T003,2,yes,4808,454,3388,5262,0.913721018624097,0.704658901830283,Zea_mays,high_confidence_IR
Zm00001eb260000,Zm00001eb260000.intron1,Zm00001eb260000|6:6040847-6040935:-,6,6040847,6040935,-,Zm00001eb260000_T001,1,no,22,57,22,79,0.278481012658228,1,Zea_mays,high_confidence_IR
Zm00001eb260140,Zm00001eb260140.intron1,Zm00001eb260140|6:6643673-6643765:-,6,6643673,6643765,-,Zm00001eb260140_T001,1,yes,91357,423,91357,91780,0.995391152756592,1,Zea_mays,high_confidence_IR
Zm00001eb260270,Zm00001eb260270.intron1,Zm00001eb260270|6:7215378-7215539:+,6,7215378,7215539,+,Zm00001eb260270_T001,1,yes,10009,219,8564,10228,0.978588189284318,0.855629933060246,Zea_mays,high_confidence_IR
Zm00001eb260450,Zm00001eb260450.intron1,Zm00001eb260450|6:8000716-8000943:-,6,8000716,8000943,-,Zm00001eb260450_T001,1,no,1396,2742,1396,4138,0.3373610439826,1,Zea_mays,high_confidence_IR
Zm00001eb260810,Zm00001eb260810.intron1,Zm00001eb260810|6:9278098-9278200:+,6,9278098,9278200,+,Zm00001eb260810_T001,1,no,278,30,278,308,0.902597402597403,1,Zea_mays,high_confidence_IR
Zm00001eb261340,Zm00001eb261340.intron1,Zm00001eb261340|6:12107499-12107601:+,6,12107499,12107601,+,Zm00001eb261340_T001,1,no,716,62,716,778,0.920308483290488,1,Zea_mays,high_confidence_IR
Zm00001eb261790,Zm00001eb261790.intron1,Zm00001eb261790|6:14743794-14745352:+,6,14743794,14745352,+,Zm00001eb261790_T001,1,no,48,123,48,171,0.280701754385965,1,Zea_mays,high_confidence_IR
Zm00001eb262550,Zm00001eb262550.intron1,Zm00001eb262550|6:18191013-18191532:-,6,18191013,18191532,-,Zm00001eb262550_T001,1,no,252,702,252,954,0.264150943396226,1,Zea_mays,high_confidence_IR
Zm00001eb262810,Zm00001eb262810.intron2,Zm00001eb262810|6:19400921-19401012:+,6,19400921,19401012,+,Zm00001eb262810_T001,1,no,369,102,263,471,0.78343949044586,0.712737127371274,Zea_mays,high_confidence_IR
Zm00001eb263070,Zm00001eb263070.intron3,Zm00001eb263070|6:20194952-20195030:+,6,20194952,20195030,+,Zm00001eb263070_T002,1,yes,127,209,117,336,0.37797619047619,0.921259842519685,Zea_mays,high_confidence_IR
Zm00001eb263090,Zm00001eb263090.intron1,Zm00001eb263090|6:20197611-20197680:-,6,20197611,20197680,-,Zm00001eb263090_T001,1,no,341,715,341,1056,0.322916666666667,1,Zea_mays,high_confidence_IR
Zm00001eb263810,Zm00001eb263810.intron1,Zm00001eb263810|6:22896012-22896102:-,6,22896012,22896102,-,Zm00001eb263810_T001,1,no,474,5,350,479,0.989561586638831,0.738396624472574,Zea_mays,high_confidence_IR
Zm00001eb264120,Zm00001eb264120.intron1,Zm00001eb264120|6:24985951-24986062:-,6,24985951,24986062,-,Zm00001eb264120_T001,1,no,89,71,89,160,0.55625,1,Zea_mays,high_confidence_IR
Zm00001eb264160,Zm00001eb264160.intron2,Zm00001eb264160|6:25414321-25415378:+,6,25414321,25415378,+,Zm00001eb264160_T001,1,no,4585,33,3263,4618,0.992854049372022,0.711668484187568,Zea_mays,high_confidence_IR
Zm00001eb264590,Zm00001eb264590.intron1,Zm00001eb264590|6:29498148-29498242:-,6,29498148,29498242,-,Zm00001eb264590_T001,1,yes,679,6,476,685,0.991240875912409,0.701030927835051,Zea_mays,high_confidence_IR
Zm00001eb264740,Zm00001eb264740.intron1,Zm00001eb264740|6:30368223-30368422:+,6,30368223,30368422,+,Zm00001eb264740_T001,1,no,138,340,138,478,0.288702928870293,1,Zea_mays,high_confidence_IR
Zm00001eb264960,Zm00001eb264960.intron3,Zm00001eb264960|6:32062636-32062673:-,6,32062636,32062673,-,Zm00001eb264960_T003,1,yes,10881,1614,9113,12495,0.870828331332533,0.837514934289128,Zea_mays,high_confidence_IR
Zm00001eb265010,Zm00001eb265010.intron1,Zm00001eb265010|6:32357694-32357827:-,6,32357694,32357827,-,Zm00001eb265010_T002,1,yes,19571,56,19571,19627,0.997146787588526,1,Zea_mays,high_confidence_IR
Zm00001eb265030,Zm00001eb265030.intron1,Zm00001eb265030|6:33033530-33034072:+,6,33033530,33034072,+,Zm00001eb265030_T001,1,no,18,72,18,90,0.2,1,Zea_mays,high_confidence_IR
Zm00001eb265230,Zm00001eb265230.intron1,Zm00001eb265230|6:34470893-34471599:-,6,34470893,34471599,-,Zm00001eb265230_T001,1,no,566,966,566,1532,0.369451697127937,1,Zea_mays,high_confidence_IR
Zm00001eb265350,Zm00001eb265350.intron1,Zm00001eb265350|6:35240371-35241053:-,6,35240371,35241053,-,Zm00001eb265350_T001,1,no,5829,513,5829,6342,0.919110690633869,1,Zea_mays,high_confidence_IR
Zm00001eb265750,Zm00001eb265750.intron1,Zm00001eb265750|6:38008340-38008440:-,6,38008340,38008440,-,Zm00001eb265750_T001,1,no,49,108,49,157,0.312101910828025,1,Zea_mays,high_confidence_IR
Zm00001eb265910,Zm00001eb265910.intron1,Zm00001eb265910|6:39708512-39708607:+,6,39708512,39708607,+,Zm00001eb265910_T001,1,no,11,14,11,25,0.44,1,Zea_mays,high_confidence_IR
Zm00001eb266190,Zm00001eb266190.intron1,Zm00001eb266190|6:41592502-41592597:+,6,41592502,41592597,+,Zm00001eb266190_T002,1,yes,303,18,303,321,0.94392523364486,1,Zea_mays,high_confidence_IR
Zm00001eb266240,Zm00001eb266240.intron1,Zm00001eb266240|6:41979181-41979372:-,6,41979181,41979372,-,Zm00001eb266240_T001,1,yes,854,122,854,976,0.875,1,Zea_mays,high_confidence_IR
Zm00001eb266320,Zm00001eb266320.intron1,Zm00001eb266320|6:42387734-42387842:+,6,42387734,42387842,+,Zm00001eb266320_T002,1,yes,66,75,59,141,0.468085106382979,0.893939393939394,Zea_mays,high_confidence_IR
Zm00001eb266370,Zm00001eb266370.intron1,Zm00001eb266370|6:42759064-42759262:-,6,42759064,42759262,-,Zm00001eb266370_T001,1,no,107728,2794,107728,110522,0.974719965255786,1,Zea_mays,high_confidence_IR
Zm00001eb266500,Zm00001eb266500.intron1,Zm00001eb266500|6:43566537-43567277:+,6,43566537,43567277,+,Zm00001eb266500_T001,1,no,18,5,18,23,0.782608695652174,1,Zea_mays,high_confidence_IR
Zm00001eb267010,Zm00001eb267010.intron1,Zm00001eb267010|6:47126587-47126665:+,6,47126587,47126665,+,Zm00001eb267010_T001,1,no,3634,396,3634,4030,0.901736972704715,1,Zea_mays,high_confidence_IR
Zm00001eb267610,Zm00001eb267610.intron9,Zm00001eb267610|6:52598066-52598200:-,6,52598066,52598200,-,Zm00001eb267610_T001,1,yes,4890,73,3611,4963,0.985291154543623,0.738445807770961,Zea_mays,high_confidence_IR
Zm00001eb267640,Zm00001eb267640.intron1,Zm00001eb267640|6:52826786-52826935:+,6,52826786,52826935,+,Zm00001eb267640_T001,1,no,6572,4969,6572,11541,0.569448054761286,1,Zea_mays,high_confidence_IR
Zm00001eb268000,Zm00001eb268000.intron1,Zm00001eb268000|6:58296050-58296145:-,6,58296050,58296145,-,Zm00001eb268000_T001,1,no,1348,28,1348,1376,0.979651162790698,1,Zea_mays,high_confidence_IR
Zm00001eb268090,Zm00001eb268090.intron1,Zm00001eb268090|6:59899631-59900514:+,6,59899631,59900514,+,Zm00001eb268090_T002,1,yes,1068,57,943,1125,0.949333333333333,0.882958801498127,Zea_mays,high_confidence_IR
Zm00001eb268260,Zm00001eb268260.intron1,Zm00001eb268260|6:62135300-62135413:-,6,62135300,62135413,-,Zm00001eb268260_T001,1,no,22,36,18,58,0.379310344827586,0.818181818181818,Zea_mays,high_confidence_IR
Zm00001eb268410,Zm00001eb268410.intron1,Zm00001eb268410|6:64213887-64213961:-,6,64213887,64213961,-,Zm00001eb268410_T001,1,no,66,140,66,206,0.320388349514563,1,Zea_mays,high_confidence_IR
Zm00001eb268660,Zm00001eb268660.intron2,Zm00001eb268660|6:65528675-65528805:-,6,65528675,65528805,-,Zm00001eb268660_T001,1,yes,41188,1909,39358,43097,0.955704573404181,0.955569583373798,Zea_mays,high_confidence_IR
Zm00001eb268970,Zm00001eb268970.intron1,Zm00001eb268970|6:68157103-68158239:+,6,68157103,68158239,+,Zm00001eb268970_T001,1,no,327,163,327,490,0.66734693877551,1,Zea_mays,high_confidence_IR
Zm00001eb268980,Zm00001eb268980.intron1,Zm00001eb268980|6:68176200-68176275:+,6,68176200,68176275,+,Zm00001eb268980_T001,1,no,10118,884,10118,11002,0.919650972550445,1,Zea_mays,high_confidence_IR
Zm00001eb269070,Zm00001eb269070.intron1,Zm00001eb269070|6:68879582-68879669:-,6,68879582,68879669,-,Zm00001eb269070_T001;Zm00001eb269070_T002,2,no,32,35,32,67,0.477611940298507,1,Zea_mays,high_confidence_IR
Zm00001eb269220,Zm00001eb269220.intron1,Zm00001eb269220|6:70861727-70861801:+,6,70861727,70861801,+,Zm00001eb269220_T002,1,yes,289,26,289,315,0.917460317460317,1,Zea_mays,high_confidence_IR
Zm00001eb269390,Zm00001eb269390.intron4,Zm00001eb269390|6:71752190-71752284:+,6,71752190,71752284,+,Zm00001eb269390_T001,1,no,7346,25,6024,7371,0.996608329941663,0.820038115981487,Zea_mays,high_confidence_IR
Zm00001eb269760,Zm00001eb269760.intron4,Zm00001eb269760|6:75280836-75280923:-,6,75280836,75280923,-,Zm00001eb269760_T001,1,no,15,19,12,34,0.441176470588235,0.8,Zea_mays,high_confidence_IR
Zm00001eb269760,Zm00001eb269760.intron1,Zm00001eb269760|6:75285176-75285283:-,6,75285176,75285283,-,Zm00001eb269760_T001,1,no,495,77,494,572,0.865384615384615,0.997979797979798,Zea_mays,high_confidence_IR
Zm00001eb269870,Zm00001eb269870.intron3,Zm00001eb269870|6:75889315-75890425:-,6,75889315,75890425,-,Zm00001eb269870_T001,1,yes,7058,149,5049,7207,0.979325655612599,0.715358458486823,Zea_mays,high_confidence_IR
Zm00001eb270230,Zm00001eb270230.intron2,Zm00001eb270230|6:79005978-79006052:+,6,79005978,79006052,+,Zm00001eb270230_T002,1,yes,236,63,198,299,0.789297658862876,0.838983050847458,Zea_mays,high_confidence_IR
Zm00001eb270310,Zm00001eb270310.intron2,Zm00001eb270310|6:79958236-79958325:-,6,79958236,79958325,-,Zm00001eb270310_T002,1,yes,23505,126,21737,23631,0.994668020820109,0.924781961284833,Zea_mays,high_confidence_IR
Zm00001eb270460,Zm00001eb270460.intron2,Zm00001eb270460|6:80904605-80905642:+,6,80904605,80905642,+,Zm00001eb270460_T001,1,yes,2178,97,1817,2275,0.957362637362637,0.83425160697888,Zea_mays,high_confidence_IR
Zm00001eb270470,Zm00001eb270470.intron5,Zm00001eb270470|6:81028683-81028777:-,6,81028683,81028777,-,Zm00001eb270470_T001,1,yes,3375,416,2369,3791,0.890266420469533,0.701925925925926,Zea_mays,high_confidence_IR
Zm00001eb270500,Zm00001eb270500.intron1,Zm00001eb270500|6:81214273-81217404:+,6,81214273,81217404,+,Zm00001eb270500_T001,1,no,370,402,276,772,0.479274611398964,0.745945945945946,Zea_mays,high_confidence_IR
Zm00001eb270550,Zm00001eb270550.intron1,Zm00001eb270550|6:81689856-81689989:-,6,81689856,81689989,-,Zm00001eb270550_T001,1,no,385,265,385,650,0.592307692307692,1,Zea_mays,high_confidence_IR
Zm00001eb271440,Zm00001eb271440.intron2,Zm00001eb271440|6:88365439-88367101:+,6,88365439,88367101,+,Zm00001eb271440_T003,1,yes,9414,62,6938,9476,0.993457154917687,0.736987465476949,Zea_mays,high_confidence_IR
Zm00001eb271780,Zm00001eb271780.intron1,Zm00001eb271780|6:91340421-91340946:+,6,91340421,91340946,+,Zm00001eb271780_T001,1,no,33,30,33,63,0.523809523809524,1,Zea_mays,high_confidence_IR
Zm00001eb272200,Zm00001eb272200.intron1,Zm00001eb272200|6:93030105-93031573:-,6,93030105,93031573,-,Zm00001eb272200_T001,1,no,226,104,226,330,0.684848484848485,1,Zea_mays,high_confidence_IR
Zm00001eb272270,Zm00001eb272270.intron1,Zm00001eb272270|6:93371240-93371773:+,6,93371240,93371773,+,Zm00001eb272270_T001,1,yes,102,14,88,116,0.879310344827586,0.862745098039216,Zea_mays,high_confidence_IR
Zm00001eb272300,Zm00001eb272300.intron10,Zm00001eb272300|6:93525122-93525229:-,6,93525122,93525229,-,Zm00001eb272300_T001,1,no,620,806,480,1426,0.434782608695652,0.774193548387097,Zea_mays,high_confidence_IR
Zm00001eb272650,Zm00001eb272650.intron1,Zm00001eb272650|6:95209287-95210274:-,6,95209287,95210274,-,Zm00001eb272650_T001,1,no,76,219,76,295,0.257627118644068,1,Zea_mays,high_confidence_IR
Zm00001eb272810,Zm00001eb272810.intron1,Zm00001eb272810|6:95801389-95801491:-,6,95801389,95801491,-,Zm00001eb272810_T001,1,no,123,105,123,228,0.539473684210526,1,Zea_mays,high_confidence_IR
Zm00001eb273000,Zm00001eb273000.intron2,Zm00001eb273000|6:96910666-96910786:+,6,96910666,96910786,+,Zm00001eb273000_T001,1,yes,3142,2120,2888,5262,0.59711136450019,0.919159770846595,Zea_mays,high_confidence_IR
Zm00001eb273070,Zm00001eb273070.intron1,Zm00001eb273070|6:97168991-97169124:-,6,97168991,97169124,-,Zm00001eb273070_T001,1,no,125,446,125,571,0.218914185639229,1,Zea_mays,high_confidence_IR
Zm00001eb273440,Zm00001eb273440.intron2,Zm00001eb273440|6:98630779-98631094:-,6,98630779,98631094,-,Zm00001eb273440_T002,1,yes,7981,412,5736,8393,0.950911473847254,0.718706928956271,Zea_mays,high_confidence_IR
Zm00001eb273560,Zm00001eb273560.intron1,Zm00001eb273560|6:98848287-98848392:+,6,98848287,98848392,+,Zm00001eb273560_T001,1,no,270,892,270,1162,0.232358003442341,1,Zea_mays,high_confidence_IR
Zm00001eb274270,Zm00001eb274270.intron1,Zm00001eb274270|6:103030080-103030828:+,6,103030080,103030828,+,Zm00001eb274270_T001,1,no,367,251,367,618,0.593851132686084,1,Zea_mays,high_confidence_IR
Zm00001eb275050,Zm00001eb275050.intron1,Zm00001eb275050|6:105831040-105831326:-,6,105831040,105831326,-,Zm00001eb275050_T001,1,yes,2119,18,1840,2137,0.99157697707066,0.868334119867862,Zea_mays,high_confidence_IR
Zm00001eb275410,Zm00001eb275410.intron1,Zm00001eb275410|6:107013253-107013412:-,6,107013253,107013412,-,Zm00001eb275410_T001,1,no,65,232,65,297,0.218855218855219,1,Zea_mays,high_confidence_IR
Zm00001eb275490,Zm00001eb275490.intron1,Zm00001eb275490|6:107209532-107209676:+,6,107209532,107209676,+,Zm00001eb275490_T001,1,no,6,9,6,15,0.4,1,Zea_mays,high_confidence_IR
Zm00001eb275730,Zm00001eb275730.intron2,Zm00001eb275730|6:108216931-108218405:+,6,108216931,108218405,+,Zm00001eb275730_T001,1,yes,10055,1397,7515,11452,0.878012574222843,0.747389358528096,Zea_mays,high_confidence_IR
Zm00001eb275800,Zm00001eb275800.intron1,Zm00001eb275800|6:108493507-108493858:-,6,108493507,108493858,-,Zm00001eb275800_T001,1,no,9,10,9,19,0.473684210526316,1,Zea_mays,high_confidence_IR
Zm00001eb276240,Zm00001eb276240.intron1,Zm00001eb276240|6:110312404-110312486:+,6,110312404,110312486,+,Zm00001eb276240_T001,1,no,166,56,166,222,0.747747747747748,1,Zea_mays,high_confidence_IR
Zm00001eb276520,Zm00001eb276520.intron3,Zm00001eb276520|6:112220594-112232658:-,6,112220594,112232658,-,Zm00001eb276520_T001,1,yes,237,5,203,242,0.979338842975207,0.856540084388186,Zea_mays,high_confidence_IR
Zm00001eb277090,Zm00001eb277090.intron1,Zm00001eb277090|6:113772771-113773606:-,6,113772771,113773606,-,Zm00001eb277090_T001,1,no,354,11,354,365,0.96986301369863,1,Zea_mays,high_confidence_IR
Zm00001eb277130,Zm00001eb277130.intron1,Zm00001eb277130|6:113851553-113851638:+,6,113851553,113851638,+,Zm00001eb277130_T001,1,no,107,127,107,234,0.457264957264957,1,Zea_mays,high_confidence_IR
Zm00001eb277240,Zm00001eb277240.intron1,Zm00001eb277240|6:113962047-113962139:+,6,113962047,113962139,+,Zm00001eb277240_T001,1,no,83,52,83,135,0.614814814814815,1,Zea_mays,high_confidence_IR
Zm00001eb277560,Zm00001eb277560.intron3,Zm00001eb277560|6:115419760-115419837:+,6,115419760,115419837,+,Zm00001eb277560_T001;Zm00001eb277560_T002,2,yes,8360,99,6011,8459,0.988296488946684,0.719019138755981,Zea_mays,high_confidence_IR
Zm00001eb277590,Zm00001eb277590.intron1,Zm00001eb277590|6:115473665-115473775:+,6,115473665,115473775,+,Zm00001eb277590_T001,1,no,668,140,668,808,0.826732673267327,1,Zea_mays,high_confidence_IR
Zm00001eb277800,Zm00001eb277800.intron2,Zm00001eb277800|6:115949368-115949445:-,6,115949368,115949445,-,Zm00001eb277800_T001,1,no,20,25,15,45,0.444444444444444,0.75,Zea_mays,high_confidence_IR
Zm00001eb277990,Zm00001eb277990.intron1,Zm00001eb277990|6:117097220-117097329:+,6,117097220,117097329,+,Zm00001eb277990_T001;Zm00001eb277990_T002,2,no,184,528,160,712,0.258426966292135,0.869565217391304,Zea_mays,high_confidence_IR
Zm00001eb278070,Zm00001eb278070.intron1,Zm00001eb278070|6:117591676-117591771:+,6,117591676,117591771,+,Zm00001eb278070_T001,1,no,432,177,321,609,0.70935960591133,0.743055555555556,Zea_mays,high_confidence_IR
Zm00001eb278390,Zm00001eb278390.intron2,Zm00001eb278390|6:118784636-118784751:-,6,118784636,118784751,-,Zm00001eb278390_T001,1,no,215,703,198,918,0.234204793028322,0.92093023255814,Zea_mays,high_confidence_IR
Zm00001eb279220,Zm00001eb279220.intron3,Zm00001eb279220|6:122019379-122019582:-,6,122019379,122019582,-,Zm00001eb279220_T001,1,no,9,12,7,21,0.428571428571429,0.777777777777778,Zea_mays,high_confidence_IR
Zm00001eb279220,Zm00001eb279220.intron1,Zm00001eb279220|6:122019918-122020049:-,6,122019918,122020049,-,Zm00001eb279220_T001,1,no,27,17,24,44,0.613636363636364,0.888888888888889,Zea_mays,high_confidence_IR
Zm00001eb279290,Zm00001eb279290.intron1,Zm00001eb279290|6:122207276-122207432:+,6,122207276,122207432,+,Zm00001eb279290_T001,1,yes,217,101,199,318,0.682389937106918,0.91705069124424,Zea_mays,high_confidence_IR
Zm00001eb279380,Zm00001eb279380.intron1,Zm00001eb279380|6:122762985-122763093:+,6,122762985,122763093,+,Zm00001eb279380_T001,1,no,296,340,296,636,0.465408805031447,1,Zea_mays,high_confidence_IR
Zm00001eb279830,Zm00001eb279830.intron1,Zm00001eb279830|6:124610143-124610242:-,6,124610143,124610242,-,Zm00001eb279830_T001,1,yes,1160,50,1160,1210,0.958677685950413,1,Zea_mays,high_confidence_IR
Zm00001eb280010,Zm00001eb280010.intron4,Zm00001eb280010|6:125619934-125623446:+,6,125619934,125623446,+,Zm00001eb280010_T001,1,yes,2386,9,1769,2395,0.996242171189979,0.74140821458508,Zea_mays,high_confidence_IR
Zm00001eb280480,Zm00001eb280480.intron6,Zm00001eb280480|6:127503190-127503278:+,6,127503190,127503278,+,Zm00001eb280480_T002,1,yes,21288,25226,17234,46514,0.457668658898396,0.80956407365652,Zea_mays,high_confidence_IR
Zm00001eb280560,Zm00001eb280560.intron5,Zm00001eb280560|6:128029575-128029775:+,6,128029575,128029775,+,Zm00001eb280560_T002,1,yes,60609,8580,55556,69189,0.87599184841521,0.916629543467142,Zea_mays,high_confidence_IR
Zm00001eb280600,Zm00001eb280600.intron1,Zm00001eb280600|6:128287476-128287636:+,6,128287476,128287636,+,Zm00001eb280600_T001,1,yes,5665,102,4429,5767,0.982313161088954,0.781818181818182,Zea_mays,high_confidence_IR
Zm00001eb280700,Zm00001eb280700.intron1,Zm00001eb280700|6:128981385-128981515:-,6,128981385,128981515,-,Zm00001eb280700_T001,1,no,63,50,63,113,0.557522123893805,1,Zea_mays,high_confidence_IR
Zm00001eb280770,Zm00001eb280770.intron1,Zm00001eb280770|6:129581148-129581223:-,6,129581148,129581223,-,Zm00001eb280770_T001,1,no,311,143,311,454,0.685022026431718,1,Zea_mays,high_confidence_IR
Zm00001eb280780,Zm00001eb280780.intron1,Zm00001eb280780|6:129598594-129599727:+,6,129598594,129599727,+,Zm00001eb280780_T001,1,yes,66,18,66,84,0.785714285714286,1,Zea_mays,high_confidence_IR
Zm00001eb280910,Zm00001eb280910.intron1,Zm00001eb280910|6:130684198-130686749:+,6,130684198,130686749,+,Zm00001eb280910_T001,1,yes,20339,552,19448,20891,0.973577138480685,0.95619253650622,Zea_mays,high_confidence_IR
Zm00001eb280960,Zm00001eb280960.intron1,Zm00001eb280960|6:130831790-130831876:-,6,130831790,130831876,-,Zm00001eb280960_T001,1,no,30836,6,30836,30842,0.999805460086895,1,Zea_mays,high_confidence_IR
Zm00001eb281490,Zm00001eb281490.intron1,Zm00001eb281490|6:132718313-132718420:+,6,132718313,132718420,+,Zm00001eb281490_T002,1,yes,5915,35,4343,5950,0.994117647058824,0.734234995773457,Zea_mays,high_confidence_IR
Zm00001eb281780,Zm00001eb281780.intron1,Zm00001eb281780|6:133817138-133818578:+,6,133817138,133818578,+,Zm00001eb281780_T001,1,no,883,19,883,902,0.978935698447894,1,Zea_mays,high_confidence_IR
Zm00001eb282210,Zm00001eb282210.intron1,Zm00001eb282210|6:135014288-135014445:+,6,135014288,135014445,+,Zm00001eb282210_T002,1,yes,36,99,32,135,0.266666666666667,0.888888888888889,Zea_mays,high_confidence_IR
Zm00001eb282350,Zm00001eb282350.intron10,Zm00001eb282350|6:135633734-135634125:+,6,135633734,135634125,+,Zm00001eb282350_T001;Zm00001eb282350_T002;Zm00001eb282350_T003;Zm00001eb282350_T004;Zm00001eb282350_T005,5,no,25,82,24,107,0.233644859813084,0.96,Zea_mays,high_confidence_IR
Zm00001eb282430,Zm00001eb282430.intron2,Zm00001eb282430|6:135946946-135947080:+,6,135946946,135947080,+,Zm00001eb282430_T002,1,yes,16915,377,12547,17292,0.978198010640759,0.741767661838605,Zea_mays,high_confidence_IR
Zm00001eb282440,Zm00001eb282440.intron4,Zm00001eb282440|6:135951967-135951997:-,6,135951967,135951997,-,Zm00001eb282440_T002,1,yes,1038,742,871,1780,0.58314606741573,0.839113680154143,Zea_mays,high_confidence_IR
Zm00001eb282810,Zm00001eb282810.intron2,Zm00001eb282810|6:138251239-138251907:-,6,138251239,138251907,-,Zm00001eb282810_T001,1,no,533,1794,497,2327,0.229050279329609,0.932457786116323,Zea_mays,high_confidence_IR
Zm00001eb282860,Zm00001eb282860.intron2,Zm00001eb282860|6:138473985-138474119:-,6,138473985,138474119,-,Zm00001eb282860_T001,1,no,1055,2595,761,3650,0.289041095890411,0.721327014218009,Zea_mays,high_confidence_IR
Zm00001eb283100,Zm00001eb283100.intron2,Zm00001eb283100|6:139345947-139346069:-,6,139345947,139346069,-,Zm00001eb283100_T001,1,no,27,6,23,33,0.818181818181818,0.851851851851852,Zea_mays,high_confidence_IR
Zm00001eb283420,Zm00001eb283420.intron3,Zm00001eb283420|6:140533660-140535002:+,6,140533660,140535002,+,Zm00001eb283420_T002,1,yes,4284,86,3909,4370,0.980320366132723,0.912464985994398,Zea_mays,high_confidence_IR
Zm00001eb283480,Zm00001eb283480.intron1,Zm00001eb283480|6:140783263-140783336:+,6,140783263,140783336,+,Zm00001eb283480_T001,1,no,43725,27,43725,43752,0.999382885353812,1,Zea_mays,high_confidence_IR
Zm00001eb284000,Zm00001eb284000.intron1,Zm00001eb284000|6:142579123-142580365:-,6,142579123,142580365,-,Zm00001eb284000_T001,1,yes,83,84,83,167,0.497005988023952,1,Zea_mays,high_confidence_IR
Zm00001eb284010,Zm00001eb284010.intron4,Zm00001eb284010|6:142698159-142698916:+,6,142698159,142698916,+,Zm00001eb284010_T003,1,yes,661,8,536,669,0.988041853512706,0.81089258698941,Zea_mays,high_confidence_IR
Zm00001eb284160,Zm00001eb284160.intron3,Zm00001eb284160|6:143199035-143199715:-,6,143199035,143199715,-,Zm00001eb284160_T001,1,yes,13599,605,11506,14204,0.957406364404393,0.846091624384146,Zea_mays,high_confidence_IR
Zm00001eb284170,Zm00001eb284170.intron1,Zm00001eb284170|6:143208247-143208653:-,6,143208247,143208653,-,Zm00001eb284170_T001,1,yes,6,7,6,13,0.461538461538462,1,Zea_mays,high_confidence_IR
Zm00001eb284220,Zm00001eb284220.intron3,Zm00001eb284220|6:143518131-143519250:+,6,143518131,143519250,+,Zm00001eb284220_T001,1,no,182,43,129,225,0.808888888888889,0.708791208791209,Zea_mays,high_confidence_IR
Zm00001eb284380,Zm00001eb284380.intron1,Zm00001eb284380|6:144530949-144531461:+,6,144530949,144531461,+,Zm00001eb284380_T001,1,yes,3108,610,3108,3718,0.835933297471759,1,Zea_mays,high_confidence_IR
Zm00001eb284450,Zm00001eb284450.intron2,Zm00001eb284450|6:144730787-144731000:+,6,144730787,144731000,+,Zm00001eb284450_T002,1,yes,4524,91,3479,4615,0.980281690140845,0.769009725906278,Zea_mays,high_confidence_IR
Zm00001eb285070,Zm00001eb285070.intron1,Zm00001eb285070|6:146765143-146765245:-,6,146765143,146765245,-,Zm00001eb285070_T001,1,no,199,583,199,782,0.254475703324808,1,Zea_mays,high_confidence_IR
Zm00001eb285260,Zm00001eb285260.intron1,Zm00001eb285260|6:147806114-147807057:-,6,147806114,147807057,-,Zm00001eb285260_T001,1,no,48,23,48,71,0.676056338028169,1,Zea_mays,high_confidence_IR
Zm00001eb285290,Zm00001eb285290.intron4,Zm00001eb285290|6:147875175-147875823:-,6,147875175,147875823,-,Zm00001eb285290_T001,1,yes,59834,3036,52392,62870,0.951709877525052,0.875622555737541,Zea_mays,high_confidence_IR
Zm00001eb285390,Zm00001eb285390.intron3,Zm00001eb285390|6:148282416-148282516:-,6,148282416,148282516,-,Zm00001eb285390_T001,1,yes,1888,4225,1544,6113,0.30884999182071,0.817796610169492,Zea_mays,high_confidence_IR
Zm00001eb285460,Zm00001eb285460.intron1,Zm00001eb285460|6:148480261-148480372:-,6,148480261,148480372,-,Zm00001eb285460_T001,1,no,26,99,26,125,0.208,1,Zea_mays,high_confidence_IR
Zm00001eb285610,Zm00001eb285610.intron2,Zm00001eb285610|6:149113432-149113771:-,6,149113432,149113771,-,Zm00001eb285610_T002,1,yes,43631,13,41120,43644,0.999702135459628,0.942449176044555,Zea_mays,high_confidence_IR
Zm00001eb285670,Zm00001eb285670.intron1,Zm00001eb285670|6:149340310-149340416:-,6,149340310,149340416,-,Zm00001eb285670_T001,1,no,370,311,370,681,0.543318649045521,1,Zea_mays,high_confidence_IR
Zm00001eb285710,Zm00001eb285710.intron1,Zm00001eb285710|6:149523017-149523383:+,6,149523017,149523383,+,Zm00001eb285710_T001,1,no,9,6,9,15,0.6,1,Zea_mays,high_confidence_IR
Zm00001eb286530,Zm00001eb286530.intron3,Zm00001eb286530|6:152636437-152636515:-,6,152636437,152636515,-,Zm00001eb286530_T002,1,yes,3524,504,2660,4028,0.874875868917577,0.754824063564132,Zea_mays,high_confidence_IR
Zm00001eb286660,Zm00001eb286660.intron1,Zm00001eb286660|6:152963286-152963415:+,6,152963286,152963415,+,Zm00001eb286660_T002,1,yes,4261,132,3102,4393,0.969952196676531,0.727998122506454,Zea_mays,high_confidence_IR
Zm00001eb286780,Zm00001eb286780.intron2,Zm00001eb286780|6:153524014-153524075:-,6,153524014,153524075,-,Zm00001eb286780_T002,1,yes,11878,25,10909,11903,0.997899689153995,0.918420609530224,Zea_mays,high_confidence_IR
Zm00001eb287120,Zm00001eb287120.intron1,Zm00001eb287120|6:154477688-154477774:-,6,154477688,154477774,-,Zm00001eb287120_T001,1,no,2027,55,2027,2082,0.973583093179635,1,Zea_mays,high_confidence_IR
Zm00001eb287130,Zm00001eb287130.intron1,Zm00001eb287130|6:154477755-154477847:+,6,154477755,154477847,+,Zm00001eb287130_T002,1,yes,2186,396,1897,2582,0.846630518977537,0.86779505946935,Zea_mays,high_confidence_IR
Zm00001eb287230,Zm00001eb287230.intron1,Zm00001eb287230|6:155003757-155003903:-,6,155003757,155003903,-,Zm00001eb287230_T001,1,yes,10867,7,8332,10874,0.999356262644841,0.766724947087513,Zea_mays,high_confidence_IR
Zm00001eb287570,Zm00001eb287570.intron5,Zm00001eb287570|6:156255871-156256663:-,6,156255871,156256663,-,Zm00001eb287570_T001,1,yes,13290,8,10688,13298,0.999398405775305,0.804213694507148,Zea_mays,high_confidence_IR
Zm00001eb287670,Zm00001eb287670.intron1,Zm00001eb287670|6:156685593-156685673:-,6,156685593,156685673,-,Zm00001eb287670_T001,1,no,6383,7347,6383,13730,0.46489439184268,1,Zea_mays,high_confidence_IR
Zm00001eb287710,Zm00001eb287710.intron1,Zm00001eb287710|6:156909315-156909398:-,6,156909315,156909398,-,Zm00001eb287710_T001,1,yes,6503,332,6503,6835,0.951426481346013,1,Zea_mays,high_confidence_IR
Zm00001eb287800,Zm00001eb287800.intron2,Zm00001eb287800|6:157212947-157213043:+,6,157212947,157213043,+,Zm00001eb287800_T001,1,no,12978,505,11183,13483,0.962545427575465,0.861689012174449,Zea_mays,high_confidence_IR
Zm00001eb287900,Zm00001eb287900.intron10,Zm00001eb287900|6:157592837-157593147:+,6,157592837,157593147,+,Zm00001eb287900_T003,1,yes,1760,8,1406,1768,0.995475113122172,0.798863636363636,Zea_mays,high_confidence_IR
Zm00001eb288120,Zm00001eb288120.intron1,Zm00001eb288120|6:158221249-158228776:-,6,158221249,158228776,-,Zm00001eb288120_T001,1,no,3589,12704,2610,16293,0.220278647271835,0.727222067428253,Zea_mays,high_confidence_IR
Zm00001eb288400,Zm00001eb288400.intron1,Zm00001eb288400|6:159021051-159022203:+,6,159021051,159022203,+,Zm00001eb288400_T001,1,yes,12066,791,8599,12857,0.938477094189935,0.712663683076413,Zea_mays,high_confidence_IR
Zm00001eb288520,Zm00001eb288520.intron2,Zm00001eb288520|6:159255235-159255504:+,6,159255235,159255504,+,Zm00001eb288520_T001,1,yes,1109,327,916,1436,0.772284122562674,0.825969341749324,Zea_mays,high_confidence_IR
Zm00001eb288560,Zm00001eb288560.intron1,Zm00001eb288560|6:159453195-159453288:+,6,159453195,159453288,+,Zm00001eb288560_T001,1,no,291,6,291,297,0.97979797979798,1,Zea_mays,high_confidence_IR
Zm00001eb288770,Zm00001eb288770.intron1,Zm00001eb288770|6:159998148-159999130:-,6,159998148,159999130,-,Zm00001eb288770_T001,1,no,7482,101,5945,7583,0.986680733219043,0.794573643410853,Zea_mays,high_confidence_IR
Zm00001eb288790,Zm00001eb288790.intron2,Zm00001eb288790|6:160079539-160079676:+,6,160079539,160079676,+,Zm00001eb288790_T001,1,yes,5115,9848,4028,14963,0.341843213259373,0.787487781036168,Zea_mays,high_confidence_IR
Zm00001eb288900,Zm00001eb288900.intron2,Zm00001eb288900|6:160521464-160521646:-,6,160521464,160521646,-,Zm00001eb288900_T001,1,no,9,16,8,25,0.36,0.888888888888889,Zea_mays,high_confidence_IR
Zm00001eb288920,Zm00001eb288920.intron1,Zm00001eb288920|6:160598669-160599078:-,6,160598669,160599078,-,Zm00001eb288920_T001,1,no,12423,184,12423,12607,0.985404933766955,1,Zea_mays,high_confidence_IR
Zm00001eb289320,Zm00001eb289320.intron1,Zm00001eb289320|6:161850097-161850277:+,6,161850097,161850277,+,Zm00001eb289320_T001,1,no,152,431,152,583,0.260720411663808,1,Zea_mays,high_confidence_IR
Zm00001eb289470,Zm00001eb289470.intron4,Zm00001eb289470|6:162051681-162051774:-,6,162051681,162051774,-,Zm00001eb289470_T001,1,no,9046,244,6931,9290,0.973735199138859,0.766195003316383,Zea_mays,high_confidence_IR
Zm00001eb289520,Zm00001eb289520.intron5,Zm00001eb289520|6:162394819-162394967:+,6,162394819,162394967,+,Zm00001eb289520_T002,1,yes,4404,23,3171,4427,0.99480460808674,0.720027247956403,Zea_mays,high_confidence_IR
Zm00001eb289600,Zm00001eb289600.intron5,Zm00001eb289600|6:162665118-162665388:-,6,162665118,162665388,-,Zm00001eb289600_T001,1,yes,5920,296,4817,6216,0.952380952380952,0.813682432432432,Zea_mays,high_confidence_IR
Zm00001eb289630,Zm00001eb289630.intron5,Zm00001eb289630|6:162702086-162702439:-,6,162702086,162702439,-,Zm00001eb289630_T001,1,no,316,9,223,325,0.972307692307692,0.705696202531646,Zea_mays,high_confidence_IR
Zm00001eb290380,Zm00001eb290380.intron1,Zm00001eb290380|6:164604192-164605035:+,6,164604192,164605035,+,Zm00001eb290380_T001,1,no,179,62,179,241,0.742738589211618,1,Zea_mays,high_confidence_IR
Zm00001eb290710,Zm00001eb290710.intron1,Zm00001eb290710|6:165510179-165513207:-,6,165510179,165513207,-,Zm00001eb290710_T001,1,no,10244,22,10244,10266,0.997857003701539,1,Zea_mays,high_confidence_IR
Zm00001eb291120,Zm00001eb291120.intron1,Zm00001eb291120|6:166627248-166627561:-,6,166627248,166627561,-,Zm00001eb291120_T001,1,no,421,316,421,737,0.57123473541384,1,Zea_mays,high_confidence_IR
Zm00001eb291180,Zm00001eb291180.intron3,Zm00001eb291180|6:166692438-166693363:+,6,166692438,166693363,+,Zm00001eb291180_T001;Zm00001eb291180_T003,2,yes,6200,278,4399,6478,0.957085520222291,0.709516129032258,Zea_mays,high_confidence_IR
Zm00001eb291190,Zm00001eb291190.intron3,Zm00001eb291190|6:166696392-166696857:-,6,166696392,166696857,-,Zm00001eb291190_T002,1,yes,4282,87,3926,4369,0.980086976424811,0.916861279775806,Zea_mays,high_confidence_IR
Zm00001eb291530,Zm00001eb291530.intron2,Zm00001eb291530|6:167215021-167215158:+,6,167215021,167215158,+,Zm00001eb291530_T001,1,yes,14450,580,11352,15030,0.961410512308716,0.78560553633218,Zea_mays,high_confidence_IR
Zm00001eb292020,Zm00001eb292020.intron1,Zm00001eb292020|6:168333866-168334094:-,6,168333866,168334094,-,Zm00001eb292020_T001,1,no,551,640,551,1191,0.462636439966415,1,Zea_mays,high_confidence_IR
Zm00001eb292270,Zm00001eb292270.intron6,Zm00001eb292270|6:168956571-168956606:-,6,168956571,168956606,-,Zm00001eb292270_T001,1,yes,3607,266,2584,3873,0.93131939065324,0.716384807319102,Zea_mays,high_confidence_IR
Zm00001eb292590,Zm00001eb292590.intron1,Zm00001eb292590|6:169700141-169700971:+,6,169700141,169700971,+,Zm00001eb292590_T002,1,yes,236,33,167,269,0.877323420074349,0.707627118644068,Zea_mays,high_confidence_IR
Zm00001eb292930,Zm00001eb292930.intron6,Zm00001eb292930|6:170421324-170421838:+,6,170421324,170421838,+,Zm00001eb292930_T002,1,yes,42597,1563,31164,44160,0.96460597826087,0.731600816958941,Zea_mays,high_confidence_IR
Zm00001eb293260,Zm00001eb293260.intron4,Zm00001eb293260|6:171108888-171109005:+,6,171108888,171109005,+,Zm00001eb293260_T001,1,yes,13032,371,10191,13403,0.972319629933597,0.781998158379374,Zea_mays,high_confidence_IR
Zm00001eb293390,Zm00001eb293390.intron1,Zm00001eb293390|6:171268546-171268669:-,6,171268546,171268669,-,Zm00001eb293390_T001,1,no,78,136,78,214,0.364485981308411,1,Zea_mays,high_confidence_IR
Zm00001eb293420,Zm00001eb293420.intron1,Zm00001eb293420|6:171308982-171309102:+,6,171308982,171309102,+,Zm00001eb293420_T001,1,no,1118,2588,1118,3706,0.301672962763087,1,Zea_mays,high_confidence_IR
Zm00001eb293740,Zm00001eb293740.intron2,Zm00001eb293740|6:172047826-172048131:-,6,172047826,172048131,-,Zm00001eb293740_T002,1,yes,479,23,378,502,0.954183266932271,0.789144050104384,Zea_mays,high_confidence_IR
Zm00001eb293800,Zm00001eb293800.intron6,Zm00001eb293800|6:172128811-172128993:+,6,172128811,172128993,+,Zm00001eb293800_T001,1,yes,6503,248,4735,6751,0.9632647015257,0.72812548054744,Zea_mays,high_confidence_IR
Zm00001eb294200,Zm00001eb294200.intron4,Zm00001eb294200|6:173043802-173045129:-,6,173043802,173045129,-,Zm00001eb294200_T001;Zm00001eb294200_T002,2,no,2632,7244,1872,9876,0.266504657756177,0.711246200607903,Zea_mays,high_confidence_IR
Zm00001eb294250,Zm00001eb294250.intron7,Zm00001eb294250|6:173156411-173156537:-,6,173156411,173156537,-,Zm00001eb294250_T002,1,yes,5838,107,4270,5945,0.982001682085786,0.731414868105516,Zea_mays,high_confidence_IR
Zm00001eb294640,Zm00001eb294640.intron3,Zm00001eb294640|6:173694307-173694436:-,6,173694307,173694436,-,Zm00001eb294640_T001,1,yes,9122,268,7201,9390,0.971458998935037,0.789410217057663,Zea_mays,high_confidence_IR
Zm00001eb294950,Zm00001eb294950.intron1,Zm00001eb294950|6:174246729-174246865:-,6,174246729,174246865,-,Zm00001eb294950_T001,1,no,17,12,15,29,0.586206896551724,0.882352941176471,Zea_mays,high_confidence_IR
Zm00001eb295150,Zm00001eb295150.intron2,Zm00001eb295150|6:174683975-174684066:+,6,174683975,174684066,+,Zm00001eb295150_T001,1,no,183,255,173,438,0.417808219178082,0.945355191256831,Zea_mays,high_confidence_IR
Zm00001eb295380,Zm00001eb295380.intron3,Zm00001eb295380|6:175146956-175149461:+,6,175146956,175149461,+,Zm00001eb295380_T001,1,yes,375,42,289,417,0.899280575539568,0.770666666666667,Zea_mays,high_confidence_IR
Zm00001eb295680,Zm00001eb295680.intron1,Zm00001eb295680|6:175657538-175657680:+,6,175657538,175657680,+,Zm00001eb295680_T001,1,no,203,493,203,696,0.291666666666667,1,Zea_mays,high_confidence_IR
Zm00001eb295750,Zm00001eb295750.intron4,Zm00001eb295750|6:175829908-175831166:-,6,175829908,175831166,-,Zm00001eb295750_T002,1,yes,17601,93,14665,17694,0.994743981010512,0.833191295949094,Zea_mays,high_confidence_IR
Zm00001eb295840,Zm00001eb295840.intron2,Zm00001eb295840|6:175991341-175991613:-,6,175991341,175991613,-,Zm00001eb295840_T002,1,yes,5340,183,4193,5523,0.966865833785986,0.785205992509363,Zea_mays,high_confidence_IR
Zm00001eb296090,Zm00001eb296090.intron1,Zm00001eb296090|6:176348873-176349136:+,6,176348873,176349136,+,Zm00001eb296090_T001,1,no,537609,32,537609,537641,0.999940480729706,1,Zea_mays,high_confidence_IR
Zm00001eb296230,Zm00001eb296230.intron1,Zm00001eb296230|6:176650644-176650728:-,6,176650644,176650728,-,Zm00001eb296230_T002,1,yes,5735,411,5735,6146,0.933127237227465,1,Zea_mays,high_confidence_IR
Zm00001eb296570,Zm00001eb296570.intron1,Zm00001eb296570|6:177142131-177142878:-,6,177142131,177142878,-,Zm00001eb296570_T001,1,no,45,68,45,113,0.398230088495575,1,Zea_mays,high_confidence_IR
Zm00001eb297170,Zm00001eb297170.intron1,Zm00001eb297170|6:178353622-178353727:+,6,178353622,178353727,+,Zm00001eb297170_T001,1,yes,1309,104,1309,1413,0.926397735314933,1,Zea_mays,high_confidence_IR
Zm00001eb297350,Zm00001eb297350.intron1,Zm00001eb297350|6:178982567-178982661:-,6,178982567,178982661,-,Zm00001eb297350_T001,1,no,302,748,302,1050,0.287619047619048,1,Zea_mays,high_confidence_IR
Zm00001eb297510,Zm00001eb297510.intron1,Zm00001eb297510|6:179411381-179411450:+,6,179411381,179411450,+,Zm00001eb297510_T001,1,no,3473,4064,3473,7537,0.460793419132281,1,Zea_mays,high_confidence_IR
Zm00001eb297640,Zm00001eb297640.intron5,Zm00001eb297640|6:179750544-179750700:+,6,179750544,179750700,+,Zm00001eb297640_T002,1,yes,9729,11,6826,9740,0.998870636550308,0.701613732141022,Zea_mays,high_confidence_IR
Zm00001eb297950,Zm00001eb297950.intron2,Zm00001eb297950|6:181191293-181192784:+,6,181191293,181192784,+,Zm00001eb297950_T001,1,no,374,120,299,494,0.757085020242915,0.799465240641711,Zea_mays,high_confidence_IR
Zm00001eb298200,Zm00001eb298200.intron1,Zm00001eb298200|7:1149045-1149171:+,7,1149045,1149171,+,Zm00001eb298200_T002,1,yes,9734,196,8693,9930,0.980261832829809,0.893055270186974,Zea_mays,high_confidence_IR
Zm00001eb298310,Zm00001eb298310.intron3,Zm00001eb298310|7:1337182-1337262:-,7,1337182,1337262,-,Zm00001eb298310_T001,1,yes,18576,5,13842,18581,0.999730907916689,0.74515503875969,Zea_mays,high_confidence_IR
Zm00001eb298430,Zm00001eb298430.intron1,Zm00001eb298430|7:1413098-1413185:+,7,1413098,1413185,+,Zm00001eb298430_T001,1,no,154,5,154,159,0.968553459119497,1,Zea_mays,high_confidence_IR
Zm00001eb298560,Zm00001eb298560.intron2,Zm00001eb298560|7:1881092-1881208:-,7,1881092,1881208,-,Zm00001eb298560_T001,1,no,8764,3078,7721,11842,0.740077689579463,0.880990415335463,Zea_mays,high_confidence_IR
Zm00001eb298640,Zm00001eb298640.intron1,Zm00001eb298640|7:2052530-2052984:+,7,2052530,2052984,+,Zm00001eb298640_T001,1,no,25,20,24,45,0.555555555555556,0.96,Zea_mays,high_confidence_IR
Zm00001eb298800,Zm00001eb298800.intron1,Zm00001eb298800|7:2411893-2412092:-,7,2411893,2412092,-,Zm00001eb298800_T001,1,no,204,6,204,210,0.971428571428571,1,Zea_mays,high_confidence_IR
Zm00001eb298830,Zm00001eb298830.intron1,Zm00001eb298830|7:2571004-2571210:+,7,2571004,2571210,+,Zm00001eb298830_T001,1,yes,7,10,7,17,0.411764705882353,1,Zea_mays,high_confidence_IR
Zm00001eb299050,Zm00001eb299050.intron1,Zm00001eb299050|7:2719833-2719956:+,7,2719833,2719956,+,Zm00001eb299050_T001,1,no,36,5,33,41,0.878048780487805,0.916666666666667,Zea_mays,high_confidence_IR
Zm00001eb299090,Zm00001eb299090.intron1,Zm00001eb299090|7:2822468-2823115:-,7,2822468,2823115,-,Zm00001eb299090_T001,1,no,71,136,71,207,0.342995169082126,1,Zea_mays,high_confidence_IR
Zm00001eb299150,Zm00001eb299150.intron1,Zm00001eb299150|7:2947273-2947868:+,7,2947273,2947868,+,Zm00001eb299150_T001,1,no,73,189,56,262,0.278625954198473,0.767123287671233,Zea_mays,high_confidence_IR
Zm00001eb299190,Zm00001eb299190.intron2,Zm00001eb299190|7:3027595-3029950:-,7,3027595,3029950,-,Zm00001eb299190_T002,1,yes,2569,417,2513,2986,0.860348292029471,0.978201634877384,Zea_mays,high_confidence_IR
Zm00001eb299510,Zm00001eb299510.intron1,Zm00001eb299510|7:4184634-4184711:-,7,4184634,4184711,-,Zm00001eb299510_T002,1,yes,15432,134,14175,15566,0.99139149428241,0.918545878693624,Zea_mays,high_confidence_IR
Zm00001eb299520,Zm00001eb299520.intron2,Zm00001eb299520|7:4219640-4220868:+,7,4219640,4220868,+,Zm00001eb299520_T001,1,no,314,786,233,1100,0.285454545454545,0.74203821656051,Zea_mays,high_confidence_IR
Zm00001eb299900,Zm00001eb299900.intron1,Zm00001eb299900|7:5133275-5133346:+,7,5133275,5133346,+,Zm00001eb299900_T001,1,no,7489,169,7489,7658,0.977931574823714,1,Zea_mays,high_confidence_IR
Zm00001eb301050,Zm00001eb301050.intron1,Zm00001eb301050|7:8861196-8861977:+,7,8861196,8861977,+,Zm00001eb301050_T001,1,no,260,33,260,293,0.887372013651877,1,Zea_mays,high_confidence_IR
Zm00001eb301240,Zm00001eb301240.intron3,Zm00001eb301240|7:9701003-9703888:-,7,9701003,9703888,-,Zm00001eb301240_T002,1,yes,5957,105,4646,6062,0.982678983833718,0.77992277992278,Zea_mays,high_confidence_IR
Zm00001eb301560,Zm00001eb301560.intron1,Zm00001eb301560|7:10948441-10948513:-,7,10948441,10948513,-,Zm00001eb301560_T001,1,no,139,457,102,596,0.233221476510067,0.733812949640288,Zea_mays,high_confidence_IR
Zm00001eb301710,Zm00001eb301710.intron1,Zm00001eb301710|7:11677421-11677510:+,7,11677421,11677510,+,Zm00001eb301710_T002,1,yes,810,31,810,841,0.963139120095125,1,Zea_mays,high_confidence_IR
Zm00001eb301730,Zm00001eb301730.intron2,Zm00001eb301730|7:11723853-11723908:-,7,11723853,11723908,-,Zm00001eb301730_T001,1,yes,3816,467,3294,4283,0.890964277375671,0.863207547169811,Zea_mays,high_confidence_IR
Zm00001eb301810,Zm00001eb301810.intron1,Zm00001eb301810|7:12129799-12129878:+,7,12129799,12129878,+,Zm00001eb301810_T001,1,no,119,451,119,570,0.208771929824561,1,Zea_mays,high_confidence_IR
Zm00001eb301830,Zm00001eb301830.intron1,Zm00001eb301830|7:12139390-12139463:-,7,12139390,12139463,-,Zm00001eb301830_T001,1,no,610,51,610,661,0.922844175491679,1,Zea_mays,high_confidence_IR
Zm00001eb301870,Zm00001eb301870.intron1,Zm00001eb301870|7:12477968-12478046:+,7,12477968,12478046,+,Zm00001eb301870_T001,1,yes,112,285,112,397,0.282115869017632,1,Zea_mays,high_confidence_IR
Zm00001eb302260,Zm00001eb302260.intron1,Zm00001eb302260|7:13945704-13945775:-,7,13945704,13945775,-,Zm00001eb302260_T001,1,no,67100,71,67100,67171,0.998942996233494,1,Zea_mays,high_confidence_IR
Zm00001eb302350,Zm00001eb302350.intron1,Zm00001eb302350|7:14269051-14269147:+,7,14269051,14269147,+,Zm00001eb302350_T002,1,yes,102,139,88,241,0.423236514522822,0.862745098039216,Zea_mays,high_confidence_IR
Zm00001eb302360,Zm00001eb302360.intron2,Zm00001eb302360|7:14289622-14290263:+,7,14289622,14290263,+,Zm00001eb302360_T001,1,yes,8926,625,7525,9551,0.934561825986808,0.843042796325342,Zea_mays,high_confidence_IR
Zm00001eb302560,Zm00001eb302560.intron2,Zm00001eb302560|7:15393080-15393175:-,7,15393080,15393175,-,Zm00001eb302560_T001,1,yes,4038,6879,3651,10917,0.36988183566914,0.904160475482912,Zea_mays,high_confidence_IR
Zm00001eb302910,Zm00001eb302910.intron2,Zm00001eb302910|7:17758412-17758697:+,7,17758412,17758697,+,Zm00001eb302910_T001,1,no,430,33,368,463,0.928725701943845,0.855813953488372,Zea_mays,high_confidence_IR
Zm00001eb302970,Zm00001eb302970.intron1,Zm00001eb302970|7:18083327-18084066:+,7,18083327,18084066,+,Zm00001eb302970_T001,1,no,91,22,69,113,0.805309734513274,0.758241758241758,Zea_mays,high_confidence_IR
Zm00001eb303150,Zm00001eb303150.intron1,Zm00001eb303150|7:19304792-19305034:+,7,19304792,19305034,+,Zm00001eb303150_T001,1,no,4990,419,4990,5409,0.92253651321871,1,Zea_mays,high_confidence_IR
Zm00001eb303540,Zm00001eb303540.intron2,Zm00001eb303540|7:20972023-20972124:+,7,20972023,20972124,+,Zm00001eb303540_T003,1,yes,19756,71,14508,19827,0.996419024562465,0.734359182020652,Zea_mays,high_confidence_IR
Zm00001eb303760,Zm00001eb303760.intron1,Zm00001eb303760|7:22391135-22391219:-,7,22391135,22391219,-,Zm00001eb303760_T001,1,no,223,103,191,326,0.684049079754601,0.856502242152466,Zea_mays,high_confidence_IR
Zm00001eb303790,Zm00001eb303790.intron1,Zm00001eb303790|7:22519531-22519589:-,7,22519531,22519589,-,Zm00001eb303790_T001,1,no,202,515,202,717,0.281729428172943,1,Zea_mays,high_confidence_IR
Zm00001eb304140,Zm00001eb304140.intron1,Zm00001eb304140|7:24722266-24723029:-,7,24722266,24723029,-,Zm00001eb304140_T001,1,no,16,23,14,39,0.41025641025641,0.875,Zea_mays,high_confidence_IR
Zm00001eb304170,Zm00001eb304170.intron1,Zm00001eb304170|7:24849845-24849907:-,7,24849845,24849907,-,Zm00001eb304170_T001,1,no,1757,90,1757,1847,0.951272333513806,1,Zea_mays,high_confidence_IR
Zm00001eb304520,Zm00001eb304520.intron2,Zm00001eb304520|7:26750820-26750949:+,7,26750820,26750949,+,Zm00001eb304520_T002,1,yes,3098,26,2321,3124,0.991677336747759,0.749193027759845,Zea_mays,high_confidence_IR
Zm00001eb304670,Zm00001eb304670.intron1,Zm00001eb304670|7:28211143-28211237:+,7,28211143,28211237,+,Zm00001eb304670_T001,1,yes,2020,110,2020,2130,0.948356807511737,1,Zea_mays,high_confidence_IR
Zm00001eb304880,Zm00001eb304880.intron3,Zm00001eb304880|7:29301357-29304194:-,7,29301357,29304194,-,Zm00001eb304880_T002,1,yes,686,111,496,797,0.860727728983689,0.723032069970845,Zea_mays,high_confidence_IR
Zm00001eb304970,Zm00001eb304970.intron2,Zm00001eb304970|7:30138608-30138704:+,7,30138608,30138704,+,Zm00001eb304970_T002,1,yes,1218,113,1027,1331,0.915101427498122,0.843185550082102,Zea_mays,high_confidence_IR
Zm00001eb305110,Zm00001eb305110.intron1,Zm00001eb305110|7:31028973-31029099:+,7,31028973,31029099,+,Zm00001eb305110_T001,1,no,33,17,33,50,0.66,1,Zea_mays,high_confidence_IR
Zm00001eb305320,Zm00001eb305320.intron1,Zm00001eb305320|7:32437378-32437486:+,7,32437378,32437486,+,Zm00001eb305320_T002,1,yes,1976,93,1976,2069,0.955050749154181,1,Zea_mays,high_confidence_IR
Zm00001eb305570,Zm00001eb305570.intron1,Zm00001eb305570|7:34016933-34017208:+,7,34016933,34017208,+,Zm00001eb305570_T001,1,no,341,720,239,1061,0.321394910461828,0.700879765395894,Zea_mays,high_confidence_IR
Zm00001eb306010,Zm00001eb306010.intron1,Zm00001eb306010|7:37736234-37736370:+,7,37736234,37736370,+,Zm00001eb306010_T001,1,no,9328,503,7240,9831,0.948835316854847,0.776157804459691,Zea_mays,high_confidence_IR
Zm00001eb306160,Zm00001eb306160.intron2,Zm00001eb306160|7:40163911-40166983:+,7,40163911,40166983,+,Zm00001eb306160_T001,1,yes,88,71,84,159,0.553459119496855,0.954545454545455,Zea_mays,high_confidence_IR
Zm00001eb306380,Zm00001eb306380.intron1,Zm00001eb306380|7:42616843-42617007:-,7,42616843,42617007,-,Zm00001eb306380_T003,1,yes,259449,228,210587,259677,0.999121986159729,0.811670116284896,Zea_mays,high_confidence_IR
Zm00001eb306610,Zm00001eb306610.intron2,Zm00001eb306610|7:44869964-44870140:-,7,44869964,44870140,-,Zm00001eb306610_T002,1,yes,5871,39,5293,5910,0.993401015228426,0.901549991483563,Zea_mays,high_confidence_IR
Zm00001eb306660,Zm00001eb306660.intron1,Zm00001eb306660|7:45440662-45440877:+,7,45440662,45440877,+,Zm00001eb306660_T001,1,no,7,8,6,15,0.466666666666667,0.857142857142857,Zea_mays,high_confidence_IR
Zm00001eb306690,Zm00001eb306690.intron1,Zm00001eb306690|7:45921475-45921548:+,7,45921475,45921548,+,Zm00001eb306690_T001,1,no,22,5,19,27,0.814814814814815,0.863636363636364,Zea_mays,high_confidence_IR
Zm00001eb306850,Zm00001eb306850.intron7,Zm00001eb306850|7:47007122-47007805:+,7,47007122,47007805,+,Zm00001eb306850_T001,1,yes,3412,136,2715,3548,0.961668545659527,0.795720984759672,Zea_mays,high_confidence_IR
Zm00001eb306930,Zm00001eb306930.intron4,Zm00001eb306930|7:47593275-47593555:-,7,47593275,47593555,-,Zm00001eb306930_T001,1,yes,453,257,347,710,0.638028169014085,0.766004415011038,Zea_mays,high_confidence_IR
Zm00001eb306990,Zm00001eb306990.intron2,Zm00001eb306990|7:48021879-48021949:-,7,48021879,48021949,-,Zm00001eb306990_T001,1,no,141,20,112,161,0.875776397515528,0.794326241134752,Zea_mays,high_confidence_IR
Zm00001eb307160,Zm00001eb307160.intron1,Zm00001eb307160|7:50111793-50112520:-,7,50111793,50112520,-,Zm00001eb307160_T001,1,no,683,1812,683,2495,0.27374749498998,1,Zea_mays,high_confidence_IR
Zm00001eb307220,Zm00001eb307220.intron1,Zm00001eb307220|7:50781842-50782661:+,7,50781842,50782661,+,Zm00001eb307220_T001,1,no,751,31,751,782,0.960358056265985,1,Zea_mays,high_confidence_IR
Zm00001eb308010,Zm00001eb308010.intron1,Zm00001eb308010|7:68118717-68118795:+,7,68118717,68118795,+,Zm00001eb308010_T001,1,no,10,18,8,28,0.357142857142857,0.8,Zea_mays,high_confidence_IR
Zm00001eb309250,Zm00001eb309250.intron1,Zm00001eb309250|7:86649425-86649541:-,7,86649425,86649541,-,Zm00001eb309250_T001,1,no,66,6,66,72,0.916666666666667,1,Zea_mays,high_confidence_IR
Zm00001eb309860,Zm00001eb309860.intron1,Zm00001eb309860|7:92504191-92504409:+,7,92504191,92504409,+,Zm00001eb309860_T001,1,no,426,82,426,508,0.838582677165354,1,Zea_mays,high_confidence_IR
Zm00001eb309870,Zm00001eb309870.intron1,Zm00001eb309870|7:92651353-92651447:-,7,92651353,92651447,-,Zm00001eb309870_T001,1,no,5,14,5,19,0.263157894736842,1,Zea_mays,high_confidence_IR
Zm00001eb310100,Zm00001eb310100.intron1,Zm00001eb310100|7:95507052-95507903:+,7,95507052,95507903,+,Zm00001eb310100_T001,1,no,73,78,73,151,0.483443708609272,1,Zea_mays,high_confidence_IR
Zm00001eb310600,Zm00001eb310600.intron1,Zm00001eb310600|7:100033409-100033512:+,7,100033409,100033512,+,Zm00001eb310600_T001,1,no,141,54,141,195,0.723076923076923,1,Zea_mays,high_confidence_IR
Zm00001eb310900,Zm00001eb310900.intron1,Zm00001eb310900|7:102495740-102495846:-,7,102495740,102495846,-,Zm00001eb310900_T001,1,no,9407,1286,9407,10693,0.879734405685963,1,Zea_mays,high_confidence_IR
Zm00001eb311400,Zm00001eb311400.intron3,Zm00001eb311400|7:106214994-106221422:-,7,106214994,106221422,-,Zm00001eb311400_T002,1,yes,3956,6179,2961,10135,0.390330537740503,0.748483316481294,Zea_mays,high_confidence_IR
Zm00001eb311930,Zm00001eb311930.intron1,Zm00001eb311930|7:111471108-111471203:+,7,111471108,111471203,+,Zm00001eb311930_T001,1,no,533,68,533,601,0.886855241264559,1,Zea_mays,high_confidence_IR
Zm00001eb312610,Zm00001eb312610.intron1,Zm00001eb312610|7:117273522-117273597:+,7,117273522,117273597,+,Zm00001eb312610_T001,1,no,29,28,29,57,0.508771929824561,1,Zea_mays,high_confidence_IR
Zm00001eb312820,Zm00001eb312820.intron1,Zm00001eb312820|7:119858967-119859044:+,7,119858967,119859044,+,Zm00001eb312820_T002,1,yes,11337,15,10079,11352,0.998678646934461,0.889035900149951,Zea_mays,high_confidence_IR
Zm00001eb312940,Zm00001eb312940.intron3,Zm00001eb312940|7:120817792-120819993:+,7,120817792,120819993,+,Zm00001eb312940_T002,1,yes,367,24,302,391,0.938618925831202,0.822888283378747,Zea_mays,high_confidence_IR
Zm00001eb312950,Zm00001eb312950.intron1,Zm00001eb312950|7:120901889-120901985:-,7,120901889,120901985,-,Zm00001eb312950_T001,1,no,69,7,69,76,0.907894736842105,1,Zea_mays,high_confidence_IR
Zm00001eb313060,Zm00001eb313060.intron1,Zm00001eb313060|7:121932600-121933318:-,7,121932600,121933318,-,Zm00001eb313060_T001,1,yes,9,6,9,15,0.6,1,Zea_mays,high_confidence_IR
Zm00001eb313100,Zm00001eb313100.intron1,Zm00001eb313100|7:122242279-122242777:-,7,122242279,122242777,-,Zm00001eb313100_T001,1,no,311,361,311,672,0.462797619047619,1,Zea_mays,high_confidence_IR
Zm00001eb313510,Zm00001eb313510.intron2,Zm00001eb313510|7:123686577-123687802:+,7,123686577,123687802,+,Zm00001eb313510_T001;Zm00001eb313510_T005,2,yes,19193,503,14647,19696,0.974461819658814,0.763142812483718,Zea_mays,high_confidence_IR
Zm00001eb314070,Zm00001eb314070.intron1,Zm00001eb314070|7:126760261-126760347:-,7,126760261,126760347,-,Zm00001eb314070_T001,1,no,303,7,303,310,0.97741935483871,1,Zea_mays,high_confidence_IR
Zm00001eb314090,Zm00001eb314090.intron1,Zm00001eb314090|7:126768493-126768818:+,7,126768493,126768818,+,Zm00001eb314090_T001,1,no,1111,437,1111,1548,0.717700258397933,1,Zea_mays,high_confidence_IR
Zm00001eb314140,Zm00001eb314140.intron1,Zm00001eb314140|7:126959864-126960666:+,7,126959864,126960666,+,Zm00001eb314140_T001,1,no,135,120,118,255,0.529411764705882,0.874074074074074,Zea_mays,high_confidence_IR
Zm00001eb314710,Zm00001eb314710.intron1,Zm00001eb314710|7:130308128-130311567:+,7,130308128,130311567,+,Zm00001eb314710_T002,1,yes,7093,317,5680,7410,0.957219973009447,0.800789510785281,Zea_mays,high_confidence_IR
Zm00001eb314750,Zm00001eb314750.intron3,Zm00001eb314750|7:130392081-130395801:-,7,130392081,130395801,-,Zm00001eb314750_T001,1,yes,505,1220,394,1725,0.292753623188406,0.78019801980198,Zea_mays,high_confidence_IR
Zm00001eb314890,Zm00001eb314890.intron1,Zm00001eb314890|7:131179866-131181896:+,7,131179866,131181896,+,Zm00001eb314890_T001,1,no,1587,5339,1587,6926,0.229136586774473,1,Zea_mays,high_confidence_IR
Zm00001eb315100,Zm00001eb315100.intron1,Zm00001eb315100|7:132072398-132072468:-,7,132072398,132072468,-,Zm00001eb315100_T002,1,yes,7189,5,7189,7194,0.999304976369197,1,Zea_mays,high_confidence_IR
Zm00001eb315380,Zm00001eb315380.intron1,Zm00001eb315380|7:133040538-133040695:-,7,133040538,133040695,-,Zm00001eb315380_T001,1,yes,21,10,21,31,0.67741935483871,1,Zea_mays,high_confidence_IR
Zm00001eb315610,Zm00001eb315610.intron1,Zm00001eb315610|7:134158829-134158981:+,7,134158829,134158981,+,Zm00001eb315610_T001,1,yes,564,47,454,611,0.923076923076923,0.804964539007092,Zea_mays,high_confidence_IR
Zm00001eb315640,Zm00001eb315640.intron1,Zm00001eb315640|7:134292612-134292712:+,7,134292612,134292712,+,Zm00001eb315640_T001,1,no,411,89,411,500,0.822,1,Zea_mays,high_confidence_IR
Zm00001eb315830,Zm00001eb315830.intron1,Zm00001eb315830|7:135217714-135217785:+,7,135217714,135217785,+,Zm00001eb315830_T001,1,no,718,123,718,841,0.853745541022592,1,Zea_mays,high_confidence_IR
Zm00001eb316240,Zm00001eb316240.intron1,Zm00001eb316240|7:136467100-136467186:+,7,136467100,136467186,+,Zm00001eb316240_T001,1,no,18631,15,18631,18646,0.999195537916979,1,Zea_mays,high_confidence_IR
Zm00001eb316300,Zm00001eb316300.intron1,Zm00001eb316300|7:136578231-136578351:-,7,136578231,136578351,-,Zm00001eb316300_T002,1,yes,5695,110,5077,5805,0.981050818260121,0.891483757682177,Zea_mays,high_confidence_IR
Zm00001eb316410,Zm00001eb316410.intron1,Zm00001eb316410|7:137154477-137154693:+,7,137154477,137154693,+,Zm00001eb316410_T002,1,yes,77588,68,67700,77656,0.999124343257443,0.872557612001856,Zea_mays,high_confidence_IR
Zm00001eb316890,Zm00001eb316890.intron1,Zm00001eb316890|7:138937548-138937665:-,7,138937548,138937665,-,Zm00001eb316890_T001,1,no,109,41,109,150,0.726666666666667,1,Zea_mays,high_confidence_IR
Zm00001eb317430,Zm00001eb317430.intron1,Zm00001eb317430|7:141767625-141767681:-,7,141767625,141767681,-,Zm00001eb317430_T002,1,yes,2469,87,2191,2556,0.965962441314554,0.887403807209396,Zea_mays,high_confidence_IR
Zm00001eb317900,Zm00001eb317900.intron1,Zm00001eb317900|7:143329368-143329961:+,7,143329368,143329961,+,Zm00001eb317900_T001,1,no,399,39,399,438,0.910958904109589,1,Zea_mays,high_confidence_IR
Zm00001eb318360,Zm00001eb318360.intron1,Zm00001eb318360|7:145115657-145115677:+,7,145115657,145115677,+,Zm00001eb318360_T001,1,no,6203,45,6203,6248,0.992797695262484,1,Zea_mays,high_confidence_IR
Zm00001eb318520,Zm00001eb318520.intron1,Zm00001eb318520|7:145917818-145917893:+,7,145917818,145917893,+,Zm00001eb318520_T001,1,yes,32,76,32,108,0.296296296296296,1,Zea_mays,high_confidence_IR
Zm00001eb318610,Zm00001eb318610.intron1,Zm00001eb318610|7:146303209-146303314:+,7,146303209,146303314,+,Zm00001eb318610_T001,1,yes,126,8,98,134,0.940298507462687,0.777777777777778,Zea_mays,high_confidence_IR
Zm00001eb318690,Zm00001eb318690.intron1,Zm00001eb318690|7:146424087-146424170:+,7,146424087,146424170,+,Zm00001eb318690_T001,1,no,5,9,5,14,0.357142857142857,1,Zea_mays,high_confidence_IR
Zm00001eb318930,Zm00001eb318930.intron2,Zm00001eb318930|7:147602472-147602626:-,7,147602472,147602626,-,Zm00001eb318930_T001,1,no,126,274,112,400,0.315,0.888888888888889,Zea_mays,high_confidence_IR
Zm00001eb319060,Zm00001eb319060.intron1,Zm00001eb319060|7:147844395-147844562:+,7,147844395,147844562,+,Zm00001eb319060_T001,1,yes,932,161,672,1093,0.852698993595608,0.721030042918455,Zea_mays,high_confidence_IR
Zm00001eb319350,Zm00001eb319350.intron2,Zm00001eb319350|7:148374054-148374194:+,7,148374054,148374194,+,Zm00001eb319350_T001,1,yes,1022,764,928,1786,0.572228443449048,0.908023483365949,Zea_mays,high_confidence_IR
Zm00001eb319400,Zm00001eb319400.intron1,Zm00001eb319400|7:148558692-148560188:-,7,148558692,148560188,-,Zm00001eb319400_T001,1,no,122,119,122,241,0.506224066390041,1,Zea_mays,high_confidence_IR
Zm00001eb319510,Zm00001eb319510.intron1,Zm00001eb319510|7:149014829-149017504:-,7,149014829,149017504,-,Zm00001eb319510_T001,1,yes,357,99,357,456,0.782894736842105,1,Zea_mays,high_confidence_IR
Zm00001eb319840,Zm00001eb319840.intron1,Zm00001eb319840|7:150010995-150011067:+,7,150010995,150011067,+,Zm00001eb319840_T001,1,no,31,20,31,51,0.607843137254902,1,Zea_mays,high_confidence_IR
Zm00001eb320200,Zm00001eb320200.intron3,Zm00001eb320200|7:151123614-151123702:+,7,151123614,151123702,+,Zm00001eb320200_T002,1,yes,3713,410,2820,4123,0.900557846228474,0.759493670886076,Zea_mays,high_confidence_IR
Zm00001eb320290,Zm00001eb320290.intron1,Zm00001eb320290|7:151350948-151353903:+,7,151350948,151353903,+,Zm00001eb320290_T001,1,no,13,43,12,56,0.232142857142857,0.923076923076923,Zea_mays,high_confidence_IR
Zm00001eb320450,Zm00001eb320450.intron1,Zm00001eb320450|7:151860752-151860911:-,7,151860752,151860911,-,Zm00001eb320450_T001,1,no,458,653,458,1111,0.412241224122412,1,Zea_mays,high_confidence_IR
Zm00001eb320510,Zm00001eb320510.intron6,Zm00001eb320510|7:151907970-151908159:-,7,151907970,151908159,-,Zm00001eb320510_T001,1,yes,18010,121,13300,18131,0.993326347140257,0.738478622987229,Zea_mays,high_confidence_IR
Zm00001eb320520,Zm00001eb320520.intron1,Zm00001eb320520|7:152066562-152066653:+,7,152066562,152066653,+,Zm00001eb320520_T002,1,yes,7296,15,7296,7311,0.997948297086582,1,Zea_mays,high_confidence_IR
Zm00001eb320690,Zm00001eb320690.intron1,Zm00001eb320690|7:152709547-152709631:+,7,152709547,152709631,+,Zm00001eb320690_T001,1,no,3546,35,3546,3581,0.990226193800614,1,Zea_mays,high_confidence_IR
Zm00001eb320740,Zm00001eb320740.intron1,Zm00001eb320740|7:152736978-152737438:+,7,152736978,152737438,+,Zm00001eb320740_T001,1,no,14,15,14,29,0.482758620689655,1,Zea_mays,high_confidence_IR
Zm00001eb320750,Zm00001eb320750.intron3,Zm00001eb320750|7:152739788-152739843:-,7,152739788,152739843,-,Zm00001eb320750_T002,1,yes,43412,7,43374,43419,0.999838780257491,0.99912466599097,Zea_mays,high_confidence_IR
Zm00001eb320870,Zm00001eb320870.intron9,Zm00001eb320870|7:153284200-153284335:-,7,153284200,153284335,-,Zm00001eb320870_T002;Zm00001eb320870_T003,2,yes,15535,1215,11597,16750,0.927462686567164,0.746507885420019,Zea_mays,high_confidence_IR
Zm00001eb321050,Zm00001eb321050.intron1,Zm00001eb321050|7:153742976-153743106:-,7,153742976,153743106,-,Zm00001eb321050_T001,1,yes,2218,458,1649,2676,0.828849028400598,0.74346257889991,Zea_mays,high_confidence_IR
Zm00001eb321130,Zm00001eb321130.intron1,Zm00001eb321130|7:153889515-153892882:-,7,153889515,153892882,-,Zm00001eb321130_T001,1,no,249,436,249,685,0.363503649635037,1,Zea_mays,high_confidence_IR
Zm00001eb321180,Zm00001eb321180.intron1,Zm00001eb321180|7:153972970-153973163:+,7,153972970,153973163,+,Zm00001eb321180_T001,1,yes,1197,138,1033,1335,0.896629213483146,0.862990810359231,Zea_mays,high_confidence_IR
Zm00001eb322010,Zm00001eb322010.intron1,Zm00001eb322010|7:159380924-159381007:+,7,159380924,159381007,+,Zm00001eb322010_T001,1,no,38,91,38,129,0.294573643410853,1,Zea_mays,high_confidence_IR
Zm00001eb322300,Zm00001eb322300.intron1,Zm00001eb322300|7:160352883-160361905:+,7,160352883,160361905,+,Zm00001eb322300_T001,1,no,28,49,28,77,0.363636363636364,1,Zea_mays,high_confidence_IR
Zm00001eb322600,Zm00001eb322600.intron1,Zm00001eb322600|7:161836892-161837008:-,7,161836892,161837008,-,Zm00001eb322600_T002,1,yes,145995,2136,145995,148131,0.985580330923304,1,Zea_mays,high_confidence_IR
Zm00001eb322740,Zm00001eb322740.intron1,Zm00001eb322740|7:162303287-162303401:+,7,162303287,162303401,+,Zm00001eb322740_T001,1,no,1090,3390,1090,4480,0.243303571428571,1,Zea_mays,high_confidence_IR
Zm00001eb323370,Zm00001eb323370.intron3,Zm00001eb323370|7:164027641-164028170:+,7,164027641,164028170,+,Zm00001eb323370_T002,1,yes,3884,46,3069,3930,0.988295165394402,0.790164778578785,Zea_mays,high_confidence_IR
Zm00001eb323530,Zm00001eb323530.intron1,Zm00001eb323530|7:164601813-164602771:-,7,164601813,164602771,-,Zm00001eb323530_T001,1,no,367,195,367,562,0.653024911032028,1,Zea_mays,high_confidence_IR
Zm00001eb323730,Zm00001eb323730.intron2,Zm00001eb323730|7:165194309-165195781:-,7,165194309,165195781,-,Zm00001eb323730_T001,1,yes,2611,198,1840,2809,0.929512281950872,0.704710838759096,Zea_mays,high_confidence_IR
Zm00001eb324710,Zm00001eb324710.intron3,Zm00001eb324710|7:167969966-167970058:+,7,167969966,167970058,+,Zm00001eb324710_T003,1,yes,10773,97,9823,10870,0.991076356945722,0.911816578483245,Zea_mays,high_confidence_IR
Zm00001eb324730,Zm00001eb324730.intron1,Zm00001eb324730|7:167983098-167984783:+,7,167983098,167984783,+,Zm00001eb324730_T001,1,yes,34,7,34,41,0.829268292682927,1,Zea_mays,high_confidence_IR
Zm00001eb324840,Zm00001eb324840.intron1,Zm00001eb324840|7:168038328-168038393:-,7,168038328,168038393,-,Zm00001eb324840_T001,1,no,2612,153,2612,2765,0.944665461121157,1,Zea_mays,high_confidence_IR
Zm00001eb325020,Zm00001eb325020.intron2,Zm00001eb325020|7:168619749-168619838:+,7,168619749,168619838,+,Zm00001eb325020_T002,1,yes,81,293,61,374,0.216577540106952,0.753086419753086,Zea_mays,high_confidence_IR
Zm00001eb325090,Zm00001eb325090.intron1,Zm00001eb325090|7:168857886-168860253:+,7,168857886,168860253,+,Zm00001eb325090_T001,1,yes,54,13,54,67,0.805970149253731,1,Zea_mays,high_confidence_IR
Zm00001eb325420,Zm00001eb325420.intron5,Zm00001eb325420|7:169358141-169360149:+,7,169358141,169360149,+,Zm00001eb325420_T002,1,yes,11499,47,9247,11546,0.995929326173567,0.804156883207235,Zea_mays,high_confidence_IR
Zm00001eb325510,Zm00001eb325510.intron1,Zm00001eb325510|7:169457406-169457518:-,7,169457406,169457518,-,Zm00001eb325510_T001,1,no,10,37,8,47,0.212765957446809,0.8,Zea_mays,high_confidence_IR
Zm00001eb325550,Zm00001eb325550.intron2,Zm00001eb325550|7:169584668-169584746:-,7,169584668,169584746,-,Zm00001eb325550_T001,1,yes,1485,385,1108,1870,0.794117647058823,0.746127946127946,Zea_mays,high_confidence_IR
Zm00001eb326090,Zm00001eb326090.intron2,Zm00001eb326090|7:171105679-171105760:-,7,171105679,171105760,-,Zm00001eb326090_T001,1,yes,770,165,570,935,0.823529411764706,0.74025974025974,Zea_mays,high_confidence_IR
Zm00001eb326630,Zm00001eb326630.intron4,Zm00001eb326630|7:172064603-172064712:-,7,172064603,172064712,-,Zm00001eb326630_T001,1,yes,98662,73,74895,98735,0.999260647186914,0.759106849648294,Zea_mays,high_confidence_IR
Zm00001eb326660,Zm00001eb326660.intron2,Zm00001eb326660|7:172119549-172119716:-,7,172119549,172119716,-,Zm00001eb326660_T001,1,yes,2277,25,1929,2302,0.989139878366638,0.847167325428195,Zea_mays,high_confidence_IR
Zm00001eb326760,Zm00001eb326760.intron1,Zm00001eb326760|7:172633253-172635600:-,7,172633253,172635600,-,Zm00001eb326760_T001,1,no,11,36,11,47,0.234042553191489,1,Zea_mays,high_confidence_IR
Zm00001eb326900,Zm00001eb326900.intron1,Zm00001eb326900|7:172867676-172868453:-,7,172867676,172868453,-,Zm00001eb326900_T001,1,no,1390,3546,1390,4936,0.28160453808752,1,Zea_mays,high_confidence_IR
Zm00001eb327010,Zm00001eb327010.intron2,Zm00001eb327010|7:173296775-173299309:-,7,173296775,173299309,-,Zm00001eb327010_T001,1,yes,6594,38,5989,6632,0.994270205066345,0.908249924173491,Zea_mays,high_confidence_IR
Zm00001eb327150,Zm00001eb327150.intron1,Zm00001eb327150|7:173888537-173888629:+,7,173888537,173888629,+,Zm00001eb327150_T001,1,no,52,5,37,57,0.912280701754386,0.711538461538462,Zea_mays,high_confidence_IR
Zm00001eb327190,Zm00001eb327190.intron4,Zm00001eb327190|7:173939716-173941218:-,7,173939716,173941218,-,Zm00001eb327190_T002,1,yes,1443,329,1093,1772,0.814334085778781,0.757449757449757,Zea_mays,high_confidence_IR
Zm00001eb327310,Zm00001eb327310.intron4,Zm00001eb327310|7:174320961-174321046:-,7,174320961,174321046,-,Zm00001eb327310_T002,1,yes,636,39,454,675,0.942222222222222,0.713836477987421,Zea_mays,high_confidence_IR
Zm00001eb327750,Zm00001eb327750.intron5,Zm00001eb327750|7:175268531-175268648:+,7,175268531,175268648,+,Zm00001eb327750_T001,1,yes,319,147,265,466,0.684549356223176,0.830721003134796,Zea_mays,high_confidence_IR
Zm00001eb327780,Zm00001eb327780.intron3,Zm00001eb327780|7:175483967-175485658:+,7,175483967,175485658,+,Zm00001eb327780_T001,1,yes,6392,155,4693,6547,0.976325034366886,0.734198998748436,Zea_mays,high_confidence_IR
Zm00001eb327950,Zm00001eb327950.intron1,Zm00001eb327950|7:176132200-176132299:-,7,176132200,176132299,-,Zm00001eb327950_T002,1,yes,2656,171,2656,2827,0.939511850017687,1,Zea_mays,high_confidence_IR
Zm00001eb328220,Zm00001eb328220.intron1,Zm00001eb328220|7:176570184-176570443:+,7,176570184,176570443,+,Zm00001eb328220_T001,1,no,139,13,139,152,0.914473684210526,1,Zea_mays,high_confidence_IR
Zm00001eb328380,Zm00001eb328380.intron1,Zm00001eb328380|7:176876490-176876694:-,7,176876490,176876694,-,Zm00001eb328380_T001,1,no,15,7,15,22,0.681818181818182,1,Zea_mays,high_confidence_IR
Zm00001eb328720,Zm00001eb328720.intron3,Zm00001eb328720|7:177593283-177593646:-,7,177593283,177593646,-,Zm00001eb328720_T001,1,yes,13870,1161,10236,15031,0.922759630097798,0.737995674116799,Zea_mays,high_confidence_IR
Zm00001eb329380,Zm00001eb329380.intron1,Zm00001eb329380|7:179491235-179492507:-,7,179491235,179492507,-,Zm00001eb329380_T001,1,no,61,213,61,274,0.222627737226277,1,Zea_mays,high_confidence_IR
Zm00001eb329410,Zm00001eb329410.intron3,Zm00001eb329410|7:179560506-179560579:+,7,179560506,179560579,+,Zm00001eb329410_T001,1,no,517,8,456,525,0.984761904761905,0.882011605415861,Zea_mays,high_confidence_IR
Zm00001eb329610,Zm00001eb329610.intron1,Zm00001eb329610|7:179949287-179949356:-,7,179949287,179949356,-,Zm00001eb329610_T001,1,no,6658,107,6658,6765,0.984183296378418,1,Zea_mays,high_confidence_IR
Zm00001eb329770,Zm00001eb329770.intron2,Zm00001eb329770|7:180163529-180163670:+,7,180163529,180163670,+,Zm00001eb329770_T001,1,no,142,441,115,583,0.243567753001715,0.809859154929577,Zea_mays,high_confidence_IR
Zm00001eb329900,Zm00001eb329900.intron1,Zm00001eb329900|7:180619278-180620615:-,7,180619278,180620615,-,Zm00001eb329900_T001,1,no,722,9,722,731,0.987688098495212,1,Zea_mays,high_confidence_IR
Zm00001eb330770,Zm00001eb330770.intron1,Zm00001eb330770|7:182353057-182353149:+,7,182353057,182353149,+,Zm00001eb330770_T001,1,no,31,27,30,58,0.53448275862069,0.967741935483871,Zea_mays,high_confidence_IR
Zm00001eb331140,Zm00001eb331140.intron3,Zm00001eb331140|7:183129445-183129564:+,7,183129445,183129564,+,Zm00001eb331140_T001,1,yes,1490,269,1150,1759,0.847072200113701,0.771812080536913,Zea_mays,high_confidence_IR
Zm00001eb331230,Zm00001eb331230.intron1,Zm00001eb331230|7:183245148-183245241:-,7,183245148,183245241,-,Zm00001eb331230_T001,1,no,156,238,156,394,0.395939086294416,1,Zea_mays,high_confidence_IR
Zm00001eb331390,Zm00001eb331390.intron1,Zm00001eb331390|7:183511907-183512179:+,7,183511907,183512179,+,Zm00001eb331390_T001,1,no,119,447,119,566,0.210247349823322,1,Zea_mays,high_confidence_IR
Zm00001eb331550,Zm00001eb331550.intron3,Zm00001eb331550|7:183760422-183760588:-,7,183760422,183760588,-,Zm00001eb331550_T002,1,yes,4376,151,3438,4527,0.966644576982549,0.785648994515539,Zea_mays,high_confidence_IR
Zm00001eb331790,Zm00001eb331790.intron1,Zm00001eb331790|7:184334072-184334187:+,7,184334072,184334187,+,Zm00001eb331790_T001,1,yes,6632,43,5283,6675,0.993558052434457,0.796592279855247,Zea_mays,high_confidence_IR
Zm00001eb331870,Zm00001eb331870.intron1,Zm00001eb331870|7:184511331-184511418:-,7,184511331,184511418,-,Zm00001eb331870_T001,1,no,7724,2431,7724,10155,0.760610536681438,1,Zea_mays,high_confidence_IR
Zm00001eb331990,Zm00001eb331990.intron1,Zm00001eb331990|7:184837010-184837372:-,7,184837010,184837372,-,Zm00001eb331990_T001,1,no,207,20,207,227,0.911894273127753,1,Zea_mays,high_confidence_IR
Zm00001eb332030,Zm00001eb332030.intron2,Zm00001eb332030|7:185150664-185154175:+,7,185150664,185154175,+,Zm00001eb332030_T001,1,yes,40,124,35,164,0.24390243902439,0.875,Zea_mays,high_confidence_IR
Zm00001eb332050,Zm00001eb332050.intron1,Zm00001eb332050|7:185225592-185225707:+,7,185225592,185225707,+,Zm00001eb332050_T002,1,yes,81578,406,66722,81984,0.99504781420765,0.817892078746721,Zea_mays,high_confidence_IR
Zm00001eb332330,Zm00001eb332330.intron1,Zm00001eb332330|8:1082948-1083062:+,8,1082948,1083062,+,Zm00001eb332330_T001,1,no,562,336,497,898,0.625835189309577,0.884341637010676,Zea_mays,high_confidence_IR
Zm00001eb332480,Zm00001eb332480.intron2,Zm00001eb332480|8:1529321-1529529:-,8,1529321,1529529,-,Zm00001eb332480_T001,1,no,720,11,541,731,0.984952120383037,0.751388888888889,Zea_mays,high_confidence_IR
Zm00001eb332630,Zm00001eb332630.intron1,Zm00001eb332630|8:2140290-2141114:+,8,2140290,2141114,+,Zm00001eb332630_T002,1,yes,19502,692,19007,20194,0.965732395761117,0.974617987898677,Zea_mays,high_confidence_IR
Zm00001eb332760,Zm00001eb332760.intron1,Zm00001eb332760|8:2589857-2589978:-,8,2589857,2589978,-,Zm00001eb332760_T001,1,no,46,27,46,73,0.63013698630137,1,Zea_mays,high_confidence_IR
Zm00001eb332810,Zm00001eb332810.intron16,Zm00001eb332810|8:2733630-2736595:+,8,2733630,2736595,+,Zm00001eb332810_T001;Zm00001eb332810_T002,2,no,8,15,8,23,0.347826086956522,1,Zea_mays,high_confidence_IR
Zm00001eb333640,Zm00001eb333640.intron3,Zm00001eb333640|8:5950544-5950613:+,8,5950544,5950613,+,Zm00001eb333640_T002,1,yes,1726,57,1419,1783,0.968031407739764,0.822132097334878,Zea_mays,high_confidence_IR
Zm00001eb333970,Zm00001eb333970.intron1,Zm00001eb333970|8:6858339-6858490:+,8,6858339,6858490,+,Zm00001eb333970_T002,1,yes,22739,5,22739,22744,0.999780161800915,1,Zea_mays,high_confidence_IR
Zm00001eb334120,Zm00001eb334120.intron5,Zm00001eb334120|8:7264429-7264557:-,8,7264429,7264557,-,Zm00001eb334120_T001,1,yes,11762,15,9076,11777,0.998726330984122,0.771637476619623,Zea_mays,high_confidence_IR
Zm00001eb334420,Zm00001eb334420.intron1,Zm00001eb334420|8:8693717-8693886:-,8,8693717,8693886,-,Zm00001eb334420_T001,1,no,141,61,141,202,0.698019801980198,1,Zea_mays,high_confidence_IR
Zm00001eb334860,Zm00001eb334860.intron1,Zm00001eb334860|8:10814299-10814389:+,8,10814299,10814389,+,Zm00001eb334860_T001,1,no,2744,3082,2744,5826,0.470992104359767,1,Zea_mays,high_confidence_IR
Zm00001eb335050,Zm00001eb335050.intron1,Zm00001eb335050|8:11838433-11841230:+,8,11838433,11841230,+,Zm00001eb335050_T001,1,no,1251,1563,1251,2814,0.44456289978678,1,Zea_mays,high_confidence_IR
Zm00001eb335310,Zm00001eb335310.intron1,Zm00001eb335310|8:13027972-13028626:-,8,13027972,13028626,-,Zm00001eb335310_T001,1,no,22,42,22,64,0.34375,1,Zea_mays,high_confidence_IR
Zm00001eb335440,Zm00001eb335440.intron1,Zm00001eb335440|8:13509531-13509676:-,8,13509531,13509676,-,Zm00001eb335440_T001,1,no,53,47,53,100,0.53,1,Zea_mays,high_confidence_IR
Zm00001eb335550,Zm00001eb335550.intron1,Zm00001eb335550|8:13691483-13691579:+,8,13691483,13691579,+,Zm00001eb335550_T001,1,no,50,110,50,160,0.3125,1,Zea_mays,high_confidence_IR
Zm00001eb335880,Zm00001eb335880.intron1,Zm00001eb335880|8:14984595-14985007:-,8,14984595,14985007,-,Zm00001eb335880_T001,1,no,119750,84,115439,119834,0.999299030325283,0.964,Zea_mays,high_confidence_IR
Zm00001eb336270,Zm00001eb336270.intron1,Zm00001eb336270|8:16438455-16438990:+,8,16438455,16438990,+,Zm00001eb336270_T001,1,no,225,584,225,809,0.278121137206428,1,Zea_mays,high_confidence_IR
Zm00001eb336720,Zm00001eb336720.intron1,Zm00001eb336720|8:17801413-17802363:+,8,17801413,17802363,+,Zm00001eb336720_T001,1,no,24,9,24,33,0.727272727272727,1,Zea_mays,high_confidence_IR
Zm00001eb336770,Zm00001eb336770.intron7,Zm00001eb336770|8:17942516-17942610:-,8,17942516,17942610,-,Zm00001eb336770_T001,1,no,53,84,42,137,0.386861313868613,0.792452830188679,Zea_mays,high_confidence_IR
Zm00001eb336820,Zm00001eb336820.intron1,Zm00001eb336820|8:18245248-18245353:-,8,18245248,18245353,-,Zm00001eb336820_T001,1,no,156,268,122,424,0.367924528301887,0.782051282051282,Zea_mays,high_confidence_IR
Zm00001eb336860,Zm00001eb336860.intron1,Zm00001eb336860|8:18523835-18523909:-,8,18523835,18523909,-,Zm00001eb336860_T001,1,no,610,75,610,685,0.89051094890511,1,Zea_mays,high_confidence_IR
Zm00001eb337130,Zm00001eb337130.intron1,Zm00001eb337130|8:19564728-19566160:-,8,19564728,19566160,-,Zm00001eb337130_T001,1,no,33,10,30,43,0.767441860465116,0.909090909090909,Zea_mays,high_confidence_IR
Zm00001eb337380,Zm00001eb337380.intron1,Zm00001eb337380|8:20914347-20916214:+,8,20914347,20916214,+,Zm00001eb337380_T001,1,no,3453,101,2795,3554,0.971581316826111,0.809441065739936,Zea_mays,high_confidence_IR
Zm00001eb337820,Zm00001eb337820.intron1,Zm00001eb337820|8:22432352-22432504:+,8,22432352,22432504,+,Zm00001eb337820_T001,1,no,598,218,598,816,0.732843137254902,1,Zea_mays,high_confidence_IR
Zm00001eb338270,Zm00001eb338270.intron1,Zm00001eb338270|8:24434976-24435276:-,8,24434976,24435276,-,Zm00001eb338270_T001,1,yes,266,6,266,272,0.977941176470588,1,Zea_mays,high_confidence_IR
Zm00001eb338300,Zm00001eb338300.intron8,Zm00001eb338300|8:24593603-24594063:+,8,24593603,24594063,+,Zm00001eb338300_T001,1,yes,8420,1428,6485,9848,0.854995938261576,0.770190023752969,Zea_mays,high_confidence_IR
Zm00001eb338490,Zm00001eb338490.intron1,Zm00001eb338490|8:25217503-25218040:+,8,25217503,25218040,+,Zm00001eb338490_T001,1,yes,28,22,28,50,0.56,1,Zea_mays,high_confidence_IR
Zm00001eb339030,Zm00001eb339030.intron1,Zm00001eb339030|8:27962973-27963054:-,8,27962973,27963054,-,Zm00001eb339030_T001,1,no,70,83,70,153,0.457516339869281,1,Zea_mays,high_confidence_IR
Zm00001eb339130,Zm00001eb339130.intron2,Zm00001eb339130|8:28460090-28460209:+,8,28460090,28460209,+,Zm00001eb339130_T001,1,yes,400,152,289,552,0.72463768115942,0.7225,Zea_mays,high_confidence_IR
Zm00001eb339260,Zm00001eb339260.intron4,Zm00001eb339260|8:29256271-29256369:+,8,29256271,29256369,+,Zm00001eb339260_T001,1,no,319,1026,300,1345,0.237174721189591,0.940438871473354,Zea_mays,high_confidence_IR
Zm00001eb340170,Zm00001eb340170.intron2,Zm00001eb340170|8:36789080-36789184:+,8,36789080,36789184,+,Zm00001eb340170_T003,1,yes,2534,334,1963,2868,0.883542538354254,0.77466456195738,Zea_mays,high_confidence_IR
Zm00001eb340480,Zm00001eb340480.intron1,Zm00001eb340480|8:39598610-39598720:-,8,39598610,39598720,-,Zm00001eb340480_T001,1,no,9,35,9,44,0.204545454545455,1,Zea_mays,high_confidence_IR
Zm00001eb340790,Zm00001eb340790.intron1,Zm00001eb340790|8:41938054-41938146:-,8,41938054,41938146,-,Zm00001eb340790_T002,1,yes,921,3670,740,4591,0.200609888913091,0.803474484256243,Zea_mays,high_confidence_IR
Zm00001eb341110,Zm00001eb341110.intron2,Zm00001eb341110|8:45403936-45404961:+,8,45403936,45404961,+,Zm00001eb341110_T001,1,no,57,228,48,285,0.2,0.842105263157895,Zea_mays,high_confidence_IR
Zm00001eb341380,Zm00001eb341380.intron1,Zm00001eb341380|8:49792596-49796851:+,8,49792596,49796851,+,Zm00001eb341380_T001,1,yes,5,15,5,20,0.25,1,Zea_mays,high_confidence_IR
Zm00001eb341810,Zm00001eb341810.intron1,Zm00001eb341810|8:56948998-56949504:+,8,56948998,56949504,+,Zm00001eb341810_T001,1,yes,9,5,8,14,0.642857142857143,0.888888888888889,Zea_mays,high_confidence_IR
Zm00001eb342200,Zm00001eb342200.intron1,Zm00001eb342200|8:62102582-62102974:+,8,62102582,62102974,+,Zm00001eb342200_T001,1,no,30,13,30,43,0.697674418604651,1,Zea_mays,high_confidence_IR
Zm00001eb342390,Zm00001eb342390.intron1,Zm00001eb342390|8:63728943-63729194:+,8,63728943,63729194,+,Zm00001eb342390_T001;Zm00001eb342390_T002,2,no,257,1011,218,1268,0.202681388012618,0.848249027237354,Zea_mays,high_confidence_IR
Zm00001eb342660,Zm00001eb342660.intron1,Zm00001eb342660|8:64924124-64925444:+,8,64924124,64925444,+,Zm00001eb342660_T001,1,yes,7,5,7,12,0.583333333333333,1,Zea_mays,high_confidence_IR
Zm00001eb342860,Zm00001eb342860.intron1,Zm00001eb342860|8:66148283-66148358:-,8,66148283,66148358,-,Zm00001eb342860_T001,1,no,77,246,77,323,0.238390092879257,1,Zea_mays,high_confidence_IR
Zm00001eb343080,Zm00001eb343080.intron2,Zm00001eb343080|8:67358914-67359177:+,8,67358914,67359177,+,Zm00001eb343080_T002,1,yes,661,52,488,713,0.927068723702665,0.738275340393343,Zea_mays,high_confidence_IR
Zm00001eb343190,Zm00001eb343190.intron1,Zm00001eb343190|8:67826885-67827334:+,8,67826885,67827334,+,Zm00001eb343190_T001,1,no,225,105,225,330,0.681818181818182,1,Zea_mays,high_confidence_IR
Zm00001eb343270,Zm00001eb343270.intron1,Zm00001eb343270|8:68607169-68607249:-,8,68607169,68607249,-,Zm00001eb343270_T001,1,yes,5998,5,5998,6003,0.999167083125104,1,Zea_mays,high_confidence_IR
Zm00001eb343280,Zm00001eb343280.intron1,Zm00001eb343280|8:68625876-68626609:-,8,68625876,68626609,-,Zm00001eb343280_T001,1,yes,473,141,377,614,0.770358306188925,0.797040169133192,Zea_mays,high_confidence_IR
Zm00001eb343320,Zm00001eb343320.intron1,Zm00001eb343320|8:68660250-68660344:+,8,68660250,68660344,+,Zm00001eb343320_T001,1,no,39,43,31,82,0.475609756097561,0.794871794871795,Zea_mays,high_confidence_IR
Zm00001eb343710,Zm00001eb343710.intron1,Zm00001eb343710|8:70895525-70896570:+,8,70895525,70896570,+,Zm00001eb343710_T001,1,no,168,8,168,176,0.954545454545455,1,Zea_mays,high_confidence_IR
Zm00001eb343910,Zm00001eb343910.intron1,Zm00001eb343910|8:72078847-72078969:+,8,72078847,72078969,+,Zm00001eb343910_T001,1,no,461874,171,461874,462045,0.99962990617797,1,Zea_mays,high_confidence_IR
Zm00001eb344030,Zm00001eb344030.intron1,Zm00001eb344030|8:72965715-72965889:-,8,72965715,72965889,-,Zm00001eb344030_T001,1,no,14,36,14,50,0.28,1,Zea_mays,high_confidence_IR
Zm00001eb344090,Zm00001eb344090.intron1,Zm00001eb344090|8:73132660-73132729:+,8,73132660,73132729,+,Zm00001eb344090_T001,1,no,19,38,19,57,0.333333333333333,1,Zea_mays,high_confidence_IR
Zm00001eb344790,Zm00001eb344790.intron1,Zm00001eb344790|8:76373955-76375212:+,8,76373955,76375212,+,Zm00001eb344790_T002,1,yes,6339,1483,4754,7822,0.810406545640501,0.749960561602776,Zea_mays,high_confidence_IR
Zm00001eb345170,Zm00001eb345170.intron6,Zm00001eb345170|8:78750502-78750589:+,8,78750502,78750589,+,Zm00001eb345170_T001,1,no,175,5,153,180,0.972222222222222,0.874285714285714,Zea_mays,high_confidence_IR
Zm00001eb345210,Zm00001eb345210.intron1,Zm00001eb345210|8:79018220-79018340:-,8,79018220,79018340,-,Zm00001eb345210_T001,1,yes,1317,6,1224,1323,0.99546485260771,0.929384965831435,Zea_mays,high_confidence_IR
Zm00001eb345520,Zm00001eb345520.intron1,Zm00001eb345520|8:80578696-80578950:-,8,80578696,80578950,-,Zm00001eb345520_T001,1,no,150,222,150,372,0.403225806451613,1,Zea_mays,high_confidence_IR
Zm00001eb345540,Zm00001eb345540.intron4,Zm00001eb345540|8:80645540-80645660:+,8,80645540,80645660,+,Zm00001eb345540_T002,1,yes,20707,28,17009,20735,0.998649626235833,0.821413048727483,Zea_mays,high_confidence_IR
Zm00001eb345670,Zm00001eb345670.intron1,Zm00001eb345670|8:81310172-81310273:-,8,81310172,81310273,-,Zm00001eb345670_T001,1,no,68,35,61,103,0.660194174757282,0.897058823529412,Zea_mays,high_confidence_IR
Zm00001eb345890,Zm00001eb345890.intron1,Zm00001eb345890|8:82588162-82590218:+,8,82588162,82590218,+,Zm00001eb345890_T001,1,yes,3529,59,2736,3588,0.98355629877369,0.775290450552565,Zea_mays,high_confidence_IR
Zm00001eb345910,Zm00001eb345910.intron1,Zm00001eb345910|8:82821385-82821460:-,8,82821385,82821460,-,Zm00001eb345910_T002,1,yes,9307,485,7798,9792,0.95046977124183,0.83786397335339,Zea_mays,high_confidence_IR
Zm00001eb346260,Zm00001eb346260.intron1,Zm00001eb346260|8:86644404-86644570:+,8,86644404,86644570,+,Zm00001eb346260_T001,1,no,1602,600,1602,2202,0.727520435967302,1,Zea_mays,high_confidence_IR
Zm00001eb346340,Zm00001eb346340.intron2,Zm00001eb346340|8:87355198-87358837:-,8,87355198,87358837,-,Zm00001eb346340_T001,1,no,1903,822,1454,2725,0.698348623853211,0.764056752496059,Zea_mays,high_confidence_IR
Zm00001eb346910,Zm00001eb346910.intron1,Zm00001eb346910|8:91361109-91361634:+,8,91361109,91361634,+,Zm00001eb346910_T001,1,no,43,6,43,49,0.877551020408163,1,Zea_mays,high_confidence_IR
Zm00001eb347280,Zm00001eb347280.intron1,Zm00001eb347280|8:94244935-94256244:-,8,94244935,94256244,-,Zm00001eb347280_T001,1,yes,2750,892,2063,3642,0.755079626578803,0.750181818181818,Zea_mays,high_confidence_IR
Zm00001eb347950,Zm00001eb347950.intron1,Zm00001eb347950|8:99023254-99024117:+,8,99023254,99024117,+,Zm00001eb347950_T001,1,no,2040,1832,1822,3872,0.526859504132231,0.893137254901961,Zea_mays,high_confidence_IR
Zm00001eb348220,Zm00001eb348220.intron1,Zm00001eb348220|8:100076477-100076570:+,8,100076477,100076570,+,Zm00001eb348220_T001,1,no,142,34,100,176,0.806818181818182,0.704225352112676,Zea_mays,high_confidence_IR
Zm00001eb348270,Zm00001eb348270.intron1,Zm00001eb348270|8:100648280-100649409:-,8,100648280,100649409,-,Zm00001eb348270_T001,1,no,134,507,134,641,0.209048361934477,1,Zea_mays,high_confidence_IR
Zm00001eb348390,Zm00001eb348390.intron2,Zm00001eb348390|8:101557504-101557653:+,8,101557504,101557653,+,Zm00001eb348390_T001,1,yes,2399,713,1963,3112,0.770886889460154,0.81825760733639,Zea_mays,high_confidence_IR
Zm00001eb348400,Zm00001eb348400.intron3,Zm00001eb348400|8:101563720-101563800:+,8,101563720,101563800,+,Zm00001eb348400_T001,1,yes,19145,11,16624,19156,0.999425767383587,0.868320710368242,Zea_mays,high_confidence_IR
Zm00001eb348460,Zm00001eb348460.intron1,Zm00001eb348460|8:102415732-102415872:-,8,102415732,102415872,-,Zm00001eb348460_T001,1,no,37,118,27,155,0.238709677419355,0.72972972972973,Zea_mays,high_confidence_IR
Zm00001eb348590,Zm00001eb348590.intron2,Zm00001eb348590|8:103177806-103177896:+,8,103177806,103177896,+,Zm00001eb348590_T002,1,yes,8815,113,8810,8928,0.987343189964158,0.999432785025525,Zea_mays,high_confidence_IR
Zm00001eb348670,Zm00001eb348670.intron2,Zm00001eb348670|8:103385676-103387309:-,8,103385676,103387309,-,Zm00001eb348670_T001,1,yes,1531,11,1398,1542,0.992866407263294,0.913128674069236,Zea_mays,high_confidence_IR
Zm00001eb348910,Zm00001eb348910.intron1,Zm00001eb348910|8:104336275-104336435:+,8,104336275,104336435,+,Zm00001eb348910_T001,1,no,402,32,402,434,0.926267281105991,1,Zea_mays,high_confidence_IR
Zm00001eb349080,Zm00001eb349080.intron1,Zm00001eb349080|8:105128632-105128757:-,8,105128632,105128757,-,Zm00001eb349080_T001,1,yes,2600,54,2600,2654,0.979653353428787,1,Zea_mays,high_confidence_IR
Zm00001eb349220,Zm00001eb349220.intron1,Zm00001eb349220|8:105900216-105901267:+,8,105900216,105901267,+,Zm00001eb349220_T001,1,no,42,35,42,77,0.545454545454545,1,Zea_mays,high_confidence_IR
Zm00001eb349410,Zm00001eb349410.intron6,Zm00001eb349410|8:106819660-106820055:-,8,106819660,106820055,-,Zm00001eb349410_T002,1,yes,6186,386,4336,6572,0.941265976871576,0.700937601034594,Zea_mays,high_confidence_IR
Zm00001eb349520,Zm00001eb349520.intron4,Zm00001eb349520|8:107629980-107631220:-,8,107629980,107631220,-,Zm00001eb349520_T002,1,yes,9362,54,7094,9416,0.994265080713679,0.757744071779534,Zea_mays,high_confidence_IR
Zm00001eb349710,Zm00001eb349710.intron1,Zm00001eb349710|8:108810257-108810371:+,8,108810257,108810371,+,Zm00001eb349710_T002,1,yes,1227,7,1227,1234,0.994327390599676,1,Zea_mays,high_confidence_IR
Zm00001eb350250,Zm00001eb350250.intron1,Zm00001eb350250|8:112613238-112613904:+,8,112613238,112613904,+,Zm00001eb350250_T001,1,yes,5,17,5,22,0.227272727272727,1,Zea_mays,high_confidence_IR
Zm00001eb350930,Zm00001eb350930.intron1,Zm00001eb350930|8:117209782-117209885:+,8,117209782,117209885,+,Zm00001eb350930_T002,1,yes,1091,57,938,1148,0.950348432055749,0.859761686526123,Zea_mays,high_confidence_IR
Zm00001eb351730,Zm00001eb351730.intron1,Zm00001eb351730|8:120542736-120543130:-,8,120542736,120543130,-,Zm00001eb351730_T001,1,no,661,670,661,1331,0.496619083395943,1,Zea_mays,high_confidence_IR
Zm00001eb351790,Zm00001eb351790.intron2,Zm00001eb351790|8:120798934-120799015:-,8,120798934,120799015,-,Zm00001eb351790_T002,1,yes,732,367,712,1099,0.666060054595086,0.972677595628415,Zea_mays,high_confidence_IR
Zm00001eb351800,Zm00001eb351800.intron1,Zm00001eb351800|8:120801424-120801551:+,8,120801424,120801551,+,Zm00001eb351800_T001,1,no,77,6,77,83,0.927710843373494,1,Zea_mays,high_confidence_IR
Zm00001eb351940,Zm00001eb351940.intron1,Zm00001eb351940|8:121389852-121389956:+,8,121389852,121389956,+,Zm00001eb351940_T001,1,yes,8270,3613,8270,11883,0.695952200622738,1,Zea_mays,high_confidence_IR
Zm00001eb352020,Zm00001eb352020.intron2,Zm00001eb352020|8:121583877-121584081:-,8,121583877,121584081,-,Zm00001eb352020_T001,1,no,65,232,58,297,0.218855218855219,0.892307692307692,Zea_mays,high_confidence_IR
Zm00001eb352040,Zm00001eb352040.intron4,Zm00001eb352040|8:121598788-121598958:-,8,121598788,121598958,-,Zm00001eb352040_T002,1,yes,3626,504,2598,4130,0.877966101694915,0.716492002206288,Zea_mays,high_confidence_IR
Zm00001eb352050,Zm00001eb352050.intron2,Zm00001eb352050|8:121712540-121714306:-,8,121712540,121714306,-,Zm00001eb352050_T001,1,yes,235,5,203,240,0.979166666666667,0.863829787234043,Zea_mays,high_confidence_IR
Zm00001eb352150,Zm00001eb352150.intron3,Zm00001eb352150|8:122018585-122018686:-,8,122018585,122018686,-,Zm00001eb352150_T001;Zm00001eb352150_T002,2,no,15,9,15,24,0.625,1,Zea_mays,high_confidence_IR
Zm00001eb352200,Zm00001eb352200.intron1,Zm00001eb352200|8:122367483-122369646:+,8,122367483,122369646,+,Zm00001eb352200_T001,1,no,5,6,5,11,0.454545454545455,1,Zea_mays,high_confidence_IR
Zm00001eb352390,Zm00001eb352390.intron2,Zm00001eb352390|8:122772911-122774507:-,8,122772911,122774507,-,Zm00001eb352390_T002,1,yes,62,213,47,275,0.225454545454545,0.758064516129032,Zea_mays,high_confidence_IR
Zm00001eb352500,Zm00001eb352500.intron1,Zm00001eb352500|8:123359823-123359905:-,8,123359823,123359905,-,Zm00001eb352500_T001,1,no,585,192,585,777,0.752895752895753,1,Zea_mays,high_confidence_IR
Zm00001eb352550,Zm00001eb352550.intron1,Zm00001eb352550|8:123536013-123536259:-,8,123536013,123536259,-,Zm00001eb352550_T001,1,no,479,1214,472,1693,0.282929710572947,0.985386221294363,Zea_mays,high_confidence_IR
Zm00001eb352560,Zm00001eb352560.intron1,Zm00001eb352560|8:123662921-123663667:+,8,123662921,123663667,+,Zm00001eb352560_T002,1,yes,1372,81,1286,1453,0.944253269098417,0.93731778425656,Zea_mays,high_confidence_IR
Zm00001eb352730,Zm00001eb352730.intron1,Zm00001eb352730|8:124665964-124666948:-,8,124665964,124666948,-,Zm00001eb352730_T001,1,no,54,42,54,96,0.5625,1,Zea_mays,high_confidence_IR
Zm00001eb352990,Zm00001eb352990.intron2,Zm00001eb352990|8:125848302-125848385:-,8,125848302,125848385,-,Zm00001eb352990_T001,1,yes,5144,199,4296,5343,0.962755006550627,0.835147744945568,Zea_mays,high_confidence_IR
Zm00001eb353150,Zm00001eb353150.intron1,Zm00001eb353150|8:126241535-126241679:+,8,126241535,126241679,+,Zm00001eb353150_T001,1,no,11,11,11,22,0.5,1,Zea_mays,high_confidence_IR
Zm00001eb353650,Zm00001eb353650.intron1,Zm00001eb353650|8:128113267-128114226:-,8,128113267,128114226,-,Zm00001eb353650_T001,1,yes,3248,54,2699,3302,0.983646274984858,0.830972906403941,Zea_mays,high_confidence_IR
Zm00001eb353670,Zm00001eb353670.intron1,Zm00001eb353670|8:128133728-128133814:-,8,128133728,128133814,-,Zm00001eb353670_T001,1,no,407,676,407,1083,0.375807940904894,1,Zea_mays,high_confidence_IR
Zm00001eb353680,Zm00001eb353680.intron5,Zm00001eb353680|8:128194129-128194213:-,8,128194129,128194213,-,Zm00001eb353680_T001,1,yes,1801,5,1336,1806,0.997231450719823,0.741810105496946,Zea_mays,high_confidence_IR
Zm00001eb353710,Zm00001eb353710.intron1,Zm00001eb353710|8:128374930-128375352:+,8,128374930,128375352,+,Zm00001eb353710_T001,1,no,176,562,176,738,0.238482384823848,1,Zea_mays,high_confidence_IR
Zm00001eb353790,Zm00001eb353790.intron1,Zm00001eb353790|8:128499645-128500278:-,8,128499645,128500278,-,Zm00001eb353790_T002,1,yes,875,9,752,884,0.989819004524887,0.859428571428571,Zea_mays,high_confidence_IR
Zm00001eb353840,Zm00001eb353840.intron2,Zm00001eb353840|8:128665825-128665970:+,8,128665825,128665970,+,Zm00001eb353840_T001,1,yes,7594,10,5894,7604,0.998684902682799,0.776139057150382,Zea_mays,high_confidence_IR
Zm00001eb353970,Zm00001eb353970.intron3,Zm00001eb353970|8:129512642-129513829:-,8,129512642,129513829,-,Zm00001eb353970_T001,1,yes,16857,215,13321,17072,0.987406279287723,0.790235510470428,Zea_mays,high_confidence_IR
Zm00001eb354140,Zm00001eb354140.intron4,Zm00001eb354140|8:130339997-130340092:+,8,130339997,130340092,+,Zm00001eb354140_T002,1,yes,51867,32,40432,51899,0.99938341779225,0.779532265216805,Zea_mays,high_confidence_IR
Zm00001eb354480,Zm00001eb354480.intron7,Zm00001eb354480|8:132342533-132342647:+,8,132342533,132342647,+,Zm00001eb354480_T001;Zm00001eb354480_T002;Zm00001eb354480_T003;Zm00001eb354480_T004,4,no,2149,8067,2040,10216,0.210356303837118,0.949278734295021,Zea_mays,high_confidence_IR
Zm00001eb354510,Zm00001eb354510.intron1,Zm00001eb354510|8:132663749-132663897:+,8,132663749,132663897,+,Zm00001eb354510_T001,1,yes,7897,44,6452,7941,0.994459136128951,0.81701912118526,Zea_mays,high_confidence_IR
Zm00001eb354660,Zm00001eb354660.intron2,Zm00001eb354660|8:133273749-133273864:-,8,133273749,133273864,-,Zm00001eb354660_T001,1,no,4460,1954,4125,6414,0.695353913314624,0.924887892376682,Zea_mays,high_confidence_IR
Zm00001eb354940,Zm00001eb354940.intron2,Zm00001eb354940|8:134710671-134713055:-,8,134710671,134713055,-,Zm00001eb354940_T001,1,no,1110,4172,834,5282,0.210147671336615,0.751351351351351,Zea_mays,high_confidence_IR
Zm00001eb355070,Zm00001eb355070.intron2,Zm00001eb355070|8:135128006-135128080:+,8,135128006,135128080,+,Zm00001eb355070_T001,1,no,153,346,143,499,0.306613226452906,0.934640522875817,Zea_mays,high_confidence_IR
Zm00001eb355410,Zm00001eb355410.intron1,Zm00001eb355410|8:136342994-136343132:-,8,136342994,136343132,-,Zm00001eb355410_T001,1,yes,6947,12,5291,6959,0.998275614312401,0.761623722470131,Zea_mays,high_confidence_IR
Zm00001eb355540,Zm00001eb355540.intron6,Zm00001eb355540|8:136800993-136801078:+,8,136800993,136801078,+,Zm00001eb355540_T002,1,yes,50924,12,35859,50936,0.999764410240302,0.704166993951771,Zea_mays,high_confidence_IR
Zm00001eb355580,Zm00001eb355580.intron3,Zm00001eb355580|8:136812959-136813047:+,8,136812959,136813047,+,Zm00001eb355580_T001,1,yes,2879,2348,2044,5227,0.55079395446719,0.709968739145537,Zea_mays,high_confidence_IR
Zm00001eb355730,Zm00001eb355730.intron1,Zm00001eb355730|8:137429041-137429619:+,8,137429041,137429619,+,Zm00001eb355730_T001,1,no,31,20,31,51,0.607843137254902,1,Zea_mays,high_confidence_IR
Zm00001eb355830,Zm00001eb355830.intron2,Zm00001eb355830|8:137648604-137648708:-,8,137648604,137648708,-,Zm00001eb355830_T001,1,no,368,648,298,1016,0.362204724409449,0.809782608695652,Zea_mays,high_confidence_IR
Zm00001eb355900,Zm00001eb355900.intron1,Zm00001eb355900|8:137739316-137741170:+,8,137739316,137741170,+,Zm00001eb355900_T001,1,yes,622,1264,498,1886,0.329798515376458,0.80064308681672,Zea_mays,high_confidence_IR
Zm00001eb356380,Zm00001eb356380.intron1,Zm00001eb356380|8:139361500-139362338:+,8,139361500,139362338,+,Zm00001eb356380_T001,1,no,52,8,52,60,0.866666666666667,1,Zea_mays,high_confidence_IR
Zm00001eb356420,Zm00001eb356420.intron3,Zm00001eb356420|8:139607715-139630071:+,8,139607715,139630071,+,Zm00001eb356420_T001;Zm00001eb356420_T002,2,yes,1421,3041,1044,4462,0.318467055132228,0.73469387755102,Zea_mays,high_confidence_IR
Zm00001eb356450,Zm00001eb356450.intron3,Zm00001eb356450|8:139641472-139646937:-,8,139641472,139646937,-,Zm00001eb356450_T001,1,no,756,23,552,779,0.970474967907574,0.73015873015873,Zea_mays,high_confidence_IR
Zm00001eb356570,Zm00001eb356570.intron4,Zm00001eb356570|8:140445815-140446014:-,8,140445815,140446014,-,Zm00001eb356570_T001,1,no,2157,3329,1684,5486,0.393182646737149,0.780713954566528,Zea_mays,high_confidence_IR
Zm00001eb356890,Zm00001eb356890.intron1,Zm00001eb356890|8:141774945-141775045:+,8,141774945,141775045,+,Zm00001eb356890_T001,1,no,35,28,28,63,0.555555555555556,0.8,Zea_mays,high_confidence_IR
Zm00001eb357080,Zm00001eb357080.intron1,Zm00001eb357080|8:142574809-142574895:-,8,142574809,142574895,-,Zm00001eb357080_T001,1,no,561,50,561,611,0.918166939443535,1,Zea_mays,high_confidence_IR
Zm00001eb357280,Zm00001eb357280.intron1,Zm00001eb357280|8:143379555-143379708:+,8,143379555,143379708,+,Zm00001eb357280_T001,1,no,428,6,428,434,0.986175115207373,1,Zea_mays,high_confidence_IR
Zm00001eb357270,Zm00001eb357270.intron2,Zm00001eb357270|8:143380672-143380776:+,8,143380672,143380776,+,Zm00001eb357270_T001,1,yes,318,161,284,479,0.663883089770355,0.893081761006289,Zea_mays,high_confidence_IR
Zm00001eb357350,Zm00001eb357350.intron1,Zm00001eb357350|8:143709691-143709765:-,8,143709691,143709765,-,Zm00001eb357350_T001,1,no,30,70,30,100,0.3,1,Zea_mays,high_confidence_IR
Zm00001eb357520,Zm00001eb357520.intron2,Zm00001eb357520|8:144225475-144225596:+,8,144225475,144225596,+,Zm00001eb357520_T002,1,yes,540,10,464,550,0.981818181818182,0.859259259259259,Zea_mays,high_confidence_IR
Zm00001eb357580,Zm00001eb357580.intron1,Zm00001eb357580|8:144669795-144670885:+,8,144669795,144670885,+,Zm00001eb357580_T002,1,yes,2718,828,2081,3546,0.766497461928934,0.765636497424577,Zea_mays,high_confidence_IR
Zm00001eb358700,Zm00001eb358700.intron1,Zm00001eb358700|8:149156696-149156812:+,8,149156696,149156812,+,Zm00001eb358700_T001,1,no,47,151,47,198,0.237373737373737,1,Zea_mays,high_confidence_IR
Zm00001eb358740,Zm00001eb358740.intron2,Zm00001eb358740|8:149335322-149335534:+,8,149335322,149335534,+,Zm00001eb358740_T001,1,no,215,248,154,463,0.464362850971922,0.716279069767442,Zea_mays,high_confidence_IR
Zm00001eb358890,Zm00001eb358890.intron10,Zm00001eb358890|8:149686605-149686685:-,8,149686605,149686685,-,Zm00001eb358890_T002,1,yes,7853,2199,5894,10052,0.781237564663748,0.750541194447982,Zea_mays,high_confidence_IR
Zm00001eb359180,Zm00001eb359180.intron1,Zm00001eb359180|8:150377744-150377816:-,8,150377744,150377816,-,Zm00001eb359180_T001,1,no,15,9,15,24,0.625,1,Zea_mays,high_confidence_IR
Zm00001eb359360,Zm00001eb359360.intron2,Zm00001eb359360|8:151128044-151128132:+,8,151128044,151128132,+,Zm00001eb359360_T001,1,no,54,86,39,140,0.385714285714286,0.722222222222222,Zea_mays,high_confidence_IR
Zm00001eb359440,Zm00001eb359440.intron2,Zm00001eb359440|8:151607774-151608372:-,8,151607774,151608372,-,Zm00001eb359440_T003,1,yes,3432,125,2546,3557,0.964858026426764,0.741841491841492,Zea_mays,high_confidence_IR
Zm00001eb359610,Zm00001eb359610.intron1,Zm00001eb359610|8:152359284-152359975:+,8,152359284,152359975,+,Zm00001eb359610_T001,1,yes,143,325,143,468,0.305555555555556,1,Zea_mays,high_confidence_IR
Zm00001eb360140,Zm00001eb360140.intron2,Zm00001eb360140|8:154200139-154200321:+,8,154200139,154200321,+,Zm00001eb360140_T001,1,no,226,892,199,1118,0.202146690518784,0.880530973451327,Zea_mays,high_confidence_IR
Zm00001eb360810,Zm00001eb360810.intron1,Zm00001eb360810|8:156664588-156664681:-,8,156664588,156664681,-,Zm00001eb360810_T001,1,no,1468,1555,1468,3023,0.485610320873305,1,Zea_mays,high_confidence_IR
Zm00001eb360850,Zm00001eb360850.intron1,Zm00001eb360850|8:156716741-156716834:+,8,156716741,156716834,+,Zm00001eb360850_T001,1,no,104,18,104,122,0.852459016393443,1,Zea_mays,high_confidence_IR
Zm00001eb360880,Zm00001eb360880.intron2,Zm00001eb360880|8:156733331-156735369:-,8,156733331,156735369,-,Zm00001eb360880_T001,1,yes,2576,2446,2021,5022,0.512943050577459,0.784549689440994,Zea_mays,high_confidence_IR
Zm00001eb361310,Zm00001eb361310.intron9,Zm00001eb361310|8:158573581-158574089:+,8,158573581,158574089,+,Zm00001eb361310_T001,1,yes,3448,7,2445,3455,0.997973950795948,0.709106728538283,Zea_mays,high_confidence_IR
Zm00001eb361430,Zm00001eb361430.intron1,Zm00001eb361430|8:158911529-158911614:+,8,158911529,158911614,+,Zm00001eb361430_T001,1,no,329,9,329,338,0.973372781065089,1,Zea_mays,high_confidence_IR
Zm00001eb361730,Zm00001eb361730.intron1,Zm00001eb361730|8:159862800-159862950:-,8,159862800,159862950,-,Zm00001eb361730_T001,1,no,21,44,21,65,0.323076923076923,1,Zea_mays,high_confidence_IR
Zm00001eb362290,Zm00001eb362290.intron1,Zm00001eb362290|8:162971875-162971953:-,8,162971875,162971953,-,Zm00001eb362290_T002,1,yes,69765,7481,69765,77246,0.903153561349455,1,Zea_mays,high_confidence_IR
Zm00001eb362340,Zm00001eb362340.intron1,Zm00001eb362340|8:163058958-163059059:-,8,163058958,163059059,-,Zm00001eb362340_T001,1,no,60,62,59,122,0.491803278688525,0.983333333333333,Zea_mays,high_confidence_IR
Zm00001eb362470,Zm00001eb362470.intron1,Zm00001eb362470|8:163276268-163276369:-,8,163276268,163276369,-,Zm00001eb362470_T001,1,no,93,182,91,275,0.338181818181818,0.978494623655914,Zea_mays,high_confidence_IR
Zm00001eb362480,Zm00001eb362480.intron2,Zm00001eb362480|8:163278845-163279039:-,8,163278845,163279039,-,Zm00001eb362480_T003,1,yes,108838,860,105842,109698,0.992160294627067,0.972472849556221,Zea_mays,high_confidence_IR
Zm00001eb362540,Zm00001eb362540.intron4,Zm00001eb362540|8:163481591-163481733:-,8,163481591,163481733,-,Zm00001eb362540_T001;Zm00001eb362540_T002,2,yes,231,245,166,476,0.485294117647059,0.718614718614719,Zea_mays,high_confidence_IR
Zm00001eb363190,Zm00001eb363190.intron2,Zm00001eb363190|8:165305463-165305556:-,8,165305463,165305556,-,Zm00001eb363190_T001,1,yes,2255,2232,1639,4487,0.502562959661244,0.726829268292683,Zea_mays,high_confidence_IR
Zm00001eb363460,Zm00001eb363460.intron1,Zm00001eb363460|8:165882451-165883729:+,8,165882451,165883729,+,Zm00001eb363460_T001,1,no,519,10,519,529,0.98109640831758,1,Zea_mays,high_confidence_IR
Zm00001eb363630,Zm00001eb363630.intron1,Zm00001eb363630|8:166143011-166143840:+,8,166143011,166143840,+,Zm00001eb363630_T001,1,no,1495,297,1137,1792,0.834263392857143,0.760535117056856,Zea_mays,high_confidence_IR
Zm00001eb364030,Zm00001eb364030.intron2,Zm00001eb364030|8:166860302-166860400:+,8,166860302,166860400,+,Zm00001eb364030_T001,1,no,9,24,7,33,0.272727272727273,0.777777777777778,Zea_mays,high_confidence_IR
Zm00001eb364040,Zm00001eb364040.intron1,Zm00001eb364040|8:166862551-166864684:+,8,166862551,166864684,+,Zm00001eb364040_T001,1,no,55,73,44,128,0.4296875,0.8,Zea_mays,high_confidence_IR
Zm00001eb364230,Zm00001eb364230.intron1,Zm00001eb364230|8:167428001-167428113:-,8,167428001,167428113,-,Zm00001eb364230_T001,1,no,2135,531,1712,2666,0.800825206301575,0.801873536299766,Zea_mays,high_confidence_IR
Zm00001eb365450,Zm00001eb365450.intron1,Zm00001eb365450|8:169907922-169910177:+,8,169907922,169910177,+,Zm00001eb365450_T001,1,no,883,783,735,1666,0.530012004801921,0.832389580973952,Zea_mays,high_confidence_IR
Zm00001eb365460,Zm00001eb365460.intron4,Zm00001eb365460|8:169915267-169915365:-,8,169915267,169915365,-,Zm00001eb365460_T001,1,no,12,41,12,53,0.226415094339623,1,Zea_mays,high_confidence_IR
Zm00001eb366060,Zm00001eb366060.intron2,Zm00001eb366060|8:171375070-171375164:+,8,171375070,171375164,+,Zm00001eb366060_T001,1,no,191,80,180,271,0.70479704797048,0.942408376963351,Zea_mays,high_confidence_IR
Zm00001eb366070,Zm00001eb366070.intron1,Zm00001eb366070|8:171376174-171376254:+,8,171376174,171376254,+,Zm00001eb366070_T001,1,no,28,49,28,77,0.363636363636364,1,Zea_mays,high_confidence_IR
Zm00001eb366350,Zm00001eb366350.intron2,Zm00001eb366350|8:172006910-172011862:+,8,172006910,172011862,+,Zm00001eb366350_T003,1,yes,2994,370,2452,3364,0.890011890606421,0.818971275885104,Zea_mays,high_confidence_IR
Zm00001eb366360,Zm00001eb366360.intron6,Zm00001eb366360|8:172021861-172022213:-,8,172021861,172022213,-,Zm00001eb366360_T002,1,yes,3357,4162,2414,7519,0.446468945338476,0.719094429550194,Zea_mays,high_confidence_IR
Zm00001eb366400,Zm00001eb366400.intron1,Zm00001eb366400|8:172069372-172069445:+,8,172069372,172069445,+,Zm00001eb366400_T001,1,yes,114,76,114,190,0.6,1,Zea_mays,high_confidence_IR
Zm00001eb366430,Zm00001eb366430.intron1,Zm00001eb366430|8:172163784-172163890:+,8,172163784,172163890,+,Zm00001eb366430_T001,1,no,149,85,113,234,0.636752136752137,0.758389261744966,Zea_mays,high_confidence_IR
Zm00001eb366720,Zm00001eb366720.intron5,Zm00001eb366720|8:173057316-173057401:-,8,173057316,173057401,-,Zm00001eb366720_T001,1,yes,39823,205,30239,40028,0.994878584990507,0.759335057630013,Zea_mays,high_confidence_IR
Zm00001eb366980,Zm00001eb366980.intron1,Zm00001eb366980|8:173437623-173437738:+,8,173437623,173437738,+,Zm00001eb366980_T001,1,no,351,154,351,505,0.695049504950495,1,Zea_mays,high_confidence_IR
Zm00001eb367300,Zm00001eb367300.intron1,Zm00001eb367300|8:173984297-173984438:+,8,173984297,173984438,+,Zm00001eb367300_T001,1,no,709,1918,709,2627,0.269889607917777,1,Zea_mays,high_confidence_IR
Zm00001eb367920,Zm00001eb367920.intron2,Zm00001eb367920|8:175320769-175324283:-,8,175320769,175324283,-,Zm00001eb367920_T001,1,no,53,102,48,155,0.341935483870968,0.905660377358491,Zea_mays,high_confidence_IR
Zm00001eb368030,Zm00001eb368030.intron2,Zm00001eb368030|8:175555275-175555414:-,8,175555275,175555414,-,Zm00001eb368030_T002,1,yes,6699,823,5389,7522,0.890587609678277,0.80444842513808,Zea_mays,high_confidence_IR
Zm00001eb369320,Zm00001eb369320.intron3,Zm00001eb369320|8:177838213-177839207:+,8,177838213,177839207,+,Zm00001eb369320_T002,1,yes,20299,99,18054,20398,0.995146582998333,0.88940341888763,Zea_mays,high_confidence_IR
Zm00001eb369440,Zm00001eb369440.intron1,Zm00001eb369440|8:178063861-178064015:-,8,178063861,178064015,-,Zm00001eb369440_T002,1,yes,71835,130,69576,71965,0.99819356631696,0.96855293380664,Zea_mays,high_confidence_IR
Zm00001eb369570,Zm00001eb369570.intron1,Zm00001eb369570|8:178179708-178179803:-,8,178179708,178179803,-,Zm00001eb369570_T001,1,no,157,10,157,167,0.940119760479042,1,Zea_mays,high_confidence_IR
Zm00001eb370330,Zm00001eb370330.intron1,Zm00001eb370330|8:179665817-179666774:+,8,179665817,179666774,+,Zm00001eb370330_T002,1,yes,133153,28,124988,133181,0.999789759800572,0.938679564110459,Zea_mays,high_confidence_IR
Zm00001eb370670,Zm00001eb370670.intron1,Zm00001eb370670|8:180353652-180354521:-,8,180353652,180354521,-,Zm00001eb370670_T001,1,no,113,49,113,162,0.697530864197531,1,Zea_mays,high_confidence_IR
Zm00001eb370770,Zm00001eb370770.intron2,Zm00001eb370770|8:180467805-180468190:-,8,180467805,180468190,-,Zm00001eb370770_T001,1,yes,625,417,517,1042,0.599808061420345,0.8272,Zea_mays,high_confidence_IR
Zm00001eb370790,Zm00001eb370790.intron1,Zm00001eb370790|8:180644879-180644939:+,8,180644879,180644939,+,Zm00001eb370790_T002,1,yes,18290,14,13666,18304,0.99923513986014,0.747184253690541,Zea_mays,high_confidence_IR
Zm00001eb370800,Zm00001eb370800.intron2,Zm00001eb370800|8:180669086-180670740:-,8,180669086,180670740,-,Zm00001eb370800_T001,1,no,4123,2270,3872,6393,0.644924135773502,0.939121998544749,Zea_mays,high_confidence_IR
Zm00001eb370890,Zm00001eb370890.intron1,Zm00001eb370890|8:180785264-180786252:+,8,180785264,180786252,+,Zm00001eb370890_T001,1,no,640,1513,640,2153,0.297259637714817,1,Zea_mays,high_confidence_IR
Zm00001eb370910,Zm00001eb370910.intron1,Zm00001eb370910|8:180799609-180799720:+,8,180799609,180799720,+,Zm00001eb370910_T001,1,no,32313,1682,32313,33995,0.950522135608178,1,Zea_mays,high_confidence_IR
Zm00001eb371070,Zm00001eb371070.intron2,Zm00001eb371070|8:181274232-181274351:+,8,181274232,181274351,+,Zm00001eb371070_T002,1,yes,10283,36,9094,10319,0.996511289853668,0.884372264903238,Zea_mays,high_confidence_IR
Zm00001eb371100,Zm00001eb371100.intron19,Zm00001eb371100|8:181421390-181421477:+,8,181421390,181421477,+,Zm00001eb371100_T001;Zm00001eb371100_T006,2,yes,1796,3917,1726,5713,0.314370733415018,0.961024498886414,Zea_mays,high_confidence_IR
Zm00001eb371230,Zm00001eb371230.intron3,Zm00001eb371230|8:181858864-181859053:+,8,181858864,181859053,+,Zm00001eb371230_T002,1,yes,27523,29,24028,27552,0.998947444831591,0.873015296297642,Zea_mays,high_confidence_IR
Zm00001eb371480,Zm00001eb371480.intron1,Zm00001eb371480|9:2056631-2056719:-,9,2056631,2056719,-,Zm00001eb371480_T001,1,no,376,6,376,382,0.984293193717278,1,Zea_mays,high_confidence_IR
Zm00001eb371730,Zm00001eb371730.intron2,Zm00001eb371730|9:2958364-2967897:+,9,2958364,2967897,+,Zm00001eb371730_T001,1,no,95,132,88,227,0.418502202643172,0.926315789473684,Zea_mays,high_confidence_IR
Zm00001eb372020,Zm00001eb372020.intron1,Zm00001eb372020|9:4373110-4373410:-,9,4373110,4373410,-,Zm00001eb372020_T001,1,no,9,11,9,20,0.45,1,Zea_mays,high_confidence_IR
Zm00001eb372430,Zm00001eb372430.intron1,Zm00001eb372430|9:6149290-6149643:-,9,6149290,6149643,-,Zm00001eb372430_T001,1,no,31,69,31,100,0.31,1,Zea_mays,high_confidence_IR
Zm00001eb372550,Zm00001eb372550.intron1,Zm00001eb372550|9:6667112-6668807:-,9,6667112,6668807,-,Zm00001eb372550_T001,1,no,785,2304,567,3089,0.254127549368728,0.722292993630573,Zea_mays,high_confidence_IR
Zm00001eb373660,Zm00001eb373660.intron1,Zm00001eb373660|9:11118113-11118198:-,9,11118113,11118198,-,Zm00001eb373660_T001,1,no,62,36,56,98,0.63265306122449,0.903225806451613,Zea_mays,high_confidence_IR
Zm00001eb373790,Zm00001eb373790.intron1,Zm00001eb373790|9:11659464-11660882:-,9,11659464,11660882,-,Zm00001eb373790_T002,1,yes,85,13,85,98,0.86734693877551,1,Zea_mays,high_confidence_IR
Zm00001eb373900,Zm00001eb373900.intron2,Zm00001eb373900|9:12169034-12169654:-,9,12169034,12169654,-,Zm00001eb373900_T001,1,yes,1008,3515,912,4523,0.222860933009065,0.904761904761905,Zea_mays,high_confidence_IR
Zm00001eb374110,Zm00001eb374110.intron2,Zm00001eb374110|9:12873713-12873799:-,9,12873713,12873799,-,Zm00001eb374110_T001,1,yes,29390,47481,26419,76871,0.382328836622393,0.89891119428377,Zea_mays,high_confidence_IR
Zm00001eb374280,Zm00001eb374280.intron2,Zm00001eb374280|9:13262588-13262752:-,9,13262588,13262752,-,Zm00001eb374280_T001,1,yes,2371,79,1692,2450,0.967755102040816,0.713622943905525,Zea_mays,high_confidence_IR
Zm00001eb374500,Zm00001eb374500.intron1,Zm00001eb374500|9:13992206-13992289:+,9,13992206,13992289,+,Zm00001eb374500_T002,1,yes,1621,140,1322,1761,0.920499716070415,0.815545959284392,Zea_mays,high_confidence_IR
Zm00001eb374610,Zm00001eb374610.intron1,Zm00001eb374610|9:14339222-14339400:-,9,14339222,14339400,-,Zm00001eb374610_T001,1,no,3617,232,3617,3849,0.939724603793193,1,Zea_mays,high_confidence_IR
Zm00001eb374930,Zm00001eb374930.intron1,Zm00001eb374930|9:15591149-15591245:+,9,15591149,15591245,+,Zm00001eb374930_T001,1,no,34,64,34,98,0.346938775510204,1,Zea_mays,high_confidence_IR
Zm00001eb375110,Zm00001eb375110.intron1,Zm00001eb375110|9:16105378-16106378:+,9,16105378,16106378,+,Zm00001eb375110_T001,1,yes,43,117,43,160,0.26875,1,Zea_mays,high_confidence_IR
Zm00001eb375160,Zm00001eb375160.intron2,Zm00001eb375160|9:16216489-16216658:+,9,16216489,16216658,+,Zm00001eb375160_T001,1,no,82,87,64,169,0.485207100591716,0.780487804878049,Zea_mays,high_confidence_IR
Zm00001eb375180,Zm00001eb375180.intron2,Zm00001eb375180|9:16373235-16374295:-,9,16373235,16374295,-,Zm00001eb375180_T001,1,no,288,36,214,324,0.888888888888889,0.743055555555556,Zea_mays,high_confidence_IR
Zm00001eb375220,Zm00001eb375220.intron1,Zm00001eb375220|9:16448719-16448822:-,9,16448719,16448822,-,Zm00001eb375220_T001,1,no,63,170,63,233,0.270386266094421,1,Zea_mays,high_confidence_IR
Zm00001eb375640,Zm00001eb375640.intron2,Zm00001eb375640|9:18070843-18072608:-,9,18070843,18072608,-,Zm00001eb375640_T001,1,no,2358,8690,2002,11048,0.213432295438088,0.8490245971162,Zea_mays,high_confidence_IR
Zm00001eb376290,Zm00001eb376290.intron1,Zm00001eb376290|9:19597593-19597709:-,9,19597593,19597709,-,Zm00001eb376290_T001,1,no,234,70,234,304,0.769736842105263,1,Zea_mays,high_confidence_IR
Zm00001eb376580,Zm00001eb376580.intron1,Zm00001eb376580|9:20442929-20443689:-,9,20442929,20443689,-,Zm00001eb376580_T001,1,no,42,26,42,68,0.617647058823529,1,Zea_mays,high_confidence_IR
Zm00001eb376660,Zm00001eb376660.intron1,Zm00001eb376660|9:20701588-20701674:-,9,20701588,20701674,-,Zm00001eb376660_T001,1,no,590,177,590,767,0.769230769230769,1,Zea_mays,high_confidence_IR
Zm00001eb376670,Zm00001eb376670.intron16,Zm00001eb376670|9:20711628-20711767:+,9,20711628,20711767,+,Zm00001eb376670_T004,1,yes,55301,64,44527,55365,0.998844035040188,0.805175313285474,Zea_mays,high_confidence_IR
Zm00001eb377290,Zm00001eb377290.intron4,Zm00001eb377290|9:22302700-22304030:-,9,22302700,22304030,-,Zm00001eb377290_T001,1,yes,3194,5735,2323,8929,0.357710829880166,0.727301189730745,Zea_mays,high_confidence_IR
Zm00001eb377320,Zm00001eb377320.intron1,Zm00001eb377320|9:22320899-22321020:+,9,22320899,22321020,+,Zm00001eb377320_T001,1,no,2215,8,2215,2223,0.996401259559154,1,Zea_mays,high_confidence_IR
Zm00001eb377770,Zm00001eb377770.intron1,Zm00001eb377770|9:23589816-23590601:-,9,23589816,23590601,-,Zm00001eb377770_T001,1,no,62,29,62,91,0.681318681318681,1,Zea_mays,high_confidence_IR
Zm00001eb377780,Zm00001eb377780.intron1,Zm00001eb377780|9:23590358-23590534:+,9,23590358,23590534,+,Zm00001eb377780_T001,1,no,312,219,312,531,0.587570621468927,1,Zea_mays,high_confidence_IR
Zm00001eb377880,Zm00001eb377880.intron1,Zm00001eb377880|9:24014979-24015104:-,9,24014979,24015104,-,Zm00001eb377880_T001,1,no,52,79,52,131,0.396946564885496,1,Zea_mays,high_confidence_IR
Zm00001eb377990,Zm00001eb377990.intron4,Zm00001eb377990|9:24495997-24533141:+,9,24495997,24533141,+,Zm00001eb377990_T001,1,no,764,551,567,1315,0.580988593155894,0.742146596858639,Zea_mays,high_confidence_IR
Zm00001eb378000,Zm00001eb378000.intron1,Zm00001eb378000|9:24535727-24537277:+,9,24535727,24537277,+,Zm00001eb378000_T001,1,yes,36999,358,35571,37357,0.990416789356747,0.961404362280062,Zea_mays,high_confidence_IR
Zm00001eb378260,Zm00001eb378260.intron1,Zm00001eb378260|9:25650841-25650932:+,9,25650841,25650932,+,Zm00001eb378260_T001,1,no,781,2668,611,3449,0.226442447086112,0.782330345710627,Zea_mays,high_confidence_IR
Zm00001eb378270,Zm00001eb378270.intron2,Zm00001eb378270|9:25654562-25656987:-,9,25654562,25656987,-,Zm00001eb378270_T001,1,yes,1311,542,996,1853,0.707501349163519,0.759725400457666,Zea_mays,high_confidence_IR
Zm00001eb378280,Zm00001eb378280.intron1,Zm00001eb378280|9:25716095-25716124:-,9,25716095,25716124,-,Zm00001eb378280_T001;Zm00001eb378280_T002,2,yes,15567,1583,13476,17150,0.907696793002916,0.865677394488341,Zea_mays,high_confidence_IR
Zm00001eb378360,Zm00001eb378360.intron13,Zm00001eb378360|9:26078739-26078850:-,9,26078739,26078850,-,Zm00001eb378360_T001,1,yes,20807,16802,14971,37609,0.553245233853599,0.719517470082184,Zea_mays,high_confidence_IR
Zm00001eb378440,Zm00001eb378440.intron2,Zm00001eb378440|9:26408718-26408864:-,9,26408718,26408864,-,Zm00001eb378440_T001,1,yes,6700,10414,5613,17114,0.391492345448171,0.837761194029851,Zea_mays,high_confidence_IR
Zm00001eb378540,Zm00001eb378540.intron4,Zm00001eb378540|9:26633564-26634334:-,9,26633564,26634334,-,Zm00001eb378540_T003,1,yes,15,6,11,21,0.714285714285714,0.733333333333333,Zea_mays,high_confidence_IR
Zm00001eb378590,Zm00001eb378590.intron1,Zm00001eb378590|9:26943233-26943661:+,9,26943233,26943661,+,Zm00001eb378590_T002,1,yes,2659,10,2659,2669,0.996253278381416,1,Zea_mays,high_confidence_IR
Zm00001eb378750,Zm00001eb378750.intron1,Zm00001eb378750|9:27306649-27306779:-,9,27306649,27306779,-,Zm00001eb378750_T001,1,yes,13978,32,13217,14010,0.997715917201999,0.945557304335384,Zea_mays,high_confidence_IR
Zm00001eb378820,Zm00001eb378820.intron4,Zm00001eb378820|9:27729616-27729715:+,9,27729616,27729715,+,Zm00001eb378820_T002,1,yes,3009,46,2355,3055,0.98494271685761,0.782652043868395,Zea_mays,high_confidence_IR
Zm00001eb378890,Zm00001eb378890.intron1,Zm00001eb378890|9:27837850-27837936:+,9,27837850,27837936,+,Zm00001eb378890_T001,1,no,282,54,262,336,0.839285714285714,0.929078014184397,Zea_mays,high_confidence_IR
Zm00001eb379020,Zm00001eb379020.intron1,Zm00001eb379020|9:28560299-28560386:+,9,28560299,28560386,+,Zm00001eb379020_T001;Zm00001eb379020_T002,2,no,434,74,423,508,0.854330708661417,0.974654377880184,Zea_mays,high_confidence_IR
Zm00001eb379070,Zm00001eb379070.intron1,Zm00001eb379070|9:28616979-28617067:-,9,28616979,28617067,-,Zm00001eb379070_T001,1,yes,2587,7476,2058,10063,0.257080393520819,0.795516041747197,Zea_mays,high_confidence_IR
Zm00001eb379270,Zm00001eb379270.intron1,Zm00001eb379270|9:29136211-29136315:+,9,29136211,29136315,+,Zm00001eb379270_T001,1,yes,36920,6136,35279,43056,0.857487922705314,0.955552546045504,Zea_mays,high_confidence_IR
Zm00001eb380040,Zm00001eb380040.intron1,Zm00001eb380040|9:34486781-34486842:-,9,34486781,34486842,-,Zm00001eb380040_T001,1,no,4392,5,4392,4397,0.998862861041619,1,Zea_mays,high_confidence_IR
Zm00001eb380090,Zm00001eb380090.intron1,Zm00001eb380090|9:34684316-34684397:+,9,34684316,34684397,+,Zm00001eb380090_T001,1,no,221,42,221,263,0.840304182509506,1,Zea_mays,high_confidence_IR
Zm00001eb380260,Zm00001eb380260.intron2,Zm00001eb380260|9:36441470-36443557:+,9,36441470,36443557,+,Zm00001eb380260_T002,1,yes,39424,7720,30092,47144,0.836246394026811,0.763291396103896,Zea_mays,high_confidence_IR
Zm00001eb380390,Zm00001eb380390.intron1,Zm00001eb380390|9:37032494-37032610:-,9,37032494,37032610,-,Zm00001eb380390_T001,1,no,394,922,394,1316,0.299392097264438,1,Zea_mays,high_confidence_IR
Zm00001eb380520,Zm00001eb380520.intron3,Zm00001eb380520|9:38203606-38204695:+,9,38203606,38204695,+,Zm00001eb380520_T001,1,yes,25546,633,19604,26179,0.975820313992131,0.767399984341971,Zea_mays,high_confidence_IR
Zm00001eb380650,Zm00001eb380650.intron2,Zm00001eb380650|9:39314774-39314863:-,9,39314774,39314863,-,Zm00001eb380650_T001,1,no,14312,14567,12704,28879,0.495585027182382,0.887646730016769,Zea_mays,high_confidence_IR
Zm00001eb380720,Zm00001eb380720.intron1,Zm00001eb380720|9:39965190-39965273:+,9,39965190,39965273,+,Zm00001eb380720_T001,1,yes,9282,5,9282,9287,0.99946161300743,1,Zea_mays,high_confidence_IR
Zm00001eb381830,Zm00001eb381830.intron1,Zm00001eb381830|9:48683763-48684025:+,9,48683763,48684025,+,Zm00001eb381830_T002,1,yes,3774,11,3774,3785,0.997093791281374,1,Zea_mays,high_confidence_IR
Zm00001eb381920,Zm00001eb381920.intron2,Zm00001eb381920|9:49096994-49097183:+,9,49096994,49097183,+,Zm00001eb381920_T001,1,yes,21115,5,16081,21120,0.999763257575758,0.761591285815771,Zea_mays,high_confidence_IR
Zm00001eb382010,Zm00001eb382010.intron1,Zm00001eb382010|9:49601286-49601424:+,9,49601286,49601424,+,Zm00001eb382010_T001,1,no,76,25,76,101,0.752475247524752,1,Zea_mays,high_confidence_IR
Zm00001eb382160,Zm00001eb382160.intron4,Zm00001eb382160|9:51230260-51239214:-,9,51230260,51239214,-,Zm00001eb382160_T002,1,yes,6759,356,6043,7115,0.949964862965566,0.89406716969966,Zea_mays,high_confidence_IR
Zm00001eb382200,Zm00001eb382200.intron1,Zm00001eb382200|9:51561748-51561949:-,9,51561748,51561949,-,Zm00001eb382200_T001,1,no,727,10,727,737,0.986431478968792,1,Zea_mays,high_confidence_IR
Zm00001eb382360,Zm00001eb382360.intron2,Zm00001eb382360|9:54005286-54024557:-,9,54005286,54024557,-,Zm00001eb382360_T003,1,yes,2383,38,2354,2421,0.984304006608839,0.987830465799412,Zea_mays,high_confidence_IR
Zm00001eb382480,Zm00001eb382480.intron2,Zm00001eb382480|9:55168065-55168196:+,9,55168065,55168196,+,Zm00001eb382480_T001;Zm00001eb382480_T002,2,yes,6312,14257,4491,20569,0.306869560989839,0.711501901140684,Zea_mays,high_confidence_IR
Zm00001eb382830,Zm00001eb382830.intron1,Zm00001eb382830|9:62841934-62852328:+,9,62841934,62852328,+,Zm00001eb382830_T001,1,no,7,11,7,18,0.388888888888889,1,Zea_mays,high_confidence_IR
Zm00001eb382890,Zm00001eb382890.intron1,Zm00001eb382890|9:63253670-63253761:+,9,63253670,63253761,+,Zm00001eb382890_T001,1,no,48,19,48,67,0.716417910447761,1,Zea_mays,high_confidence_IR
Zm00001eb383160,Zm00001eb383160.intron1,Zm00001eb383160|9:66550121-66550162:+,9,66550121,66550162,+,Zm00001eb383160_T001,1,no,7474,5,7474,7479,0.999331461425324,1,Zea_mays,high_confidence_IR
Zm00001eb383330,Zm00001eb383330.intron3,Zm00001eb383330|9:68069196-68069275:-,9,68069196,68069275,-,Zm00001eb383330_T003,1,yes,13564,518,10350,14082,0.963215452350518,0.763049248009437,Zea_mays,high_confidence_IR
Zm00001eb383590,Zm00001eb383590.intron1,Zm00001eb383590|9:70297699-70298156:+,9,70297699,70298156,+,Zm00001eb383590_T001,1,no,45,16,45,61,0.737704918032787,1,Zea_mays,high_confidence_IR
Zm00001eb385140,Zm00001eb385140.intron1,Zm00001eb385140|9:84827267-84827780:+,9,84827267,84827780,+,Zm00001eb385140_T001,1,no,18,18,15,36,0.5,0.833333333333333,Zea_mays,high_confidence_IR
Zm00001eb385510,Zm00001eb385510.intron1,Zm00001eb385510|9:88802387-88802566:+,9,88802387,88802566,+,Zm00001eb385510_T002,1,yes,6391,27,6000,6418,0.995793081956996,0.93882021592865,Zea_mays,high_confidence_IR
Zm00001eb385570,Zm00001eb385570.intron1,Zm00001eb385570|9:89129518-89129601:+,9,89129518,89129601,+,Zm00001eb385570_T002,1,yes,10142,204,10142,10346,0.98028223468007,1,Zea_mays,high_confidence_IR
Zm00001eb385970,Zm00001eb385970.intron2,Zm00001eb385970|9:92694158-92694285:-,9,92694158,92694285,-,Zm00001eb385970_T001,1,yes,2895,652,2577,3547,0.816182689596842,0.890155440414508,Zea_mays,high_confidence_IR
Zm00001eb386260,Zm00001eb386260.intron1,Zm00001eb386260|9:94536258-94537537:-,9,94536258,94537537,-,Zm00001eb386260_T001,1,yes,85,75,85,160,0.53125,1,Zea_mays,high_confidence_IR
Zm00001eb386380,Zm00001eb386380.intron2,Zm00001eb386380|9:95487502-95489426:+,9,95487502,95489426,+,Zm00001eb386380_T001,1,no,123,32,89,155,0.793548387096774,0.723577235772358,Zea_mays,high_confidence_IR
Zm00001eb386450,Zm00001eb386450.intron3,Zm00001eb386450|9:96097091-96097167:+,9,96097091,96097167,+,Zm00001eb386450_T001,1,no,19,45,17,64,0.296875,0.894736842105263,Zea_mays,high_confidence_IR
Zm00001eb386940,Zm00001eb386940.intron3,Zm00001eb386940|9:99143059-99143265:-,9,99143059,99143265,-,Zm00001eb386940_T004,1,yes,39708,55,33969,39763,0.99861680456706,0.855469930492596,Zea_mays,high_confidence_IR
Zm00001eb387080,Zm00001eb387080.intron1,Zm00001eb387080|9:99841231-99841315:+,9,99841231,99841315,+,Zm00001eb387080_T001,1,no,30,100,30,130,0.230769230769231,1,Zea_mays,high_confidence_IR
Zm00001eb387140,Zm00001eb387140.intron1,Zm00001eb387140|9:100175370-100175495:+,9,100175370,100175495,+,Zm00001eb387140_T002,1,yes,2428,96,1746,2524,0.961965134706815,0.719110378912685,Zea_mays,high_confidence_IR
Zm00001eb388170,Zm00001eb388170.intron2,Zm00001eb388170|9:105825872-105826032:-,9,105825872,105826032,-,Zm00001eb388170_T001,1,no,283,201,264,484,0.584710743801653,0.932862190812721,Zea_mays,high_confidence_IR
Zm00001eb388630,Zm00001eb388630.intron1,Zm00001eb388630|9:108447627-108447706:+,9,108447627,108447706,+,Zm00001eb388630_T001,1,no,25,10,25,35,0.714285714285714,1,Zea_mays,high_confidence_IR
Zm00001eb388840,Zm00001eb388840.intron1,Zm00001eb388840|9:110111656-110112538:+,9,110111656,110112538,+,Zm00001eb388840_T002,1,yes,14971,624,13600,15595,0.959987175376723,0.908422951038675,Zea_mays,high_confidence_IR
Zm00001eb388910,Zm00001eb388910.intron3,Zm00001eb388910|9:110151578-110151663:-,9,110151578,110151663,-,Zm00001eb388910_T002,1,yes,213,14,155,227,0.938325991189427,0.727699530516432,Zea_mays,high_confidence_IR
Zm00001eb389180,Zm00001eb389180.intron6,Zm00001eb389180|9:110748706-110748791:+,9,110748706,110748791,+,Zm00001eb389180_T001,1,yes,1501,129,1230,1630,0.920858895705521,0.819453697534977,Zea_mays,high_confidence_IR
Zm00001eb389360,Zm00001eb389360.intron1,Zm00001eb389360|9:111775427-111776796:-,9,111775427,111776796,-,Zm00001eb389360_T001,1,no,25,87,23,112,0.223214285714286,0.92,Zea_mays,high_confidence_IR
Zm00001eb389530,Zm00001eb389530.intron1,Zm00001eb389530|9:112886044-112886288:-,9,112886044,112886288,-,Zm00001eb389530_T001,1,no,106881,33,106881,106914,0.999691340703743,1,Zea_mays,high_confidence_IR
Zm00001eb389670,Zm00001eb389670.intron3,Zm00001eb389670|9:113646601-113646689:-,9,113646601,113646689,-,Zm00001eb389670_T001,1,yes,3525,226,2655,3751,0.939749400159957,0.753191489361702,Zea_mays,high_confidence_IR
Zm00001eb390210,Zm00001eb390210.intron1,Zm00001eb390210|9:116556541-116557064:-,9,116556541,116557064,-,Zm00001eb390210_T001,1,yes,603,2342,603,2945,0.204753820033956,1,Zea_mays,high_confidence_IR
Zm00001eb390220,Zm00001eb390220.intron1,Zm00001eb390220|9:116677784-116678835:-,9,116677784,116678835,-,Zm00001eb390220_T001,1,no,2461,1688,2461,4149,0.593154977102916,1,Zea_mays,high_confidence_IR
Zm00001eb390230,Zm00001eb390230.intron1,Zm00001eb390230|9:116681153-116681906:-,9,116681153,116681906,-,Zm00001eb390230_T001,1,no,123,11,123,134,0.917910447761194,1,Zea_mays,high_confidence_IR
Zm00001eb390450,Zm00001eb390450.intron4,Zm00001eb390450|9:117788867-117788981:-,9,117788867,117788981,-,Zm00001eb390450_T001,1,yes,7813,15582,6604,23395,0.333960247916221,0.845257903494176,Zea_mays,high_confidence_IR
Zm00001eb390730,Zm00001eb390730.intron1,Zm00001eb390730|9:118934941-118935074:-,9,118934941,118935074,-,Zm00001eb390730_T002,1,yes,305,79,305,384,0.794270833333333,1,Zea_mays,high_confidence_IR
Zm00001eb392030,Zm00001eb392030.intron1,Zm00001eb392030|9:123906384-123909710:+,9,123906384,123909710,+,Zm00001eb392030_T001,1,no,214,230,176,444,0.481981981981982,0.822429906542056,Zea_mays,high_confidence_IR
Zm00001eb392040,Zm00001eb392040.intron1,Zm00001eb392040|9:123915840-123915920:+,9,123915840,123915920,+,Zm00001eb392040_T001,1,no,24,44,24,68,0.352941176470588,1,Zea_mays,high_confidence_IR
Zm00001eb392380,Zm00001eb392380.intron1,Zm00001eb392380|9:125393225-125395090:+,9,125393225,125395090,+,Zm00001eb392380_T001,1,yes,13,36,13,49,0.26530612244898,1,Zea_mays,high_confidence_IR
Zm00001eb392490,Zm00001eb392490.intron1,Zm00001eb392490|9:126077699-126078729:+,9,126077699,126078729,+,Zm00001eb392490_T001,1,no,773,2619,773,3392,0.227889150943396,1,Zea_mays,high_confidence_IR
Zm00001eb392680,Zm00001eb392680.intron2,Zm00001eb392680|9:127188967-127191308:-,9,127188967,127191308,-,Zm00001eb392680_T002,1,yes,1984,623,1571,2607,0.761028001534331,0.791834677419355,Zea_mays,high_confidence_IR
Zm00001eb393000,Zm00001eb393000.intron1,Zm00001eb393000|9:128560205-128560575:-,9,128560205,128560575,-,Zm00001eb393000_T001,1,no,507,531,507,1038,0.488439306358382,1,Zea_mays,high_confidence_IR
Zm00001eb393020,Zm00001eb393020.intron2,Zm00001eb393020|9:128640296-128640367:+,9,128640296,128640367,+,Zm00001eb393020_T001,1,no,5851,118,5125,5969,0.980231194504942,0.875918646385233,Zea_mays,high_confidence_IR
Zm00001eb393200,Zm00001eb393200.intron2,Zm00001eb393200|9:129479990-129480963:+,9,129479990,129480963,+,Zm00001eb393200_T001,1,yes,36114,5,32839,36119,0.999861568703452,0.909314947111923,Zea_mays,high_confidence_IR
Zm00001eb393290,Zm00001eb393290.intron1,Zm00001eb393290|9:129873768-129873852:-,9,129873768,129873852,-,Zm00001eb393290_T002,1,yes,2727,68,2727,2795,0.97567084078712,1,Zea_mays,high_confidence_IR
Zm00001eb394350,Zm00001eb394350.intron1,Zm00001eb394350|9:133914448-133914542:-,9,133914448,133914542,-,Zm00001eb394350_T001,1,no,2753,40,2753,2793,0.985678481919083,1,Zea_mays,high_confidence_IR
Zm00001eb394780,Zm00001eb394780.intron1,Zm00001eb394780|9:135319761-135320034:-,9,135319761,135320034,-,Zm00001eb394780_T001,1,no,107,95,107,202,0.52970297029703,1,Zea_mays,high_confidence_IR
Zm00001eb394970,Zm00001eb394970.intron2,Zm00001eb394970|9:136327724-136329056:+,9,136327724,136329056,+,Zm00001eb394970_T001,1,no,5317,75,4960,5392,0.986090504451039,0.932856874177168,Zea_mays,high_confidence_IR
Zm00001eb395240,Zm00001eb395240.intron1,Zm00001eb395240|9:137562933-137563039:-,9,137562933,137563039,-,Zm00001eb395240_T002,1,yes,14604,21,14604,14625,0.998564102564103,1,Zea_mays,high_confidence_IR
Zm00001eb395750,Zm00001eb395750.intron1,Zm00001eb395750|9:140222450-140225584:+,9,140222450,140225584,+,Zm00001eb395750_T001,1,no,3283,275,3283,3558,0.922709387296234,1,Zea_mays,high_confidence_IR
Zm00001eb395940,Zm00001eb395940.intron1,Zm00001eb395940|9:140608709-140608829:+,9,140608709,140608829,+,Zm00001eb395940_T002,1,yes,48,11,45,59,0.813559322033898,0.9375,Zea_mays,high_confidence_IR
Zm00001eb395980,Zm00001eb395980.intron4,Zm00001eb395980|9:140760886-140760970:-,9,140760886,140760970,-,Zm00001eb395980_T001,1,no,22,75,16,97,0.22680412371134,0.727272727272727,Zea_mays,high_confidence_IR
Zm00001eb396290,Zm00001eb396290.intron1,Zm00001eb396290|9:141869682-141870451:-,9,141869682,141870451,-,Zm00001eb396290_T001,1,no,49,195,49,244,0.200819672131148,1,Zea_mays,high_confidence_IR
Zm00001eb396580,Zm00001eb396580.intron1,Zm00001eb396580|9:142886347-142892046:+,9,142886347,142892046,+,Zm00001eb396580_T001,1,no,382,485,382,867,0.440599769319493,1,Zea_mays,high_confidence_IR
Zm00001eb396610,Zm00001eb396610.intron1,Zm00001eb396610|9:142896505-142896582:+,9,142896505,142896582,+,Zm00001eb396610_T001,1,yes,6443,125,6443,6568,0.980968331303289,1,Zea_mays,high_confidence_IR
Zm00001eb396670,Zm00001eb396670.intron2,Zm00001eb396670|9:142998862-142999507:+,9,142998862,142999507,+,Zm00001eb396670_T001,1,yes,5348,293,4375,5641,0.948058854812976,0.818062827225131,Zea_mays,high_confidence_IR
Zm00001eb396730,Zm00001eb396730.intron6,Zm00001eb396730|9:143157253-143157500:-,9,143157253,143157500,-,Zm00001eb396730_T001,1,yes,65201,113,54504,65314,0.998269896193772,0.835938099108909,Zea_mays,high_confidence_IR
Zm00001eb396910,Zm00001eb396910.intron1,Zm00001eb396910|9:143432215-143432706:-,9,143432215,143432706,-,Zm00001eb396910_T001,1,no,19,38,19,57,0.333333333333333,1,Zea_mays,high_confidence_IR
Zm00001eb396920,Zm00001eb396920.intron4,Zm00001eb396920|9:143487561-143487712:-,9,143487561,143487712,-,Zm00001eb396920_T002,1,yes,1743,55,1306,1798,0.969410456062291,0.749282845668388,Zea_mays,high_confidence_IR
Zm00001eb396930,Zm00001eb396930.intron1,Zm00001eb396930|9:143498082-143498171:-,9,143498082,143498171,-,Zm00001eb396930_T001,1,no,57,144,57,201,0.283582089552239,1,Zea_mays,high_confidence_IR
Zm00001eb396950,Zm00001eb396950.intron3,Zm00001eb396950|9:143545730-143547934:+,9,143545730,143547934,+,Zm00001eb396950_T002,1,yes,8429,41,6788,8470,0.995159386068477,0.805314983983865,Zea_mays,high_confidence_IR
Zm00001eb396970,Zm00001eb396970.intron3,Zm00001eb396970|9:143668392-143668875:-,9,143668392,143668875,-,Zm00001eb396970_T002,1,yes,155,264,122,419,0.369928400954654,0.787096774193548,Zea_mays,high_confidence_IR
Zm00001eb397350,Zm00001eb397350.intron1,Zm00001eb397350|9:144887097-144887194:-,9,144887097,144887194,-,Zm00001eb397350_T002,1,yes,4705,2854,4060,7559,0.622436830268554,0.862911795961743,Zea_mays,high_confidence_IR
Zm00001eb398560,Zm00001eb398560.intron1,Zm00001eb398560|9:148541785-148541919:+,9,148541785,148541919,+,Zm00001eb398560_T001,1,no,2036,422,2036,2458,0.828315703824247,1,Zea_mays,high_confidence_IR
Zm00001eb398600,Zm00001eb398600.intron1,Zm00001eb398600|9:148747459-148747540:-,9,148747459,148747540,-,Zm00001eb398600_T001,1,no,583,998,583,1581,0.368753953194181,1,Zea_mays,high_confidence_IR
Zm00001eb398950,Zm00001eb398950.intron1,Zm00001eb398950|9:149490970-149491123:-,9,149490970,149491123,-,Zm00001eb398950_T001,1,no,535,541,535,1076,0.497211895910781,1,Zea_mays,high_confidence_IR
Zm00001eb398970,Zm00001eb398970.intron1,Zm00001eb398970|9:149521053-149522197:-,9,149521053,149522197,-,Zm00001eb398970_T001,1,no,14617,4781,11363,19398,0.753531291885761,0.777382499828966,Zea_mays,high_confidence_IR
Zm00001eb399010,Zm00001eb399010.intron5,Zm00001eb399010|9:149596760-149596909:-,9,149596760,149596909,-,Zm00001eb399010_T001,1,yes,23482,101,20918,23583,0.995717253954119,0.89080998211396,Zea_mays,high_confidence_IR
Zm00001eb399040,Zm00001eb399040.intron2,Zm00001eb399040|9:149774006-149774113:-,9,149774006,149774113,-,Zm00001eb399040_T002,1,yes,9220,369,8343,9589,0.961518406507456,0.904880694143167,Zea_mays,high_confidence_IR
Zm00001eb399480,Zm00001eb399480.intron1,Zm00001eb399480|9:151279294-151279368:-,9,151279294,151279368,-,Zm00001eb399480_T001,1,no,3995,1703,3995,5698,0.701123201123201,1,Zea_mays,high_confidence_IR
Zm00001eb399900,Zm00001eb399900.intron1,Zm00001eb399900|9:152370229-152370362:-,9,152370229,152370362,-,Zm00001eb399900_T001,1,yes,40125,10,30685,40135,0.999750840911922,0.764735202492212,Zea_mays,high_confidence_IR
Zm00001eb401310,Zm00001eb401310.intron3,Zm00001eb401310|9:155889437-155890153:+,9,155889437,155890153,+,Zm00001eb401310_T001,1,no,36,48,36,84,0.428571428571429,1,Zea_mays,high_confidence_IR
Zm00001eb401410,Zm00001eb401410.intron1,Zm00001eb401410|9:156006586-156007246:-,9,156006586,156007246,-,Zm00001eb401410_T001,1,no,714,449,714,1163,0.613929492691316,1,Zea_mays,high_confidence_IR
Zm00001eb401440,Zm00001eb401440.intron1,Zm00001eb401440|9:156095531-156095551:+,9,156095531,156095551,+,Zm00001eb401440_T001,1,no,352,16,352,368,0.956521739130435,1,Zea_mays,high_confidence_IR
Zm00001eb402260,Zm00001eb402260.intron1,Zm00001eb402260|9:157718445-157719746:+,9,157718445,157719746,+,Zm00001eb402260_T002,1,yes,7527,188,5419,7715,0.975631885936487,0.719941543775741,Zea_mays,high_confidence_IR
Zm00001eb402420,Zm00001eb402420.intron1,Zm00001eb402420|9:157843250-157843447:+,9,157843250,157843447,+,Zm00001eb402420_T001,1,yes,90,233,90,323,0.278637770897833,1,Zea_mays,high_confidence_IR
Zm00001eb402780,Zm00001eb402780.intron3,Zm00001eb402780|9:158445401-158445493:+,9,158445401,158445493,+,Zm00001eb402780_T001,1,yes,3010,226,2424,3236,0.930160692212608,0.80531561461794,Zea_mays,high_confidence_IR
Zm00001eb403030,Zm00001eb403030.intron1,Zm00001eb403030|9:158877585-158877713:-,9,158877585,158877713,-,Zm00001eb403030_T001,1,no,83,63,83,146,0.568493150684932,1,Zea_mays,high_confidence_IR
Zm00001eb403130,Zm00001eb403130.intron2,Zm00001eb403130|9:159049351-159049503:-,9,159049351,159049503,-,Zm00001eb403130_T003,1,yes,1836,10,1381,1846,0.994582881906826,0.752178649237473,Zea_mays,high_confidence_IR
Zm00001eb404450,Zm00001eb404450.intron3,Zm00001eb404450|9:161748421-161748529:-,9,161748421,161748529,-,Zm00001eb404450_T001,1,no,24,5,19,29,0.827586206896552,0.791666666666667,Zea_mays,high_confidence_IR
Zm00001eb404460,Zm00001eb404460.intron2,Zm00001eb404460|9:161748421-161748529:-,9,161748421,161748529,-,Zm00001eb404460_T001,1,no,24,5,19,29,0.827586206896552,0.791666666666667,Zea_mays,high_confidence_IR
Zm00001eb404590,Zm00001eb404590.intron2,Zm00001eb404590|9:161909781-161909869:-,9,161909781,161909869,-,Zm00001eb404590_T001,1,no,477,19,457,496,0.961693548387097,0.958071278825996,Zea_mays,high_confidence_IR
Zm00001eb438410,Zm00001eb438410.intron1,Zm00001eb438410|scaf_179:36430-36684:+,scaf_179,36430,36684,+,Zm00001eb438410_T001,1,no,135,49,135,184,0.733695652173913,1,Zea_mays,high_confidence_IR
